2026-10-10T01:48:40.5860090Z Current runner version: '2.337.0'
2026-10-10T01:48:40.5879070Z ##[group]Runner Image Provisioner
2026-10-10T01:48:40.5879720Z Hosted Compute Agent
2026-10-10T01:48:40.5880110Z Version: 20260828.587
2026-10-10T01:48:40.5880530Z Commit: abac92662cab4cc7352de4f9f9d2e2419aad9c29
2026-10-10T01:48:40.5881070Z Build Date: 2026-08-28T16:44:25Z
2026-10-10T01:48:40.5881650Z Worker ID: {9fda3643-0bf0-4772-9320-d87dae17e793}
2026-10-10T01:48:40.5883840Z Azure Region: westus
2026-10-10T01:48:40.5884960Z ##[endgroup]
2026-10-10T01:48:40.5887850Z ##[group]Operating System
2026-10-10T01:48:40.5888720Z macOS
2026-10-10T01:48:40.5889490Z 26.6.2
2026-10-10T01:48:40.5890100Z 25G83
2026-10-10T01:48:40.5890830Z ##[endgroup]
2026-10-10T01:48:40.5892940Z ##[group]Runner Image
2026-10-10T01:48:40.5893740Z Image: macos-26-arm64
2026-10-10T01:48:40.5894320Z Version: 20260907.0351.1
2026-10-10T01:48:40.5896440Z Included Software: https://github.com/actions/runner-images/blob/macos-26-arm64/20260907.0351/images/macos/macos-26-arm64-Readme.md
2026-10-10T01:48:40.5899730Z Image Release: https://github.com/actions/runner-images/releases/tag/macos-26-arm64%2F20260907.0351
2026-10-10T01:48:40.5902320Z ##[endgroup]
2026-10-10T01:48:40.5909080Z ##[group]GITHUB_TOKEN Permissions
2026-10-10T01:48:40.5916400Z Actions: write
2026-10-10T01:48:40.5919240Z ArtifactMetadata: write
2026-10-10T01:48:40.5920250Z Attestations: write
2026-10-10T01:48:40.5921950Z Checks: write
2026-10-10T01:48:40.5922740Z CodeQuality: write
2026-10-10T01:48:40.5923860Z Contents: write
2026-10-10T01:48:40.5924590Z CopilotRequests: write
2026-10-10T01:48:40.5926180Z Deployments: write
2026-10-10T01:48:40.5926940Z Discussions: write
2026-10-10T01:48:40.5927540Z Drives: write
2026-10-10T01:48:40.5928130Z Issues: write
2026-10-10T01:48:40.5928990Z Metadata: read
2026-10-10T01:48:40.5929710Z Models: read
2026-10-10T01:48:40.5930880Z Packages: write
2026-10-10T01:48:40.5932110Z Pages: write
2026-10-10T01:48:40.5932670Z PullRequests: write
2026-10-10T01:48:40.5933350Z RepositoryProjects: write
2026-10-10T01:48:40.5934090Z SecurityEvents: write
2026-10-10T01:48:40.5935640Z Statuses: write
2026-10-10T01:48:40.5936180Z VulnerabilityAlerts: read
2026-10-10T01:48:40.5936790Z ##[endgroup]
2026-10-10T01:48:40.5940580Z Secret source: Actions
2026-10-10T01:48:40.5941670Z Cache mode: write
2026-10-10T01:48:40.5942230Z Prepare workflow directory
2026-10-10T01:48:40.6441130Z Prepare all required actions
2026-10-10T01:48:40.6479430Z Getting action download info
2026-10-10T01:48:41.0483670Z Download action repository 'actions/checkout@v5' (SHA:fbc6f3992d24b796d5a048ff273f7fcc4a7b6c09)
2026-10-10T01:48:41.2795960Z Download action repository 'actions/setup-node@v5' (SHA:a0853c24544627f65ddf259abe73b1d18a591444)
2026-10-10T01:48:41.4643230Z Complete job name: Unit Tests (macos-latest, 22.x)
2026-10-10T01:48:41.5189390Z ##[group]Run actions/checkout@v5
2026-10-10T01:48:41.5189990Z with:
2026-10-10T01:48:41.5190370Z   fetch-depth: 0
2026-10-10T01:48:41.5190760Z   ref: da91e730d802b7c9dcdc075b222ecc257021e552
2026-10-10T01:48:41.5191240Z   repository: chainlesschain/chainlesschain
2026-10-10T01:48:41.5194130Z   token: ***
2026-10-10T01:48:41.5194440Z   ssh-strict: true
2026-10-10T01:48:41.5194760Z   ssh-user: git
2026-10-10T01:48:41.5195080Z   persist-credentials: true
2026-10-10T01:48:41.5195410Z   clean: true
2026-10-10T01:48:41.5195720Z   sparse-checkout-cone-mode: true
2026-10-10T01:48:41.5196090Z   fetch-tags: false
2026-10-10T01:48:41.5196400Z   show-progress: true
2026-10-10T01:48:41.5196710Z   lfs: false
2026-10-10T01:48:41.5197230Z   submodules: false
2026-10-10T01:48:41.5197600Z   set-safe-directory: true
2026-10-10T01:48:41.5198010Z   allow-unsafe-pr-checkout: false
2026-10-10T01:48:41.5198560Z env:
2026-10-10T01:48:41.5198920Z   SOURCE_SHA: da91e730d802b7c9dcdc075b222ecc257021e552
2026-10-10T01:48:41.5199370Z ##[endgroup]
2026-10-10T01:48:41.9575640Z Syncing repository: chainlesschain/chainlesschain
2026-10-10T01:48:41.9577270Z ##[group]Getting Git version info
2026-10-10T01:48:41.9577870Z Working directory is '/Users/runner/work/chainlesschain/chainlesschain'
2026-10-10T01:48:41.9579570Z [command]/opt/homebrew/bin/git version
2026-10-10T01:48:42.0139890Z git version 2.55.0
2026-10-10T01:48:42.0159660Z ##[endgroup]
2026-10-10T01:48:42.0167590Z Copying '/Users/runner/.gitconfig' to '/Users/runner/work/_temp/f593876f-ab93-46ab-8f8c-e17a617ac857/.gitconfig'
2026-10-10T01:48:42.0175450Z Temporarily overriding HOME='/Users/runner/work/_temp/f593876f-ab93-46ab-8f8c-e17a617ac857' before making global git config changes
2026-10-10T01:48:42.0176610Z Adding repository directory to the temporary git global config as a safe directory
2026-10-10T01:48:42.0178960Z [command]/opt/homebrew/bin/git config --global --add safe.directory /Users/runner/work/chainlesschain/chainlesschain
2026-10-10T01:48:42.0298300Z Deleting the contents of '/Users/runner/work/chainlesschain/chainlesschain'
2026-10-10T01:48:42.0302110Z ##[group]Initializing the repository
2026-10-10T01:48:42.0306970Z [command]/opt/homebrew/bin/git init /Users/runner/work/chainlesschain/chainlesschain
2026-10-10T01:48:42.0512910Z hint: Using 'master' as the name for the initial branch. This default branch name
2026-10-10T01:48:42.0513860Z hint: will change to "main" in Git 3.0. To configure the initial branch name
2026-10-10T01:48:42.0514740Z hint: to use in all of your new repositories, which will suppress this warning,
2026-10-10T01:48:42.0515650Z hint: call:
2026-10-10T01:48:42.0516140Z hint:
2026-10-10T01:48:42.0516560Z hint: 	git config --global init.defaultBranch <name>
2026-10-10T01:48:42.0517030Z hint:
2026-10-10T01:48:42.0517530Z hint: Names commonly chosen instead of 'master' are 'main', 'trunk' and
2026-10-10T01:48:42.0518200Z hint: 'development'. The just-created branch can be renamed via this command:
2026-10-10T01:48:42.0518760Z hint:
2026-10-10T01:48:42.0519180Z hint: 	git branch -m <name>
2026-10-10T01:48:42.0519560Z hint:
2026-10-10T01:48:42.0520150Z hint: Disable this message with "git config set advice.defaultBranchName false"
2026-10-10T01:48:42.0520910Z Initialized empty Git repository in /Users/runner/work/chainlesschain/chainlesschain/.git/
2026-10-10T01:48:42.0523180Z [command]/opt/homebrew/bin/git remote add origin https://github.com/chainlesschain/chainlesschain
2026-10-10T01:48:42.0600490Z ##[endgroup]
2026-10-10T01:48:42.0601310Z ##[group]Disabling automatic garbage collection
2026-10-10T01:48:42.0603180Z [command]/opt/homebrew/bin/git config --local gc.auto 0
2026-10-10T01:48:42.0670060Z ##[endgroup]
2026-10-10T01:48:42.0670810Z ##[group]Setting up auth
2026-10-10T01:48:42.0674870Z [command]/opt/homebrew/bin/git config --local --name-only --get-regexp core\.sshCommand
2026-10-10T01:48:42.0743540Z [command]/opt/homebrew/bin/git submodule foreach --recursive sh -c "git config --local --name-only --get-regexp 'core\.sshCommand' && git config --local --unset-all 'core.sshCommand' || :"
2026-10-10T01:48:42.1704900Z [command]/opt/homebrew/bin/git config --local --name-only --get-regexp http\.https\:\/\/github\.com\/\.extraheader
2026-10-10T01:48:42.1773090Z [command]/opt/homebrew/bin/git submodule foreach --recursive sh -c "git config --local --name-only --get-regexp 'http\.https\:\/\/github\.com\/\.extraheader' && git config --local --unset-all 'http.https://github.com/.extraheader' || :"
2026-10-10T01:48:42.2597090Z [command]/opt/homebrew/bin/git config --local --name-only --get-regexp ^includeIf\.gitdir:
2026-10-10T01:48:42.2654960Z [command]/opt/homebrew/bin/git submodule foreach --recursive git config --local --show-origin --name-only --get-regexp remote.origin.url
2026-10-10T01:48:42.4047790Z [command]/opt/homebrew/bin/git config --local http.https://github.com/.extraheader AUTHORIZATION: basic ***
2026-10-10T01:48:42.4074500Z ##[endgroup]
2026-10-10T01:48:42.4075410Z ##[group]Fetching the repository
2026-10-10T01:48:42.4076520Z [command]/opt/homebrew/bin/git -c protocol.version=2 fetch --prune --no-recurse-submodules origin +refs/heads/*:refs/remotes/origin/* +refs/tags/*:refs/tags/*
2026-10-10T01:49:45.3796980Z From https://github.com/chainlesschain/chainlesschain
2026-10-10T01:49:45.3804320Z  * [new branch]            feature/cli-ide-gap-completion-20261009 -> origin/feature/cli-ide-gap-completion-20261009
2026-10-10T01:49:45.3805170Z  * [new branch]            feature/cli-ide-gap-continuation-20261008 -> origin/feature/cli-ide-gap-continuation-20261008
2026-10-10T01:49:45.3806170Z  * [new branch]            main                       -> origin/main
2026-10-10T01:49:45.3806760Z  * [new tag]               agent-protocol-oidc-v0.1.0 -> agent-protocol-oidc-v0.1.0
2026-10-10T01:49:45.3807360Z  * [new tag]               agent-protocol-oidc-v0.1.1 -> agent-protocol-oidc-v0.1.1
2026-10-10T01:49:45.3807970Z  * [new tag]               agent-protocol-oidc-v0.1.2 -> agent-protocol-oidc-v0.1.2
2026-10-10T01:49:45.3808610Z  * [new tag]               agent-protocol-oidc-v0.1.3 -> agent-protocol-oidc-v0.1.3
2026-10-10T01:49:45.3809270Z  * [new tag]               agent-protocol-oidc-v0.1.4 -> agent-protocol-oidc-v0.1.4
2026-10-10T01:49:45.3809910Z  * [new tag]               agent-protocol-oidc-v0.1.5 -> agent-protocol-oidc-v0.1.5
2026-10-10T01:49:45.3810670Z  * [new tag]               agent-protocol-v0.1.0      -> agent-protocol-v0.1.0
2026-10-10T01:49:45.3811540Z  * [new tag]               agent-protocol-v0.1.7      -> agent-protocol-v0.1.7
2026-10-10T01:49:45.3812120Z  * [new tag]               agent-sdk-oidc-v0.2.2      -> agent-sdk-oidc-v0.2.2
2026-10-10T01:49:45.3812730Z  * [new tag]               android-v0.37.0            -> android-v0.37.0
2026-10-10T01:49:45.3813250Z  * [new tag]               android-v1.0.0             -> android-v1.0.0
2026-10-10T01:49:45.3813880Z  * [new tag]               android-v1.0.0-mirror      -> android-v1.0.0-mirror
2026-10-10T01:49:45.3814770Z  * [new tag]               ci-release-22a9857004      -> ci-release-22a9857004
2026-10-10T01:49:45.3815350Z  * [new tag]               ci-release-3b3d4b12ef      -> ci-release-3b3d4b12ef
2026-10-10T01:49:45.3815920Z  * [new tag]               ci-release-c9d04c03f2      -> ci-release-c9d04c03f2
2026-10-10T01:49:45.3816520Z  * [new tag]               ci-release-e812a89952      -> ci-release-e812a89952
2026-10-10T01:49:45.3817020Z  * [new tag]               ide-jetbrains-v0.1.2       -> ide-jetbrains-v0.1.2
2026-10-10T01:49:45.3818500Z  * [new tag]               ide-jetbrains-v0.4.0       -> ide-jetbrains-v0.4.0
2026-10-10T01:49:45.3819410Z  * [new tag]               ide-jetbrains-v0.4.1       -> ide-jetbrains-v0.4.1
2026-10-10T01:49:45.3820880Z  * [new tag]               ide-jetbrains-v0.4.10      -> ide-jetbrains-v0.4.10
2026-10-10T01:49:45.3822360Z  * [new tag]               ide-jetbrains-v0.4.100     -> ide-jetbrains-v0.4.100
2026-10-10T01:49:45.3824080Z  * [new tag]               ide-jetbrains-v0.4.101     -> ide-jetbrains-v0.4.101
2026-10-10T01:49:45.3830980Z  * [new tag]               ide-jetbrains-v0.4.102     -> ide-jetbrains-v0.4.102
2026-10-10T01:49:45.3831960Z  * [new tag]               ide-jetbrains-v0.4.103     -> ide-jetbrains-v0.4.103
2026-10-10T01:49:45.3835620Z  * [new tag]               ide-jetbrains-v0.4.104     -> ide-jetbrains-v0.4.104
2026-10-10T01:49:45.3836390Z  * [new tag]               ide-jetbrains-v0.4.105     -> ide-jetbrains-v0.4.105
2026-10-10T01:49:45.3838230Z  * [new tag]               ide-jetbrains-v0.4.106     -> ide-jetbrains-v0.4.106
2026-10-10T01:49:45.3840440Z  * [new tag]               ide-jetbrains-v0.4.107     -> ide-jetbrains-v0.4.107
2026-10-10T01:49:45.3841980Z  * [new tag]               ide-jetbrains-v0.4.108     -> ide-jetbrains-v0.4.108
2026-10-10T01:49:45.3843300Z  * [new tag]               ide-jetbrains-v0.4.109     -> ide-jetbrains-v0.4.109
2026-10-10T01:49:45.3845680Z  * [new tag]               ide-jetbrains-v0.4.11      -> ide-jetbrains-v0.4.11
2026-10-10T01:49:45.3847120Z  * [new tag]               ide-jetbrains-v0.4.110     -> ide-jetbrains-v0.4.110
2026-10-10T01:49:45.3847840Z  * [new tag]               ide-jetbrains-v0.4.111     -> ide-jetbrains-v0.4.111
2026-10-10T01:49:45.3848640Z  * [new tag]               ide-jetbrains-v0.4.112     -> ide-jetbrains-v0.4.112
2026-10-10T01:49:45.3849690Z  * [new tag]               ide-jetbrains-v0.4.113     -> ide-jetbrains-v0.4.113
2026-10-10T01:49:45.3850590Z  * [new tag]               ide-jetbrains-v0.4.114     -> ide-jetbrains-v0.4.114
2026-10-10T01:49:45.3851300Z  * [new tag]               ide-jetbrains-v0.4.115     -> ide-jetbrains-v0.4.115
2026-10-10T01:49:45.3851900Z  * [new tag]               ide-jetbrains-v0.4.118     -> ide-jetbrains-v0.4.118
2026-10-10T01:49:45.3852750Z  * [new tag]               ide-jetbrains-v0.4.119     -> ide-jetbrains-v0.4.119
2026-10-10T01:49:45.3853430Z  * [new tag]               ide-jetbrains-v0.4.12      -> ide-jetbrains-v0.4.12
2026-10-10T01:49:45.3854050Z  * [new tag]               ide-jetbrains-v0.4.120     -> ide-jetbrains-v0.4.120
2026-10-10T01:49:45.3854720Z  * [new tag]               ide-jetbrains-v0.4.121     -> ide-jetbrains-v0.4.121
2026-10-10T01:49:45.3855930Z  * [new tag]               ide-jetbrains-v0.4.122     -> ide-jetbrains-v0.4.122
2026-10-10T01:49:45.3856680Z  * [new tag]               ide-jetbrains-v0.4.123     -> ide-jetbrains-v0.4.123
2026-10-10T01:49:45.3857290Z  * [new tag]               ide-jetbrains-v0.4.124     -> ide-jetbrains-v0.4.124
2026-10-10T01:49:45.3858030Z  * [new tag]               ide-jetbrains-v0.4.125     -> ide-jetbrains-v0.4.125
2026-10-10T01:49:45.3860390Z  * [new tag]               ide-jetbrains-v0.4.126     -> ide-jetbrains-v0.4.126
2026-10-10T01:49:45.3861150Z  * [new tag]               ide-jetbrains-v0.4.127     -> ide-jetbrains-v0.4.127
2026-10-10T01:49:45.3861790Z  * [new tag]               ide-jetbrains-v0.4.128     -> ide-jetbrains-v0.4.128
2026-10-10T01:49:45.3862290Z  * [new tag]               ide-jetbrains-v0.4.129     -> ide-jetbrains-v0.4.129
2026-10-10T01:49:45.3862840Z  * [new tag]               ide-jetbrains-v0.4.13      -> ide-jetbrains-v0.4.13
2026-10-10T01:49:45.3863450Z  * [new tag]               ide-jetbrains-v0.4.130     -> ide-jetbrains-v0.4.130
2026-10-10T01:49:45.3863990Z  * [new tag]               ide-jetbrains-v0.4.131     -> ide-jetbrains-v0.4.131
2026-10-10T01:49:45.3864600Z  * [new tag]               ide-jetbrains-v0.4.132     -> ide-jetbrains-v0.4.132
2026-10-10T01:49:45.3865120Z  * [new tag]               ide-jetbrains-v0.4.133     -> ide-jetbrains-v0.4.133
2026-10-10T01:49:45.3865770Z  * [new tag]               ide-jetbrains-v0.4.134     -> ide-jetbrains-v0.4.134
2026-10-10T01:49:45.3866230Z  * [new tag]               ide-jetbrains-v0.4.135     -> ide-jetbrains-v0.4.135
2026-10-10T01:49:45.3866880Z  * [new tag]               ide-jetbrains-v0.4.137     -> ide-jetbrains-v0.4.137
2026-10-10T01:49:45.3867430Z  * [new tag]               ide-jetbrains-v0.4.138     -> ide-jetbrains-v0.4.138
2026-10-10T01:49:45.3867890Z  * [new tag]               ide-jetbrains-v0.4.139     -> ide-jetbrains-v0.4.139
2026-10-10T01:49:45.3868840Z  * [new tag]               ide-jetbrains-v0.4.14      -> ide-jetbrains-v0.4.14
2026-10-10T01:49:45.3869400Z  * [new tag]               ide-jetbrains-v0.4.140     -> ide-jetbrains-v0.4.140
2026-10-10T01:49:45.3869990Z  * [new tag]               ide-jetbrains-v0.4.141     -> ide-jetbrains-v0.4.141
2026-10-10T01:49:45.3870550Z  * [new tag]               ide-jetbrains-v0.4.143     -> ide-jetbrains-v0.4.143
2026-10-10T01:49:45.3871030Z  * [new tag]               ide-jetbrains-v0.4.144     -> ide-jetbrains-v0.4.144
2026-10-10T01:49:45.3871570Z  * [new tag]               ide-jetbrains-v0.4.145     -> ide-jetbrains-v0.4.145
2026-10-10T01:49:45.3872100Z  * [new tag]               ide-jetbrains-v0.4.146     -> ide-jetbrains-v0.4.146
2026-10-10T01:49:45.3872700Z  * [new tag]               ide-jetbrains-v0.4.147     -> ide-jetbrains-v0.4.147
2026-10-10T01:49:45.3873220Z  * [new tag]               ide-jetbrains-v0.4.149     -> ide-jetbrains-v0.4.149
2026-10-10T01:49:45.3873840Z  * [new tag]               ide-jetbrains-v0.4.15      -> ide-jetbrains-v0.4.15
2026-10-10T01:49:45.3874330Z  * [new tag]               ide-jetbrains-v0.4.150     -> ide-jetbrains-v0.4.150
2026-10-10T01:49:45.3874950Z  * [new tag]               ide-jetbrains-v0.4.151     -> ide-jetbrains-v0.4.151
2026-10-10T01:49:45.3875730Z  * [new tag]               ide-jetbrains-v0.4.152     -> ide-jetbrains-v0.4.152
2026-10-10T01:49:45.3876290Z  * [new tag]               ide-jetbrains-v0.4.153     -> ide-jetbrains-v0.4.153
2026-10-10T01:49:45.3876930Z  * [new tag]               ide-jetbrains-v0.4.154     -> ide-jetbrains-v0.4.154
2026-10-10T01:49:45.3877450Z  * [new tag]               ide-jetbrains-v0.4.155     -> ide-jetbrains-v0.4.155
2026-10-10T01:49:45.3878030Z  * [new tag]               ide-jetbrains-v0.4.156     -> ide-jetbrains-v0.4.156
2026-10-10T01:49:45.3878500Z  * [new tag]               ide-jetbrains-v0.4.157     -> ide-jetbrains-v0.4.157
2026-10-10T01:49:45.3879000Z  * [new tag]               ide-jetbrains-v0.4.16      -> ide-jetbrains-v0.4.16
2026-10-10T01:49:45.3879560Z  * [new tag]               ide-jetbrains-v0.4.17      -> ide-jetbrains-v0.4.17
2026-10-10T01:49:45.3880090Z  * [new tag]               ide-jetbrains-v0.4.18      -> ide-jetbrains-v0.4.18
2026-10-10T01:49:45.3880640Z  * [new tag]               ide-jetbrains-v0.4.19      -> ide-jetbrains-v0.4.19
2026-10-10T01:49:45.3881120Z  * [new tag]               ide-jetbrains-v0.4.2       -> ide-jetbrains-v0.4.2
2026-10-10T01:49:45.3881590Z  * [new tag]               ide-jetbrains-v0.4.21      -> ide-jetbrains-v0.4.21
2026-10-10T01:49:45.3882070Z  * [new tag]               ide-jetbrains-v0.4.23      -> ide-jetbrains-v0.4.23
2026-10-10T01:49:45.3882560Z  * [new tag]               ide-jetbrains-v0.4.25      -> ide-jetbrains-v0.4.25
2026-10-10T01:49:45.3883050Z  * [new tag]               ide-jetbrains-v0.4.26      -> ide-jetbrains-v0.4.26
2026-10-10T01:49:45.3883660Z  * [new tag]               ide-jetbrains-v0.4.27      -> ide-jetbrains-v0.4.27
2026-10-10T01:49:45.3884400Z  * [new tag]               ide-jetbrains-v0.4.28      -> ide-jetbrains-v0.4.28
2026-10-10T01:49:45.3885030Z  * [new tag]               ide-jetbrains-v0.4.29      -> ide-jetbrains-v0.4.29
2026-10-10T01:49:45.3885710Z  * [new tag]               ide-jetbrains-v0.4.3       -> ide-jetbrains-v0.4.3
2026-10-10T01:49:45.3886350Z  * [new tag]               ide-jetbrains-v0.4.30      -> ide-jetbrains-v0.4.30
2026-10-10T01:49:45.3887030Z  * [new tag]               ide-jetbrains-v0.4.31      -> ide-jetbrains-v0.4.31
2026-10-10T01:49:45.3887590Z  * [new tag]               ide-jetbrains-v0.4.32      -> ide-jetbrains-v0.4.32
2026-10-10T01:49:45.3888260Z  * [new tag]               ide-jetbrains-v0.4.33      -> ide-jetbrains-v0.4.33
2026-10-10T01:49:45.3888990Z  * [new tag]               ide-jetbrains-v0.4.34      -> ide-jetbrains-v0.4.34
2026-10-10T01:49:45.3889570Z  * [new tag]               ide-jetbrains-v0.4.35      -> ide-jetbrains-v0.4.35
2026-10-10T01:49:45.3890540Z  * [new tag]               ide-jetbrains-v0.4.37      -> ide-jetbrains-v0.4.37
2026-10-10T01:49:45.3891150Z  * [new tag]               ide-jetbrains-v0.4.38      -> ide-jetbrains-v0.4.38
2026-10-10T01:49:45.3891770Z  * [new tag]               ide-jetbrains-v0.4.39      -> ide-jetbrains-v0.4.39
2026-10-10T01:49:45.3892260Z  * [new tag]               ide-jetbrains-v0.4.4       -> ide-jetbrains-v0.4.4
2026-10-10T01:49:45.3892800Z  * [new tag]               ide-jetbrains-v0.4.40      -> ide-jetbrains-v0.4.40
2026-10-10T01:49:45.3893340Z  * [new tag]               ide-jetbrains-v0.4.41      -> ide-jetbrains-v0.4.41
2026-10-10T01:49:45.3893920Z  * [new tag]               ide-jetbrains-v0.4.44      -> ide-jetbrains-v0.4.44
2026-10-10T01:49:45.3894390Z  * [new tag]               ide-jetbrains-v0.4.45      -> ide-jetbrains-v0.4.45
2026-10-10T01:49:45.3894910Z  * [new tag]               ide-jetbrains-v0.4.46      -> ide-jetbrains-v0.4.46
2026-10-10T01:49:45.3895400Z  * [new tag]               ide-jetbrains-v0.4.47      -> ide-jetbrains-v0.4.47
2026-10-10T01:49:45.3895940Z  * [new tag]               ide-jetbrains-v0.4.48      -> ide-jetbrains-v0.4.48
2026-10-10T01:49:45.3896480Z  * [new tag]               ide-jetbrains-v0.4.49      -> ide-jetbrains-v0.4.49
2026-10-10T01:49:45.3896910Z  * [new tag]               ide-jetbrains-v0.4.5       -> ide-jetbrains-v0.4.5
2026-10-10T01:49:45.3897680Z  * [new tag]               ide-jetbrains-v0.4.50      -> ide-jetbrains-v0.4.50
2026-10-10T01:49:45.3898120Z  * [new tag]               ide-jetbrains-v0.4.51      -> ide-jetbrains-v0.4.51
2026-10-10T01:49:45.3898730Z  * [new tag]               ide-jetbrains-v0.4.52      -> ide-jetbrains-v0.4.52
2026-10-10T01:49:45.3899230Z  * [new tag]               ide-jetbrains-v0.4.53      -> ide-jetbrains-v0.4.53
2026-10-10T01:49:45.3899880Z  * [new tag]               ide-jetbrains-v0.4.54      -> ide-jetbrains-v0.4.54
2026-10-10T01:49:45.3900460Z  * [new tag]               ide-jetbrains-v0.4.55      -> ide-jetbrains-v0.4.55
2026-10-10T01:49:45.3900970Z  * [new tag]               ide-jetbrains-v0.4.56      -> ide-jetbrains-v0.4.56
2026-10-10T01:49:45.3901490Z  * [new tag]               ide-jetbrains-v0.4.57      -> ide-jetbrains-v0.4.57
2026-10-10T01:49:45.3901980Z  * [new tag]               ide-jetbrains-v0.4.58      -> ide-jetbrains-v0.4.58
2026-10-10T01:49:45.3902610Z  * [new tag]               ide-jetbrains-v0.4.59      -> ide-jetbrains-v0.4.59
2026-10-10T01:49:45.3903060Z  * [new tag]               ide-jetbrains-v0.4.6       -> ide-jetbrains-v0.4.6
2026-10-10T01:49:45.3903590Z  * [new tag]               ide-jetbrains-v0.4.60      -> ide-jetbrains-v0.4.60
2026-10-10T01:49:45.3904080Z  * [new tag]               ide-jetbrains-v0.4.61      -> ide-jetbrains-v0.4.61
2026-10-10T01:49:45.3904530Z  * [new tag]               ide-jetbrains-v0.4.62      -> ide-jetbrains-v0.4.62
2026-10-10T01:49:45.3905120Z  * [new tag]               ide-jetbrains-v0.4.63      -> ide-jetbrains-v0.4.63
2026-10-10T01:49:45.3905610Z  * [new tag]               ide-jetbrains-v0.4.7       -> ide-jetbrains-v0.4.7
2026-10-10T01:49:45.3906110Z  * [new tag]               ide-jetbrains-v0.4.70      -> ide-jetbrains-v0.4.70
2026-10-10T01:49:45.3906580Z  * [new tag]               ide-jetbrains-v0.4.73      -> ide-jetbrains-v0.4.73
2026-10-10T01:49:45.3907070Z  * [new tag]               ide-jetbrains-v0.4.74      -> ide-jetbrains-v0.4.74
2026-10-10T01:49:45.3907550Z  * [new tag]               ide-jetbrains-v0.4.75      -> ide-jetbrains-v0.4.75
2026-10-10T01:49:45.3908150Z  * [new tag]               ide-jetbrains-v0.4.76      -> ide-jetbrains-v0.4.76
2026-10-10T01:49:45.3908730Z  * [new tag]               ide-jetbrains-v0.4.77      -> ide-jetbrains-v0.4.77
2026-10-10T01:49:45.3909180Z  * [new tag]               ide-jetbrains-v0.4.78      -> ide-jetbrains-v0.4.78
2026-10-10T01:49:45.3909710Z  * [new tag]               ide-jetbrains-v0.4.79      -> ide-jetbrains-v0.4.79
2026-10-10T01:49:45.3910240Z  * [new tag]               ide-jetbrains-v0.4.8       -> ide-jetbrains-v0.4.8
2026-10-10T01:49:45.3911090Z  * [new tag]               ide-jetbrains-v0.4.81      -> ide-jetbrains-v0.4.81
2026-10-10T01:49:45.3911660Z  * [new tag]               ide-jetbrains-v0.4.82      -> ide-jetbrains-v0.4.82
2026-10-10T01:49:45.3912230Z  * [new tag]               ide-jetbrains-v0.4.83      -> ide-jetbrains-v0.4.83
2026-10-10T01:49:45.3912720Z  * [new tag]               ide-jetbrains-v0.4.84      -> ide-jetbrains-v0.4.84
2026-10-10T01:49:45.3913140Z  * [new tag]               ide-jetbrains-v0.4.85      -> ide-jetbrains-v0.4.85
2026-10-10T01:49:45.3913670Z  * [new tag]               ide-jetbrains-v0.4.86      -> ide-jetbrains-v0.4.86
2026-10-10T01:49:45.3914100Z  * [new tag]               ide-jetbrains-v0.4.87      -> ide-jetbrains-v0.4.87
2026-10-10T01:49:45.3914610Z  * [new tag]               ide-jetbrains-v0.4.88      -> ide-jetbrains-v0.4.88
2026-10-10T01:49:45.3915080Z  * [new tag]               ide-jetbrains-v0.4.89      -> ide-jetbrains-v0.4.89
2026-10-10T01:49:45.3915560Z  * [new tag]               ide-jetbrains-v0.4.9       -> ide-jetbrains-v0.4.9
2026-10-10T01:49:45.3916040Z  * [new tag]               ide-jetbrains-v0.4.90      -> ide-jetbrains-v0.4.90
2026-10-10T01:49:45.3916470Z  * [new tag]               ide-jetbrains-v0.4.91      -> ide-jetbrains-v0.4.91
2026-10-10T01:49:45.3916940Z  * [new tag]               ide-jetbrains-v0.4.92      -> ide-jetbrains-v0.4.92
2026-10-10T01:49:45.3917660Z  * [new tag]               ide-jetbrains-v0.4.93      -> ide-jetbrains-v0.4.93
2026-10-10T01:49:45.3918140Z  * [new tag]               ide-jetbrains-v0.4.94      -> ide-jetbrains-v0.4.94
2026-10-10T01:49:45.3918610Z  * [new tag]               ide-jetbrains-v0.4.95      -> ide-jetbrains-v0.4.95
2026-10-10T01:49:45.3919030Z  * [new tag]               ide-jetbrains-v0.4.96      -> ide-jetbrains-v0.4.96
2026-10-10T01:49:45.3919500Z  * [new tag]               ide-jetbrains-v0.4.97      -> ide-jetbrains-v0.4.97
2026-10-10T01:49:45.3919980Z  * [new tag]               ide-jetbrains-v0.4.98      -> ide-jetbrains-v0.4.98
2026-10-10T01:49:45.3920450Z  * [new tag]               ide-jetbrains-v0.4.99      -> ide-jetbrains-v0.4.99
2026-10-10T01:49:45.3920920Z  * [new tag]               ide-vscode-v0.20.0         -> ide-vscode-v0.20.0
2026-10-10T01:49:45.3921380Z  * [new tag]               ide-vscode-v0.21.0         -> ide-vscode-v0.21.0
2026-10-10T01:49:45.3921850Z  * [new tag]               ide-vscode-v0.22.0         -> ide-vscode-v0.22.0
2026-10-10T01:49:45.3922250Z  * [new tag]               ide-vscode-v0.22.1         -> ide-vscode-v0.22.1
2026-10-10T01:49:45.3922720Z  * [new tag]               ide-vscode-v0.23.0         -> ide-vscode-v0.23.0
2026-10-10T01:49:45.3923170Z  * [new tag]               ide-vscode-v0.24.0         -> ide-vscode-v0.24.0
2026-10-10T01:49:45.3923670Z  * [new tag]               ide-vscode-v0.25.0         -> ide-vscode-v0.25.0
2026-10-10T01:49:45.3924110Z  * [new tag]               ide-vscode-v0.26.0         -> ide-vscode-v0.26.0
2026-10-10T01:49:45.3924580Z  * [new tag]               ide-vscode-v0.27.0         -> ide-vscode-v0.27.0
2026-10-10T01:49:45.3925030Z  * [new tag]               ide-vscode-v0.28.0         -> ide-vscode-v0.28.0
2026-10-10T01:49:45.3925440Z  * [new tag]               ide-vscode-v0.29.0         -> ide-vscode-v0.29.0
2026-10-10T01:49:45.3925880Z  * [new tag]               ide-vscode-v0.30.0         -> ide-vscode-v0.30.0
2026-10-10T01:49:45.3926290Z  * [new tag]               ide-vscode-v0.30.1         -> ide-vscode-v0.30.1
2026-10-10T01:49:45.3926740Z  * [new tag]               ide-vscode-v0.31.0         -> ide-vscode-v0.31.0
2026-10-10T01:49:45.3927260Z  * [new tag]               ide-vscode-v0.31.1         -> ide-vscode-v0.31.1
2026-10-10T01:49:45.3927650Z  * [new tag]               ide-vscode-v0.32.0         -> ide-vscode-v0.32.0
2026-10-10T01:49:45.3928150Z  * [new tag]               ide-vscode-v0.32.1         -> ide-vscode-v0.32.1
2026-10-10T01:49:45.3928560Z  * [new tag]               ide-vscode-v0.33.0         -> ide-vscode-v0.33.0
2026-10-10T01:49:45.3929000Z  * [new tag]               ide-vscode-v0.33.1         -> ide-vscode-v0.33.1
2026-10-10T01:49:45.3929590Z  * [new tag]               ide-vscode-v0.33.2         -> ide-vscode-v0.33.2
2026-10-10T01:49:45.3930080Z  * [new tag]               ide-vscode-v0.33.3         -> ide-vscode-v0.33.3
2026-10-10T01:49:45.3930800Z  * [new tag]               ide-vscode-v0.33.5         -> ide-vscode-v0.33.5
2026-10-10T01:49:45.3931240Z  * [new tag]               ide-vscode-v0.33.7         -> ide-vscode-v0.33.7
2026-10-10T01:49:45.3931790Z  * [new tag]               ide-vscode-v0.33.8         -> ide-vscode-v0.33.8
2026-10-10T01:49:45.3932210Z  * [new tag]               ide-vscode-v0.33.9         -> ide-vscode-v0.33.9
2026-10-10T01:49:45.3932800Z  * [new tag]               ide-vscode-v0.34.0         -> ide-vscode-v0.34.0
2026-10-10T01:49:45.3933250Z  * [new tag]               ide-vscode-v0.35.0         -> ide-vscode-v0.35.0
2026-10-10T01:49:45.3933710Z  * [new tag]               ide-vscode-v0.36.0         -> ide-vscode-v0.36.0
2026-10-10T01:49:45.3934170Z  * [new tag]               ide-vscode-v0.36.1         -> ide-vscode-v0.36.1
2026-10-10T01:49:45.3934700Z  * [new tag]               ide-vscode-v0.36.10        -> ide-vscode-v0.36.10
2026-10-10T01:49:45.3935270Z  * [new tag]               ide-vscode-v0.36.11        -> ide-vscode-v0.36.11
2026-10-10T01:49:45.3936230Z  * [new tag]               ide-vscode-v0.36.12        -> ide-vscode-v0.36.12
2026-10-10T01:49:45.3937530Z  * [new tag]               ide-vscode-v0.36.13        -> ide-vscode-v0.36.13
2026-10-10T01:49:45.3938100Z  * [new tag]               ide-vscode-v0.36.14        -> ide-vscode-v0.36.14
2026-10-10T01:49:45.3938660Z  * [new tag]               ide-vscode-v0.36.15        -> ide-vscode-v0.36.15
2026-10-10T01:49:45.3939240Z  * [new tag]               ide-vscode-v0.36.16        -> ide-vscode-v0.36.16
2026-10-10T01:49:45.3939740Z  * [new tag]               ide-vscode-v0.36.2         -> ide-vscode-v0.36.2
2026-10-10T01:49:45.3940240Z  * [new tag]               ide-vscode-v0.36.3         -> ide-vscode-v0.36.3
2026-10-10T01:49:45.3940740Z  * [new tag]               ide-vscode-v0.36.4         -> ide-vscode-v0.36.4
2026-10-10T01:49:45.3941260Z  * [new tag]               ide-vscode-v0.36.6         -> ide-vscode-v0.36.6
2026-10-10T01:49:45.3941860Z  * [new tag]               ide-vscode-v0.36.9         -> ide-vscode-v0.36.9
2026-10-10T01:49:45.3942450Z  * [new tag]               ide-vscode-v0.37.0         -> ide-vscode-v0.37.0
2026-10-10T01:49:45.4014040Z  * [new tag]               ide-vscode-v0.37.1         -> ide-vscode-v0.37.1
2026-10-10T01:49:45.4015030Z  * [new tag]               ide-vscode-v0.37.10        -> ide-vscode-v0.37.10
2026-10-10T01:49:45.4015470Z  * [new tag]               ide-vscode-v0.37.100       -> ide-vscode-v0.37.100
2026-10-10T01:49:45.4015960Z  * [new tag]               ide-vscode-v0.37.101       -> ide-vscode-v0.37.101
2026-10-10T01:49:45.4016430Z  * [new tag]               ide-vscode-v0.37.103       -> ide-vscode-v0.37.103
2026-10-10T01:49:45.4016840Z  * [new tag]               ide-vscode-v0.37.104       -> ide-vscode-v0.37.104
2026-10-10T01:49:45.4017380Z  * [new tag]               ide-vscode-v0.37.105       -> ide-vscode-v0.37.105
2026-10-10T01:49:45.4017800Z  * [new tag]               ide-vscode-v0.37.106       -> ide-vscode-v0.37.106
2026-10-10T01:49:45.4018240Z  * [new tag]               ide-vscode-v0.37.107       -> ide-vscode-v0.37.107
2026-10-10T01:49:45.4018660Z  * [new tag]               ide-vscode-v0.37.108       -> ide-vscode-v0.37.108
2026-10-10T01:49:45.4019110Z  * [new tag]               ide-vscode-v0.37.109       -> ide-vscode-v0.37.109
2026-10-10T01:49:45.4019580Z  * [new tag]               ide-vscode-v0.37.11        -> ide-vscode-v0.37.11
2026-10-10T01:49:45.4020000Z  * [new tag]               ide-vscode-v0.37.110       -> ide-vscode-v0.37.110
2026-10-10T01:49:45.4020430Z  * [new tag]               ide-vscode-v0.37.111       -> ide-vscode-v0.37.111
2026-10-10T01:49:45.4021010Z  * [new tag]               ide-vscode-v0.37.112       -> ide-vscode-v0.37.112
2026-10-10T01:49:45.4022100Z  * [new tag]               ide-vscode-v0.37.113       -> ide-vscode-v0.37.113
2026-10-10T01:49:45.4022700Z  * [new tag]               ide-vscode-v0.37.114       -> ide-vscode-v0.37.114
2026-10-10T01:49:45.4023210Z  * [new tag]               ide-vscode-v0.37.116       -> ide-vscode-v0.37.116
2026-10-10T01:49:45.4023720Z  * [new tag]               ide-vscode-v0.37.117       -> ide-vscode-v0.37.117
2026-10-10T01:49:45.4024150Z  * [new tag]               ide-vscode-v0.37.118       -> ide-vscode-v0.37.118
2026-10-10T01:49:45.4024690Z  * [new tag]               ide-vscode-v0.37.119       -> ide-vscode-v0.37.119
2026-10-10T01:49:45.4025070Z  * [new tag]               ide-vscode-v0.37.12        -> ide-vscode-v0.37.12
2026-10-10T01:49:45.4025450Z  * [new tag]               ide-vscode-v0.37.120       -> ide-vscode-v0.37.120
2026-10-10T01:49:45.4025820Z  * [new tag]               ide-vscode-v0.37.121       -> ide-vscode-v0.37.121
2026-10-10T01:49:45.4026180Z  * [new tag]               ide-vscode-v0.37.123       -> ide-vscode-v0.37.123
2026-10-10T01:49:45.4026550Z  * [new tag]               ide-vscode-v0.37.124       -> ide-vscode-v0.37.124
2026-10-10T01:49:45.4026910Z  * [new tag]               ide-vscode-v0.37.125       -> ide-vscode-v0.37.125
2026-10-10T01:49:45.4027280Z  * [new tag]               ide-vscode-v0.37.126       -> ide-vscode-v0.37.126
2026-10-10T01:49:45.4027970Z  * [new tag]               ide-vscode-v0.37.127       -> ide-vscode-v0.37.127
2026-10-10T01:49:45.4028330Z  * [new tag]               ide-vscode-v0.37.128       -> ide-vscode-v0.37.128
2026-10-10T01:49:45.4028700Z  * [new tag]               ide-vscode-v0.37.13        -> ide-vscode-v0.37.13
2026-10-10T01:49:45.4029060Z  * [new tag]               ide-vscode-v0.37.130       -> ide-vscode-v0.37.130
2026-10-10T01:49:45.4029420Z  * [new tag]               ide-vscode-v0.37.131       -> ide-vscode-v0.37.131
2026-10-10T01:49:45.4029790Z  * [new tag]               ide-vscode-v0.37.132       -> ide-vscode-v0.37.132
2026-10-10T01:49:45.4030160Z  * [new tag]               ide-vscode-v0.37.133       -> ide-vscode-v0.37.133
2026-10-10T01:49:45.4030530Z  * [new tag]               ide-vscode-v0.37.134       -> ide-vscode-v0.37.134
2026-10-10T01:49:45.4030960Z  * [new tag]               ide-vscode-v0.37.135       -> ide-vscode-v0.37.135
2026-10-10T01:49:45.4031330Z  * [new tag]               ide-vscode-v0.37.136       -> ide-vscode-v0.37.136
2026-10-10T01:49:45.4031690Z  * [new tag]               ide-vscode-v0.37.137       -> ide-vscode-v0.37.137
2026-10-10T01:49:45.4032050Z  * [new tag]               ide-vscode-v0.37.138       -> ide-vscode-v0.37.138
2026-10-10T01:49:45.4032440Z  * [new tag]               ide-vscode-v0.37.139       -> ide-vscode-v0.37.139
2026-10-10T01:49:45.4032870Z  * [new tag]               ide-vscode-v0.37.14        -> ide-vscode-v0.37.14
2026-10-10T01:49:45.4033280Z  * [new tag]               ide-vscode-v0.37.15        -> ide-vscode-v0.37.15
2026-10-10T01:49:45.4033650Z  * [new tag]               ide-vscode-v0.37.16        -> ide-vscode-v0.37.16
2026-10-10T01:49:45.4034030Z  * [new tag]               ide-vscode-v0.37.17        -> ide-vscode-v0.37.17
2026-10-10T01:49:45.4034410Z  * [new tag]               ide-vscode-v0.37.18        -> ide-vscode-v0.37.18
2026-10-10T01:49:45.4034780Z  * [new tag]               ide-vscode-v0.37.2         -> ide-vscode-v0.37.2
2026-10-10T01:49:45.4035810Z  * [new tag]               ide-vscode-v0.37.20        -> ide-vscode-v0.37.20
2026-10-10T01:49:45.4036810Z  * [new tag]               ide-vscode-v0.37.3         -> ide-vscode-v0.37.3
2026-10-10T01:49:45.4037240Z  * [new tag]               ide-vscode-v0.37.30        -> ide-vscode-v0.37.30
2026-10-10T01:49:45.4037890Z  * [new tag]               ide-vscode-v0.37.31        -> ide-vscode-v0.37.31
2026-10-10T01:49:45.4038670Z  * [new tag]               ide-vscode-v0.37.33        -> ide-vscode-v0.37.33
2026-10-10T01:49:45.4039050Z  * [new tag]               ide-vscode-v0.37.34        -> ide-vscode-v0.37.34
2026-10-10T01:49:45.4039410Z  * [new tag]               ide-vscode-v0.37.35        -> ide-vscode-v0.37.35
2026-10-10T01:49:45.4040150Z  * [new tag]               ide-vscode-v0.37.36        -> ide-vscode-v0.37.36
2026-10-10T01:49:45.4040630Z  * [new tag]               ide-vscode-v0.37.37        -> ide-vscode-v0.37.37
2026-10-10T01:49:45.4041040Z  * [new tag]               ide-vscode-v0.37.38        -> ide-vscode-v0.37.38
2026-10-10T01:49:45.4041430Z  * [new tag]               ide-vscode-v0.37.39        -> ide-vscode-v0.37.39
2026-10-10T01:49:45.4041800Z  * [new tag]               ide-vscode-v0.37.4         -> ide-vscode-v0.37.4
2026-10-10T01:49:45.4042210Z  * [new tag]               ide-vscode-v0.37.42        -> ide-vscode-v0.37.42
2026-10-10T01:49:45.4042660Z  * [new tag]               ide-vscode-v0.37.44        -> ide-vscode-v0.37.44
2026-10-10T01:49:45.4043020Z  * [new tag]               ide-vscode-v0.37.45        -> ide-vscode-v0.37.45
2026-10-10T01:49:45.4043390Z  * [new tag]               ide-vscode-v0.37.46        -> ide-vscode-v0.37.46
2026-10-10T01:49:45.4043750Z  * [new tag]               ide-vscode-v0.37.47        -> ide-vscode-v0.37.47
2026-10-10T01:49:45.4044120Z  * [new tag]               ide-vscode-v0.37.48        -> ide-vscode-v0.37.48
2026-10-10T01:49:45.4044480Z  * [new tag]               ide-vscode-v0.37.49        -> ide-vscode-v0.37.49
2026-10-10T01:49:45.4045090Z  * [new tag]               ide-vscode-v0.37.5         -> ide-vscode-v0.37.5
2026-10-10T01:49:45.4045460Z  * [new tag]               ide-vscode-v0.37.50        -> ide-vscode-v0.37.50
2026-10-10T01:49:45.4045950Z  * [new tag]               ide-vscode-v0.37.51        -> ide-vscode-v0.37.51
2026-10-10T01:49:45.4046340Z  * [new tag]               ide-vscode-v0.37.52        -> ide-vscode-v0.37.52
2026-10-10T01:49:45.4046790Z  * [new tag]               ide-vscode-v0.37.53        -> ide-vscode-v0.37.53
2026-10-10T01:49:45.4047160Z  * [new tag]               ide-vscode-v0.37.54        -> ide-vscode-v0.37.54
2026-10-10T01:49:45.4047520Z  * [new tag]               ide-vscode-v0.37.55        -> ide-vscode-v0.37.55
2026-10-10T01:49:45.4047910Z  * [new tag]               ide-vscode-v0.37.56        -> ide-vscode-v0.37.56
2026-10-10T01:49:45.4048280Z  * [new tag]               ide-vscode-v0.37.57        -> ide-vscode-v0.37.57
2026-10-10T01:49:45.4048640Z  * [new tag]               ide-vscode-v0.37.58        -> ide-vscode-v0.37.58
2026-10-10T01:49:45.4049040Z  * [new tag]               ide-vscode-v0.37.59        -> ide-vscode-v0.37.59
2026-10-10T01:49:45.4049400Z  * [new tag]               ide-vscode-v0.37.6         -> ide-vscode-v0.37.6
2026-10-10T01:49:45.4049770Z  * [new tag]               ide-vscode-v0.37.60        -> ide-vscode-v0.37.60
2026-10-10T01:49:45.4050120Z  * [new tag]               ide-vscode-v0.37.61        -> ide-vscode-v0.37.61
2026-10-10T01:49:45.4050480Z  * [new tag]               ide-vscode-v0.37.63        -> ide-vscode-v0.37.63
2026-10-10T01:49:45.4050850Z  * [new tag]               ide-vscode-v0.37.64        -> ide-vscode-v0.37.64
2026-10-10T01:49:45.4051210Z  * [new tag]               ide-vscode-v0.37.65        -> ide-vscode-v0.37.65
2026-10-10T01:49:45.4051570Z  * [new tag]               ide-vscode-v0.37.66        -> ide-vscode-v0.37.66
2026-10-10T01:49:45.4052330Z  * [new tag]               ide-vscode-v0.37.67        -> ide-vscode-v0.37.67
2026-10-10T01:49:45.4052780Z  * [new tag]               ide-vscode-v0.37.68        -> ide-vscode-v0.37.68
2026-10-10T01:49:45.4053200Z  * [new tag]               ide-vscode-v0.37.69        -> ide-vscode-v0.37.69
2026-10-10T01:49:45.4053620Z  * [new tag]               ide-vscode-v0.37.7         -> ide-vscode-v0.37.7
2026-10-10T01:49:45.4053980Z  * [new tag]               ide-vscode-v0.37.70        -> ide-vscode-v0.37.70
2026-10-10T01:49:45.4054340Z  * [new tag]               ide-vscode-v0.37.71        -> ide-vscode-v0.37.71
2026-10-10T01:49:45.4054710Z  * [new tag]               ide-vscode-v0.37.72        -> ide-vscode-v0.37.72
2026-10-10T01:49:45.4055070Z  * [new tag]               ide-vscode-v0.37.73        -> ide-vscode-v0.37.73
2026-10-10T01:49:45.4055490Z  * [new tag]               ide-vscode-v0.37.75        -> ide-vscode-v0.37.75
2026-10-10T01:49:45.4056130Z  * [new tag]               ide-vscode-v0.37.76        -> ide-vscode-v0.37.76
2026-10-10T01:49:45.4056520Z  * [new tag]               ide-vscode-v0.37.77        -> ide-vscode-v0.37.77
2026-10-10T01:49:45.4056900Z  * [new tag]               ide-vscode-v0.37.78        -> ide-vscode-v0.37.78
2026-10-10T01:49:45.4057260Z  * [new tag]               ide-vscode-v0.37.79        -> ide-vscode-v0.37.79
2026-10-10T01:49:45.4057620Z  * [new tag]               ide-vscode-v0.37.8         -> ide-vscode-v0.37.8
2026-10-10T01:49:45.4057980Z  * [new tag]               ide-vscode-v0.37.80        -> ide-vscode-v0.37.80
2026-10-10T01:49:45.4058350Z  * [new tag]               ide-vscode-v0.37.81        -> ide-vscode-v0.37.81
2026-10-10T01:49:45.4058710Z  * [new tag]               ide-vscode-v0.37.82        -> ide-vscode-v0.37.82
2026-10-10T01:49:45.4059070Z  * [new tag]               ide-vscode-v0.37.83        -> ide-vscode-v0.37.83
2026-10-10T01:49:45.4059440Z  * [new tag]               ide-vscode-v0.37.84        -> ide-vscode-v0.37.84
2026-10-10T01:49:45.4059810Z  * [new tag]               ide-vscode-v0.37.85        -> ide-vscode-v0.37.85
2026-10-10T01:49:45.4060170Z  * [new tag]               ide-vscode-v0.37.86        -> ide-vscode-v0.37.86
2026-10-10T01:49:45.4060690Z  * [new tag]               ide-vscode-v0.37.87        -> ide-vscode-v0.37.87
2026-10-10T01:49:45.4061050Z  * [new tag]               ide-vscode-v0.37.88        -> ide-vscode-v0.37.88
2026-10-10T01:49:45.4061410Z  * [new tag]               ide-vscode-v0.37.89        -> ide-vscode-v0.37.89
2026-10-10T01:49:45.4061770Z  * [new tag]               ide-vscode-v0.37.9         -> ide-vscode-v0.37.9
2026-10-10T01:49:45.4062130Z  * [new tag]               ide-vscode-v0.37.91        -> ide-vscode-v0.37.91
2026-10-10T01:49:45.4062490Z  * [new tag]               ide-vscode-v0.37.92        -> ide-vscode-v0.37.92
2026-10-10T01:49:45.4062860Z  * [new tag]               ide-vscode-v0.37.93        -> ide-vscode-v0.37.93
2026-10-10T01:49:45.4063230Z  * [new tag]               ide-vscode-v0.37.94        -> ide-vscode-v0.37.94
2026-10-10T01:49:45.4063590Z  * [new tag]               ide-vscode-v0.37.95        -> ide-vscode-v0.37.95
2026-10-10T01:49:45.4063950Z  * [new tag]               ide-vscode-v0.37.96        -> ide-vscode-v0.37.96
2026-10-10T01:49:45.4064320Z  * [new tag]               ide-vscode-v0.37.97        -> ide-vscode-v0.37.97
2026-10-10T01:49:45.4064680Z  * [new tag]               ide-vscode-v0.37.98        -> ide-vscode-v0.37.98
2026-10-10T01:49:45.4065090Z  * [new tag]               ide-vscode-v0.37.99        -> ide-vscode-v0.37.99
2026-10-10T01:49:45.4065500Z  * [new tag]               ide-vscode-v0.9.0          -> ide-vscode-v0.9.0
2026-10-10T01:49:45.4065970Z  * [new tag]               internal-binaries-android-v20260614b -> internal-binaries-android-v20260614b
2026-10-10T01:49:45.4066530Z  * [new tag]               internal-binaries-android-v20260614c -> internal-binaries-android-v20260614c
2026-10-10T01:49:45.4067080Z  * [new tag]               internal-binaries-android-v20260615 -> internal-binaries-android-v20260615
2026-10-10T01:49:45.4067630Z  * [new tag]               internal-binaries-android-v20260615b -> internal-binaries-android-v20260615b
2026-10-10T01:49:45.4068180Z  * [new tag]               internal-binaries-android-v20260615c -> internal-binaries-android-v20260615c
2026-10-10T01:49:45.4068730Z  * [new tag]               internal-binaries-android-v20260615d -> internal-binaries-android-v20260615d
2026-10-10T01:49:45.4069280Z  * [new tag]               internal-binaries-android-v20260617 -> internal-binaries-android-v20260617
2026-10-10T01:49:45.4069820Z  * [new tag]               internal-binaries-android-v20260617b -> internal-binaries-android-v20260617b
2026-10-10T01:49:45.4070370Z  * [new tag]               internal-binaries-android-v20260617c -> internal-binaries-android-v20260617c
2026-10-10T01:49:45.4070910Z  * [new tag]               internal-binaries-android-v20260619 -> internal-binaries-android-v20260619
2026-10-10T01:49:45.4071560Z  * [new tag]               internal-binaries-android-v20260620 -> internal-binaries-android-v20260620
2026-10-10T01:49:45.4072110Z  * [new tag]               internal-binaries-android-v20260622 -> internal-binaries-android-v20260622
2026-10-10T01:49:45.4072660Z  * [new tag]               internal-binaries-android-v20260622b -> internal-binaries-android-v20260622b
2026-10-10T01:49:45.4073200Z  * [new tag]               internal-binaries-android-v20260622c -> internal-binaries-android-v20260622c
2026-10-10T01:49:45.4073750Z  * [new tag]               internal-binaries-android-v20260622d -> internal-binaries-android-v20260622d
2026-10-10T01:49:45.4074300Z  * [new tag]               internal-binaries-android-v20260622e -> internal-binaries-android-v20260622e
2026-10-10T01:49:45.4074850Z  * [new tag]               internal-binaries-android-v20260623 -> internal-binaries-android-v20260623
2026-10-10T01:49:45.4075390Z  * [new tag]               internal-binaries-android-v20260623b -> internal-binaries-android-v20260623b
2026-10-10T01:49:45.4075940Z  * [new tag]               internal-binaries-android-v20260624 -> internal-binaries-android-v20260624
2026-10-10T01:49:45.4076660Z  * [new tag]               internal-binaries-android-v20260628 -> internal-binaries-android-v20260628
2026-10-10T01:49:45.4077390Z  * [new tag]               internal-binaries-android-v20260628b -> internal-binaries-android-v20260628b
2026-10-10T01:49:45.4077940Z  * [new tag]               internal-binaries-android-v20260628c -> internal-binaries-android-v20260628c
2026-10-10T01:49:45.4078500Z  * [new tag]               internal-binaries-android-v20260628d -> internal-binaries-android-v20260628d
2026-10-10T01:49:45.4079040Z  * [new tag]               internal-binaries-android-v20260628e -> internal-binaries-android-v20260628e
2026-10-10T01:49:45.4079580Z  * [new tag]               internal-binaries-android-v20260629b -> internal-binaries-android-v20260629b
2026-10-10T01:49:45.4080120Z  * [new tag]               internal-binaries-android-v20260629c -> internal-binaries-android-v20260629c
2026-10-10T01:49:45.4080670Z  * [new tag]               internal-binaries-android-v20260629d -> internal-binaries-android-v20260629d
2026-10-10T01:49:45.4081210Z  * [new tag]               internal-binaries-android-v20260629e -> internal-binaries-android-v20260629e
2026-10-10T01:49:45.4081800Z  * [new tag]               internal-binaries-android-v20260629f -> internal-binaries-android-v20260629f
2026-10-10T01:49:45.4082360Z  * [new tag]               internal-binaries-android-v20260629g -> internal-binaries-android-v20260629g
2026-10-10T01:49:45.4082900Z  * [new tag]               internal-binaries-android-v20260629h -> internal-binaries-android-v20260629h
2026-10-10T01:49:45.4083440Z  * [new tag]               internal-binaries-android-v20260629i -> internal-binaries-android-v20260629i
2026-10-10T01:49:45.4083980Z  * [new tag]               internal-binaries-android-v20260703 -> internal-binaries-android-v20260703
2026-10-10T01:49:45.4084520Z  * [new tag]               internal-binaries-android-v20260711 -> internal-binaries-android-v20260711
2026-10-10T01:49:45.4085060Z  * [new tag]               internal-binaries-android-v20261008 -> internal-binaries-android-v20261008
2026-10-10T01:49:45.4085580Z  * [new tag]               python-agent-sdk-v0.1.0    -> python-agent-sdk-v0.1.0
2026-10-10T01:49:45.4085980Z  * [new tag]               python-agent-sdk-v0.2.0    -> python-agent-sdk-v0.2.0
2026-10-10T01:49:45.4086370Z  * [new tag]               python-agent-sdk-v0.2.1    -> python-agent-sdk-v0.2.1
2026-10-10T01:49:45.4086760Z  * [new tag]               python-agent-sdk-v0.2.2    -> python-agent-sdk-v0.2.2
2026-10-10T01:49:45.4087150Z  * [new tag]               python-agent-sdk-v0.2.3    -> python-agent-sdk-v0.2.3
2026-10-10T01:49:45.4087540Z  * [new tag]               python-agent-sdk-v0.2.4    -> python-agent-sdk-v0.2.4
2026-10-10T01:49:45.4087940Z  * [new tag]               python-agent-sdk-v0.2.5    -> python-agent-sdk-v0.2.5
2026-10-10T01:49:45.4088470Z  * [new tag]               python-agent-sdk-v0.2.6    -> python-agent-sdk-v0.2.6
2026-10-10T01:49:45.4088890Z  * [new tag]               python-agent-sdk-v0.2.7    -> python-agent-sdk-v0.2.7
2026-10-10T01:49:45.4089280Z  * [new tag]               python-agent-sdk-v0.2.8    -> python-agent-sdk-v0.2.8
2026-10-10T01:49:45.4089670Z  * [new tag]               python-agent-sdk-v0.2.9    -> python-agent-sdk-v0.2.9
2026-10-10T01:49:45.4090120Z  * [new tag]               release-candidate-cli-v0.166.11 -> release-candidate-cli-v0.166.11
2026-10-10T01:49:45.4090640Z  * [new tag]               release-candidate-cli-v0.166.11-rc2 -> release-candidate-cli-v0.166.11-rc2
2026-10-10T01:49:45.4091630Z  * [new tag]               v-npm-0-162-172            -> v-npm-0-162-172
2026-10-10T01:49:45.4092070Z  * [new tag]               v-npm-0-162-172b           -> v-npm-0-162-172b
2026-10-10T01:49:45.4092450Z  * [new tag]               v-npm-0-162-180            -> v-npm-0-162-180
2026-10-10T01:49:45.4092790Z  * [new tag]               v-npm-0-162-181            -> v-npm-0-162-181
2026-10-10T01:49:45.4093120Z  * [new tag]               v-npm-0-162-182            -> v-npm-0-162-182
2026-10-10T01:49:45.4093450Z  * [new tag]               v-npm-0-162-183            -> v-npm-0-162-183
2026-10-10T01:49:45.4094090Z  * [new tag]               v-npm-0-162-184            -> v-npm-0-162-184
2026-10-10T01:49:45.4094420Z  * [new tag]               v-npm-0-162-185            -> v-npm-0-162-185
2026-10-10T01:49:45.4094750Z  * [new tag]               v-npm-0-162-187            -> v-npm-0-162-187
2026-10-10T01:49:45.4095080Z  * [new tag]               v-npm-0-162-188            -> v-npm-0-162-188
2026-10-10T01:49:45.4095410Z  * [new tag]               v-npm-0-162-189            -> v-npm-0-162-189
2026-10-10T01:49:45.4095740Z  * [new tag]               v-npm-0-162-190            -> v-npm-0-162-190
2026-10-10T01:49:45.4096070Z  * [new tag]               v-npm-0-162-191            -> v-npm-0-162-191
2026-10-10T01:49:45.4096410Z  * [new tag]               v-npm-0-162-192            -> v-npm-0-162-192
2026-10-10T01:49:45.4096740Z  * [new tag]               v-npm-0-162-194            -> v-npm-0-162-194
2026-10-10T01:49:45.4097070Z  * [new tag]               v-npm-0-162-195            -> v-npm-0-162-195
2026-10-10T01:49:45.4097410Z  * [new tag]               v-npm-0-162-196            -> v-npm-0-162-196
2026-10-10T01:49:45.4097740Z  * [new tag]               v-npm-0-162-197            -> v-npm-0-162-197
2026-10-10T01:49:45.4098070Z  * [new tag]               v-npm-0-162-198            -> v-npm-0-162-198
2026-10-10T01:49:45.4098400Z  * [new tag]               v-npm-0-162-199            -> v-npm-0-162-199
2026-10-10T01:49:45.4098730Z  * [new tag]               v-npm-0-162-200            -> v-npm-0-162-200
2026-10-10T01:49:45.4099060Z  * [new tag]               v-npm-0-163-0              -> v-npm-0-163-0
2026-10-10T01:49:45.4099400Z  * [new tag]               v-npm-0-163-1              -> v-npm-0-163-1
2026-10-10T01:49:45.4099770Z  * [new tag]               v-npm-0-163-2              -> v-npm-0-163-2
2026-10-10T01:49:45.4100100Z  * [new tag]               v-npm-0-163-3              -> v-npm-0-163-3
2026-10-10T01:49:45.4100430Z  * [new tag]               v-npm-0-163-4              -> v-npm-0-163-4
2026-10-10T01:49:45.4100760Z  * [new tag]               v-npm-0-163-5              -> v-npm-0-163-5
2026-10-10T01:49:45.4101090Z  * [new tag]               v-npm-0-163-6              -> v-npm-0-163-6
2026-10-10T01:49:45.4101410Z  * [new tag]               v-npm-0-163-7              -> v-npm-0-163-7
2026-10-10T01:49:45.4101730Z  * [new tag]               v-npm-0-163-8              -> v-npm-0-163-8
2026-10-10T01:49:45.4102060Z  * [new tag]               v-npm-0-164-0              -> v-npm-0-164-0
2026-10-10T01:49:45.4102390Z  * [new tag]               v-npm-0-165-0              -> v-npm-0-165-0
2026-10-10T01:49:45.4102720Z  * [new tag]               v-npm-0-165-1              -> v-npm-0-165-1
2026-10-10T01:49:45.4103050Z  * [new tag]               v-npm-0-165-10             -> v-npm-0-165-10
2026-10-10T01:49:45.4103540Z  * [new tag]               v-npm-0-165-2              -> v-npm-0-165-2
2026-10-10T01:49:45.4103890Z  * [new tag]               v-npm-0-165-3              -> v-npm-0-165-3
2026-10-10T01:49:45.4104230Z  * [new tag]               v-npm-0-165-4              -> v-npm-0-165-4
2026-10-10T01:49:45.4104550Z  * [new tag]               v-npm-0-165-5              -> v-npm-0-165-5
2026-10-10T01:49:45.4104870Z  * [new tag]               v-npm-0-165-6              -> v-npm-0-165-6
2026-10-10T01:49:45.4105200Z  * [new tag]               v-npm-0-165-7              -> v-npm-0-165-7
2026-10-10T01:49:45.4105520Z  * [new tag]               v-npm-0-165-8              -> v-npm-0-165-8
2026-10-10T01:49:45.4105840Z  * [new tag]               v-npm-0-165-9              -> v-npm-0-165-9
2026-10-10T01:49:45.4106170Z  * [new tag]               v-npm-0-166-0              -> v-npm-0-166-0
2026-10-10T01:49:45.4106500Z  * [new tag]               v-npm-0-166-1              -> v-npm-0-166-1
2026-10-10T01:49:45.4106910Z  * [new tag]               v-npm-0-166-10             -> v-npm-0-166-10
2026-10-10T01:49:45.4107280Z  * [new tag]               v-npm-0-166-11             -> v-npm-0-166-11
2026-10-10T01:49:45.4107610Z  * [new tag]               v-npm-0-166-13             -> v-npm-0-166-13
2026-10-10T01:49:45.4108140Z  * [new tag]               v-npm-0-166-14             -> v-npm-0-166-14
2026-10-10T01:49:45.4108460Z  * [new tag]               v-npm-0-166-15             -> v-npm-0-166-15
2026-10-10T01:49:45.4108780Z  * [new tag]               v-npm-0-166-16             -> v-npm-0-166-16
2026-10-10T01:49:45.4109100Z  * [new tag]               v-npm-0-166-17             -> v-npm-0-166-17
2026-10-10T01:49:45.4109430Z  * [new tag]               v-npm-0-166-18             -> v-npm-0-166-18
2026-10-10T01:49:45.4109740Z  * [new tag]               v-npm-0-166-19             -> v-npm-0-166-19
2026-10-10T01:49:45.4110060Z  * [new tag]               v-npm-0-166-2              -> v-npm-0-166-2
2026-10-10T01:49:45.4110630Z  * [new tag]               v-npm-0-166-20             -> v-npm-0-166-20
2026-10-10T01:49:45.4110960Z  * [new tag]               v-npm-0-166-21             -> v-npm-0-166-21
2026-10-10T01:49:45.4111290Z  * [new tag]               v-npm-0-166-22             -> v-npm-0-166-22
2026-10-10T01:49:45.4111850Z  * [new tag]               v-npm-0-166-23             -> v-npm-0-166-23
2026-10-10T01:49:45.4112240Z  * [new tag]               v-npm-0-166-24             -> v-npm-0-166-24
2026-10-10T01:49:45.4112570Z  * [new tag]               v-npm-0-166-25             -> v-npm-0-166-25
2026-10-10T01:49:45.4112900Z  * [new tag]               v-npm-0-166-26             -> v-npm-0-166-26
2026-10-10T01:49:45.4113230Z  * [new tag]               v-npm-0-166-27             -> v-npm-0-166-27
2026-10-10T01:49:45.4113630Z  * [new tag]               v-npm-0-166-28             -> v-npm-0-166-28
2026-10-10T01:49:45.4114060Z  * [new tag]               v-npm-0-166-29             -> v-npm-0-166-29
2026-10-10T01:49:45.4114430Z  * [new tag]               v-npm-0-166-3              -> v-npm-0-166-3
2026-10-10T01:49:45.4114820Z  * [new tag]               v-npm-0-166-30             -> v-npm-0-166-30
2026-10-10T01:49:45.4115150Z  * [new tag]               v-npm-0-166-31             -> v-npm-0-166-31
2026-10-10T01:49:45.4115500Z  * [new tag]               v-npm-0-166-32             -> v-npm-0-166-32
2026-10-10T01:49:45.4115860Z  * [new tag]               v-npm-0-166-33             -> v-npm-0-166-33
2026-10-10T01:49:45.4116490Z  * [new tag]               v-npm-0-166-34             -> v-npm-0-166-34
2026-10-10T01:49:45.4117010Z  * [new tag]               v-npm-0-166-36             -> v-npm-0-166-36
2026-10-10T01:49:45.4117700Z  * [new tag]               v-npm-0-166-37             -> v-npm-0-166-37
2026-10-10T01:49:45.4118130Z  * [new tag]               v-npm-0-166-38             -> v-npm-0-166-38
2026-10-10T01:49:45.4118560Z  * [new tag]               v-npm-0-166-39             -> v-npm-0-166-39
2026-10-10T01:49:45.4119280Z  * [new tag]               v-npm-0-166-4              -> v-npm-0-166-4
2026-10-10T01:49:45.4119860Z  * [new tag]               v-npm-0-166-40             -> v-npm-0-166-40
2026-10-10T01:49:45.4120400Z  * [new tag]               v-npm-0-166-41             -> v-npm-0-166-41
2026-10-10T01:49:45.4128550Z  * [new tag]               v-npm-0-166-42             -> v-npm-0-166-42
2026-10-10T01:49:45.4128960Z  * [new tag]               v-npm-0-166-43             -> v-npm-0-166-43
2026-10-10T01:49:45.4129870Z  * [new tag]               v-npm-0-166-44             -> v-npm-0-166-44
2026-10-10T01:49:45.4130250Z  * [new tag]               v-npm-0-166-45             -> v-npm-0-166-45
2026-10-10T01:49:45.4130620Z  * [new tag]               v-npm-0-166-46             -> v-npm-0-166-46
2026-10-10T01:49:45.4130960Z  * [new tag]               v-npm-0-166-47             -> v-npm-0-166-47
2026-10-10T01:49:45.4131380Z  * [new tag]               v-npm-0-166-48             -> v-npm-0-166-48
2026-10-10T01:49:45.4131820Z  * [new tag]               v-npm-0-166-49             -> v-npm-0-166-49
2026-10-10T01:49:45.4132200Z  * [new tag]               v-npm-0-166-5              -> v-npm-0-166-5
2026-10-10T01:49:45.4132900Z  * [new tag]               v-npm-0-166-50             -> v-npm-0-166-50
2026-10-10T01:49:45.4133530Z  * [new tag]               v-npm-0-166-51             -> v-npm-0-166-51
2026-10-10T01:49:45.4133870Z  * [new tag]               v-npm-0-166-52             -> v-npm-0-166-52
2026-10-10T01:49:45.4134200Z  * [new tag]               v-npm-0-166-53             -> v-npm-0-166-53
2026-10-10T01:49:45.4134530Z  * [new tag]               v-npm-0-166-54             -> v-npm-0-166-54
2026-10-10T01:49:45.4134860Z  * [new tag]               v-npm-0-166-55             -> v-npm-0-166-55
2026-10-10T01:49:45.4135200Z  * [new tag]               v-npm-0-166-56             -> v-npm-0-166-56
2026-10-10T01:49:45.4135550Z  * [new tag]               v-npm-0-166-57             -> v-npm-0-166-57
2026-10-10T01:49:45.4135890Z  * [new tag]               v-npm-0-166-58             -> v-npm-0-166-58
2026-10-10T01:49:45.4136220Z  * [new tag]               v-npm-0-166-59             -> v-npm-0-166-59
2026-10-10T01:49:45.4136550Z  * [new tag]               v-npm-0-166-6              -> v-npm-0-166-6
2026-10-10T01:49:45.4136880Z  * [new tag]               v-npm-0-166-60             -> v-npm-0-166-60
2026-10-10T01:49:45.4137370Z  * [new tag]               v-npm-0-166-62             -> v-npm-0-166-62
2026-10-10T01:49:45.4137800Z  * [new tag]               v-npm-0-166-63             -> v-npm-0-166-63
2026-10-10T01:49:45.4138200Z  * [new tag]               v-npm-0-166-64             -> v-npm-0-166-64
2026-10-10T01:49:45.4138530Z  * [new tag]               v-npm-0-166-65             -> v-npm-0-166-65
2026-10-10T01:49:45.4138860Z  * [new tag]               v-npm-0-166-66             -> v-npm-0-166-66
2026-10-10T01:49:45.4139200Z  * [new tag]               v-npm-0-166-67             -> v-npm-0-166-67
2026-10-10T01:49:45.4139530Z  * [new tag]               v-npm-0-166-68             -> v-npm-0-166-68
2026-10-10T01:49:45.4139860Z  * [new tag]               v-npm-0-166-69             -> v-npm-0-166-69
2026-10-10T01:49:45.4140190Z  * [new tag]               v-npm-0-166-7              -> v-npm-0-166-7
2026-10-10T01:49:45.4140520Z  * [new tag]               v-npm-0-166-70             -> v-npm-0-166-70
2026-10-10T01:49:45.4140860Z  * [new tag]               v-npm-0-166-71             -> v-npm-0-166-71
2026-10-10T01:49:45.4141200Z  * [new tag]               v-npm-0-166-72             -> v-npm-0-166-72
2026-10-10T01:49:45.4141520Z  * [new tag]               v-npm-0-166-74             -> v-npm-0-166-74
2026-10-10T01:49:45.4141850Z  * [new tag]               v-npm-0-166-75             -> v-npm-0-166-75
2026-10-10T01:49:45.4142190Z  * [new tag]               v-npm-0-166-76             -> v-npm-0-166-76
2026-10-10T01:49:45.4142520Z  * [new tag]               v-npm-0-166-77             -> v-npm-0-166-77
2026-10-10T01:49:45.4142940Z  * [new tag]               v-npm-0-166-78             -> v-npm-0-166-78
2026-10-10T01:49:45.4143490Z  * [new tag]               v-npm-0-166-79             -> v-npm-0-166-79
2026-10-10T01:49:45.4143950Z  * [new tag]               v-npm-0-166-80             -> v-npm-0-166-80
2026-10-10T01:49:45.4144290Z  * [new tag]               v-npm-0-166-81             -> v-npm-0-166-81
2026-10-10T01:49:45.4144690Z  * [new tag]               v-npm-0-166-82             -> v-npm-0-166-82
2026-10-10T01:49:45.4145050Z  * [new tag]               v-npm-0-166-83             -> v-npm-0-166-83
2026-10-10T01:49:45.4145380Z  * [new tag]               v-npm-0-166-84             -> v-npm-0-166-84
2026-10-10T01:49:45.4145710Z  * [new tag]               v-npm-0-166-85             -> v-npm-0-166-85
2026-10-10T01:49:45.4146040Z  * [new tag]               v-npm-0-166-86             -> v-npm-0-166-86
2026-10-10T01:49:45.4146370Z  * [new tag]               v-npm-0-166-87             -> v-npm-0-166-87
2026-10-10T01:49:45.4146700Z  * [new tag]               v-npm-0-166-88             -> v-npm-0-166-88
2026-10-10T01:49:45.4147030Z  * [new tag]               v-npm-0-166-89             -> v-npm-0-166-89
2026-10-10T01:49:45.4147370Z  * [new tag]               v-npm-0-166-9              -> v-npm-0-166-9
2026-10-10T01:49:45.4147700Z  * [new tag]               v-npm-0-166-90             -> v-npm-0-166-90
2026-10-10T01:49:45.4148170Z  * [new tag]               v-npm-0-166-91             -> v-npm-0-166-91
2026-10-10T01:49:45.4148500Z  * [new tag]               v-npm-0-166-92             -> v-npm-0-166-92
2026-10-10T01:49:45.4148830Z  * [new tag]               v-npm-0-166-93             -> v-npm-0-166-93
2026-10-10T01:49:45.4149160Z  * [new tag]               v-npm-0-166-94             -> v-npm-0-166-94
2026-10-10T01:49:45.4149500Z  * [new tag]               v-npm-0-166-95             -> v-npm-0-166-95
2026-10-10T01:49:45.4149820Z  * [new tag]               v0.158.0                   -> v0.158.0
2026-10-10T01:49:45.4150130Z  * [new tag]               v0.159.0                   -> v0.159.0
2026-10-10T01:49:45.4150430Z  * [new tag]               v0.160.0                   -> v0.160.0
2026-10-10T01:49:45.4150740Z  * [new tag]               v0.162.172                 -> v0.162.172
2026-10-10T01:49:45.4151050Z  * [new tag]               v0.162.173                 -> v0.162.173
2026-10-10T01:49:45.4151370Z  * [new tag]               v0.162.192                 -> v0.162.192
2026-10-10T01:49:45.4151670Z  * [new tag]               v0.2.0                     -> v0.2.0
2026-10-10T01:49:45.4152080Z  * [new tag]               v0.20.0                    -> v0.20.0
2026-10-10T01:49:45.4152400Z  * [new tag]               v0.21.0                    -> v0.21.0
2026-10-10T01:49:45.4152690Z  * [new tag]               v0.22.0                    -> v0.22.0
2026-10-10T01:49:45.4152990Z  * [new tag]               v0.26.1                    -> v0.26.1
2026-10-10T01:49:45.4153290Z  * [new tag]               v0.26.2                    -> v0.26.2
2026-10-10T01:49:45.4153580Z  * [new tag]               v0.34.0                    -> v0.34.0
2026-10-10T01:49:45.4153890Z  * [new tag]               v0.34.10                   -> v0.34.10
2026-10-10T01:49:45.4154190Z  * [new tag]               v0.34.7                    -> v0.34.7
2026-10-10T01:49:45.4154480Z  * [new tag]               v0.34.8                    -> v0.34.8
2026-10-10T01:49:45.4154790Z  * [new tag]               v0.34.9                    -> v0.34.9
2026-10-10T01:49:45.4155080Z  * [new tag]               v0.35.0                    -> v0.35.0
2026-10-10T01:49:45.4155380Z  * [new tag]               v0.35.1                    -> v0.35.1
2026-10-10T01:49:45.4155670Z  * [new tag]               v0.35.2                    -> v0.35.2
2026-10-10T01:49:45.4155970Z  * [new tag]               v0.35.3                    -> v0.35.3
2026-10-10T01:49:45.4156260Z  * [new tag]               v0.35.4                    -> v0.35.4
2026-10-10T01:49:45.4156560Z  * [new tag]               v0.37.10                   -> v0.37.10
2026-10-10T01:49:45.4156860Z  * [new tag]               v0.37.11                   -> v0.37.11
2026-10-10T01:49:45.4157290Z  * [new tag]               v0.37.12                   -> v0.37.12
2026-10-10T01:49:45.4157600Z  * [new tag]               v0.37.8                    -> v0.37.8
2026-10-10T01:49:45.4157900Z  * [new tag]               v0.37.9                    -> v0.37.9
2026-10-10T01:49:45.4158200Z  * [new tag]               v0.38.0                    -> v0.38.0
2026-10-10T01:49:45.4158490Z  * [new tag]               v0.38.1                    -> v0.38.1
2026-10-10T01:49:45.4158800Z  * [new tag]               v0.40.0                    -> v0.40.0
2026-10-10T01:49:45.4159100Z  * [new tag]               v0.40.1                    -> v0.40.1
2026-10-10T01:49:45.4159400Z  * [new tag]               v0.40.2                    -> v0.40.2
2026-10-10T01:49:45.4159690Z  * [new tag]               v0.40.3                    -> v0.40.3
2026-10-10T01:49:45.4159990Z  * [new tag]               v0.41.0                    -> v0.41.0
2026-10-10T01:49:45.4160290Z  * [new tag]               v0.41.1                    -> v0.41.1
2026-10-10T01:49:45.4160580Z  * [new tag]               v0.42.1                    -> v0.42.1
2026-10-10T01:49:45.4160880Z  * [new tag]               v0.42.2                    -> v0.42.2
2026-10-10T01:49:45.4161170Z  * [new tag]               v0.42.3                    -> v0.42.3
2026-10-10T01:49:45.4161620Z  * [new tag]               v0.43.0                    -> v0.43.0
2026-10-10T01:49:45.4161910Z  * [new tag]               v0.43.1                    -> v0.43.1
2026-10-10T01:49:45.4162210Z  * [new tag]               v0.43.2                    -> v0.43.2
2026-10-10T01:49:45.4162510Z  * [new tag]               v0.43.3                    -> v0.43.3
2026-10-10T01:49:45.4162810Z  * [new tag]               v0.43.4                    -> v0.43.4
2026-10-10T01:49:45.4163110Z  * [new tag]               v0.44.0                    -> v0.44.0
2026-10-10T01:49:45.4163420Z  * [new tag]               v0.45.0                    -> v0.45.0
2026-10-10T01:49:45.4163720Z  * [new tag]               v0.45.1                    -> v0.45.1
2026-10-10T01:49:45.4164020Z  * [new tag]               v0.45.12                   -> v0.45.12
2026-10-10T01:49:45.4164320Z  * [new tag]               v0.45.13                   -> v0.45.13
2026-10-10T01:49:45.4164620Z  * [new tag]               v0.45.14                   -> v0.45.14
2026-10-10T01:49:45.4164940Z  * [new tag]               v0.45.15                   -> v0.45.15
2026-10-10T01:49:45.4165240Z  * [new tag]               v0.45.16                   -> v0.45.16
2026-10-10T01:49:45.4165540Z  * [new tag]               v0.45.17                   -> v0.45.17
2026-10-10T01:49:45.4165840Z  * [new tag]               v0.45.18                   -> v0.45.18
2026-10-10T01:49:45.4166130Z  * [new tag]               v0.45.19                   -> v0.45.19
2026-10-10T01:49:45.4166430Z  * [new tag]               v0.45.2                    -> v0.45.2
2026-10-10T01:49:45.4166730Z  * [new tag]               v0.45.20                   -> v0.45.20
2026-10-10T01:49:45.4167030Z  * [new tag]               v0.45.21                   -> v0.45.21
2026-10-10T01:49:45.4167330Z  * [new tag]               v0.45.22                   -> v0.45.22
2026-10-10T01:49:45.4167640Z  * [new tag]               v0.45.23                   -> v0.45.23
2026-10-10T01:49:45.4167950Z  * [new tag]               v0.45.24                   -> v0.45.24
2026-10-10T01:49:45.4168250Z  * [new tag]               v0.45.25                   -> v0.45.25
2026-10-10T01:49:45.4168550Z  * [new tag]               v0.45.26                   -> v0.45.26
2026-10-10T01:49:45.4168850Z  * [new tag]               v0.45.27                   -> v0.45.27
2026-10-10T01:49:45.4169150Z  * [new tag]               v0.45.28                   -> v0.45.28
2026-10-10T01:49:45.4169450Z  * [new tag]               v0.45.29                   -> v0.45.29
2026-10-10T01:49:45.4169930Z  * [new tag]               v0.45.3                    -> v0.45.3
2026-10-10T01:49:45.4170240Z  * [new tag]               v0.45.30                   -> v0.45.30
2026-10-10T01:49:45.4170670Z  * [new tag]               v0.45.31                   -> v0.45.31
2026-10-10T01:49:45.4170990Z  * [new tag]               v0.45.32                   -> v0.45.32
2026-10-10T01:49:45.4171290Z  * [new tag]               v0.45.33                   -> v0.45.33
2026-10-10T01:49:45.4171590Z  * [new tag]               v0.45.4                    -> v0.45.4
2026-10-10T01:49:45.4171890Z  * [new tag]               v0.45.5                    -> v0.45.5
2026-10-10T01:49:45.4172190Z  * [new tag]               v0.45.6                    -> v0.45.6
2026-10-10T01:49:45.4172490Z  * [new tag]               v0.45.62                   -> v0.45.62
2026-10-10T01:49:45.4172810Z  * [new tag]               v0.45.63                   -> v0.45.63
2026-10-10T01:49:45.4173110Z  * [new tag]               v0.45.64                   -> v0.45.64
2026-10-10T01:49:45.4173640Z  * [new tag]               v0.45.65                   -> v0.45.65
2026-10-10T01:49:45.4173970Z  * [new tag]               v0.45.66                   -> v0.45.66
2026-10-10T01:49:45.4174280Z  * [new tag]               v0.45.67                   -> v0.45.67
2026-10-10T01:49:45.4174590Z  * [new tag]               v0.45.68                   -> v0.45.68
2026-10-10T01:49:45.4174890Z  * [new tag]               v0.45.69                   -> v0.45.69
2026-10-10T01:49:45.4175480Z  * [new tag]               v0.45.7                    -> v0.45.7
2026-10-10T01:49:45.4175790Z  * [new tag]               v0.45.70                   -> v0.45.70
2026-10-10T01:49:45.4176100Z  * [new tag]               v0.45.71                   -> v0.45.71
2026-10-10T01:49:45.4176410Z  * [new tag]               v0.45.72                   -> v0.45.72
2026-10-10T01:49:45.4176710Z  * [new tag]               v0.45.8                    -> v0.45.8
2026-10-10T01:49:45.4177000Z  * [new tag]               v0.45.9                    -> v0.45.9
2026-10-10T01:49:45.4177300Z  * [new tag]               v0.47.0                    -> v0.47.0
2026-10-10T01:49:45.4177600Z  * [new tag]               v0.47.2                    -> v0.47.2
2026-10-10T01:49:45.4177890Z  * [new tag]               v0.47.4                    -> v0.47.4
2026-10-10T01:49:45.4178190Z  * [new tag]               v0.47.5                    -> v0.47.5
2026-10-10T01:49:45.4178490Z  * [new tag]               v0.47.7                    -> v0.47.7
2026-10-10T01:49:45.4178790Z  * [new tag]               v0.47.8                    -> v0.47.8
2026-10-10T01:49:45.4179100Z  * [new tag]               v1.0.0                     -> v1.0.0
2026-10-10T01:49:45.4179400Z  * [new tag]               v5.0.2.11                  -> v5.0.2.11
2026-10-10T01:49:45.4179710Z  * [new tag]               v5.0.2.12                  -> v5.0.2.12
2026-10-10T01:49:45.4180020Z  * [new tag]               v5.0.2.13                  -> v5.0.2.13
2026-10-10T01:49:45.4180330Z  * [new tag]               v5.0.2.14                  -> v5.0.2.14
2026-10-10T01:49:45.4180630Z  * [new tag]               v5.0.2.15                  -> v5.0.2.15
2026-10-10T01:49:45.4181030Z  * [new tag]               v5.0.2.17                  -> v5.0.2.17
2026-10-10T01:49:45.4181340Z  * [new tag]               v5.0.2.18                  -> v5.0.2.18
2026-10-10T01:49:45.4181650Z  * [new tag]               v5.0.2.19                  -> v5.0.2.19
2026-10-10T01:49:45.4181950Z  * [new tag]               v5.0.2.20                  -> v5.0.2.20
2026-10-10T01:49:45.4182250Z  * [new tag]               v5.0.2.21                  -> v5.0.2.21
2026-10-10T01:49:45.4182560Z  * [new tag]               v5.0.2.22                  -> v5.0.2.22
2026-10-10T01:49:45.4182910Z  * [new tag]               v5.0.2.23                  -> v5.0.2.23
2026-10-10T01:49:45.4183220Z  * [new tag]               v5.0.2.24                  -> v5.0.2.24
2026-10-10T01:49:45.4183520Z  * [new tag]               v5.0.2.25                  -> v5.0.2.25
2026-10-10T01:49:45.4183820Z  * [new tag]               v5.0.2.26                  -> v5.0.2.26
2026-10-10T01:49:45.4184130Z  * [new tag]               v5.0.2.27                  -> v5.0.2.27
2026-10-10T01:49:45.4184650Z  * [new tag]               v5.0.2.28                  -> v5.0.2.28
2026-10-10T01:49:45.4184980Z  * [new tag]               v5.0.2.29                  -> v5.0.2.29
2026-10-10T01:49:45.4185290Z  * [new tag]               v5.0.2.30                  -> v5.0.2.30
2026-10-10T01:49:45.4185600Z  * [new tag]               v5.0.2.31                  -> v5.0.2.31
2026-10-10T01:49:45.4185900Z  * [new tag]               v5.0.2.32                  -> v5.0.2.32
2026-10-10T01:49:45.4186200Z  * [new tag]               v5.0.2.33                  -> v5.0.2.33
2026-10-10T01:49:45.4186510Z  * [new tag]               v5.0.2.34                  -> v5.0.2.34
2026-10-10T01:49:45.4186810Z  * [new tag]               v5.0.2.35                  -> v5.0.2.35
2026-10-10T01:49:45.4187110Z  * [new tag]               v5.0.2.36                  -> v5.0.2.36
2026-10-10T01:49:45.4187420Z  * [new tag]               v5.0.2.37                  -> v5.0.2.37
2026-10-10T01:49:45.4187710Z  * [new tag]               v5.0.2.38                  -> v5.0.2.38
2026-10-10T01:49:45.4188020Z  * [new tag]               v5.0.2.39                  -> v5.0.2.39
2026-10-10T01:49:45.4188320Z  * [new tag]               v5.0.2.40                  -> v5.0.2.40
2026-10-10T01:49:45.4188620Z  * [new tag]               v5.0.2.41                  -> v5.0.2.41
2026-10-10T01:49:45.4189020Z  * [new tag]               v5.0.2.42                  -> v5.0.2.42
2026-10-10T01:49:45.4189320Z  * [new tag]               v5.0.2.43                  -> v5.0.2.43
2026-10-10T01:49:45.4189620Z  * [new tag]               v5.0.2.44                  -> v5.0.2.44
2026-10-10T01:49:45.4189920Z  * [new tag]               v5.0.2.47                  -> v5.0.2.47
2026-10-10T01:49:45.4190220Z  * [new tag]               v5.0.2.48                  -> v5.0.2.48
2026-10-10T01:49:45.4190510Z  * [new tag]               v5.0.2.49                  -> v5.0.2.49
2026-10-10T01:49:45.4190820Z  * [new tag]               v5.0.2.50                  -> v5.0.2.50
2026-10-10T01:49:45.4191120Z  * [new tag]               v5.0.2.52                  -> v5.0.2.52
2026-10-10T01:49:45.4191430Z  * [new tag]               v5.0.2.53                  -> v5.0.2.53
2026-10-10T01:49:45.4191730Z  * [new tag]               v5.0.2.54                  -> v5.0.2.54
2026-10-10T01:49:45.4192030Z  * [new tag]               v5.0.2.55                  -> v5.0.2.55
2026-10-10T01:49:45.4192330Z  * [new tag]               v5.0.2.7                   -> v5.0.2.7
2026-10-10T01:49:45.4192640Z  * [new tag]               v5.0.2.8                   -> v5.0.2.8
2026-10-10T01:49:45.4192940Z  * [new tag]               v5.0.2.9                   -> v5.0.2.9
2026-10-10T01:49:45.4193230Z  * [new tag]               v5.0.3.0                   -> v5.0.3.0
2026-10-10T01:49:45.4193520Z  * [new tag]               v5.0.3.1                   -> v5.0.3.1
2026-10-10T01:49:45.4193820Z  * [new tag]               v5.0.3.10                  -> v5.0.3.10
2026-10-10T01:49:45.4194130Z  * [new tag]               v5.0.3.100                 -> v5.0.3.100
2026-10-10T01:49:45.4194450Z  * [new tag]               v5.0.3.101                 -> v5.0.3.101
2026-10-10T01:49:45.4194760Z  * [new tag]               v5.0.3.102                 -> v5.0.3.102
2026-10-10T01:49:45.4195060Z  * [new tag]               v5.0.3.103                 -> v5.0.3.103
2026-10-10T01:49:45.4195380Z  * [new tag]               v5.0.3.104                 -> v5.0.3.104
2026-10-10T01:49:45.4195680Z  * [new tag]               v5.0.3.105                 -> v5.0.3.105
2026-10-10T01:49:45.4196000Z  * [new tag]               v5.0.3.106                 -> v5.0.3.106
2026-10-10T01:49:45.4196310Z  * [new tag]               v5.0.3.107                 -> v5.0.3.107
2026-10-10T01:49:45.4196620Z  * [new tag]               v5.0.3.108                 -> v5.0.3.108
2026-10-10T01:49:45.4196930Z  * [new tag]               v5.0.3.109                 -> v5.0.3.109
2026-10-10T01:49:45.4197240Z  * [new tag]               v5.0.3.11                  -> v5.0.3.11
2026-10-10T01:49:45.4197540Z  * [new tag]               v5.0.3.110                 -> v5.0.3.110
2026-10-10T01:49:45.4197940Z  * [new tag]               v5.0.3.111                 -> v5.0.3.111
2026-10-10T01:49:45.4198260Z  * [new tag]               v5.0.3.112                 -> v5.0.3.112
2026-10-10T01:49:45.4198570Z  * [new tag]               v5.0.3.113                 -> v5.0.3.113
2026-10-10T01:49:45.4198880Z  * [new tag]               v5.0.3.114                 -> v5.0.3.114
2026-10-10T01:49:45.4199210Z  * [new tag]               v5.0.3.115                 -> v5.0.3.115
2026-10-10T01:49:45.4199560Z  * [new tag]               v5.0.3.116                 -> v5.0.3.116
2026-10-10T01:49:45.4201760Z  * [new tag]               v5.0.3.117                 -> v5.0.3.117
2026-10-10T01:49:45.4202170Z  * [new tag]               v5.0.3.118                 -> v5.0.3.118
2026-10-10T01:49:45.4202510Z  * [new tag]               v5.0.3.119                 -> v5.0.3.119
2026-10-10T01:49:45.4202870Z  * [new tag]               v5.0.3.12                  -> v5.0.3.12
2026-10-10T01:49:45.4203240Z  * [new tag]               v5.0.3.120                 -> v5.0.3.120
2026-10-10T01:49:45.4203600Z  * [new tag]               v5.0.3.121                 -> v5.0.3.121
2026-10-10T01:49:45.4203930Z  * [new tag]               v5.0.3.122                 -> v5.0.3.122
2026-10-10T01:49:45.4204460Z  * [new tag]               v5.0.3.123                 -> v5.0.3.123
2026-10-10T01:49:45.4204880Z  * [new tag]               v5.0.3.124                 -> v5.0.3.124
2026-10-10T01:49:45.4205250Z  * [new tag]               v5.0.3.125                 -> v5.0.3.125
2026-10-10T01:49:45.4205590Z  * [new tag]               v5.0.3.126                 -> v5.0.3.126
2026-10-10T01:49:45.4205900Z  * [new tag]               v5.0.3.127                 -> v5.0.3.127
2026-10-10T01:49:45.4206210Z  * [new tag]               v5.0.3.128                 -> v5.0.3.128
2026-10-10T01:49:45.4206530Z  * [new tag]               v5.0.3.129                 -> v5.0.3.129
2026-10-10T01:49:45.4206890Z  * [new tag]               v5.0.3.13                  -> v5.0.3.13
2026-10-10T01:49:45.4207250Z  * [new tag]               v5.0.3.130                 -> v5.0.3.130
2026-10-10T01:49:45.4207580Z  * [new tag]               v5.0.3.131                 -> v5.0.3.131
2026-10-10T01:49:45.4207930Z  * [new tag]               v5.0.3.132                 -> v5.0.3.132
2026-10-10T01:49:45.4208620Z  * [new tag]               v5.0.3.133                 -> v5.0.3.133
2026-10-10T01:49:45.4208960Z  * [new tag]               v5.0.3.134                 -> v5.0.3.134
2026-10-10T01:49:45.4209270Z  * [new tag]               v5.0.3.135                 -> v5.0.3.135
2026-10-10T01:49:45.4209580Z  * [new tag]               v5.0.3.136                 -> v5.0.3.136
2026-10-10T01:49:45.4209890Z  * [new tag]               v5.0.3.137                 -> v5.0.3.137
2026-10-10T01:49:45.4210210Z  * [new tag]               v5.0.3.138                 -> v5.0.3.138
2026-10-10T01:49:45.4210510Z  * [new tag]               v5.0.3.139                 -> v5.0.3.139
2026-10-10T01:49:45.4210820Z  * [new tag]               v5.0.3.14                  -> v5.0.3.14
2026-10-10T01:49:45.4211140Z  * [new tag]               v5.0.3.140                 -> v5.0.3.140
2026-10-10T01:49:45.4211450Z  * [new tag]               v5.0.3.16                  -> v5.0.3.16
2026-10-10T01:49:45.4211750Z  * [new tag]               v5.0.3.17                  -> v5.0.3.17
2026-10-10T01:49:45.4212180Z  * [new tag]               v5.0.3.18                  -> v5.0.3.18
2026-10-10T01:49:45.4221180Z  * [new tag]               v5.0.3.19                  -> v5.0.3.19
2026-10-10T01:49:45.4221520Z  * [new tag]               v5.0.3.20                  -> v5.0.3.20
2026-10-10T01:49:45.4221820Z  * [new tag]               v5.0.3.21                  -> v5.0.3.21
2026-10-10T01:49:45.4222230Z  * [new tag]               v5.0.3.22                  -> v5.0.3.22
2026-10-10T01:49:45.4222680Z  * [new tag]               v5.0.3.23                  -> v5.0.3.23
2026-10-10T01:49:45.4223030Z  * [new tag]               v5.0.3.24                  -> v5.0.3.24
2026-10-10T01:49:45.4224250Z  * [new tag]               v5.0.3.25                  -> v5.0.3.25
2026-10-10T01:49:45.4224800Z  * [new tag]               v5.0.3.26                  -> v5.0.3.26
2026-10-10T01:49:45.4225200Z  * [new tag]               v5.0.3.27                  -> v5.0.3.27
2026-10-10T01:49:45.4225550Z  * [new tag]               v5.0.3.28                  -> v5.0.3.28
2026-10-10T01:49:45.4225860Z  * [new tag]               v5.0.3.29                  -> v5.0.3.29
2026-10-10T01:49:45.4226180Z  * [new tag]               v5.0.3.3                   -> v5.0.3.3
2026-10-10T01:49:45.4226500Z  * [new tag]               v5.0.3.30                  -> v5.0.3.30
2026-10-10T01:49:45.4226810Z  * [new tag]               v5.0.3.31                  -> v5.0.3.31
2026-10-10T01:49:45.4227120Z  * [new tag]               v5.0.3.32                  -> v5.0.3.32
2026-10-10T01:49:45.4227430Z  * [new tag]               v5.0.3.33                  -> v5.0.3.33
2026-10-10T01:49:45.4227740Z  * [new tag]               v5.0.3.34                  -> v5.0.3.34
2026-10-10T01:49:45.4228050Z  * [new tag]               v5.0.3.35                  -> v5.0.3.35
2026-10-10T01:49:45.4228360Z  * [new tag]               v5.0.3.36                  -> v5.0.3.36
2026-10-10T01:49:45.4228670Z  * [new tag]               v5.0.3.37                  -> v5.0.3.37
2026-10-10T01:49:45.4229370Z  * [new tag]               v5.0.3.38                  -> v5.0.3.38
2026-10-10T01:49:45.4229750Z  * [new tag]               v5.0.3.39                  -> v5.0.3.39
2026-10-10T01:49:45.4230060Z  * [new tag]               v5.0.3.4                   -> v5.0.3.4
2026-10-10T01:49:45.4230430Z  * [new tag]               v5.0.3.40                  -> v5.0.3.40
2026-10-10T01:49:45.4230780Z  * [new tag]               v5.0.3.41                  -> v5.0.3.41
2026-10-10T01:49:45.4231470Z  * [new tag]               v5.0.3.43                  -> v5.0.3.43
2026-10-10T01:49:45.4232050Z  * [new tag]               v5.0.3.44                  -> v5.0.3.44
2026-10-10T01:49:45.4232410Z  * [new tag]               v5.0.3.45                  -> v5.0.3.45
2026-10-10T01:49:45.4232730Z  * [new tag]               v5.0.3.46                  -> v5.0.3.46
2026-10-10T01:49:45.4233050Z  * [new tag]               v5.0.3.47                  -> v5.0.3.47
2026-10-10T01:49:45.4233360Z  * [new tag]               v5.0.3.48                  -> v5.0.3.48
2026-10-10T01:49:45.4233670Z  * [new tag]               v5.0.3.49                  -> v5.0.3.49
2026-10-10T01:49:45.4233980Z  * [new tag]               v5.0.3.5                   -> v5.0.3.5
2026-10-10T01:49:45.4234300Z  * [new tag]               v5.0.3.50                  -> v5.0.3.50
2026-10-10T01:49:45.4234610Z  * [new tag]               v5.0.3.51                  -> v5.0.3.51
2026-10-10T01:49:45.4235760Z  * [new tag]               v5.0.3.52                  -> v5.0.3.52
2026-10-10T01:49:45.4236270Z  * [new tag]               v5.0.3.53                  -> v5.0.3.53
2026-10-10T01:49:45.4236630Z  * [new tag]               v5.0.3.54                  -> v5.0.3.54
2026-10-10T01:49:45.4236940Z  * [new tag]               v5.0.3.55                  -> v5.0.3.55
2026-10-10T01:49:45.4237250Z  * [new tag]               v5.0.3.56                  -> v5.0.3.56
2026-10-10T01:49:45.4237560Z  * [new tag]               v5.0.3.57                  -> v5.0.3.57
2026-10-10T01:49:45.4237870Z  * [new tag]               v5.0.3.58                  -> v5.0.3.58
2026-10-10T01:49:45.4238170Z  * [new tag]               v5.0.3.59                  -> v5.0.3.59
2026-10-10T01:49:45.4238470Z  * [new tag]               v5.0.3.6                   -> v5.0.3.6
2026-10-10T01:49:45.4238770Z  * [new tag]               v5.0.3.60                  -> v5.0.3.60
2026-10-10T01:49:45.4239070Z  * [new tag]               v5.0.3.61                  -> v5.0.3.61
2026-10-10T01:49:45.4239370Z  * [new tag]               v5.0.3.62                  -> v5.0.3.62
2026-10-10T01:49:45.4239670Z  * [new tag]               v5.0.3.63                  -> v5.0.3.63
2026-10-10T01:49:45.4239980Z  * [new tag]               v5.0.3.64                  -> v5.0.3.64
2026-10-10T01:49:45.4240430Z  * [new tag]               v5.0.3.65                  -> v5.0.3.65
2026-10-10T01:49:45.4240740Z  * [new tag]               v5.0.3.66                  -> v5.0.3.66
2026-10-10T01:49:45.4241040Z  * [new tag]               v5.0.3.67                  -> v5.0.3.67
2026-10-10T01:49:45.4241350Z  * [new tag]               v5.0.3.68                  -> v5.0.3.68
2026-10-10T01:49:45.4241660Z  * [new tag]               v5.0.3.69                  -> v5.0.3.69
2026-10-10T01:49:45.4241960Z  * [new tag]               v5.0.3.7                   -> v5.0.3.7
2026-10-10T01:49:45.4242270Z  * [new tag]               v5.0.3.70                  -> v5.0.3.70
2026-10-10T01:49:45.4242680Z  * [new tag]               v5.0.3.71                  -> v5.0.3.71
2026-10-10T01:49:45.4242990Z  * [new tag]               v5.0.3.72                  -> v5.0.3.72
2026-10-10T01:49:45.4243300Z  * [new tag]               v5.0.3.73                  -> v5.0.3.73
2026-10-10T01:49:45.4243600Z  * [new tag]               v5.0.3.74                  -> v5.0.3.74
2026-10-10T01:49:45.4243910Z  * [new tag]               v5.0.3.75                  -> v5.0.3.75
2026-10-10T01:49:45.4244210Z  * [new tag]               v5.0.3.76                  -> v5.0.3.76
2026-10-10T01:49:45.4244510Z  * [new tag]               v5.0.3.78                  -> v5.0.3.78
2026-10-10T01:49:45.4244940Z  * [new tag]               v5.0.3.79                  -> v5.0.3.79
2026-10-10T01:49:45.4245240Z  * [new tag]               v5.0.3.8                   -> v5.0.3.8
2026-10-10T01:49:45.4245540Z  * [new tag]               v5.0.3.80                  -> v5.0.3.80
2026-10-10T01:49:45.4245850Z  * [new tag]               v5.0.3.81                  -> v5.0.3.81
2026-10-10T01:49:45.4246150Z  * [new tag]               v5.0.3.82                  -> v5.0.3.82
2026-10-10T01:49:45.4246450Z  * [new tag]               v5.0.3.83                  -> v5.0.3.83
2026-10-10T01:49:45.4246750Z  * [new tag]               v5.0.3.84                  -> v5.0.3.84
2026-10-10T01:49:45.4247060Z  * [new tag]               v5.0.3.85                  -> v5.0.3.85
2026-10-10T01:49:45.4247370Z  * [new tag]               v5.0.3.87                  -> v5.0.3.87
2026-10-10T01:49:45.4247670Z  * [new tag]               v5.0.3.88                  -> v5.0.3.88
2026-10-10T01:49:45.4247980Z  * [new tag]               v5.0.3.89                  -> v5.0.3.89
2026-10-10T01:49:45.4248280Z  * [new tag]               v5.0.3.9                   -> v5.0.3.9
2026-10-10T01:49:45.4248580Z  * [new tag]               v5.0.3.90                  -> v5.0.3.90
2026-10-10T01:49:45.4248890Z  * [new tag]               v5.0.3.91                  -> v5.0.3.91
2026-10-10T01:49:45.4249190Z  * [new tag]               v5.0.3.92                  -> v5.0.3.92
2026-10-10T01:49:45.4249490Z  * [new tag]               v5.0.3.93                  -> v5.0.3.93
2026-10-10T01:49:45.4249790Z  * [new tag]               v5.0.3.94                  -> v5.0.3.94
2026-10-10T01:49:45.4250090Z  * [new tag]               v5.0.3.95                  -> v5.0.3.95
2026-10-10T01:49:45.4250400Z  * [new tag]               v5.0.3.96                  -> v5.0.3.96
2026-10-10T01:49:45.4250710Z  * [new tag]               v5.0.3.97                  -> v5.0.3.97
2026-10-10T01:49:45.4251020Z  * [new tag]               v5.0.3.98                  -> v5.0.3.98
2026-10-10T01:49:45.4251320Z  * [new tag]               v5.0.3.99                  -> v5.0.3.99
2026-10-10T01:49:45.4253370Z [command]/opt/homebrew/bin/git rev-parse --verify --quiet da91e730d802b7c9dcdc075b222ecc257021e552^{object}
2026-10-10T01:49:45.4253970Z da91e730d802b7c9dcdc075b222ecc257021e552
2026-10-10T01:49:45.4254790Z ##[endgroup]
2026-10-10T01:49:45.4255120Z ##[group]Determining the checkout info
2026-10-10T01:49:45.4255470Z ##[endgroup]
2026-10-10T01:49:45.4255700Z [command]/opt/homebrew/bin/git sparse-checkout disable
2026-10-10T01:49:45.4256350Z [command]/opt/homebrew/bin/git config --local --unset-all extensions.worktreeConfig
2026-10-10T01:49:45.4257080Z ##[group]Checking out the ref
2026-10-10T01:49:45.4257650Z [command]/opt/homebrew/bin/git checkout --progress --force da91e730d802b7c9dcdc075b222ecc257021e552
2026-10-10T01:49:46.6205700Z Updating files:  26% (6226/23576)
2026-10-10T01:49:46.6841140Z Updating files:  27% (6366/23576)
2026-10-10T01:49:46.7270610Z Updating files:  28% (6602/23576)
2026-10-10T01:49:46.7671900Z Updating files:  29% (6838/23576)
2026-10-10T01:49:46.7978420Z Updating files:  30% (7073/23576)
2026-10-10T01:49:46.8280690Z Updating files:  31% (7309/23576)
2026-10-10T01:49:46.8588050Z Updating files:  32% (7545/23576)
2026-10-10T01:49:46.9197630Z Updating files:  33% (7781/23576)
2026-10-10T01:49:46.9528770Z Updating files:  34% (8016/23576)
2026-10-10T01:49:46.9929240Z Updating files:  35% (8252/23576)
2026-10-10T01:49:47.0267370Z Updating files:  36% (8488/23576)
2026-10-10T01:49:47.0547060Z Updating files:  37% (8724/23576)
2026-10-10T01:49:47.1159340Z Updating files:  38% (8959/23576)
2026-10-10T01:49:47.1479980Z Updating files:  39% (9195/23576)
2026-10-10T01:49:47.1943640Z Updating files:  40% (9431/23576)
2026-10-10T01:49:47.2229810Z Updating files:  41% (9667/23576)
2026-10-10T01:49:47.2565290Z Updating files:  42% (9902/23576)
2026-10-10T01:49:47.2876610Z Updating files:  43% (10138/23576)
2026-10-10T01:49:47.3262970Z Updating files:  44% (10374/23576)
2026-10-10T01:49:47.3787770Z Updating files:  45% (10610/23576)
2026-10-10T01:49:47.4403730Z Updating files:  46% (10845/23576)
2026-10-10T01:49:47.4558430Z Updating files:  47% (11081/23576)
2026-10-10T01:49:47.4888640Z Updating files:  47% (11165/23576)
2026-10-10T01:49:47.5309820Z Updating files:  48% (11317/23576)
2026-10-10T01:49:47.5767040Z Updating files:  49% (11553/23576)
2026-10-10T01:49:47.6144680Z Updating files:  50% (11788/23576)
2026-10-10T01:49:47.6618190Z Updating files:  51% (12024/23576)
2026-10-10T01:49:47.7193770Z Updating files:  52% (12260/23576)
2026-10-10T01:49:47.7928870Z Updating files:  53% (12496/23576)
2026-10-10T01:49:48.0564810Z Updating files:  54% (12732/23576)
2026-10-10T01:49:48.4040050Z Updating files:  55% (12967/23576)
2026-10-10T01:49:48.4679650Z Updating files:  56% (13203/23576)
2026-10-10T01:49:48.8108720Z Updating files:  56% (13233/23576)
2026-10-10T01:49:48.8879610Z Updating files:  57% (13439/23576)
2026-10-10T01:49:48.9363770Z Updating files:  58% (13675/23576)
2026-10-10T01:49:48.9874140Z Updating files:  59% (13910/23576)
2026-10-10T01:49:49.0310640Z Updating files:  60% (14146/23576)
2026-10-10T01:49:49.0837260Z Updating files:  61% (14382/23576)
2026-10-10T01:49:49.1573530Z Updating files:  62% (14618/23576)
2026-10-10T01:49:49.2233330Z Updating files:  63% (14853/23576)
2026-10-10T01:49:49.2649850Z Updating files:  64% (15089/23576)
2026-10-10T01:49:49.2973870Z Updating files:  65% (15325/23576)
2026-10-10T01:49:49.3501010Z Updating files:  66% (15561/23576)
2026-10-10T01:49:49.3822210Z Updating files:  67% (15796/23576)
2026-10-10T01:49:49.4201970Z Updating files:  68% (16032/23576)
2026-10-10T01:49:49.4540490Z Updating files:  69% (16268/23576)
2026-10-10T01:49:49.4624690Z Updating files:  69% (16454/23576)
2026-10-10T01:49:49.5110160Z Updating files:  70% (16504/23576)
2026-10-10T01:49:49.5790950Z Updating files:  71% (16739/23576)
2026-10-10T01:49:49.6313780Z Updating files:  72% (16975/23576)
2026-10-10T01:49:49.6713060Z Updating files:  73% (17211/23576)
2026-10-10T01:49:49.7054950Z Updating files:  74% (17447/23576)
2026-10-10T01:49:49.7522160Z Updating files:  75% (17682/23576)
2026-10-10T01:49:49.7938490Z Updating files:  76% (17918/23576)
2026-10-10T01:49:49.8349350Z Updating files:  77% (18154/23576)
2026-10-10T01:49:49.8715600Z Updating files:  78% (18390/23576)
2026-10-10T01:49:49.9194550Z Updating files:  79% (18626/23576)
2026-10-10T01:49:49.9674170Z Updating files:  80% (18861/23576)
2026-10-10T01:49:50.0073420Z Updating files:  81% (19097/23576)
2026-10-10T01:49:50.0473170Z Updating files:  82% (19333/23576)
2026-10-10T01:49:50.1023940Z Updating files:  83% (19569/23576)
2026-10-10T01:49:50.1505060Z Updating files:  84% (19804/23576)
2026-10-10T01:49:50.1912650Z Updating files:  85% (20040/23576)
2026-10-10T01:49:50.2353960Z Updating files:  86% (20276/23576)
2026-10-10T01:49:50.2800950Z Updating files:  87% (20512/23576)
2026-10-10T01:49:50.3268810Z Updating files:  88% (20747/23576)
2026-10-10T01:49:50.3654600Z Updating files:  89% (20983/23576)
2026-10-10T01:49:50.3991130Z Updating files:  90% (21219/23576)
2026-10-10T01:49:50.4364760Z Updating files:  91% (21455/23576)
2026-10-10T01:49:50.4577680Z Updating files:  92% (21690/23576)
2026-10-10T01:49:50.4741480Z Updating files:  92% (21832/23576)
2026-10-10T01:49:50.5044720Z Updating files:  93% (21926/23576)
2026-10-10T01:49:50.5387670Z Updating files:  94% (22162/23576)
2026-10-10T01:49:50.5801080Z Updating files:  95% (22398/23576)
2026-10-10T01:49:50.6376450Z Updating files:  96% (22633/23576)
2026-10-10T01:49:50.7121470Z Updating files:  97% (22869/23576)
2026-10-10T01:49:50.7466270Z Updating files:  98% (23105/23576)
2026-10-10T01:49:50.8042930Z Updating files:  99% (23341/23576)
2026-10-10T01:49:50.8043700Z Updating files: 100% (23576/23576)
2026-10-10T01:49:50.8044120Z Updating files: 100% (23576/23576), done.
2026-10-10T01:49:50.8422000Z HEAD is now at da91e730d8 fix(ci): preserve popup receipts and bound host test work
2026-10-10T01:49:50.8474310Z ##[endgroup]
2026-10-10T01:49:50.8637520Z [command]/opt/homebrew/bin/git log -1 --format=%H
2026-10-10T01:49:50.8721280Z da91e730d802b7c9dcdc075b222ecc257021e552
2026-10-10T01:49:50.9068400Z ##[group]Run set -euo pipefail
2026-10-10T01:49:50.9068810Z [36;1mset -euo pipefail[0m
2026-10-10T01:49:50.9069270Z [36;1m[[ "$SOURCE_SHA" =~ ^[0-9a-f]{40}$ ]] || { echo "::error::A full source SHA is required"; exit 1; }[0m
2026-10-10T01:49:50.9069730Z [36;1mtest "$(git rev-parse HEAD)" = "$SOURCE_SHA"[0m
2026-10-10T01:49:50.9070050Z [36;1mecho "Tested source SHA: $SOURCE_SHA"[0m
2026-10-10T01:49:50.9326290Z shell: /bin/bash --noprofile --norc -e -o pipefail {0}
2026-10-10T01:49:50.9326640Z env:
2026-10-10T01:49:50.9326900Z   SOURCE_SHA: da91e730d802b7c9dcdc075b222ecc257021e552
2026-10-10T01:49:50.9327200Z ##[endgroup]
2026-10-10T01:49:51.0086590Z Tested source SHA: da91e730d802b7c9dcdc075b222ecc257021e552
2026-10-10T01:49:51.0195620Z ##[group]Run actions/setup-node@v5
2026-10-10T01:49:51.0195960Z with:
2026-10-10T01:49:51.0196170Z   node-version: 22.x
2026-10-10T01:49:51.0196500Z   cache: npm
2026-10-10T01:49:51.0196840Z   cache-dependency-path: package-lock.json
desktop-app-vue/package-lock.json

2026-10-10T01:49:51.0197300Z   always-auth: false
2026-10-10T01:49:51.0197540Z   check-latest: false
2026-10-10T01:49:51.0199660Z   token: ***
2026-10-10T01:49:51.0199960Z   package-manager-cache: true
2026-10-10T01:49:51.0200240Z env:
2026-10-10T01:49:51.0200470Z   SOURCE_SHA: da91e730d802b7c9dcdc075b222ecc257021e552
2026-10-10T01:49:51.0200840Z ##[endgroup]
2026-10-10T01:49:51.1935270Z Found in cache @ /Users/runner/hostedtoolcache/node/22.23.2/arm64
2026-10-10T01:49:51.1940020Z (node:20590) [DEP0040] DeprecationWarning: The `punycode` module is deprecated. Please use a userland alternative instead.
2026-10-10T01:49:51.1940620Z (Use `node --trace-deprecation ...` to show where the warning was created)
2026-10-10T01:49:51.1942120Z ##[group]Environment details
2026-10-10T01:49:51.6714060Z node: v22.23.2
2026-10-10T01:49:51.6757030Z npm: 10.9.8
2026-10-10T01:49:51.6766930Z yarn: 1.22.22
2026-10-10T01:49:51.6767920Z ##[endgroup]
2026-10-10T01:49:51.6768410Z [command]/Users/runner/hostedtoolcache/node/22.23.2/arm64/bin/npm config get cache
2026-10-10T01:49:51.7999140Z /Users/runner/.npm
2026-10-10T01:49:52.1164080Z Cache hit for: node-cache-macOS-arm64-npm-e6cb04f390af8ddea9ee566ae5b89428bb428baab2cec58dce4ec96439473b93
2026-10-10T01:49:52.1259240Z (node:20590) [DEP0169] DeprecationWarning: `url.parse()` behavior is not standardized and prone to errors that have security implications. Use the WHATWG URL API instead. CVEs are not issued for `url.parse()` vulnerabilities.
2026-10-10T01:49:53.4157890Z Received 0 of 597790610 (0.0%), 0.0 MBs/sec
2026-10-10T01:49:54.4155150Z Received 100663296 of 597790610 (16.8%), 48.0 MBs/sec
2026-10-10T01:49:55.4184450Z Received 167772160 of 597790610 (28.1%), 53.2 MBs/sec
2026-10-10T01:49:56.4226360Z Received 251658240 of 597790610 (42.1%), 59.9 MBs/sec
2026-10-10T01:49:57.4223220Z Received 297795584 of 597790610 (49.8%), 56.7 MBs/sec
2026-10-10T01:49:58.4246190Z Received 373293056 of 597790610 (62.4%), 59.3 MBs/sec
2026-10-10T01:49:59.4230590Z Received 415236096 of 597790610 (69.5%), 56.5 MBs/sec
2026-10-10T01:50:00.4233800Z Received 503316480 of 597790610 (84.2%), 59.9 MBs/sec
2026-10-10T01:50:01.4273580Z Received 536870912 of 597790610 (89.8%), 56.8 MBs/sec
2026-10-10T01:50:02.1188970Z Received 597790610 of 597790610 (100.0%), 58.7 MBs/sec
2026-10-10T01:50:02.1196960Z Cache Size: ~570 MB (597790610 B)
2026-10-10T01:50:02.1322110Z [command]/opt/homebrew/bin/gtar -xf /Users/runner/work/_temp/baf9d5b2-cc32-42cc-aeb2-ca87dcfd7af5/cache.tzst -P -C /Users/runner/work/chainlesschain/chainlesschain --delay-directory-restore --use-compress-program unzstd
2026-10-10T01:50:06.1136570Z Cache restored successfully
2026-10-10T01:50:06.1586750Z Cache restored from key: node-cache-macOS-arm64-npm-e6cb04f390af8ddea9ee566ae5b89428bb428baab2cec58dce4ec96439473b93
2026-10-10T01:50:06.2114700Z Prepare all required actions
2026-10-10T01:50:06.2237740Z ##[group]Run ./.github/actions/setup-node-deps
2026-10-10T01:50:06.2247000Z with:
2026-10-10T01:50:06.2247430Z   install-desktop-app-vue: true
2026-10-10T01:50:06.2247660Z   working-directory: .
2026-10-10T01:50:06.2248010Z   install-command: npm ci --legacy-peer-deps
2026-10-10T01:50:06.2248350Z env:
2026-10-10T01:50:06.2248620Z   SOURCE_SHA: da91e730d802b7c9dcdc075b222ecc257021e552
2026-10-10T01:50:06.2249050Z ##[endgroup]
2026-10-10T01:50:06.2311940Z ##[start-action display=Install npm dependencies (3-attempt retry, transient ECONNRESET hardening);id=__self.__run]
2026-10-10T01:50:06.2415680Z ##[group]Run INSTALL_CMD="npm ci --legacy-peer-deps"
2026-10-10T01:50:06.2416190Z [36;1mINSTALL_CMD="npm ci --legacy-peer-deps"[0m
2026-10-10T01:50:06.2416550Z [36;1mattempt_install() {[0m
2026-10-10T01:50:06.2416780Z [36;1m  eval "$INSTALL_CMD"[0m
2026-10-10T01:50:06.2417030Z [36;1m}[0m
2026-10-10T01:50:06.2417410Z [36;1mcleanup_partial_install() {[0m
2026-10-10T01:50:06.2417860Z [36;1m  # A failed npm ci can leave partially-extracted packages behind.[0m
2026-10-10T01:50:06.2418350Z [36;1m  # Retrying in-place then fails with ENOTEMPTY (notably electron on[0m
2026-10-10T01:50:06.2418920Z [36;1m  # hosted runners), so restore npm ci's clean-install precondition.[0m
2026-10-10T01:50:06.2419320Z [36;1m  # Use async rm: Node 22's synchronous rimraf can throw an initial[0m
2026-10-10T01:50:06.2419710Z [36;1m  # directory EBUSY without applying maxRetries (e.g. pkcs11js).[0m
2026-10-10T01:50:06.2420130Z [36;1m  # The absolute target is always this install directory's direct child.[0m
2026-10-10T01:50:06.2421000Z [36;1m  node -e "const target=require('node:path').join(process.cwd(),'node_modules'); require('node:fs/promises').rm(target,{recursive:true,force:true,maxRetries:5,retryDelay:250}).catch(error=>{console.error(error);process.exitCode=1})"[0m
2026-10-10T01:50:06.2445990Z [36;1m}[0m
2026-10-10T01:50:06.2446350Z [36;1mfor i in 1 2 3; do[0m
2026-10-10T01:50:06.2446650Z [36;1m  if attempt_install; then[0m
2026-10-10T01:50:06.2446950Z [36;1m    exit 0[0m
2026-10-10T01:50:06.2447200Z [36;1m  fi[0m
2026-10-10T01:50:06.2447360Z [36;1m  if [ "$i" -lt 3 ]; then[0m
2026-10-10T01:50:06.2447550Z [36;1m    delay=$((i * 15))[0m
2026-10-10T01:50:06.2447950Z [36;1m    echo "::warning::npm install attempt $i failed, retrying in ${delay}s..."[0m
2026-10-10T01:50:06.2448450Z [36;1m    sleep "$delay"[0m
2026-10-10T01:50:06.2448660Z [36;1m    if ! cleanup_partial_install; then[0m
2026-10-10T01:50:06.2449140Z [36;1m      echo "::error::Cannot clean partial node_modules after npm install attempt $i"[0m
2026-10-10T01:50:06.2449650Z [36;1m      exit 1[0m
2026-10-10T01:50:06.2449880Z [36;1m    fi[0m
2026-10-10T01:50:06.2450070Z [36;1m  fi[0m
2026-10-10T01:50:06.2450250Z [36;1mdone[0m
2026-10-10T01:50:06.2450500Z [36;1mecho "::error::npm install failed after 3 attempts"[0m
2026-10-10T01:50:06.2450760Z [36;1mexit 1[0m
2026-10-10T01:50:06.2507920Z shell: /bin/bash --noprofile --norc -e -o pipefail {0}
2026-10-10T01:50:06.2508390Z env:
2026-10-10T01:50:06.2508740Z   SOURCE_SHA: da91e730d802b7c9dcdc075b222ecc257021e552
2026-10-10T01:50:06.2509100Z ##[endgroup]
2026-10-10T01:50:08.1654740Z npm warn skipping integrity check for git dependency ssh://git@github.com/electron/node-gyp.git
2026-10-10T01:50:22.4428290Z npm warn deprecated inflight@1.0.6: This module is not supported, and leaks memory. Do not use it. Check out lru-cache if you want a good and tested way to coalesce async requests by a key value, which is much more comprehensive and powerful.
2026-10-10T01:50:22.4720860Z npm warn deprecated gar@1.0.4: Package no longer supported. Contact Support at https://www.npmjs.com/support for more info.
2026-10-10T01:50:22.6969830Z npm warn deprecated lodash.get@4.4.2: This package is deprecated. Use the optional chaining (?.) operator instead.
2026-10-10T01:50:22.7061150Z npm warn deprecated @npmcli/move-file@2.0.1: This functionality has been moved to @npmcli/fs
2026-10-10T01:50:22.8287250Z npm warn deprecated npmlog@6.0.2: This package is no longer supported.
2026-10-10T01:50:22.8721380Z npm warn deprecated rimraf@2.6.3: Rimraf versions prior to v4 are no longer supported
2026-10-10T01:50:22.8735790Z npm warn deprecated rimraf@2.7.1: Rimraf versions prior to v4 are no longer supported
2026-10-10T01:50:22.9140050Z npm warn deprecated lodash.isequal@4.5.0: This package is deprecated. Use require('node:util').isDeepStrictEqual instead.
2026-10-10T01:50:22.9983210Z npm warn deprecated @humanwhocodes/config-array@0.13.0: Use @eslint/config-array instead
2026-10-10T01:50:23.0096040Z npm warn deprecated npmlog@4.1.2: This package is no longer supported.
2026-10-10T01:50:23.0593180Z npm warn deprecated rimraf@3.0.2: Rimraf versions prior to v4 are no longer supported
2026-10-10T01:50:23.2561890Z npm warn deprecated are-we-there-yet@1.1.7: This package is no longer supported.
2026-10-10T01:50:23.2917220Z npm warn deprecated whatwg-encoding@3.1.1: Use @exodus/bytes instead for a more spec-conformant and faster implementation
2026-10-10T01:50:23.3645020Z npm warn deprecated glob@7.2.3: Old versions of glob are not supported, and contain widely publicized security vulnerabilities, which have been fixed in the current version. Please update. Support for old versions may be purchased (at exorbitant rates) by contacting i@izs.me
2026-10-10T01:50:23.3677810Z npm warn deprecated glob@7.2.3: Old versions of glob are not supported, and contain widely publicized security vulnerabilities, which have been fixed in the current version. Please update. Support for old versions may be purchased (at exorbitant rates) by contacting i@izs.me
2026-10-10T01:50:23.3679860Z npm warn deprecated glob@7.2.3: Old versions of glob are not supported, and contain widely publicized security vulnerabilities, which have been fixed in the current version. Please update. Support for old versions may be purchased (at exorbitant rates) by contacting i@izs.me
2026-10-10T01:50:23.3681800Z npm warn deprecated glob@7.2.3: Old versions of glob are not supported, and contain widely publicized security vulnerabilities, which have been fixed in the current version. Please update. Support for old versions may be purchased (at exorbitant rates) by contacting i@izs.me
2026-10-10T01:50:23.3683700Z npm warn deprecated glob@7.2.3: Old versions of glob are not supported, and contain widely publicized security vulnerabilities, which have been fixed in the current version. Please update. Support for old versions may be purchased (at exorbitant rates) by contacting i@izs.me
2026-10-10T01:50:23.3685650Z npm warn deprecated glob@7.2.3: Old versions of glob are not supported, and contain widely publicized security vulnerabilities, which have been fixed in the current version. Please update. Support for old versions may be purchased (at exorbitant rates) by contacting i@izs.me
2026-10-10T01:50:23.3687360Z npm warn deprecated glob@8.1.0: Old versions of glob are not supported, and contain widely publicized security vulnerabilities, which have been fixed in the current version. Please update. Support for old versions may be purchased (at exorbitant rates) by contacting i@izs.me
2026-10-10T01:50:23.4068950Z npm warn deprecated glob@8.1.0: Old versions of glob are not supported, and contain widely publicized security vulnerabilities, which have been fixed in the current version. Please update. Support for old versions may be purchased (at exorbitant rates) by contacting i@izs.me
2026-10-10T01:50:23.4176910Z npm warn deprecated glob@7.2.3: Old versions of glob are not supported, and contain widely publicized security vulnerabilities, which have been fixed in the current version. Please update. Support for old versions may be purchased (at exorbitant rates) by contacting i@izs.me
2026-10-10T01:50:23.9144220Z npm warn deprecated prebuild-install@7.1.3: No longer maintained. Please contact the author of the relevant native addon; alternatives are available.
2026-10-10T01:50:23.9369990Z npm warn deprecated @humanwhocodes/object-schema@2.0.3: Use @eslint/object-schema instead
2026-10-10T01:50:24.0078380Z npm warn deprecated are-we-there-yet@3.0.1: This package is no longer supported.
2026-10-10T01:50:24.3484140Z npm warn deprecated prebuild-install@5.3.6: No longer maintained. Please contact the author of the relevant native addon; alternatives are available.
2026-10-10T01:50:25.0271530Z npm warn deprecated gauge@2.7.4: This package is no longer supported.
2026-10-10T01:50:26.9784440Z npm warn deprecated boolean@3.2.0: Package no longer supported. Contact Support at https://www.npmjs.com/support for more info.
2026-10-10T01:50:27.3435240Z npm warn deprecated gauge@4.0.4: This package is no longer supported.
2026-10-10T01:50:27.9536550Z npm warn deprecated fstream@1.0.12: This package is no longer supported.
2026-10-10T01:50:29.7086530Z npm warn deprecated node-domexception@1.0.0: Use your platform's native DOMException instead
2026-10-10T01:50:30.2839960Z npm warn deprecated multiaddr@10.0.1: This module is deprecated, please upgrade to @multiformats/multiaddr
2026-10-10T01:50:31.5100410Z npm warn deprecated vue-i18n@9.14.5: v9 and v10 no longer supported. please migrate to v11. about maintenance status, see https://vue-i18n.intlify.dev/guide/maintenance.html
2026-10-10T01:50:33.3784360Z npm warn deprecated uuid@8.3.2: uuid@10 and below is no longer supported.  For ESM codebases, update to uuid@latest.  For CommonJS codebases, use uuid@11 (but be aware this version will likely be deprecated in 2028).
2026-10-10T01:50:33.3801170Z npm warn deprecated uuid@8.3.2: uuid@10 and below is no longer supported.  For ESM codebases, update to uuid@latest.  For CommonJS codebases, use uuid@11 (but be aware this version will likely be deprecated in 2028).
2026-10-10T01:50:34.0232190Z npm warn deprecated uuid@9.0.1: uuid@10 and below is no longer supported.  For ESM codebases, update to uuid@latest.  For CommonJS codebases, use uuid@11 (but be aware this version will likely be deprecated in 2028).
2026-10-10T01:50:34.7065940Z npm warn deprecated glob@10.5.0: Old versions of glob are not supported, and contain widely publicized security vulnerabilities, which have been fixed in the current version. Please update. Support for old versions may be purchased (at exorbitant rates) by contacting i@izs.me
2026-10-10T01:50:34.7174640Z npm warn deprecated glob@10.5.0: Old versions of glob are not supported, and contain widely publicized security vulnerabilities, which have been fixed in the current version. Please update. Support for old versions may be purchased (at exorbitant rates) by contacting i@izs.me
2026-10-10T01:50:34.7278870Z npm warn deprecated glob@10.5.0: Old versions of glob are not supported, and contain widely publicized security vulnerabilities, which have been fixed in the current version. Please update. Support for old versions may be purchased (at exorbitant rates) by contacting i@izs.me
2026-10-10T01:50:42.6638210Z npm warn deprecated fluent-ffmpeg@2.1.3: Package no longer supported. Contact Support at https://www.npmjs.com/support for more info.
2026-10-10T01:50:45.0714470Z npm warn deprecated eslint@8.57.1: This version is no longer supported. Please see https://eslint.org/version-support for other options.
2026-10-10T01:51:21.4368060Z 
2026-10-10T01:51:21.4467390Z added 2606 packages, and audited 2622 packages in 1m
2026-10-10T01:51:21.4569200Z 
2026-10-10T01:51:21.4684530Z 478 packages are looking for funding
2026-10-10T01:51:21.4786860Z   run `npm fund` for details
2026-10-10T01:51:21.6301770Z 
2026-10-10T01:51:21.6407220Z 120 vulnerabilities (8 low, 23 moderate, 88 high, 1 critical)
2026-10-10T01:51:21.6464480Z 
2026-10-10T01:51:21.6551880Z To address issues that do not require attention, run:
2026-10-10T01:51:21.6667300Z   npm audit fix
2026-10-10T01:51:21.6754360Z 
2026-10-10T01:51:21.6782140Z To address all issues possible (including breaking changes), run:
2026-10-10T01:51:21.6782810Z   npm audit fix --force
2026-10-10T01:51:21.6783200Z 
2026-10-10T01:51:21.6783560Z Some issues need review, and may require choosing
2026-10-10T01:51:21.7137830Z a different dependency.
2026-10-10T01:51:21.7138970Z 
2026-10-10T01:51:21.7530750Z Run `npm audit` for details.
2026-10-10T01:51:22.5107710Z ##[end-action id=__self.__run;outcome=success;conclusion=success;duration_ms=76277]
2026-10-10T01:51:22.5208580Z ##[start-action display=Install desktop-app-vue dependencies (post-workspace-refactor);id=__self.__run_2]
2026-10-10T01:51:22.5968350Z ##[group]Run attempt_install() {
2026-10-10T01:51:22.5969850Z [36;1mattempt_install() {[0m
2026-10-10T01:51:22.5970370Z [36;1m  npm install --legacy-peer-deps[0m
2026-10-10T01:51:22.5970930Z [36;1m}[0m
2026-10-10T01:51:22.5971770Z [36;1mfor i in 1 2 3; do[0m
2026-10-10T01:51:22.5972350Z [36;1m  if attempt_install; then[0m
2026-10-10T01:51:22.5974130Z [36;1m    exit 0[0m
2026-10-10T01:51:22.5975530Z [36;1m  fi[0m
2026-10-10T01:51:22.5975800Z [36;1m  if [ "$i" -lt 3 ]; then[0m
2026-10-10T01:51:22.5976870Z [36;1m    delay=$((i * 15))[0m
2026-10-10T01:51:22.5977780Z [36;1m    echo "::warning::desktop-app-vue npm install attempt $i failed, retrying in ${delay}s..."[0m
2026-10-10T01:51:22.5978750Z [36;1m    sleep "$delay"[0m
2026-10-10T01:51:22.5979800Z [36;1m  fi[0m
2026-10-10T01:51:22.5981030Z [36;1mdone[0m
2026-10-10T01:51:22.5981590Z [36;1mecho "::error::desktop-app-vue npm install failed after 3 attempts"[0m
2026-10-10T01:51:22.5982210Z [36;1mexit 1[0m
2026-10-10T01:51:23.1945430Z shell: /bin/bash --noprofile --norc -e -o pipefail {0}
2026-10-10T01:51:23.1945850Z env:
2026-10-10T01:51:23.1946230Z   SOURCE_SHA: da91e730d802b7c9dcdc075b222ecc257021e552
2026-10-10T01:51:23.1946610Z ##[endgroup]
2026-10-10T01:51:24.4819900Z npm warn config ignoring workspace config at /Users/runner/work/chainlesschain/chainlesschain/desktop-app-vue/.npmrc
2026-10-10T01:51:28.8311530Z 
2026-10-10T01:51:28.8313480Z up to date, audited 2622 packages in 5s
2026-10-10T01:51:28.8314080Z 
2026-10-10T01:51:28.8314440Z 478 packages are looking for funding
2026-10-10T01:51:28.8315220Z   run `npm fund` for details
2026-10-10T01:51:28.9899590Z 
2026-10-10T01:51:29.0000560Z 119 vulnerabilities (8 low, 23 moderate, 87 high, 1 critical)
2026-10-10T01:51:29.0026010Z 
2026-10-10T01:51:29.0026720Z To address issues that do not require attention, run:
2026-10-10T01:51:29.0027260Z   npm audit fix
2026-10-10T01:51:29.0027650Z 
2026-10-10T01:51:29.0028710Z To address all issues possible (including breaking changes), run:
2026-10-10T01:51:29.0059690Z   npm audit fix --force
2026-10-10T01:51:29.0060240Z 
2026-10-10T01:51:29.0060710Z Some issues need review, and may require choosing
2026-10-10T01:51:29.0061370Z a different dependency.
2026-10-10T01:51:29.0061900Z 
2026-10-10T01:51:29.0062270Z Run `npm audit` for details.
2026-10-10T01:51:29.0080000Z ##[end-action id=__self.__run_2;outcome=success;conclusion=success;duration_ms=6486]
2026-10-10T01:51:29.0089220Z ##[start-action display=Install platform rollup binary + extras;id=__self.__run_3]
2026-10-10T01:51:29.0125460Z ##[group]Run # Pick the rollup native binary for this runner.
2026-10-10T01:51:29.0126090Z [36;1m# Pick the rollup native binary for this runner.[0m
2026-10-10T01:51:29.0126680Z [36;1m# Workaround for https://github.com/npm/cli/issues/4828 — npm sometimes[0m
2026-10-10T01:51:29.0127410Z [36;1m# skips optional platform deps, leaving vite/vitest unable to resolve rollup.[0m
2026-10-10T01:51:29.0127990Z [36;1mcase "${RUNNER_OS}-${RUNNER_ARCH}" in[0m
2026-10-10T01:51:29.0128580Z [36;1m  Linux-X64)     pkg="@rollup/rollup-linux-x64-gnu" ;;[0m
2026-10-10T01:51:29.0129200Z [36;1m  Linux-ARM64)   pkg="@rollup/rollup-linux-arm64-gnu" ;;[0m
2026-10-10T01:51:29.0129690Z [36;1m  Windows-X64)   pkg="@rollup/rollup-win32-x64-msvc" ;;[0m
2026-10-10T01:51:29.0130390Z [36;1m  Windows-ARM64) pkg="@rollup/rollup-win32-arm64-msvc" ;;[0m
2026-10-10T01:51:29.0131000Z [36;1m  macOS-ARM64)   pkg="@rollup/rollup-darwin-arm64" ;;[0m
2026-10-10T01:51:29.0131460Z [36;1m  macOS-X64)     pkg="@rollup/rollup-darwin-x64" ;;[0m
2026-10-10T01:51:29.0132520Z [36;1m  *)             pkg="" ;;[0m
2026-10-10T01:51:29.0132960Z [36;1mesac[0m
2026-10-10T01:51:29.0133870Z [36;1mpackages="$pkg $EXTRA_PACKAGES"[0m
2026-10-10T01:51:29.0134410Z [36;1mpackages=$(echo "$packages" | xargs) # trim[0m
2026-10-10T01:51:29.0134860Z [36;1mif [ -n "$packages" ]; then[0m
2026-10-10T01:51:29.0135340Z [36;1m  echo "Installing: $packages"[0m
2026-10-10T01:51:29.0136000Z [36;1m  if [ -n "$INSTALL_WORKSPACE" ]; then[0m
2026-10-10T01:51:29.0136460Z [36;1m    npm install $packages --no-save --legacy-peer-deps \[0m
2026-10-10T01:51:29.0137050Z [36;1m      --workspace "$INSTALL_WORKSPACE" \[0m
2026-10-10T01:51:29.0137540Z [36;1m      --include-workspace-root=false || true[0m
2026-10-10T01:51:29.0137980Z [36;1m  else[0m
2026-10-10T01:51:29.0138630Z [36;1m    npm install $packages --no-save --legacy-peer-deps || true[0m
2026-10-10T01:51:29.0139060Z [36;1m  fi[0m
2026-10-10T01:51:29.0139480Z [36;1mfi[0m
2026-10-10T01:51:29.0189070Z shell: /bin/bash --noprofile --norc -e -o pipefail {0}
2026-10-10T01:51:29.0189610Z env:
2026-10-10T01:51:29.0190240Z   SOURCE_SHA: da91e730d802b7c9dcdc075b222ecc257021e552
2026-10-10T01:51:29.0190680Z   EXTRA_PACKAGES: 
2026-10-10T01:51:29.0191110Z   INSTALL_WORKSPACE: 
2026-10-10T01:51:29.0191900Z ##[endgroup]
2026-10-10T01:51:29.0739960Z Installing: @rollup/rollup-darwin-arm64
2026-10-10T01:51:32.1072870Z 
2026-10-10T01:51:32.1098650Z added 1 package, changed 1 package, and audited 2623 packages in 3s
2026-10-10T01:51:32.1099430Z 
2026-10-10T01:51:32.1099940Z 478 packages are looking for funding
2026-10-10T01:51:32.1100470Z   run `npm fund` for details
2026-10-10T01:51:32.2596530Z 
2026-10-10T01:51:32.2698910Z 120 vulnerabilities (8 low, 23 moderate, 88 high, 1 critical)
2026-10-10T01:51:32.2799100Z 
2026-10-10T01:51:32.2825250Z To address issues that do not require attention, run:
2026-10-10T01:51:32.2825710Z   npm audit fix
2026-10-10T01:51:32.2826050Z 
2026-10-10T01:51:32.2826730Z To address all issues possible (including breaking changes), run:
2026-10-10T01:51:32.2827290Z   npm audit fix --force
2026-10-10T01:51:32.2827500Z 
2026-10-10T01:51:32.2827770Z Some issues need review, and may require choosing
2026-10-10T01:51:32.2828210Z a different dependency.
2026-10-10T01:51:32.2828330Z 
2026-10-10T01:51:32.2828500Z Run `npm audit` for details.
2026-10-10T01:51:32.2836930Z ##[end-action id=__self.__run_3;outcome=success;conclusion=success;duration_ms=3274]
2026-10-10T01:51:32.2891680Z ##[group]Run bash "$GITHUB_WORKSPACE/.github/scripts/ci-install-cli-production-deps.sh"
2026-10-10T01:51:32.2892370Z [36;1mbash "$GITHUB_WORKSPACE/.github/scripts/ci-install-cli-production-deps.sh"[0m
2026-10-10T01:51:32.2944170Z shell: /bin/bash --noprofile --norc -e -o pipefail {0}
2026-10-10T01:51:32.2944670Z env:
2026-10-10T01:51:32.2945060Z   SOURCE_SHA: da91e730d802b7c9dcdc075b222ecc257021e552
2026-10-10T01:51:32.2945430Z ##[endgroup]
2026-10-10T01:51:47.7687440Z npm warn deprecated prebuild-install@7.1.3: No longer maintained. Please contact the author of the relevant native addon; alternatives are available.
2026-10-10T01:51:48.8311760Z npm warn deprecated node-domexception@1.0.0: Use your platform's native DOMException instead
2026-10-10T01:51:52.7068700Z 
2026-10-10T01:51:52.7170360Z added 431 packages, and audited 439 packages in 20s
2026-10-10T01:51:52.7272520Z 
2026-10-10T01:51:52.7380270Z 86 packages are looking for funding
2026-10-10T01:51:52.7397400Z   run `npm fund` for details
2026-10-10T01:51:52.7400950Z 
2026-10-10T01:51:52.7401260Z 4 vulnerabilities (2 moderate, 2 high)
2026-10-10T01:51:52.7403590Z 
2026-10-10T01:51:52.7403860Z To address all issues, run:
2026-10-10T01:51:52.7404350Z   npm audit fix
2026-10-10T01:51:52.7404640Z 
2026-10-10T01:51:52.7404930Z Run `npm audit` for details.
2026-10-10T01:51:52.7868570Z ##[group]Run npm run type-check
2026-10-10T01:51:52.7869000Z [36;1mnpm run type-check[0m
2026-10-10T01:51:52.7938920Z shell: /bin/bash -e {0}
2026-10-10T01:51:52.7939280Z env:
2026-10-10T01:51:52.7939630Z   SOURCE_SHA: da91e730d802b7c9dcdc075b222ecc257021e552
2026-10-10T01:51:52.7940170Z   NODE_OPTIONS: --max-old-space-size=4096
2026-10-10T01:51:52.7940860Z ##[endgroup]
2026-10-10T01:51:52.9942940Z npm warn config ignoring workspace config at /Users/runner/work/chainlesschain/chainlesschain/desktop-app-vue/.npmrc
2026-10-10T01:51:53.0359520Z 
2026-10-10T01:51:53.0400450Z > chainlesschain-desktop-vue@5.0.3-alpha.140 type-check
2026-10-10T01:51:53.0406500Z > vue-tsc --noEmit
2026-10-10T01:51:53.0438690Z 
2026-10-10T01:52:34.0450320Z ##[group]Run git fetch origin main:refs/remotes/origin/main
2026-10-10T01:52:34.0450920Z [36;1mgit fetch origin main:refs/remotes/origin/main[0m
2026-10-10T01:52:34.0762600Z shell: /bin/bash -e {0}
2026-10-10T01:52:34.0762950Z env:
2026-10-10T01:52:34.0763290Z   SOURCE_SHA: da91e730d802b7c9dcdc075b222ecc257021e552
2026-10-10T01:52:34.0763600Z ##[endgroup]
2026-10-10T01:52:34.9123420Z ##[group]Run npm exec --offline -- vitest run --config vitest.business-actions.config.mjs
2026-10-10T01:52:34.9124110Z [36;1mnpm exec --offline -- vitest run --config vitest.business-actions.config.mjs[0m
2026-10-10T01:52:34.9160180Z shell: /bin/bash -e {0}
2026-10-10T01:52:34.9160710Z env:
2026-10-10T01:52:34.9161180Z   SOURCE_SHA: da91e730d802b7c9dcdc075b222ecc257021e552
2026-10-10T01:52:34.9161510Z ##[endgroup]
2026-10-10T01:52:35.2353020Z npm warn config ignoring workspace config at /Users/runner/work/chainlesschain/chainlesschain/desktop-app-vue/.npmrc
2026-10-10T01:52:35.9650680Z 
2026-10-10T01:52:35.9656410Z [1m[30m[46m RUN [49m[39m[22m [36mv4.1.10 [39m[90m/Users/runner/work/chainlesschain/chainlesschain/desktop-app-vue[39m
2026-10-10T01:52:35.9656960Z 
2026-10-10T01:52:36.2301070Z [90mstdout[2m | tests/unit/ukey/ukey-ipc.test.js[2m > [22m[2mU-Key IPC 处理器[2m > [22m[2m基本功能测试[2m > [22m[2mshould register exactly 26 U-Key IPC handlers
2026-10-10T01:52:36.2304030Z [22m[39m[2026-10-10T01:52:36.226Z] [INFO] [main] [UKey IPC] >>> registerUKeyIPC ENTRY, ukeyManager:
2026-10-10T01:52:36.2305740Z [2026-10-10T01:52:36.227Z] [INFO] [main] [UKey IPC] >>> ipcMain available:
2026-10-10T01:52:36.2307630Z [2026-10-10T01:52:36.227Z] [INFO] [main] [UKey IPC] Registering U-Key IPC handlers...
2026-10-10T01:52:36.2309890Z [2026-10-10T01:52:36.227Z] [INFO] [main] [UKey IPC] >>> ukey:detect handler registered successfully
2026-10-10T01:52:36.2312560Z [2026-10-10T01:52:36.227Z] [INFO] [main] [UKey IPC] ✓ All U-Key IPC handlers registered successfully (26 handlers)
2026-10-10T01:52:36.2313700Z 
2026-10-10T01:52:36.2315730Z [90mstdout[2m | tests/unit/ukey/ukey-ipc.test.js[2m > [22m[2mU-Key IPC 处理器[2m > [22m[2m基本功能测试[2m > [22m[2mshould include all required handler channels
2026-10-10T01:52:36.2317010Z [22m[39m[2026-10-10T01:52:36.229Z] [INFO] [main] [UKey IPC] >>> registerUKeyIPC ENTRY, ukeyManager:
2026-10-10T01:52:36.2317650Z [2026-10-10T01:52:36.229Z] [INFO] [main] [UKey IPC] >>> ipcMain available:
2026-10-10T01:52:36.2318300Z [2026-10-10T01:52:36.229Z] [INFO] [main] [UKey IPC] Registering U-Key IPC handlers...
2026-10-10T01:52:36.2319070Z [2026-10-10T01:52:36.229Z] [INFO] [main] [UKey IPC] >>> ukey:detect handler registered successfully
2026-10-10T01:52:36.2320060Z [2026-10-10T01:52:36.230Z] [INFO] [main] [UKey IPC] ✓ All U-Key IPC handlers registered successfully (26 handlers)
2026-10-10T01:52:36.2320450Z 
2026-10-10T01:52:36.2325290Z [90mstdout[2m | tests/unit/ukey/ukey-ipc.test.js[2m > [22m[2mU-Key IPC 处理器[2m > [22m[2m基本功能测试[2m > [22m[2mall handlers should be registered as functions
2026-10-10T01:52:36.2326310Z [22m[39m[2026-10-10T01:52:36.231Z] [INFO] [main] [UKey IPC] >>> registerUKeyIPC ENTRY, ukeyManager:
2026-10-10T01:52:36.2327060Z [2026-10-10T01:52:36.231Z] [INFO] [main] [UKey IPC] >>> ipcMain available:
2026-10-10T01:52:36.2327950Z [2026-10-10T01:52:36.231Z] [INFO] [main] [UKey IPC] Registering U-Key IPC handlers...
2026-10-10T01:52:36.2328870Z [2026-10-10T01:52:36.231Z] [INFO] [main] [UKey IPC] >>> ukey:detect handler registered successfully
2026-10-10T01:52:36.2329990Z [2026-10-10T01:52:36.232Z] [INFO] [main] [UKey IPC] ✓ All U-Key IPC handlers registered successfully (26 handlers)
2026-10-10T01:52:36.2337730Z 
2026-10-10T01:52:36.2340200Z [90mstdout[2m | tests/unit/ukey/ukey-ipc.test.js[2m > [22m[2mU-Key IPC 处理器[2m > [22m[2m设备检测功能 (ukey:detect)[2m > [22m[2mshould register ukey:detect handler
2026-10-10T01:52:36.2341210Z [22m[39m[2026-10-10T01:52:36.232Z] [INFO] [main] [UKey IPC] >>> registerUKeyIPC ENTRY, ukeyManager:
2026-10-10T01:52:36.2342020Z [2026-10-10T01:52:36.233Z] [INFO] [main] [UKey IPC] >>> ipcMain available:
2026-10-10T01:52:36.2342630Z [2026-10-10T01:52:36.233Z] [INFO] [main] [UKey IPC] Registering U-Key IPC handlers...
2026-10-10T01:52:36.2343400Z [2026-10-10T01:52:36.233Z] [INFO] [main] [UKey IPC] >>> ukey:detect handler registered successfully
2026-10-10T01:52:36.2345000Z [2026-10-10T01:52:36.233Z] [INFO] [main] [UKey IPC] ✓ All U-Key IPC handlers registered successfully (26 handlers)
2026-10-10T01:52:36.2345650Z 
2026-10-10T01:52:36.2358730Z [90mstdout[2m | tests/unit/ukey/ukey-ipc.test.js[2m > [22m[2mU-Key IPC 处理器[2m > [22m[2m设备检测功能 (ukey:detect)[2m > [22m[2mshould call ukeyManager.detect()
2026-10-10T01:52:36.2360540Z [22m[39m[2026-10-10T01:52:36.234Z] [INFO] [main] [UKey IPC] >>> registerUKeyIPC ENTRY, ukeyManager:
2026-10-10T01:52:36.2361340Z [2026-10-10T01:52:36.234Z] [INFO] [main] [UKey IPC] >>> ipcMain available:
2026-10-10T01:52:36.2362080Z [2026-10-10T01:52:36.234Z] [INFO] [main] [UKey IPC] Registering U-Key IPC handlers...
2026-10-10T01:52:36.2362850Z [2026-10-10T01:52:36.234Z] [INFO] [main] [UKey IPC] >>> ukey:detect handler registered successfully
2026-10-10T01:52:36.2363870Z [2026-10-10T01:52:36.234Z] [INFO] [main] [UKey IPC] ✓ All U-Key IPC handlers registered successfully (26 handlers)
2026-10-10T01:52:36.2364210Z 
2026-10-10T01:52:36.2365900Z [90mstdout[2m | tests/unit/ukey/ukey-ipc.test.js[2m > [22m[2mU-Key IPC 处理器[2m > [22m[2m设备检测功能 (ukey:detect)[2m > [22m[2mshould return detection result
2026-10-10T01:52:36.2366860Z [22m[39m[2026-10-10T01:52:36.235Z] [INFO] [main] [UKey IPC] >>> registerUKeyIPC ENTRY, ukeyManager:
2026-10-10T01:52:36.2367440Z [2026-10-10T01:52:36.235Z] [INFO] [main] [UKey IPC] >>> ipcMain available:
2026-10-10T01:52:36.2368190Z [2026-10-10T01:52:36.235Z] [INFO] [main] [UKey IPC] Registering U-Key IPC handlers...
2026-10-10T01:52:36.2368940Z [2026-10-10T01:52:36.235Z] [INFO] [main] [UKey IPC] >>> ukey:detect handler registered successfully
2026-10-10T01:52:36.2369840Z [2026-10-10T01:52:36.235Z] [INFO] [main] [UKey IPC] ✓ All U-Key IPC handlers registered successfully (26 handlers)
2026-10-10T01:52:36.2370230Z 
2026-10-10T01:52:36.2387820Z [90mstdout[2m | tests/unit/ukey/ukey-ipc.test.js[2m > [22m[2mU-Key IPC 处理器[2m > [22m[2m设备检测功能 (ukey:detect)[2m > [22m[2mshould handle detect errors gracefully
2026-10-10T01:52:36.2389970Z [22m[39m[2026-10-10T01:52:36.237Z] [INFO] [main] [UKey IPC] >>> registerUKeyIPC ENTRY, ukeyManager:
2026-10-10T01:52:36.2417040Z [2026-10-10T01:52:36.237Z] [INFO] [main] [UKey IPC] >>> ipcMain available:
2026-10-10T01:52:36.2417860Z [2026-10-10T01:52:36.237Z] [INFO] [main] [UKey IPC] Registering U-Key IPC handlers...
2026-10-10T01:52:36.2418720Z [2026-10-10T01:52:36.238Z] [INFO] [main] [UKey IPC] >>> ukey:detect handler registered successfully
2026-10-10T01:52:36.2419880Z [2026-10-10T01:52:36.238Z] [INFO] [main] [UKey IPC] ✓ All U-Key IPC handlers registered successfully (26 handlers)
2026-10-10T01:52:36.2420470Z 
2026-10-10T01:52:36.2501950Z [90mstderr[2m | tests/unit/ukey/ukey-ipc.test.js[2m > [22m[2mU-Key IPC 处理器[2m > [22m[2m设备检测功能 (ukey:detect)[2m > [22m[2mshould handle detect errors gracefully
2026-10-10T01:52:36.2503460Z [90mstdout[2m | tests/unit/ukey/ukey-ipc.test.js[2m > [22m[2mU-Key IPC 处理器[2m > [22m[2mPIN管理功能 (ukey:verify-pin)[2m > [22m[2mshould register ukey:verify-pin handler
2026-10-10T01:52:36.2521610Z [22m[39m[2026-10-10T01:52:36.244Z] [ERROR] [main] [UKey IPC] U盾检测失败: {
2026-10-10T01:52:36.2522350Z [22m[39m[2026-10-10T01:52:36.248Z] [INFO] [main] [UKey IPC] >>> registerUKeyIPC ENTRY, ukeyManager:
2026-10-10T01:52:36.2529080Z   "name": "Error",
2026-10-10T01:52:36.2529820Z [2026-10-10T01:52:36.249Z] [INFO] [main] [UKey IPC] >>> ipcMain available:
2026-10-10T01:52:36.2530680Z   "message": "Detection failed",
2026-10-10T01:52:36.2531370Z [2026-10-10T01:52:36.249Z] [INFO] [main] [UKey IPC] Registering U-Key IPC handlers...
2026-10-10T01:52:36.2537780Z   "stack": "Error: Detection failed\n    at /Users/runner/work/chainlesschain/chainlesschain/desktop-app-vue/tests/unit/ukey/ukey-ipc.test.js:195:9\n    at file:///Users/runner/work/chainlesschain/chainlesschain/node_modules/@vitest/runner/dist/chunk-artifact.js:302:11\n    at file:///Users/runner/work/chainlesschain/chainlesschain/node_modules/@vitest/runner/dist/chunk-artifact.js:1903:26\n    at file:///Users/runner/work/chainlesschain/chainlesschain/node_modules/@vitest/runner/dist/chunk-artifact.js:2326:20\n    at new Promise (<anonymous>)\n    at runWithCancel (file:///Users/runner/work/chainlesschain/chainlesschain/node_modules/@vitest/runner/dist/chunk-artifact.js:2323:10)\n    at file:///Users/runner/work/chainlesschain/chainlesschain/node_modules/@vitest/runner/dist/chunk-artifact.js:2305:20\n    at new Promise (<anonymous>)\n    at runWithTimeout (file:///Users/runner/work/chainlesschain/chainlesschain/node_modules/@vitest/runner/dist/chunk-artifact.js:2272:10)\n    at file:///Users/runner/work/chainlesschain/chainlesschain/node_modules/@vitest/runner/dist/chunk-artifact.js:2955:64"
2026-10-10T01:52:36.2541790Z }
2026-10-10T01:52:36.2541880Z 
2026-10-10T01:52:36.2542310Z [2026-10-10T01:52:36.249Z] [INFO] [main] [UKey IPC] >>> ukey:detect handler registered successfully
2026-10-10T01:52:36.2543270Z [2026-10-10T01:52:36.249Z] [INFO] [main] [UKey IPC] ✓ All U-Key IPC handlers registered successfully (26 handlers)
2026-10-10T01:52:36.2543660Z 
2026-10-10T01:52:36.2544590Z [90mstdout[2m | tests/unit/ukey/ukey-ipc.test.js[2m > [22m[2mU-Key IPC 处理器[2m > [22m[2mPIN管理功能 (ukey:verify-pin)[2m > [22m[2mshould call ukeyManager.verifyPIN()
2026-10-10T01:52:36.2545590Z [22m[39m[2026-10-10T01:52:36.250Z] [INFO] [main] [UKey IPC] >>> registerUKeyIPC ENTRY, ukeyManager:
2026-10-10T01:52:36.2546180Z [2026-10-10T01:52:36.250Z] [INFO] [main] [UKey IPC] >>> ipcMain available:
2026-10-10T01:52:36.2546720Z [2026-10-10T01:52:36.250Z] [INFO] [main] [UKey IPC] Registering U-Key IPC handlers...
2026-10-10T01:52:36.2547350Z [2026-10-10T01:52:36.250Z] [INFO] [main] [UKey IPC] >>> ukey:detect handler registered successfully
2026-10-10T01:52:36.2548140Z [2026-10-10T01:52:36.250Z] [INFO] [main] [UKey IPC] ✓ All U-Key IPC handlers registered successfully (26 handlers)
2026-10-10T01:52:36.2548510Z 
2026-10-10T01:52:36.2549320Z [90mstdout[2m | tests/unit/ukey/ukey-ipc.test.js[2m > [22m[2mU-Key IPC 处理器[2m > [22m[2mPIN管理功能 (ukey:verify-pin)[2m > [22m[2mshould return verification result
2026-10-10T01:52:36.2550460Z [22m[39m[2026-10-10T01:52:36.252Z] [INFO] [main] [UKey IPC] >>> registerUKeyIPC ENTRY, ukeyManager:
2026-10-10T01:52:36.2551110Z [2026-10-10T01:52:36.252Z] [INFO] [main] [UKey IPC] >>> ipcMain available:
2026-10-10T01:52:36.2551820Z [2026-10-10T01:52:36.252Z] [INFO] [main] [UKey IPC] Registering U-Key IPC handlers...
2026-10-10T01:52:36.2552480Z [2026-10-10T01:52:36.252Z] [INFO] [main] [UKey IPC] >>> ukey:detect handler registered successfully
2026-10-10T01:52:36.2553260Z [2026-10-10T01:52:36.252Z] [INFO] [main] [UKey IPC] ✓ All U-Key IPC handlers registered successfully (26 handlers)
2026-10-10T01:52:36.2553760Z 
2026-10-10T01:52:36.2554700Z [90mstderr[2m | tests/unit/ukey/ukey-ipc.test.js[2m > [22m[2mU-Key IPC 处理器[2m > [22m[2mPIN管理功能 (ukey:verify-pin)[2m > [22m[2mshould handle PIN verification errors
2026-10-10T01:52:36.2555730Z [22m[39m[2026-10-10T01:52:36.254Z] [ERROR] [main] [UKey IPC] PIN验证失败: {
2026-10-10T01:52:36.2556130Z   "name": "Error",
2026-10-10T01:52:36.2556340Z   "message": "PIN error",
2026-10-10T01:52:36.2560990Z   "stack": "Error: PIN error\n    at /Users/runner/work/chainlesschain/chainlesschain/desktop-app-vue/tests/unit/ukey/ukey-ipc.test.js:228:55\n    at file:///Users/runner/work/chainlesschain/chainlesschain/node_modules/@vitest/runner/dist/chunk-artifact.js:302:11\n    at file:///Users/runner/work/chainlesschain/chainlesschain/node_modules/@vitest/runner/dist/chunk-artifact.js:1903:26\n    at file:///Users/runner/work/chainlesschain/chainlesschain/node_modules/@vitest/runner/dist/chunk-artifact.js:2326:20\n    at new Promise (<anonymous>)\n    at runWithCancel (file:///Users/runner/work/chainlesschain/chainlesschain/node_modules/@vitest/runner/dist/chunk-artifact.js:2323:10)\n    at file:///Users/runner/work/chainlesschain/chainlesschain/node_modules/@vitest/runner/dist/chunk-artifact.js:2305:20\n    at new Promise (<anonymous>)\n    at runWithTimeout (file:///Users/runner/work/chainlesschain/chainlesschain/node_modules/@vitest/runner/dist/chunk-artifact.js:2272:10)\n    at file:///Users/runner/work/chainlesschain/chainlesschain/node_modules/@vitest/runner/dist/chunk-artifact.js:2955:64"
2026-10-10T01:52:36.2564530Z }
2026-10-10T01:52:36.2564620Z 
2026-10-10T01:52:36.2565600Z [90mstdout[2m | tests/unit/ukey/ukey-ipc.test.js[2m > [22m[2mU-Key IPC 处理器[2m > [22m[2mPIN管理功能 (ukey:verify-pin)[2m > [22m[2mshould handle PIN verification errors
2026-10-10T01:52:36.2566660Z [22m[39m[2026-10-10T01:52:36.253Z] [INFO] [main] [UKey IPC] >>> registerUKeyIPC ENTRY, ukeyManager:
2026-10-10T01:52:36.2567440Z [2026-10-10T01:52:36.253Z] [INFO] [main] [UKey IPC] >>> ipcMain available:
2026-10-10T01:52:36.2568190Z [2026-10-10T01:52:36.253Z] [INFO] [main] [UKey IPC] Registering U-Key IPC handlers...
2026-10-10T01:52:36.2568930Z [2026-10-10T01:52:36.253Z] [INFO] [main] [UKey IPC] >>> ukey:detect handler registered successfully
2026-10-10T01:52:36.2569910Z [2026-10-10T01:52:36.253Z] [INFO] [main] [UKey IPC] ✓ All U-Key IPC handlers registered successfully (26 handlers)
2026-10-10T01:52:36.2570330Z 
2026-10-10T01:52:36.2571300Z [90mstdout[2m | tests/unit/ukey/ukey-ipc.test.js[2m > [22m[2mU-Key IPC 处理器[2m > [22m[2m设备信息获取 (ukey:get-device-info)[2m > [22m[2mshould register ukey:get-device-info handler
2026-10-10T01:52:36.2572250Z [22m[39m[2026-10-10T01:52:36.255Z] [INFO] [main] [UKey IPC] >>> registerUKeyIPC ENTRY, ukeyManager:
2026-10-10T01:52:36.2572850Z [2026-10-10T01:52:36.255Z] [INFO] [main] [UKey IPC] >>> ipcMain available:
2026-10-10T01:52:36.2573380Z [2026-10-10T01:52:36.255Z] [INFO] [main] [UKey IPC] Registering U-Key IPC handlers...
2026-10-10T01:52:36.2574240Z [2026-10-10T01:52:36.255Z] [INFO] [main] [UKey IPC] >>> ukey:detect handler registered successfully
2026-10-10T01:52:36.2575250Z [2026-10-10T01:52:36.255Z] [INFO] [main] [UKey IPC] ✓ All U-Key IPC handlers registered successfully (26 handlers)
2026-10-10T01:52:36.2575680Z 
2026-10-10T01:52:36.2576500Z [90mstdout[2m | tests/unit/ukey/ukey-ipc.test.js[2m > [22m[2mU-Key IPC 处理器[2m > [22m[2m设备信息获取 (ukey:get-device-info)[2m > [22m[2mshould call ukeyManager.getDeviceInfo()
2026-10-10T01:52:36.2577780Z [22m[39m[2026-10-10T01:52:36.256Z] [INFO] [main] [UKey IPC] >>> registerUKeyIPC ENTRY, ukeyManager:
2026-10-10T01:52:36.2578360Z [2026-10-10T01:52:36.256Z] [INFO] [main] [UKey IPC] >>> ipcMain available:
2026-10-10T01:52:36.2578910Z [2026-10-10T01:52:36.256Z] [INFO] [main] [UKey IPC] Registering U-Key IPC handlers...
2026-10-10T01:52:36.2579520Z [2026-10-10T01:52:36.256Z] [INFO] [main] [UKey IPC] >>> ukey:detect handler registered successfully
2026-10-10T01:52:36.2580300Z [2026-10-10T01:52:36.256Z] [INFO] [main] [UKey IPC] ✓ All U-Key IPC handlers registered successfully (26 handlers)
2026-10-10T01:52:36.2580670Z 
2026-10-10T01:52:36.2581820Z [90mstdout[2m | tests/unit/ukey/ukey-ipc.test.js[2m > [22m[2mU-Key IPC 处理器[2m > [22m[2m设备信息获取 (ukey:get-device-info)[2m > [22m[2mshould return device information
2026-10-10T01:52:36.2584390Z [22m[39m[2026-10-10T01:52:36.257Z] [INFO] [main] [UKey IPC] >>> registerUKeyIPC ENTRY, ukeyManager:
2026-10-10T01:52:36.2586120Z [2026-10-10T01:52:36.257Z] [INFO] [main] [UKey IPC] >>> ipcMain available:
2026-10-10T01:52:36.2587700Z [2026-10-10T01:52:36.257Z] [INFO] [main] [UKey IPC] Registering U-Key IPC handlers...
2026-10-10T01:52:36.2590370Z [2026-10-10T01:52:36.257Z] [INFO] [main] [UKey IPC] >>> ukey:detect handler registered successfully
2026-10-10T01:52:36.2592470Z [2026-10-10T01:52:36.257Z] [INFO] [main] [UKey IPC] ✓ All U-Key IPC handlers registered successfully (26 handlers)
2026-10-10T01:52:36.2593320Z 
2026-10-10T01:52:36.2595470Z [90mstdout[2m | tests/unit/ukey/ukey-ipc.test.js[2m > [22m[2mU-Key IPC 处理器[2m > [22m[2m设备信息获取 (ukey:get-device-info)[2m > [22m[2mshould throw error when manager not initialized
2026-10-10T01:52:36.2598140Z [22m[39m[2026-10-10T01:52:36.258Z] [INFO] [main] [UKey IPC] >>> registerUKeyIPC ENTRY, ukeyManager:
2026-10-10T01:52:36.2600340Z [2026-10-10T01:52:36.258Z] [INFO] [main] [UKey IPC] >>> ipcMain available:
2026-10-10T01:52:36.2601890Z [2026-10-10T01:52:36.258Z] [INFO] [main] [UKey IPC] Registering U-Key IPC handlers...
2026-10-10T01:52:36.2603740Z [2026-10-10T01:52:36.258Z] [INFO] [main] [UKey IPC] >>> ukey:detect handler registered successfully
2026-10-10T01:52:36.2605750Z [2026-10-10T01:52:36.258Z] [INFO] [main] [UKey IPC] ✓ All U-Key IPC handlers registered successfully (26 handlers)
2026-10-10T01:52:36.2606630Z 
2026-10-10T01:52:36.2611450Z [90mstderr[2m | tests/unit/ukey/ukey-ipc.test.js[2m > [22m[2mU-Key IPC 处理器[2m > [22m[2m设备信息获取 (ukey:get-device-info)[2m > [22m[2mshould throw error when manager not initialized
2026-10-10T01:52:36.2612780Z [90mstdout[2m | tests/unit/ukey/ukey-ipc.test.js[2m > [22m[2mU-Key IPC 处理器[2m > [22m[2m设备信息获取 (ukey:get-device-info)[2m > [22m[2mshould throw error when manager not initialized
2026-10-10T01:52:36.2613760Z [22m[39m[2026-10-10T01:52:36.259Z] [ERROR] [main] [UKey IPC] 获取设备信息失败: {
2026-10-10T01:52:36.2614280Z   "name": "Error",
2026-10-10T01:52:36.2614820Z   "message": "U盾管理器未初始化",
2026-10-10T01:52:36.2619670Z   "stack": "Error: U盾管理器未初始化\n    at /Users/runner/work/chainlesschain/chainlesschain/desktop-app-vue/src/main/ukey/ukey-ipc.js:166:15\n    at /Users/runner/work/chainlesschain/chainlesschain/desktop-app-vue/tests/unit/ukey/ukey-ipc.test.js:278:20\n    at file:///Users/runner/work/chainlesschain/chainlesschain/node_modules/@vitest/runner/dist/chunk-artifact.js:302:11\n    at file:///Users/runner/work/chainlesschain/chainlesschain/node_modules/@vitest/runner/dist/chunk-artifact.js:1903:26\n    at file:///Users/runner/work/chainlesschain/chainlesschain/node_modules/@vitest/runner/dist/chunk-artifact.js:2326:20\n    at new Promise (<anonymous>)\n    at runWithCancel (file:///Users/runner/work/chainlesschain/chainlesschain/node_modules/@vitest/runner/dist/chunk-artifact.js:2323:10)\n    at file:///Users/runner/work/chainlesschain/chainlesschain/node_modules/@vitest/runner/dist/chunk-artifact.js:2305:20\n    at new Promise (<anonymous>)\n    at runWithTimeout (file:///Users/runner/work/chainlesschain/chainlesschain/node_modules/@vitest/runner/dist/chunk-artifact.js:2272:10)"
2026-10-10T01:52:36.2623310Z }
2026-10-10T01:52:36.2623500Z 
2026-10-10T01:52:36.2624030Z [22m[39m[2026-10-10T01:52:36.258Z] [INFO] [main] [UKey IPC] >>> registerUKeyIPC ENTRY, ukeyManager:
2026-10-10T01:52:36.2624740Z [2026-10-10T01:52:36.258Z] [INFO] [main] [UKey IPC] >>> ipcMain available:
2026-10-10T01:52:36.2625350Z [2026-10-10T01:52:36.259Z] [INFO] [main] [UKey IPC] Registering U-Key IPC handlers...
2026-10-10T01:52:36.2626030Z [2026-10-10T01:52:36.259Z] [INFO] [main] [UKey IPC] >>> ukey:detect handler registered successfully
2026-10-10T01:52:36.2626860Z [2026-10-10T01:52:36.259Z] [INFO] [main] [UKey IPC] ✓ All U-Key IPC handlers registered successfully (26 handlers)
2026-10-10T01:52:36.2627200Z 
2026-10-10T01:52:36.2628210Z [90mstdout[2m | tests/unit/ukey/ukey-ipc.test.js[2m > [22m[2mU-Key IPC 处理器[2m > [22m[2m加密操作功能[2m > [22m[2m数字签名 (ukey:sign)[2m > [22m[2mshould register ukey:sign handler
2026-10-10T01:52:36.2629240Z [22m[39m[2026-10-10T01:52:36.261Z] [INFO] [main] [UKey IPC] >>> registerUKeyIPC ENTRY, ukeyManager:
2026-10-10T01:52:36.2641110Z [2026-10-10T01:52:36.261Z] [INFO] [main] [UKey IPC] >>> ipcMain available:
2026-10-10T01:52:36.2642040Z [2026-10-10T01:52:36.261Z] [INFO] [main] [UKey IPC] Registering U-Key IPC handlers...
2026-10-10T01:52:36.2642650Z [2026-10-10T01:52:36.261Z] [INFO] [main] [UKey IPC] >>> ukey:detect handler registered successfully
2026-10-10T01:52:36.2643580Z [2026-10-10T01:52:36.261Z] [INFO] [main] [UKey IPC] ✓ All U-Key IPC handlers registered successfully (26 handlers)
2026-10-10T01:52:36.2643980Z 
2026-10-10T01:52:36.2644820Z [90mstdout[2m | tests/unit/ukey/ukey-ipc.test.js[2m > [22m[2mU-Key IPC 处理器[2m > [22m[2m加密操作功能[2m > [22m[2m数字签名 (ukey:sign)[2m > [22m[2mshould call ukeyManager.sign()
2026-10-10T01:52:36.2645990Z [22m[39m[2026-10-10T01:52:36.262Z] [INFO] [main] [UKey IPC] >>> registerUKeyIPC ENTRY, ukeyManager:
2026-10-10T01:52:36.2646590Z [2026-10-10T01:52:36.262Z] [INFO] [main] [UKey IPC] >>> ipcMain available:
2026-10-10T01:52:36.2647220Z [2026-10-10T01:52:36.262Z] [INFO] [main] [UKey IPC] Registering U-Key IPC handlers...
2026-10-10T01:52:36.2648000Z [2026-10-10T01:52:36.262Z] [INFO] [main] [UKey IPC] >>> ukey:detect handler registered successfully
2026-10-10T01:52:36.2649150Z [2026-10-10T01:52:36.263Z] [INFO] [main] [UKey IPC] ✓ All U-Key IPC handlers registered successfully (26 handlers)
2026-10-10T01:52:36.2650090Z 
2026-10-10T01:52:36.2651130Z [90mstdout[2m | tests/unit/ukey/ukey-ipc.test.js[2m > [22m[2mU-Key IPC 处理器[2m > [22m[2m加密操作功能[2m > [22m[2m数字签名 (ukey:sign)[2m > [22m[2mshould return signature
2026-10-10T01:52:36.2658380Z [22m[39m[2026-10-10T01:52:36.263Z] [INFO] [main] [UKey IPC] >>> registerUKeyIPC ENTRY, ukeyManager:
2026-10-10T01:52:36.2658990Z [2026-10-10T01:52:36.263Z] [INFO] [main] [UKey IPC] >>> ipcMain available:
2026-10-10T01:52:36.2659630Z [2026-10-10T01:52:36.264Z] [INFO] [main] [UKey IPC] Registering U-Key IPC handlers...
2026-10-10T01:52:36.2660280Z [2026-10-10T01:52:36.264Z] [INFO] [main] [UKey IPC] >>> ukey:detect handler registered successfully
2026-10-10T01:52:36.2661060Z [2026-10-10T01:52:36.264Z] [INFO] [main] [UKey IPC] ✓ All U-Key IPC handlers registered successfully (26 handlers)
2026-10-10T01:52:36.2661400Z 
2026-10-10T01:52:36.2683260Z [90mstdout[2m | tests/unit/ukey/ukey-ipc.test.js[2m > [22m[2mU-Key IPC 处理器[2m > [22m[2m加密操作功能[2m > [22m[2m数据加密 (ukey:encrypt)[2m > [22m[2mshould register ukey:encrypt handler
2026-10-10T01:52:36.2684310Z [22m[39m[2026-10-10T01:52:36.267Z] [INFO] [main] [UKey IPC] >>> registerUKeyIPC ENTRY, ukeyManager:
2026-10-10T01:52:36.2685030Z [2026-10-10T01:52:36.267Z] [INFO] [main] [UKey IPC] >>> ipcMain available:
2026-10-10T01:52:36.2685650Z [2026-10-10T01:52:36.267Z] [INFO] [main] [UKey IPC] Registering U-Key IPC handlers...
2026-10-10T01:52:36.2686430Z [2026-10-10T01:52:36.267Z] [INFO] [main] [UKey IPC] >>> ukey:detect handler registered successfully
2026-10-10T01:52:36.2687350Z [2026-10-10T01:52:36.267Z] [INFO] [main] [UKey IPC] ✓ All U-Key IPC handlers registered successfully (26 handlers)
2026-10-10T01:52:36.2687720Z 
2026-10-10T01:52:36.2690080Z [90mstdout[2m | tests/unit/ukey/ukey-ipc.test.js[2m > [22m[2mU-Key IPC 处理器[2m > [22m[2m加密操作功能[2m > [22m[2m数据加密 (ukey:encrypt)[2m > [22m[2mshould call ukeyManager.encrypt()
2026-10-10T01:52:36.2691310Z [22m[39m[2026-10-10T01:52:36.268Z] [INFO] [main] [UKey IPC] >>> registerUKeyIPC ENTRY, ukeyManager:
2026-10-10T01:52:36.2691880Z [2026-10-10T01:52:36.268Z] [INFO] [main] [UKey IPC] >>> ipcMain available:
2026-10-10T01:52:36.2693400Z [2026-10-10T01:52:36.268Z] [INFO] [main] [UKey IPC] Registering U-Key IPC handlers...
2026-10-10T01:52:36.2694150Z [2026-10-10T01:52:36.268Z] [INFO] [main] [UKey IPC] >>> ukey:detect handler registered successfully
2026-10-10T01:52:36.2694980Z [2026-10-10T01:52:36.268Z] [INFO] [main] [UKey IPC] ✓ All U-Key IPC handlers registered successfully (26 handlers)
2026-10-10T01:52:36.2695360Z 
2026-10-10T01:52:36.2699600Z [90mstdout[2m | tests/unit/ukey/ukey-ipc.test.js[2m > [22m[2mU-Key IPC 处理器[2m > [22m[2m加密操作功能[2m > [22m[2m数据加密 (ukey:encrypt)[2m > [22m[2mshould return encrypted data
2026-10-10T01:52:36.2700750Z [22m[39m[2026-10-10T01:52:36.269Z] [INFO] [main] [UKey IPC] >>> registerUKeyIPC ENTRY, ukeyManager:
2026-10-10T01:52:36.2701460Z [2026-10-10T01:52:36.269Z] [INFO] [main] [UKey IPC] >>> ipcMain available:
2026-10-10T01:52:36.2702110Z [2026-10-10T01:52:36.269Z] [INFO] [main] [UKey IPC] Registering U-Key IPC handlers...
2026-10-10T01:52:36.2702810Z [2026-10-10T01:52:36.269Z] [INFO] [main] [UKey IPC] >>> ukey:detect handler registered successfully
2026-10-10T01:52:36.2703770Z [2026-10-10T01:52:36.269Z] [INFO] [main] [UKey IPC] ✓ All U-Key IPC handlers registered successfully (26 handlers)
2026-10-10T01:52:36.2704230Z 
2026-10-10T01:52:36.2708250Z [90mstdout[2m | tests/unit/ukey/ukey-ipc.test.js[2m > [22m[2mU-Key IPC 处理器[2m > [22m[2m加密操作功能[2m > [22m[2m数据解密 (ukey:decrypt)[2m > [22m[2mshould register ukey:decrypt handler
2026-10-10T01:52:36.2709270Z [22m[39m[2026-10-10T01:52:36.270Z] [INFO] [main] [UKey IPC] >>> registerUKeyIPC ENTRY, ukeyManager:
2026-10-10T01:52:36.2710060Z [2026-10-10T01:52:36.270Z] [INFO] [main] [UKey IPC] >>> ipcMain available:
2026-10-10T01:52:36.2710720Z [2026-10-10T01:52:36.270Z] [INFO] [main] [UKey IPC] Registering U-Key IPC handlers...
2026-10-10T01:52:36.2711500Z [2026-10-10T01:52:36.270Z] [INFO] [main] [UKey IPC] >>> ukey:detect handler registered successfully
2026-10-10T01:52:36.2712580Z [2026-10-10T01:52:36.270Z] [INFO] [main] [UKey IPC] ✓ All U-Key IPC handlers registered successfully (26 handlers)
2026-10-10T01:52:36.2713030Z 
2026-10-10T01:52:36.2716930Z [90mstdout[2m | tests/unit/ukey/ukey-ipc.test.js[2m > [22m[2mU-Key IPC 处理器[2m > [22m[2m加密操作功能[2m > [22m[2m数据解密 (ukey:decrypt)[2m > [22m[2mshould call ukeyManager.decrypt()
2026-10-10T01:52:36.2717940Z [22m[39m[2026-10-10T01:52:36.270Z] [INFO] [main] [UKey IPC] >>> registerUKeyIPC ENTRY, ukeyManager:
2026-10-10T01:52:36.2718570Z [2026-10-10T01:52:36.270Z] [INFO] [main] [UKey IPC] >>> ipcMain available:
2026-10-10T01:52:36.2719220Z [2026-10-10T01:52:36.271Z] [INFO] [main] [UKey IPC] Registering U-Key IPC handlers...
2026-10-10T01:52:36.2719960Z [2026-10-10T01:52:36.271Z] [INFO] [main] [UKey IPC] >>> ukey:detect handler registered successfully
2026-10-10T01:52:36.2720750Z [2026-10-10T01:52:36.271Z] [INFO] [main] [UKey IPC] ✓ All U-Key IPC handlers registered successfully (26 handlers)
2026-10-10T01:52:36.2721140Z 
2026-10-10T01:52:36.2728690Z [90mstdout[2m | tests/unit/ukey/ukey-ipc.test.js[2m > [22m[2mU-Key IPC 处理器[2m > [22m[2m加密操作功能[2m > [22m[2m数据解密 (ukey:decrypt)[2m > [22m[2mshould return decrypted data
2026-10-10T01:52:36.2729670Z [22m[39m[2026-10-10T01:52:36.272Z] [INFO] [main] [UKey IPC] >>> registerUKeyIPC ENTRY, ukeyManager:
2026-10-10T01:52:36.2730320Z [2026-10-10T01:52:36.272Z] [INFO] [main] [UKey IPC] >>> ipcMain available:
2026-10-10T01:52:36.2730930Z [2026-10-10T01:52:36.272Z] [INFO] [main] [UKey IPC] Registering U-Key IPC handlers...
2026-10-10T01:52:36.2731640Z [2026-10-10T01:52:36.272Z] [INFO] [main] [UKey IPC] >>> ukey:detect handler registered successfully
2026-10-10T01:52:36.2732520Z [2026-10-10T01:52:36.272Z] [INFO] [main] [UKey IPC] ✓ All U-Key IPC handlers registered successfully (26 handlers)
2026-10-10T01:52:36.2732950Z 
2026-10-10T01:52:36.2742350Z [90mstdout[2m | tests/unit/ukey/ukey-ipc.test.js[2m > [22m[2mU-Key IPC 处理器[2m > [22m[2mU-Key 锁定和公钥获取[2m > [22m[2mU-Key 锁定 (ukey:lock)[2m > [22m[2mshould register ukey:lock handler
2026-10-10T01:52:36.2743430Z [22m[39m[2026-10-10T01:52:36.273Z] [INFO] [main] [UKey IPC] >>> registerUKeyIPC ENTRY, ukeyManager:
2026-10-10T01:52:36.2744120Z [2026-10-10T01:52:36.273Z] [INFO] [main] [UKey IPC] >>> ipcMain available:
2026-10-10T01:52:36.2744780Z [2026-10-10T01:52:36.273Z] [INFO] [main] [UKey IPC] Registering U-Key IPC handlers...
2026-10-10T01:52:36.2745470Z [2026-10-10T01:52:36.273Z] [INFO] [main] [UKey IPC] >>> ukey:detect handler registered successfully
2026-10-10T01:52:36.2746670Z [2026-10-10T01:52:36.273Z] [INFO] [main] [UKey IPC] ✓ All U-Key IPC handlers registered successfully (26 handlers)
2026-10-10T01:52:36.2747280Z 
2026-10-10T01:52:36.2751760Z [90mstdout[2m | tests/unit/ukey/ukey-ipc.test.js[2m > [22m[2mU-Key IPC 处理器[2m > [22m[2mU-Key 锁定和公钥获取[2m > [22m[2mU-Key 锁定 (ukey:lock)[2m > [22m[2mshould call ukeyManager.lock()
2026-10-10T01:52:36.2752780Z [22m[39m[2026-10-10T01:52:36.274Z] [INFO] [main] [UKey IPC] >>> registerUKeyIPC ENTRY, ukeyManager:
2026-10-10T01:52:36.2762290Z [2026-10-10T01:52:36.274Z] [INFO] [main] [UKey IPC] >>> ipcMain available:
2026-10-10T01:52:36.2764310Z [2026-10-10T01:52:36.274Z] [INFO] [main] [UKey IPC] Registering U-Key IPC handlers...
2026-10-10T01:52:36.2765170Z [2026-10-10T01:52:36.274Z] [INFO] [main] [UKey IPC] >>> ukey:detect handler registered successfully
2026-10-10T01:52:36.2766310Z [2026-10-10T01:52:36.274Z] [INFO] [main] [UKey IPC] ✓ All U-Key IPC handlers registered successfully (26 handlers)
2026-10-10T01:52:36.2766650Z 
2026-10-10T01:52:36.2767370Z [90mstdout[2m | tests/unit/ukey/ukey-ipc.test.js[2m > [22m[2mU-Key IPC 处理器[2m > [22m[2mU-Key 锁定和公钥获取[2m > [22m[2mU-Key 锁定 (ukey:lock)[2m > [22m[2mshould return success
2026-10-10T01:52:36.2768300Z [22m[39m[2026-10-10T01:52:36.275Z] [INFO] [main] [UKey IPC] >>> registerUKeyIPC ENTRY, ukeyManager:
2026-10-10T01:52:36.2768970Z [2026-10-10T01:52:36.275Z] [INFO] [main] [UKey IPC] >>> ipcMain available:
2026-10-10T01:52:36.2769480Z [2026-10-10T01:52:36.275Z] [INFO] [main] [UKey IPC] Registering U-Key IPC handlers...
2026-10-10T01:52:36.2770130Z [2026-10-10T01:52:36.275Z] [INFO] [main] [UKey IPC] >>> ukey:detect handler registered successfully
2026-10-10T01:52:36.2771340Z [2026-10-10T01:52:36.276Z] [INFO] [main] [UKey IPC] ✓ All U-Key IPC handlers registered successfully (26 handlers)
2026-10-10T01:52:36.2771750Z 
2026-10-10T01:52:36.2776720Z [90mstdout[2m | tests/unit/ukey/ukey-ipc.test.js[2m > [22m[2mU-Key IPC 处理器[2m > [22m[2mU-Key 锁定和公钥获取[2m > [22m[2m获取公钥 (ukey:get-public-key)[2m > [22m[2mshould register ukey:get-public-key handler
2026-10-10T01:52:36.2777800Z [22m[39m[2026-10-10T01:52:36.276Z] [INFO] [main] [UKey IPC] >>> registerUKeyIPC ENTRY, ukeyManager:
2026-10-10T01:52:36.2778350Z [2026-10-10T01:52:36.277Z] [INFO] [main] [UKey IPC] >>> ipcMain available:
2026-10-10T01:52:36.2778900Z [2026-10-10T01:52:36.277Z] [INFO] [main] [UKey IPC] Registering U-Key IPC handlers...
2026-10-10T01:52:36.2779570Z [2026-10-10T01:52:36.277Z] [INFO] [main] [UKey IPC] >>> ukey:detect handler registered successfully
2026-10-10T01:52:36.2780420Z [2026-10-10T01:52:36.277Z] [INFO] [main] [UKey IPC] ✓ All U-Key IPC handlers registered successfully (26 handlers)
2026-10-10T01:52:36.2780770Z 
2026-10-10T01:52:36.2785070Z [90mstdout[2m | tests/unit/ukey/ukey-ipc.test.js[2m > [22m[2mU-Key IPC 处理器[2m > [22m[2mU-Key 锁定和公钥获取[2m > [22m[2m获取公钥 (ukey:get-public-key)[2m > [22m[2mshould call ukeyManager.getPublicKey()
2026-10-10T01:52:36.2786040Z [22m[39m[2026-10-10T01:52:36.277Z] [INFO] [main] [UKey IPC] >>> registerUKeyIPC ENTRY, ukeyManager:
2026-10-10T01:52:36.2786620Z [2026-10-10T01:52:36.277Z] [INFO] [main] [UKey IPC] >>> ipcMain available:
2026-10-10T01:52:36.2787150Z [2026-10-10T01:52:36.277Z] [INFO] [main] [UKey IPC] Registering U-Key IPC handlers...
2026-10-10T01:52:36.2787740Z [2026-10-10T01:52:36.278Z] [INFO] [main] [UKey IPC] >>> ukey:detect handler registered successfully
2026-10-10T01:52:36.2788590Z [2026-10-10T01:52:36.278Z] [INFO] [main] [UKey IPC] ✓ All U-Key IPC handlers registered successfully (26 handlers)
2026-10-10T01:52:36.2788980Z 
2026-10-10T01:52:36.2793070Z [90mstdout[2m | tests/unit/ukey/ukey-ipc.test.js[2m > [22m[2mU-Key IPC 处理器[2m > [22m[2mU-Key 锁定和公钥获取[2m > [22m[2m获取公钥 (ukey:get-public-key)[2m > [22m[2mshould return public key
2026-10-10T01:52:36.2794000Z [22m[39m[2026-10-10T01:52:36.278Z] [INFO] [main] [UKey IPC] >>> registerUKeyIPC ENTRY, ukeyManager:
2026-10-10T01:52:36.2794610Z [2026-10-10T01:52:36.278Z] [INFO] [main] [UKey IPC] >>> ipcMain available:
2026-10-10T01:52:36.2795180Z [2026-10-10T01:52:36.278Z] [INFO] [main] [UKey IPC] Registering U-Key IPC handlers...
2026-10-10T01:52:36.2796150Z [2026-10-10T01:52:36.278Z] [INFO] [main] [UKey IPC] >>> ukey:detect handler registered successfully
2026-10-10T01:52:36.2796990Z [2026-10-10T01:52:36.279Z] [INFO] [main] [UKey IPC] ✓ All U-Key IPC handlers registered successfully (26 handlers)
2026-10-10T01:52:36.2797380Z 
2026-10-10T01:52:36.2802230Z [90mstdout[2m | tests/unit/ukey/ukey-ipc.test.js[2m > [22m[2mU-Key IPC 处理器[2m > [22m[2m备用认证功能 (auth:verify-password)[2m > [22m[2mshould register auth:verify-password handler
2026-10-10T01:52:36.2803190Z [22m[39m[2026-10-10T01:52:36.279Z] [INFO] [main] [UKey IPC] >>> registerUKeyIPC ENTRY, ukeyManager:
2026-10-10T01:52:36.2803950Z [2026-10-10T01:52:36.279Z] [INFO] [main] [UKey IPC] >>> ipcMain available:
2026-10-10T01:52:36.2804480Z [2026-10-10T01:52:36.279Z] [INFO] [main] [UKey IPC] Registering U-Key IPC handlers...
2026-10-10T01:52:36.2805070Z [2026-10-10T01:52:36.279Z] [INFO] [main] [UKey IPC] >>> ukey:detect handler registered successfully
2026-10-10T01:52:36.2805910Z [2026-10-10T01:52:36.279Z] [INFO] [main] [UKey IPC] ✓ All U-Key IPC handlers registered successfully (26 handlers)
2026-10-10T01:52:36.2806250Z 
2026-10-10T01:52:36.2810900Z [90mstdout[2m | tests/unit/ukey/ukey-ipc.test.js[2m > [22m[2mU-Key IPC 处理器[2m > [22m[2m备用认证功能 (auth:verify-password)[2m > [22m[2mshould verify correct credentials
2026-10-10T01:52:36.2811880Z [22m[39m[2026-10-10T01:52:36.280Z] [INFO] [main] [UKey IPC] >>> registerUKeyIPC ENTRY, ukeyManager:
2026-10-10T01:52:36.2812500Z [2026-10-10T01:52:36.280Z] [INFO] [main] [UKey IPC] >>> ipcMain available:
2026-10-10T01:52:36.2813110Z [2026-10-10T01:52:36.280Z] [INFO] [main] [UKey IPC] Registering U-Key IPC handlers...
2026-10-10T01:52:36.2813710Z [2026-10-10T01:52:36.280Z] [INFO] [main] [UKey IPC] >>> ukey:detect handler registered successfully
2026-10-10T01:52:36.2814450Z [2026-10-10T01:52:36.280Z] [INFO] [main] [UKey IPC] ✓ All U-Key IPC handlers registered successfully (26 handlers)
2026-10-10T01:52:36.2814800Z 
2026-10-10T01:52:36.2815500Z [90mstdout[2m | tests/unit/ukey/ukey-ipc.test.js[2m > [22m[2mU-Key IPC 处理器[2m > [22m[2m备用认证功能 (auth:verify-password)[2m > [22m[2mshould verify correct credentials
2026-10-10T01:52:36.2816280Z [22m[39m[2026-10-10T01:52:36.281Z] [INFO] [main] [UKey IPC] ✅ 密码验证成功
2026-10-10T01:52:36.2816550Z 
2026-10-10T01:52:36.2823190Z [90mstdout[2m | tests/unit/ukey/ukey-ipc.test.js[2m > [22m[2mU-Key IPC 处理器[2m > [22m[2m备用认证功能 (auth:verify-password)[2m > [22m[2mshould reject incorrect credentials
2026-10-10T01:52:36.2824080Z [22m[39m[2026-10-10T01:52:36.281Z] [INFO] [main] [UKey IPC] >>> registerUKeyIPC ENTRY, ukeyManager:
2026-10-10T01:52:36.2824630Z [2026-10-10T01:52:36.281Z] [INFO] [main] [UKey IPC] >>> ipcMain available:
2026-10-10T01:52:36.2825260Z [2026-10-10T01:52:36.281Z] [INFO] [main] [UKey IPC] Registering U-Key IPC handlers...
2026-10-10T01:52:36.2825980Z [2026-10-10T01:52:36.281Z] [INFO] [main] [UKey IPC] >>> ukey:detect handler registered successfully
2026-10-10T01:52:36.2826750Z [2026-10-10T01:52:36.281Z] [INFO] [main] [UKey IPC] ✓ All U-Key IPC handlers registered successfully (26 handlers)
2026-10-10T01:52:36.2827090Z 
2026-10-10T01:52:36.2829270Z [90mstdout[2m | tests/unit/ukey/ukey-ipc.test.js[2m > [22m[2mU-Key IPC 处理器[2m > [22m[2m备用认证功能 (auth:verify-password)[2m > [22m[2mshould reject incorrect credentials
2026-10-10T01:52:36.2830240Z [22m[39m[2026-10-10T01:52:36.282Z] [INFO] [main] [UKey IPC] ❌ 密码验证失败
2026-10-10T01:52:36.2830680Z [2026-10-10T01:52:36.282Z] [INFO] [main] [UKey IPC] 用户名匹配:
2026-10-10T01:52:36.2831120Z [2026-10-10T01:52:36.282Z] [INFO] [main] [UKey IPC] 密码匹配:
2026-10-10T01:52:36.2831540Z [2026-10-10T01:52:36.282Z] [INFO] [main] [UKey IPC] 用户名严格相等:
2026-10-10T01:52:36.2831980Z [2026-10-10T01:52:36.282Z] [INFO] [main] [UKey IPC] 密码严格相等:
2026-10-10T01:52:36.2832180Z 
2026-10-10T01:52:36.2841720Z [90mstdout[2m | tests/unit/ukey/ukey-ipc.test.js[2m > [22m[2mU-Key IPC 处理器[2m > [22m[2m备用认证功能 (auth:verify-password)[2m > [22m[2mshould return user info on success
2026-10-10T01:52:36.2843120Z [22m[39m[2026-10-10T01:52:36.283Z] [INFO] [main] [UKey IPC] >>> registerUKeyIPC ENTRY, ukeyManager:
2026-10-10T01:52:36.2844750Z [2026-10-10T01:52:36.283Z] [INFO] [main] [UKey IPC] >>> ipcMain available:
2026-10-10T01:52:36.2845540Z [2026-10-10T01:52:36.283Z] [INFO] [main] [UKey IPC] Registering U-Key IPC handlers...
2026-10-10T01:52:36.2846190Z [2026-10-10T01:52:36.283Z] [INFO] [main] [UKey IPC] >>> ukey:detect handler registered successfully
2026-10-10T01:52:36.2847040Z [2026-10-10T01:52:36.283Z] [INFO] [main] [UKey IPC] ✓ All U-Key IPC handlers registered successfully (26 handlers)
2026-10-10T01:52:36.2847420Z 
2026-10-10T01:52:36.2848750Z [90mstdout[2m | tests/unit/ukey/ukey-ipc.test.js[2m > [22m[2mU-Key IPC 处理器[2m > [22m[2m备用认证功能 (auth:verify-password)[2m > [22m[2mshould return user info on success
2026-10-10T01:52:36.2849840Z [22m[39m[2026-10-10T01:52:36.283Z] [INFO] [main] [UKey IPC] ✅ 密码验证成功
2026-10-10T01:52:36.2850120Z 
2026-10-10T01:52:36.2872820Z [90mstdout[2m | tests/unit/ukey/ukey-ipc.test.js[2m > [22m[2mU-Key IPC 处理器[2m > [22m[2m总体验证[2m > [22m[2mshould register all 26 U-Key IPC handlers
2026-10-10T01:52:36.2873670Z [22m[39m[2026-10-10T01:52:36.284Z] [INFO] [main] [UKey IPC] >>> registerUKeyIPC ENTRY, ukeyManager:
2026-10-10T01:52:36.2874220Z [2026-10-10T01:52:36.284Z] [INFO] [main] [UKey IPC] >>> ipcMain available:
2026-10-10T01:52:36.2874780Z [2026-10-10T01:52:36.284Z] [INFO] [main] [UKey IPC] Registering U-Key IPC handlers...
2026-10-10T01:52:36.2875440Z [2026-10-10T01:52:36.285Z] [INFO] [main] [UKey IPC] >>> ukey:detect handler registered successfully
2026-10-10T01:52:36.2876230Z [2026-10-10T01:52:36.285Z] [INFO] [main] [UKey IPC] ✓ All U-Key IPC handlers registered successfully (26 handlers)
2026-10-10T01:52:36.2876580Z 
2026-10-10T01:52:36.2883240Z [90mstdout[2m | tests/unit/ukey/ukey-ipc.test.js[2m > [22m[2mU-Key IPC 处理器[2m > [22m[2m总体验证[2m > [22m[2mshould have all required handler channels
2026-10-10T01:52:36.2884050Z [22m[39m[2026-10-10T01:52:36.287Z] [INFO] [main] [UKey IPC] >>> registerUKeyIPC ENTRY, ukeyManager:
2026-10-10T01:52:36.2884580Z [2026-10-10T01:52:36.287Z] [INFO] [main] [UKey IPC] >>> ipcMain available:
2026-10-10T01:52:36.2885090Z [2026-10-10T01:52:36.287Z] [INFO] [main] [UKey IPC] Registering U-Key IPC handlers...
2026-10-10T01:52:36.2885670Z [2026-10-10T01:52:36.287Z] [INFO] [main] [UKey IPC] >>> ukey:detect handler registered successfully
2026-10-10T01:52:36.2886390Z [2026-10-10T01:52:36.287Z] [INFO] [main] [UKey IPC] ✓ All U-Key IPC handlers registered successfully (26 handlers)
2026-10-10T01:52:36.2886710Z 
2026-10-10T01:52:36.2893200Z [90mstdout[2m | tests/unit/ukey/ukey-ipc.test.js[2m > [22m[2mU-Key IPC 处理器[2m > [22m[2m总体验证[2m > [22m[2mall handlers should be callable functions
2026-10-10T01:52:36.2894080Z [22m[39m[2026-10-10T01:52:36.288Z] [INFO] [main] [UKey IPC] >>> registerUKeyIPC ENTRY, ukeyManager:
2026-10-10T01:52:36.2894610Z [2026-10-10T01:52:36.288Z] [INFO] [main] [UKey IPC] >>> ipcMain available:
2026-10-10T01:52:36.2895430Z [2026-10-10T01:52:36.288Z] [INFO] [main] [UKey IPC] Registering U-Key IPC handlers...
2026-10-10T01:52:36.2896010Z [2026-10-10T01:52:36.288Z] [INFO] [main] [UKey IPC] >>> ukey:detect handler registered successfully
2026-10-10T01:52:36.2896740Z [2026-10-10T01:52:36.288Z] [INFO] [main] [UKey IPC] ✓ All U-Key IPC handlers registered successfully (26 handlers)
2026-10-10T01:52:36.2897070Z 
2026-10-10T01:52:36.2902860Z [90mstdout[2m | tests/unit/ukey/ukey-ipc.test.js[2m > [22m[2mU-Key IPC 处理器[2m > [22m[2m总体验证[2m > [22m[2mhandlers should support dependency injection
2026-10-10T01:52:36.2904100Z [22m[39m[2026-10-10T01:52:36.289Z] [INFO] [main] [UKey IPC] >>> registerUKeyIPC ENTRY, ukeyManager:
2026-10-10T01:52:36.2904750Z [2026-10-10T01:52:36.289Z] [INFO] [main] [UKey IPC] >>> ipcMain available:
2026-10-10T01:52:36.2905260Z [2026-10-10T01:52:36.289Z] [INFO] [main] [UKey IPC] Registering U-Key IPC handlers...
2026-10-10T01:52:36.2905960Z [2026-10-10T01:52:36.289Z] [INFO] [main] [UKey IPC] >>> ukey:detect handler registered successfully
2026-10-10T01:52:36.2906780Z [2026-10-10T01:52:36.289Z] [INFO] [main] [UKey IPC] ✓ All U-Key IPC handlers registered successfully (26 handlers)
2026-10-10T01:52:36.2907120Z 
2026-10-10T01:52:36.2908930Z [90mstdout[2m | tests/unit/ukey/ukey-ipc.test.js[2m > [22m[2mU-Key IPC 处理器[2m > [22m[2m总体验证[2m > [22m[2mhandlers should support dependency injection
2026-10-10T01:52:36.2909800Z [22m[39m[2026-10-10T01:52:36.290Z] [INFO] [main] [UKey IPC] >>> registerUKeyIPC ENTRY, ukeyManager:
2026-10-10T01:52:36.2910390Z [2026-10-10T01:52:36.290Z] [INFO] [main] [UKey IPC] >>> ipcMain available:
2026-10-10T01:52:36.2912570Z [2026-10-10T01:52:36.290Z] [INFO] [main] [UKey IPC] Registering U-Key IPC handlers...
2026-10-10T01:52:36.2913270Z [2026-10-10T01:52:36.290Z] [INFO] [main] [UKey IPC] >>> ukey:detect handler registered successfully
2026-10-10T01:52:36.2914060Z [2026-10-10T01:52:36.290Z] [INFO] [main] [UKey IPC] ✓ All U-Key IPC handlers registered successfully (26 handlers)
2026-10-10T01:52:36.2914440Z 
2026-10-10T01:52:36.2927560Z  [32m✓[39m tests/unit/ukey/ukey-ipc.test.js [2m([22m[2m38 tests[22m[2m)[22m[32m 116[2mms[22m[39m
2026-10-10T01:52:36.5347210Z  [32m✓[39m src/main/task/__tests__/task-description-ipc.test.js [2m([22m[2m28 tests[22m[2m)[22m[32m 128[2mms[22m[39m
2026-10-10T01:52:36.8408060Z [90mstdout[2m | src/main/task/__tests__/project-goal-monitoring-host.test.js[2m > [22m[2mdesktop goal monitoring native storage and lifecycle owner[2m > [22m[2mrestores only explicitly enabled goals when the desktop controller restarts
2026-10-10T01:52:36.8410190Z [22m[39mgoal restart phase entered create-goal
2026-10-10T01:52:36.8411280Z goal restart phase completed { phase: [32m'create-goal'[39m, elapsedMs: [33m1.869874999999979[39m }
2026-10-10T01:52:36.8411830Z goal restart phase entered start
2026-10-10T01:52:36.8411970Z 
2026-10-10T01:52:36.8439490Z [90mstdout[2m | src/main/task/__tests__/project-goal-monitoring-host.test.js[2m > [22m[2mdesktop goal monitoring native storage and lifecycle owner[2m > [22m[2mrestores only explicitly enabled goals when the desktop controller restarts
2026-10-10T01:52:36.8440700Z [22m[39mgoal restart phase completed { phase: [32m'start'[39m, elapsedMs: [33m11.071917000000042[39m }
2026-10-10T01:52:36.8441270Z goal restart phase entered close-old-controller
2026-10-10T01:52:36.8441520Z 
2026-10-10T01:52:36.8468480Z [90mstdout[2m | src/main/task/__tests__/project-goal-monitoring-host.test.js[2m > [22m[2mdesktop goal monitoring native storage and lifecycle owner[2m > [22m[2mrestores only explicitly enabled goals when the desktop controller restarts
2026-10-10T01:52:36.8469680Z [22m[39mgoal restart phase completed { phase: [32m'close-old-controller'[39m, elapsedMs: [33m0.9087079999999901[39m }
2026-10-10T01:52:36.8470190Z goal restart phase entered reopen-controller
2026-10-10T01:52:36.8470360Z 
2026-10-10T01:52:36.8508580Z [90mstdout[2m | src/main/task/__tests__/project-goal-monitoring-host.test.js[2m > [22m[2mdesktop goal monitoring native storage and lifecycle owner[2m > [22m[2mrestores only explicitly enabled goals when the desktop controller restarts
2026-10-10T01:52:36.8509740Z [22m[39mgoal restart phase completed { phase: [32m'reopen-controller'[39m, elapsedMs: [33m5.7673750000000155[39m }
2026-10-10T01:52:36.8510210Z goal restart phase entered explicit-tick
2026-10-10T01:52:36.8510370Z 
2026-10-10T01:52:36.8571210Z [90mstdout[2m | src/main/task/__tests__/project-goal-monitoring-host.test.js[2m > [22m[2mdesktop goal monitoring native storage and lifecycle owner[2m > [22m[2mrestores only explicitly enabled goals when the desktop controller restarts
2026-10-10T01:52:36.8572860Z [22m[39mgoal restart phase completed { phase: [32m'explicit-tick'[39m, elapsedMs: [33m4.809749999999951[39m }
2026-10-10T01:52:36.8573390Z goal restart phase entered assert-restored-check
2026-10-10T01:52:36.8574160Z goal restart phase completed { phase: [32m'assert-restored-check'[39m, elapsedMs: [33m1.1327080000000365[39m }
2026-10-10T01:52:36.8574660Z goal restart monotonic timings {
2026-10-10T01:52:36.8574950Z   elapsedMs: [33m25.617250000000013[39m,
2026-10-10T01:52:36.8575150Z   timings: [
2026-10-10T01:52:36.8575490Z     { phase: [32m'create-goal'[39m, elapsedMs: [33m1.869874999999979[39m },
2026-10-10T01:52:36.8575950Z     { phase: [32m'start'[39m, elapsedMs: [33m11.071917000000042[39m },
2026-10-10T01:52:36.8576460Z     { phase: [32m'close-old-controller'[39m, elapsedMs: [33m0.9087079999999901[39m },
2026-10-10T01:52:36.8576990Z     { phase: [32m'reopen-controller'[39m, elapsedMs: [33m5.7673750000000155[39m },
2026-10-10T01:52:36.8577500Z     { phase: [32m'explicit-tick'[39m, elapsedMs: [33m4.809749999999951[39m },
2026-10-10T01:52:36.8578020Z     { phase: [32m'assert-restored-check'[39m, elapsedMs: [33m1.1327080000000365[39m }
2026-10-10T01:52:36.8578340Z   ]
2026-10-10T01:52:36.8578470Z }
2026-10-10T01:52:36.8578550Z 
2026-10-10T01:52:36.9364350Z  [32m✓[39m src/main/task/__tests__/project-goal-monitoring-host.test.js [2m([22m[2m20 tests[22m[2m)[22m[32m 275[2mms[22m[39m
2026-10-10T01:52:37.0473010Z [90mstdout[2m | src/main/notification/__tests__/notification-authority-ipc.test.js[2m > [22m[2mnotification IPC actor and projection authority[2m > [22m[2mlists only current actor rows and replaces goal display text with a fresh authorized projection
2026-10-10T01:52:37.0474440Z [22m[39m[2026-10-10T01:52:37.046Z] [INFO] [main] [Notification IPC] Registered 7 authenticated notification handlers
2026-10-10T01:52:37.0474840Z 
2026-10-10T01:52:37.0515940Z [90mstdout[2m | src/main/notification/__tests__/notification-authority-ipc.test.js[2m > [22m[2mnotification IPC actor and projection authority[2m > [22m[2mnever reads or acknowledges another actor's rows
2026-10-10T01:52:37.0517010Z [22m[39m[2026-10-10T01:52:37.050Z] [INFO] [main] [Notification IPC] Registered 7 authenticated notification handlers
2026-10-10T01:52:37.0517350Z 
2026-10-10T01:52:37.0534340Z [90mstdout[2m | src/main/notification/__tests__/notification-authority-ipc.test.js[2m > [22m[2mnotification IPC actor and projection authority[2m > [22m[2mrevalidates goal projections before list, count and both read mutations
2026-10-10T01:52:37.0535440Z [22m[39m[2026-10-10T01:52:37.052Z] [INFO] [main] [Notification IPC] Registered 7 authenticated notification handlers
2026-10-10T01:52:37.0535760Z 
2026-10-10T01:52:37.0555360Z [90mstdout[2m | src/main/notification/__tests__/notification-authority-ipc.test.js[2m > [22m[2mnotification IPC actor and projection authority[2m > [22m[2mfails explicitly without login and returns no cached list or count
2026-10-10T01:52:37.0556620Z [22m[39m[2026-10-10T01:52:37.054Z] [INFO] [main] [Notification IPC] Registered 7 authenticated notification handlers
2026-10-10T01:52:37.0557030Z 
2026-10-10T01:52:37.0568310Z [90mstdout[2m | src/main/notification/__tests__/notification-authority-ipc.test.js[2m > [22m[2mnotification IPC actor and projection authority[2m > [22m[2mdefaults to the actual authenticated session instead of a loaded DID
2026-10-10T01:52:37.0570090Z [22m[39m[2026-10-10T01:52:37.056Z] [INFO] [main] [Notification IPC] Registered 7 authenticated notification handlers
2026-10-10T01:52:37.0571230Z 
2026-10-10T01:52:37.0572460Z [90mstdout[2m | src/main/notification/__tests__/notification-authority-ipc.test.js[2m > [22m[2mnotification IPC actor and projection authority[2m > [22m[2mdefaults to the actual authenticated session instead of a loaded DID
2026-10-10T01:52:37.0573900Z [22m[39m[2026-10-10T01:52:37.056Z] [INFO] [main] [Notification IPC] Registered 7 authenticated notification handlers
2026-10-10T01:52:37.0574310Z 
2026-10-10T01:52:37.0585120Z [90mstdout[2m | src/main/notification/__tests__/notification-authority-ipc.test.js[2m > [22m[2mnotification IPC actor and projection authority[2m > [22m[2mrejects a actor change during projection and rolls back earlier acknowledgments
2026-10-10T01:52:37.0586680Z [22m[39m[2026-10-10T01:52:37.058Z] [INFO] [main] [Notification IPC] Registered 7 authenticated notification handlers
2026-10-10T01:52:37.0587050Z 
2026-10-10T01:52:37.0597740Z [90mstdout[2m | src/main/notification/__tests__/notification-authority-ipc.test.js[2m > [22m[2mnotification IPC actor and projection authority[2m > [22m[2mrejects a same DID reauthentication change during projection and rolls back earlier acknowledgments
2026-10-10T01:52:37.0599170Z [22m[39m[2026-10-10T01:52:37.059Z] [INFO] [main] [Notification IPC] Registered 7 authenticated notification handlers
2026-10-10T01:52:37.0599650Z 
2026-10-10T01:52:37.0610700Z [90mstdout[2m | src/main/notification/__tests__/notification-authority-ipc.test.js[2m > [22m[2mnotification IPC actor and projection authority[2m > [22m[2mrejects a trusted navigation change during projection and rolls back earlier acknowledgments
2026-10-10T01:52:37.0612070Z [22m[39m[2026-10-10T01:52:37.060Z] [INFO] [main] [Notification IPC] Registered 7 authenticated notification handlers
2026-10-10T01:52:37.0612430Z 
2026-10-10T01:52:37.0622540Z [90mstdout[2m | src/main/notification/__tests__/notification-authority-ipc.test.js[2m > [22m[2mnotification IPC actor and projection authority[2m > [22m[2mrejects a frame replacement change during projection and rolls back earlier acknowledgments
2026-10-10T01:52:37.0624140Z [22m[39m[2026-10-10T01:52:37.061Z] [INFO] [main] [Notification IPC] Registered 7 authenticated notification handlers
2026-10-10T01:52:37.0624820Z 
2026-10-10T01:52:37.0633940Z [90mstdout[2m | src/main/notification/__tests__/notification-authority-ipc.test.js[2m > [22m[2mnotification IPC actor and projection authority[2m > [22m[2mrejects a window replacement change during projection and rolls back earlier acknowledgments
2026-10-10T01:52:37.0635280Z [22m[39m[2026-10-10T01:52:37.063Z] [INFO] [main] [Notification IPC] Registered 7 authenticated notification handlers
2026-10-10T01:52:37.0635700Z 
2026-10-10T01:52:37.0650640Z [90mstdout[2m | src/main/notification/__tests__/notification-authority-ipc.test.js[2m > [22m[2mnotification IPC actor and projection authority[2m > [22m[2mrejects a database replacement change during projection and rolls back earlier acknowledgments
2026-10-10T01:52:37.0652000Z [22m[39m[2026-10-10T01:52:37.063Z] [INFO] [main] [Notification IPC] Registered 7 authenticated notification handlers
2026-10-10T01:52:37.0652330Z 
2026-10-10T01:52:37.0653310Z [90mstdout[2m | src/main/notification/__tests__/notification-authority-ipc.test.js[2m > [22m[2mnotification IPC actor and projection authority[2m > [22m[2mdoes not return accumulated rows when authorization changes during output assembly
2026-10-10T01:52:37.0654440Z [22m[39m[2026-10-10T01:52:37.064Z] [INFO] [main] [Notification IPC] Registered 7 authenticated notification handlers
2026-10-10T01:52:37.0654770Z 
2026-10-10T01:52:37.0657430Z [90mstdout[2m | src/main/notification/__tests__/notification-authority-ipc.test.js[2m > [22m[2mnotification IPC actor and projection authority[2m > [22m[2mrejects untrusted origin for every channel
2026-10-10T01:52:37.0658780Z [22m[39m[2026-10-10T01:52:37.065Z] [INFO] [main] [Notification IPC] Registered 7 authenticated notification handlers
2026-10-10T01:52:37.0659140Z 
2026-10-10T01:52:37.0669540Z [90mstdout[2m | src/main/notification/__tests__/notification-authority-ipc.test.js[2m > [22m[2mnotification IPC actor and projection authority[2m > [22m[2mrejects subframe for every channel
2026-10-10T01:52:37.0670570Z [22m[39m[2026-10-10T01:52:37.066Z] [INFO] [main] [Notification IPC] Registered 7 authenticated notification handlers
2026-10-10T01:52:37.0671360Z 
2026-10-10T01:52:37.0675950Z [90mstdout[2m | src/main/notification/__tests__/notification-authority-ipc.test.js[2m > [22m[2mnotification IPC actor and projection authority[2m > [22m[2mrejects closed window for every channel
2026-10-10T01:52:37.0677120Z [22m[39m[2026-10-10T01:52:37.067Z] [INFO] [main] [Notification IPC] Registered 7 authenticated notification handlers
2026-10-10T01:52:37.0677480Z 
2026-10-10T01:52:37.0694320Z [90mstdout[2m | src/main/notification/__tests__/notification-authority-ipc.test.js[2m > [22m[2mnotification IPC actor and projection authority[2m > [22m[2mrejects renderer authority and unbounded options {"actorDid":"did:chainless:bob"}
2026-10-10T01:52:37.0695610Z [22m[39m[2026-10-10T01:52:37.068Z] [INFO] [main] [Notification IPC] Registered 7 authenticated notification handlers
2026-10-10T01:52:37.0696010Z 
2026-10-10T01:52:37.0699980Z [90mstdout[2m | src/main/notification/__tests__/notification-authority-ipc.test.js[2m > [22m[2mnotification IPC actor and projection authority[2m > [22m[2mrejects renderer authority and unbounded options {"user_did":"did:chainless:bob"}
2026-10-10T01:52:37.0701190Z [22m[39m[2026-10-10T01:52:37.069Z] [INFO] [main] [Notification IPC] Registered 7 authenticated notification handlers
2026-10-10T01:52:37.0701600Z 
2026-10-10T01:52:37.0703030Z [90mstdout[2m | src/main/notification/__tests__/notification-authority-ipc.test.js[2m > [22m[2mnotification IPC actor and projection authority[2m > [22m[2mrejects renderer authority and unbounded options {"limit":101}
2026-10-10T01:52:37.0704310Z [22m[39m[2026-10-10T01:52:37.069Z] [INFO] [main] [Notification IPC] Registered 7 authenticated notification handlers
2026-10-10T01:52:37.0704640Z 
2026-10-10T01:52:37.0708420Z [90mstdout[2m | src/main/notification/__tests__/notification-authority-ipc.test.js[2m > [22m[2mnotification IPC actor and projection authority[2m > [22m[2mrejects renderer authority and unbounded options {"limit":0}
2026-10-10T01:52:37.0709640Z [22m[39m[2026-10-10T01:52:37.070Z] [INFO] [main] [Notification IPC] Registered 7 authenticated notification handlers
2026-10-10T01:52:37.0710030Z 
2026-10-10T01:52:37.0712570Z [90mstdout[2m | src/main/notification/__tests__/notification-authority-ipc.test.js[2m > [22m[2mnotification IPC actor and projection authority[2m > [22m[2mrejects renderer authority and unbounded options {"offset":-1}
2026-10-10T01:52:37.0713810Z [22m[39m[2026-10-10T01:52:37.070Z] [INFO] [main] [Notification IPC] Registered 7 authenticated notification handlers
2026-10-10T01:52:37.0714810Z 
2026-10-10T01:52:37.0715950Z [90mstdout[2m | src/main/notification/__tests__/notification-authority-ipc.test.js[2m > [22m[2mnotification IPC actor and projection authority[2m > [22m[2mrejects renderer authority and unbounded options {"offset":100001}
2026-10-10T01:52:37.0717190Z [22m[39m[2026-10-10T01:52:37.071Z] [INFO] [main] [Notification IPC] Registered 7 authenticated notification handlers
2026-10-10T01:52:37.0717630Z 
2026-10-10T01:52:37.0721160Z [90mstdout[2m | src/main/notification/__tests__/notification-authority-ipc.test.js[2m > [22m[2mnotification IPC actor and projection authority[2m > [22m[2mrejects renderer authority and unbounded options {"offset":1.5}
2026-10-10T01:52:37.0722500Z [22m[39m[2026-10-10T01:52:37.071Z] [INFO] [main] [Notification IPC] Registered 7 authenticated notification handlers
2026-10-10T01:52:37.0723900Z 
2026-10-10T01:52:37.0725150Z [90mstdout[2m | src/main/notification/__tests__/notification-authority-ipc.test.js[2m > [22m[2mnotification IPC actor and projection authority[2m > [22m[2mrejects renderer authority and unbounded options {"isRead":"true"}
2026-10-10T01:52:37.0726420Z [22m[39m[2026-10-10T01:52:37.072Z] [INFO] [main] [Notification IPC] Registered 7 authenticated notification handlers
2026-10-10T01:52:37.0726880Z 
2026-10-10T01:52:37.0729920Z [90mstdout[2m | src/main/notification/__tests__/notification-authority-ipc.test.js[2m > [22m[2mnotification IPC actor and projection authority[2m > [22m[2mbounds pagination within the current actor and filters read state
2026-10-10T01:52:37.0731170Z [22m[39m[2026-10-10T01:52:37.072Z] [INFO] [main] [Notification IPC] Registered 7 authenticated notification handlers
2026-10-10T01:52:37.0731560Z 
2026-10-10T01:52:37.0739980Z [90mstdout[2m | src/main/notification/__tests__/notification-authority-ipc.test.js[2m > [22m[2mnotification IPC actor and projection authority[2m > [22m[2mnever substitutes an asynchronous or cross-actor projection for authority
2026-10-10T01:52:37.0741240Z [22m[39m[2026-10-10T01:52:37.073Z] [INFO] [main] [Notification IPC] Registered 7 authenticated notification handlers
2026-10-10T01:52:37.0742120Z 
2026-10-10T01:52:37.0743300Z [90mstdout[2m | src/main/notification/__tests__/notification-authority-ipc.test.js[2m > [22m[2mnotification IPC actor and projection authority[2m > [22m[2mnever substitutes an asynchronous or cross-actor projection for authority
2026-10-10T01:52:37.0745050Z [22m[39m[2026-10-10T01:52:37.073Z] [INFO] [main] [Notification IPC] Registered 7 authenticated notification handlers
2026-10-10T01:52:37.0745450Z 
2026-10-10T01:52:37.0746530Z [90mstdout[2m | src/main/notification/__tests__/notification-authority-ipc.test.js[2m > [22m[2mnotification IPC actor and projection authority[2m > [22m[2mnever substitutes an asynchronous or cross-actor projection for authority
2026-10-10T01:52:37.0748900Z [22m[39m[2026-10-10T01:52:37.074Z] [INFO] [main] [Notification IPC] Registered 7 authenticated notification handlers
2026-10-10T01:52:37.0749290Z 
2026-10-10T01:52:37.0750280Z [90mstdout[2m | src/main/notification/__tests__/notification-authority-ipc.test.js[2m > [22m[2mnotification IPC actor and projection authority[2m > [22m[2mdoes not expose a malformed projection's stale content
2026-10-10T01:52:37.0751850Z [22m[39m[2026-10-10T01:52:37.074Z] [INFO] [main] [Notification IPC] Registered 7 authenticated notification handlers
2026-10-10T01:52:37.0752220Z 
2026-10-10T01:52:37.0758310Z [90mstdout[2m | src/main/notification/__tests__/notification-authority-ipc.test.js[2m > [22m[2mnotification IPC actor and projection authority[2m > [22m[2msupports database.db hosts and scans unread rows in stable bounded batches
2026-10-10T01:52:37.0759500Z [22m[39m[2026-10-10T01:52:37.075Z] [INFO] [main] [Notification IPC] Registered 7 authenticated notification handlers
2026-10-10T01:52:37.0759870Z 
2026-10-10T01:52:37.0792190Z [90mstdout[2m | src/main/notification/__tests__/notification-authority-ipc.test.js[2m > [22m[2mnotification IPC actor and projection authority[2m > [22m[2msupports database.db hosts and scans unread rows in stable bounded batches
2026-10-10T01:52:37.0793300Z [22m[39m[2026-10-10T01:52:37.077Z] [INFO] [main] [Notification IPC] Registered 7 authenticated notification handlers
2026-10-10T01:52:37.0793640Z 
2026-10-10T01:52:37.0827570Z [90mstdout[2m | src/main/notification/__tests__/notification-authority-ipc.test.js[2m > [22m[2mnotification IPC actor and projection authority[2m > [22m[2mkeeps desktop delivery explicit and rechecks authority immediately before show
2026-10-10T01:52:37.0828780Z [22m[39m[2026-10-10T01:52:37.082Z] [INFO] [main] [Notification IPC] Registered 7 authenticated notification handlers
2026-10-10T01:52:37.0829320Z 
2026-10-10T01:52:37.0847680Z [90mstdout[2m | src/main/notification/__tests__/notification-authority-ipc.test.js[2m > [22m[2mnotification IPC actor and projection authority[2m > [22m[2mbroadcasts a body-free invalidation on host auth changes and unsubscribes at quit
2026-10-10T01:52:37.0848960Z [22m[39m[2026-10-10T01:52:37.084Z] [INFO] [main] [Notification IPC] Registered 7 authenticated notification handlers
2026-10-10T01:52:37.0849290Z 
2026-10-10T01:52:37.0854160Z [90mstdout[2m | src/main/notification/__tests__/notification-authority-ipc.test.js[2m > [22m[2mnotification IPC actor and projection authority[2m > [22m[2mbroadcasts a body-free invalidation on host auth changes and unsubscribes at quit
2026-10-10T01:52:37.0855780Z [22m[39m[2026-10-10T01:52:37.084Z] [INFO] [main] [Notification IPC] Registered 7 authenticated notification handlers
2026-10-10T01:52:37.0856290Z 
2026-10-10T01:52:37.0888630Z  [32m✓[39m src/main/notification/__tests__/notification-authority-ipc.test.js [2m([22m[2m29 tests[22m[2m)[22m[32m 43[2mms[22m[39m
2026-10-10T01:52:37.3724980Z  [32m✓[39m src/main/task/__tests__/project-goal-auth-session.test.js [2m([22m[2m21 tests[22m[2m)[22m[32m 131[2mms[22m[39m
2026-10-10T01:52:37.5280480Z [90mstdout[2m | src/main/notification/__tests__/project-goal-notification-journey.test.js[2m > [22m[2mreal monitor to persistent notification to default IPC source recheck[2m > [22m[2mcommits check and projection together; retry/reopen preserve one occurrence and read state
2026-10-10T01:52:37.5281860Z [22m[39m[2026-10-10T01:52:37.524Z] [INFO] [main] [Notification IPC] Registered 7 authenticated notification handlers
2026-10-10T01:52:37.5282190Z 
2026-10-10T01:52:37.5589360Z [90mstdout[2m | src/main/notification/__tests__/project-goal-notification-journey.test.js[2m > [22m[2mreal monitor to persistent notification to default IPC source recheck[2m > [22m[2mcommits check and projection together; retry/reopen preserve one occurrence and read state
2026-10-10T01:52:37.5590860Z [22m[39m[2026-10-10T01:52:37.558Z] [INFO] [main] [Notification IPC] Registered 7 authenticated notification handlers
2026-10-10T01:52:37.5591210Z 
2026-10-10T01:52:37.5761080Z [90mstdout[2m | src/main/notification/__tests__/project-goal-notification-journey.test.js[2m > [22m[2mreal monitor to persistent notification to default IPC source recheck[2m > [22m[2munchanged risk updates last checked source without making the existing notice unread
2026-10-10T01:52:37.5762400Z [22m[39m[2026-10-10T01:52:37.572Z] [INFO] [main] [Notification IPC] Registered 7 authenticated notification handlers
2026-10-10T01:52:37.5762740Z 
2026-10-10T01:52:37.6173400Z [90mstdout[2m | src/main/notification/__tests__/project-goal-notification-journey.test.js[2m > [22m[2mreal monitor to persistent notification to default IPC source recheck[2m > [22m[2mquiet delivery survives reopen and the background tick flushes without rechecking
2026-10-10T01:52:37.6174740Z [22m[39m[2026-10-10T01:52:37.614Z] [INFO] [main] [Notification IPC] Registered 7 authenticated notification handlers
2026-10-10T01:52:37.6175090Z 
2026-10-10T01:52:37.6485760Z [90mstdout[2m | src/main/notification/__tests__/project-goal-notification-journey.test.js[2m > [22m[2mreal monitor to persistent notification to default IPC source recheck[2m > [22m[2mquiet delivery survives reopen and the background tick flushes without rechecking
2026-10-10T01:52:37.6487130Z [22m[39m[2026-10-10T01:52:37.647Z] [INFO] [main] [Notification IPC] Registered 7 authenticated notification handlers
2026-10-10T01:52:37.6487470Z 
2026-10-10T01:52:37.6662140Z [90mstdout[2m | src/main/notification/__tests__/project-goal-notification-journey.test.js[2m > [22m[2mreal monitor to persistent notification to default IPC source recheck[2m > [22m[2msilent policy records checks but has no in-app or OS delivery
2026-10-10T01:52:37.6664550Z [22m[39m[2026-10-10T01:52:37.662Z] [INFO] [main] [Notification IPC] Registered 7 authenticated notification handlers
2026-10-10T01:52:37.6665530Z 
2026-10-10T01:52:37.6894270Z [90mstdout[2m | src/main/notification/__tests__/project-goal-notification-journey.test.js[2m > [22m[2mreal monitor to persistent notification to default IPC source recheck[2m > [22m[2mrolls check, usage and notification back on a failed projection insert
2026-10-10T01:52:37.6895630Z [22m[39m[2026-10-10T01:52:37.686Z] [INFO] [main] [Notification IPC] Registered 7 authenticated notification handlers
2026-10-10T01:52:37.6896000Z 
2026-10-10T01:52:37.7105870Z [90mstdout[2m | src/main/notification/__tests__/project-goal-notification-journey.test.js[2m > [22m[2mreal monitor to persistent notification to default IPC source recheck[2m > [22m[2mrechecks current owner before list/open/read/count and never uses the old reference as authority
2026-10-10T01:52:37.7107290Z [22m[39m[2026-10-10T01:52:37.707Z] [INFO] [main] [Notification IPC] Registered 7 authenticated notification handlers
2026-10-10T01:52:37.7107640Z 
2026-10-10T01:52:37.7376590Z [90mstdout[2m | src/main/notification/__tests__/project-goal-notification-journey.test.js[2m > [22m[2mreal monitor to persistent notification to default IPC source recheck[2m > [22m[2mrechecks current task before list/open/read/count and never uses the old reference as authority
2026-10-10T01:52:37.7377970Z [22m[39m[2026-10-10T01:52:37.733Z] [INFO] [main] [Notification IPC] Registered 7 authenticated notification handlers
2026-10-10T01:52:37.7378630Z 
2026-10-10T01:52:37.7637510Z [90mstdout[2m | src/main/notification/__tests__/project-goal-notification-journey.test.js[2m > [22m[2mreal monitor to persistent notification to default IPC source recheck[2m > [22m[2mrechecks current digest before list/open/read/count and never uses the old reference as authority
2026-10-10T01:52:37.7644410Z [22m[39m[2026-10-10T01:52:37.760Z] [INFO] [main] [Notification IPC] Registered 7 authenticated notification handlers
2026-10-10T01:52:37.7645040Z 
2026-10-10T01:52:37.7906330Z [90mstdout[2m | src/main/notification/__tests__/project-goal-notification-journey.test.js[2m > [22m[2mreal monitor to persistent notification to default IPC source recheck[2m > [22m[2mrechecks current actor before list/open/read/count and never uses the old reference as authority
2026-10-10T01:52:37.7907690Z [22m[39m[2026-10-10T01:52:37.787Z] [INFO] [main] [Notification IPC] Registered 7 authenticated notification handlers
2026-10-10T01:52:37.7908030Z 
2026-10-10T01:52:37.8131560Z [90mstdout[2m | src/main/notification/__tests__/project-goal-notification-journey.test.js[2m > [22m[2mreal monitor to persistent notification to default IPC source recheck[2m > [22m[2mdoes not replay a pending quiet notification after Goal control changes
2026-10-10T01:52:37.8132870Z [22m[39m[2026-10-10T01:52:37.809Z] [INFO] [main] [Notification IPC] Registered 7 authenticated notification handlers
2026-10-10T01:52:37.8133210Z 
2026-10-10T01:52:37.8287090Z [90mstdout[2m | src/main/notification/__tests__/project-goal-notification-journey.test.js[2m > [22m[2mreal monitor to persistent notification to default IPC source recheck[2m > [22m[2mdoes not replay a pending quiet notification after Goal control changes
2026-10-10T01:52:37.8288410Z [22m[39m[2026-10-10T01:52:37.828Z] [INFO] [main] [Notification IPC] Registered 7 authenticated notification handlers
2026-10-10T01:52:37.8288760Z 
2026-10-10T01:52:37.8417220Z [90mstdout[2m | src/main/notification/__tests__/project-goal-notification-journey.test.js[2m > [22m[2mreal monitor to persistent notification to default IPC source recheck[2m > [22m[2mGoal-only pagination skips ordinary notification rows and denied projections
2026-10-10T01:52:37.8418670Z [22m[39m[2026-10-10T01:52:37.838Z] [INFO] [main] [Notification IPC] Registered 7 authenticated notification handlers
2026-10-10T01:52:37.8419040Z 
2026-10-10T01:52:37.8709070Z [90mstdout[2m | src/main/notification/__tests__/project-goal-notification-journey.test.js[2m > [22m[2mreal monitor to persistent notification to default IPC source recheck[2m > [22m[2mreports a damaged pending notice without stopping another Goal's due check
2026-10-10T01:52:37.8710550Z [22m[39m[2026-10-10T01:52:37.867Z] [INFO] [main] [Notification IPC] Registered 7 authenticated notification handlers
2026-10-10T01:52:37.8710900Z 
2026-10-10T01:52:37.8987910Z  [32m✓[39m src/main/notification/__tests__/project-goal-notification-journey.test.js [2m([22m[2m12 tests[22m[2m)[22m[33m 387[2mms[22m[39m
2026-10-10T01:52:37.9982410Z [90mstderr[2m | src/main/ipc/__tests__/ipc-sender-guard.test.js[2m > [22m[2mipc-sender-guard / wrapHandler modes[2m > [22m[2mreport mode: untrusted sender is allowed through (logged, not blocked)
2026-10-10T01:52:37.9986840Z [22m[39m[2026-10-10T01:52:37.997Z] [WARN] [main] [ipc-sender-guard] would-block channel="chan:x" reason=untrusted-origin url=https://evil.example.com/
2026-10-10T01:52:37.9987320Z 
2026-10-10T01:52:38.0002700Z [90mstderr[2m | src/main/ipc/__tests__/ipc-sender-guard.test.js[2m > [22m[2mipc-sender-guard / wrapHandler modes[2m > [22m[2menforce mode: untrusted sender is blocked (handler never runs)
2026-10-10T01:52:38.0003890Z [22m[39m[2026-10-10T01:52:37.999Z] [WARN] [main] [ipc-sender-guard] BLOCKED channel="chan:x" reason=untrusted-origin url=https://evil.example.com/
2026-10-10T01:52:38.0004310Z 
2026-10-10T01:52:38.0041650Z [90mstderr[2m | src/main/ipc/__tests__/ipc-sender-guard.test.js[2m > [22m[2mipc-sender-guard / wrapHandler modes[2m > [22m[2mfails closed when the guard mode cannot be resolved
2026-10-10T01:52:38.0042790Z [22m[39m[2026-10-10T01:52:38.001Z] [ERROR] [main] [ipc-sender-guard] mode resolution failed for "chan:x" (blocking): configuration unavailable
2026-10-10T01:52:38.0043230Z 
2026-10-10T01:52:38.0048980Z [90mstderr[2m | src/main/ipc/__tests__/ipc-sender-guard.test.js[2m > [22m[2mipc-sender-guard / wrapListener modes (fire-and-forget)[2m > [22m[2menforce mode: untrusted sender is DROPPED (listener never runs, no throw)
2026-10-10T01:52:38.0050390Z [22m[39m[2026-10-10T01:52:38.004Z] [WARN] [main] [ipc-sender-guard] BLOCKED channel="evt:x" reason=untrusted-origin url=https://evil.example.com/
2026-10-10T01:52:38.0050830Z 
2026-10-10T01:52:38.0064790Z [90mstdout[2m | src/main/ipc/__tests__/ipc-sender-guard.test.js[2m > [22m[2mipc-sender-guard / installSenderGuard[2m > [22m[2mpatches handle/handleOnce, is idempotent, and wraps registered handlers
2026-10-10T01:52:38.0066190Z [90mstderr[2m | src/main/ipc/__tests__/ipc-sender-guard.test.js[2m > [22m[2mipc-sender-guard / installSenderGuard[2m > [22m[2mpatches handle/handleOnce, is idempotent, and wraps registered handlers
2026-10-10T01:52:38.0067400Z [22m[39m[2026-10-10T01:52:38.006Z] [WARN] [main] [ipc-sender-guard] BLOCKED channel="priv:do" reason=untrusted-origin url=https://evil.example.com/
2026-10-10T01:52:38.0067830Z 
2026-10-10T01:52:38.0068520Z [22m[39m[2026-10-10T01:52:38.005Z] [INFO] [main] [ipc-sender-guard] installed (mode=enforce; set CC_IPC_SENDER_GUARD=report for audit-only, =0 to disable)
2026-10-10T01:52:38.0068990Z 
2026-10-10T01:52:38.0079170Z [90mstdout[2m | src/main/ipc/__tests__/ipc-sender-guard.test.js[2m > [22m[2mipc-sender-guard / installSenderGuard[2m > [22m[2malso wraps on/once: untrusted event dropped, trusted runs (no throw)
2026-10-10T01:52:38.0080660Z [90mstderr[2m | src/main/ipc/__tests__/ipc-sender-guard.test.js[2m > [22m[2mipc-sender-guard / installSenderGuard[2m > [22m[2malso wraps on/once: untrusted event dropped, trusted runs (no throw)
2026-10-10T01:52:38.0081830Z [22m[39m[2026-10-10T01:52:38.007Z] [WARN] [main] [ipc-sender-guard] BLOCKED channel="evt:y" reason=untrusted-origin url=https://evil.example.com/
2026-10-10T01:52:38.0082250Z 
2026-10-10T01:52:38.0082900Z [22m[39m[2026-10-10T01:52:38.006Z] [INFO] [main] [ipc-sender-guard] installed (mode=enforce; set CC_IPC_SENDER_GUARD=report for audit-only, =0 to disable)
2026-10-10T01:52:38.0083330Z 
2026-10-10T01:52:38.0086880Z [90mstdout[2m | src/main/ipc/__tests__/ipc-sender-guard.test.js[2m > [22m[2mipc-sender-guard / installSenderGuard[2m > [22m[2mpasses through a non-function handler unchanged
2026-10-10T01:52:38.0088370Z [22m[39m[2026-10-10T01:52:38.008Z] [INFO] [main] [ipc-sender-guard] installed (mode=enforce; set CC_IPC_SENDER_GUARD=report for audit-only, =0 to disable)
2026-10-10T01:52:38.0088810Z 
2026-10-10T01:52:38.0100690Z  [32m✓[39m src/main/ipc/__tests__/ipc-sender-guard.test.js [2m([22m[2m27 tests[22m[2m)[22m[32m 17[2mms[22m[39m
2026-10-10T01:52:38.2737240Z  [32m✓[39m src/main/task/__tests__/project-goal-memory-ipc.test.js [2m([22m[2m17 tests[22m[2m)[22m[32m 104[2mms[22m[39m
2026-10-10T01:52:38.6334930Z  [32m✓[39m src/main/task/__tests__/project-goal-workflow-ipc.test.js [2m([22m[2m14 tests[22m[2m)[22m[32m 236[2mms[22m[39m
2026-10-10T01:52:38.8224550Z  [32m✓[39m src/main/task/__tests__/project-goal-completion-ipc.test.js [2m([22m[2m14 tests[22m[2m)[22m[32m 74[2mms[22m[39m
2026-10-10T01:52:38.9342920Z  [32m✓[39m src/preload/__tests__/legacy-ipc-policy.test.js [2m([22m[2m6 tests[22m[2m)[22m[32m 15[2mms[22m[39m
2026-10-10T01:52:39.0560850Z  [32m✓[39m src/main/task/__tests__/project-goal-ipc.test.js [2m([22m[2m5 tests[22m[2m)[22m[32m 25[2mms[22m[39m
2026-10-10T01:52:39.0596570Z 
2026-10-10T01:52:39.0600200Z [2m Test Files [22m [1m[32m12 passed[39m[22m[90m (12)[39m
2026-10-10T01:52:39.0601060Z [2m      Tests [22m [1m[32m231 passed[39m[22m[90m (231)[39m
2026-10-10T01:52:39.0601520Z [2m   Start at [22m 01:52:35
2026-10-10T01:52:39.0602200Z [2m   Duration [22m 3.08s[2m (transform 141ms, setup 0ms, import 395ms, tests 1.55s, environment 1ms)[22m
2026-10-10T01:52:39.0602620Z 
2026-10-10T01:52:39.0812340Z ##[group]Run npm exec --offline -- vitest run --config vitest.business-actions-renderer.config.mjs
2026-10-10T01:52:39.0812870Z [36;1mnpm exec --offline -- vitest run --config vitest.business-actions-renderer.config.mjs[0m
2026-10-10T01:52:39.0850390Z shell: /bin/bash -e {0}
2026-10-10T01:52:39.0850610Z env:
2026-10-10T01:52:39.0850830Z   SOURCE_SHA: da91e730d802b7c9dcdc075b222ecc257021e552
2026-10-10T01:52:39.0851090Z ##[endgroup]
2026-10-10T01:52:39.2406650Z npm warn config ignoring workspace config at /Users/runner/work/chainlesschain/chainlesschain/desktop-app-vue/.npmrc
2026-10-10T01:52:39.7720080Z 
2026-10-10T01:52:39.7721280Z [1m[30m[46m RUN [49m[39m[22m [36mv4.1.10 [39m[90m/Users/runner/work/chainlesschain/chainlesschain/desktop-app-vue[39m
2026-10-10T01:52:39.7722190Z 
2026-10-10T01:52:41.4914860Z  [32m✓[39m src/renderer/components/projects/__tests__/project-task-description-drawer.test.ts [2m([22m[2m29 tests[22m[2m)[22m[32m 264[2mms[22m[39m
2026-10-10T01:52:42.0201470Z  [32m✓[39m src/renderer/components/projects/__tests__/project-goal-memory-panel.test.ts [2m([22m[2m20 tests[22m[2m)[22m[32m 128[2mms[22m[39m
2026-10-10T01:52:42.6563380Z  [32m✓[39m src/renderer/components/projects/__tests__/project-goal-monitoring-panel.test.ts [2m([22m[2m24 tests[22m[2m)[22m[32m 221[2mms[22m[39m
2026-10-10T01:52:43.1927170Z  [32m✓[39m src/renderer/stores/__tests__/goal-notifications.test.ts [2m([22m[2m27 tests[22m[2m)[22m[32m 44[2mms[22m[39m
2026-10-10T01:52:43.7541110Z  [32m✓[39m src/renderer/components/projects/__tests__/project-goal-notification-policy-panel.test.ts [2m([22m[2m25 tests[22m[2m)[22m[32m 138[2mms[22m[39m
2026-10-10T01:52:44.1587800Z  [32m✓[39m src/renderer/stores/__tests__/social.test.ts [2m([22m[2m14 tests[22m[2m)[22m[32m 18[2mms[22m[39m
2026-10-10T01:52:44.6518460Z  [32m✓[39m src/renderer/components/projects/__tests__/project-task-description-journey.test.ts [2m([22m[2m5 tests[22m[2m)[22m[32m 106[2mms[22m[39m
2026-10-10T01:52:45.1065920Z  [32m✓[39m src/renderer/components/projects/__tests__/project-goal-notification-drawer.test.ts [2m([22m[2m22 tests[22m[2m)[22m[32m 62[2mms[22m[39m
2026-10-10T01:52:45.5102500Z  [32m✓[39m src/renderer/components/projects/__tests__/project-goal-actions-panel.test.ts [2m([22m[2m7 tests[22m[2m)[22m[32m 41[2mms[22m[39m
2026-10-10T01:52:45.9706890Z  [32m✓[39m src/renderer/components/projects/__tests__/project-goal-acceptance-panel.test.ts [2m([22m[2m8 tests[22m[2m)[22m[32m 70[2mms[22m[39m
2026-10-10T01:52:46.4106170Z  [32m✓[39m src/renderer/components/projects/__tests__/project-risk-review-panel.test.ts [2m([22m[2m9 tests[22m[2m)[22m[32m 64[2mms[22m[39m
2026-10-10T01:52:46.8789730Z  [32m✓[39m src/renderer/components/common/__tests__/goal-notification-list.test.ts [2m([22m[2m5 tests[22m[2m)[22m[32m 53[2mms[22m[39m
2026-10-10T01:52:47.2197860Z  [32m✓[39m src/renderer/stores/__tests__/auth.test.ts [2m([22m[2m6 tests[22m[2m)[22m[32m 8[2mms[22m[39m
2026-10-10T01:52:47.2215590Z 
2026-10-10T01:52:47.2218770Z [2m Test Files [22m [1m[32m13 passed[39m[22m[90m (13)[39m
2026-10-10T01:52:47.2219660Z [2m      Tests [22m [1m[32m201 passed[39m[22m[90m (201)[39m
2026-10-10T01:52:47.2220350Z [2m   Start at [22m 01:52:39
2026-10-10T01:52:47.2221090Z [2m   Duration [22m 7.44s[2m (transform 789ms, setup 0ms, import 2.00s, tests 1.22s, environment 2.73s)[22m
2026-10-10T01:52:47.2221650Z 
2026-10-10T01:52:47.2934500Z ##[group]Run echo "🧪 Running Cowork intelligent test selection..."
2026-10-10T01:52:47.2935030Z [36;1mecho "🧪 Running Cowork intelligent test selection..."[0m
2026-10-10T01:52:47.2935390Z [36;1mnode scripts/cowork-ci-test-selector.js[0m
2026-10-10T01:52:47.3005470Z shell: /bin/bash --noprofile --norc -e -o pipefail {0}
2026-10-10T01:52:47.3005860Z env:
2026-10-10T01:52:47.3006110Z   SOURCE_SHA: da91e730d802b7c9dcdc075b222ecc257021e552
2026-10-10T01:52:47.3006450Z   COWORK_PUSH_BASE_SHA: 
2026-10-10T01:52:47.3006800Z ##[endgroup]
2026-10-10T01:52:47.3852170Z 🧪 Running Cowork intelligent test selection...
2026-10-10T01:52:47.4714880Z CI test selection failed closed: One or more changed files could not be mapped safely; the workflow must run its fallback suite.
2026-10-10T01:52:47.5913320Z COWORK_TEST_SELECTION_JSON={"schemaVersion":1,"status":"fail-closed","code":"UNMAPPED_CHANGED_FILES","message":"One or more changed files could not be mapped safely; the workflow must run its fallback suite.","details":{"unmappedFiles":[".gitattributes",".github/workflows/cli-ci.yml",".github/workflows/cli-strict-sandbox.yml",".github/workflows/model-catalog-review.yml","CHANGELOG.md","desktop-app-vue/src/main/vendor/agent-sdk/VENDORED.md","docs/cli/PROCESS_SPAWN_INVENTORY.generated.md","docs/research/cli-ide-gap-implementation-2026-10-05.md","docs/research/cli-ide-gap-validation-2026-10-05.md","docs/research/cli/cli-claude-code-codex-gap-analysis-2026-10-05.md","docs/research/cli/evidence/gap-2026-10-05/continuation-2026-10-09/README.md","docs/research/cli/evidence/gap-2026-10-05/continuation-2026-10-09/cli-ci-61d91325d0/archive-manifest.json","docs/research/cli/evidence/gap-2026-10-05/continuation-2026-10-09/cli-ci-61d91325d0/artifacts-1.json","docs/research/cli/evidence/gap-2026-10-05/continuation-2026-10-09/cli-ci-61d91325d0/jobs-1.json","docs/research/cli/evidence/gap-2026-10-05/continuation-2026-10-09/cli-ci-61d91325d0/readback.json","docs/research/cli/evidence/gap-2026-10-05/continuation-2026-10-09/cli-ci-61d91325d0/run.json","docs/research/cli/evidence/gap-2026-10-05/continuation-2026-10-09/custodian-contract-linux-final/archive-manifest.json","docs/research/cli/evidence/gap-2026-10-05/continuation-2026-10-09/custodian-contract-linux-final/contracts.stderr","docs/research/cli/evidence/gap-2026-10-05/continuation-2026-10-09/custodian-contract-linux-final/contracts.stdout","docs/research/cli/evidence/gap-2026-10-05/continuation-2026-10-09/custodian-contract-linux-final/report.json","docs/research/cli/evidence/gap-2026-10-05/continuation-2026-10-09/custodian-contract-linux-final/runtime.stderr","docs/research/cli/evidence/gap-2026-10-05/continuation-2026-10-09/custodian-contract-linux-final/runtime.stdout","docs/research/cli/evidence/gap-2026-10-05/continuation-2026-10-09/custodian-contract-linux-final/windows-job-custodian-crash-evidence.mjs","docs/research/cli/evidence/gap-2026-10-05/continuation-2026-10-09/custodian-contract-linux-final/windows-job-custodian-crash-evidence.node-test.mjs","docs/research/cli/evidence/gap-2026-10-05/continuation-2026-10-09/custodian-contract-linux-final/windows-job-custodian-crash-probe.cs","docs/research/cli/evidence/gap-2026-10-05/continuation-2026-10-09/custodian-contract-linux-final/windows-job-custodian-crash-probe.mjs","docs/research/cli/evidence/gap-2026-10-05/continuation-2026-10-09/custodian-contract-linux-permission-denial/archive-manifest.json","docs/research/cli/evidence/gap-2026-10-05/continuation-2026-10-09/custodian-contract-linux-permission-denial/contracts.stderr","docs/research/cli/evidence/gap-2026-10-05/continuation-2026-10-09/custodian-contract-linux-permission-denial/contracts.stdout","docs/research/cli/evidence/gap-2026-10-05/continuation-2026-10-09/custodian-contract-linux-permission-denial/report.json","docs/research/cli/evidence/gap-2026-10-05/continuation-2026-10-09/custodian-contract-linux-permission-denial/runtime.stderr","docs/research/cli/evidence/gap-2026-10-05/continuation-2026-10-09/custodian-contract-linux-permission-denial/runtime.stdout","docs/research/cli/evidence/gap-2026-10-05/continuation-2026-10-09/custodian-contract-linux-permission-denial/windows-job-custodian-crash-evidence.mjs","docs/research/cli/evidence/gap-2026-10-05/continuation-2026-10-09/custodian-contract-linux-permission-denial/windows-job-custodian-crash-evidence.node-test.mjs","docs/research/cli/evidence/gap-2026-10-05/continuation-2026-10-09/custodian-contract-linux-permission-denial/windows-job-custodian-crash-probe.cs","docs/research/cli/evidence/gap-2026-10-05/continuation-2026-10-09/custodian-contract-linux-permission-denial/windows-job-custodian-crash-probe.mjs","docs/research/cli/evidence/gap-2026-10-05/continuation-2026-10-09/custodian-crash-failure-run1/archive-manifest.json","docs/research/cli/evidence/gap-2026-10-05/continuation-2026-10-09/custodian-crash-failure-run1/build.json","docs/research/cli/evidence/gap-2026-10-05/continuation-2026-10-09/custodian-crash-failure-run1/build.stderr.txt","docs/research/cli/evidence/gap-2026-10-05/continuation-2026-10-09/custodian-crash-failure-run1/build.stdout.txt","docs/research/cli/evidence/gap-2026-10-05/continuation-2026-10-09/custodian-crash-failure-run1/positive.json","docs/research/cli/evidence/gap-2026-10-05/continuation-2026-10-09/custodian-crash-failure-run1/positive.stderr.txt","docs/research/cli/evidence/gap-2026-10-05/continuation-2026-10-09/custodian-crash-failure-run1/positive.stdout.json","docs/research/cli/evidence/gap-2026-10-05/continuation-2026-10-09/custodian-crash-failure-run1/report.json","docs/research/cli/evidence/gap-2026-10-05/continuation-2026-10-09/custodian-crash-failure-run1/windows-job-custodian-crash-evidence.mjs","docs/research/cli/evidence/gap-2026-10-05/continuation-2026-10-09/custodian-crash-failure-run1/windows-job-custodian-crash-evidence.node-test.mjs","docs/research/cli/evidence/gap-2026-10-05/continuation-2026-10-09/custodian-crash-failure-run1/windows-job-custodian-crash-probe.cs","docs/research/cli/evidence/gap-2026-10-05/continuation-2026-10-09/custodian-crash-failure-run1/windows-job-custodian-crash-probe.mjs","docs/research/cli/evidence/gap-2026-10-05/continuation-2026-10-09/custodian-crash-failure-run2/archive-manifest.json","docs/research/cli/evidence/gap-2026-10-05/continuation-2026-10-09/custodian-crash-failure-run2/build.json","docs/research/cli/evidence/gap-2026-10-05/continuation-2026-10-09/custodian-crash-failure-run2/build.stderr.txt","docs/research/cli/evidence/gap-2026-10-05/continuation-2026-10-09/custodian-crash-failure-run2/build.stdout.txt","docs/research/cli/evidence/gap-2026-10-05/continuation-2026-10-09/custodian-crash-failure-run2/positive.json","docs/research/cli/evidence/gap-2026-10-05/continuation-2026-10-09/custodian-crash-failure-run2/positive.stderr.txt","docs/research/cli/evidence/gap-2026-10-05/continuation-2026-10-09/custodian-crash-failure-run2/positive.stdout.json","docs/research/cli/evidence/gap-2026-10-05/continuation-2026-10-09/custodian-crash-failure-run2/report.json","docs/research/cli/evidence/gap-2026-10-05/continuation-2026-10-09/custodian-crash-failure-run2/windows-job-custodian-crash-evidence.mjs","docs/research/cli/evidence/gap-2026-10-05/continuation-2026-10-09/custodian-crash-failure-run2/windows-job-custodian-crash-evidence.node-test.mjs","docs/research/cli/evidence/gap-2026-10-05/continuation-2026-10-09/custodian-crash-failure-run2/windows-job-custodian-crash-probe.cs","docs/research/cli/evidence/gap-2026-10-05/continuation-2026-10-09/custodian-crash-failure-run2/windows-job-custodian-crash-probe.mjs","docs/research/cli/evidence/gap-2026-10-05/continuation-2026-10-09/custodian-crash-final-source-readback.json","docs/research/cli/evidence/gap-2026-10-05/continuation-2026-10-09/custodian-crash-final/archive-manifest.json","docs/research/cli/evidence/gap-2026-10-05/continuation-2026-10-09/custodian-crash-final/build.json","docs/research/cli/evidence/gap-2026-10-05/continuation-2026-10-09/custodian-crash-final/build.stderr.txt","docs/research/cli/evidence/gap-2026-10-05/continuation-2026-10-09/custodian-crash-final/build.stdout.txt","docs/research/cli/evidence/gap-2026-10-05/continuation-2026-10-09/custodian-crash-final/control.json","docs/research/cli/evidence/gap-2026-10-05/continuation-2026-10-09/custodian-crash-final/control.stderr.txt","docs/research/cli/evidence/gap-2026-10-05/continuation-2026-10-09/custodian-crash-final/control.stdout.json","docs/research/cli/evidence/gap-2026-10-05/continuation-2026-10-09/custodian-crash-final/positive.json","docs/research/cli/evidence/gap-2026-10-05/continuation-2026-10-09/custodian-crash-final/positive.stderr.txt","docs/research/cli/evidence/gap-2026-10-05/continuation-2026-10-09/custodian-crash-final/positive.stdout.json","docs/research/cli/evidence/gap-2026-10-05/continuation-2026-10-09/custodian-crash-final/report.json","docs/research/cli/evidence/gap-2026-10-05/continuation-2026-10-09/custodian-crash-final/windows-job-custodian-crash-evidence.mjs","docs/research/cli/evidence/gap-2026-10-05/continuation-2026-10-09/custodian-crash-final/windows-job-custodian-crash-evidence.node-test.mjs","docs/research/cli/evidence/gap-2026-10-05/continuation-2026-10-09/custodian-crash-final/windows-job-custodian-crash-probe.cs","docs/research/cli/evidence/gap-2026-10-05/continuation-2026-10-09/custodian-crash-final/windows-job-custodian-crash-probe.mjs","docs/research/cli/evidence/gap-2026-10-05/continuation-2026-10-09/custodian-crash-intermediate-run3/archive-manifest.json","docs/research/cli/evidence/gap-2026-10-05/continuation-2026-10-09/custodian-crash-intermediate-run3/build.json","docs/research/cli/evidence/gap-2026-10-05/continuation-2026-10-09/custodian-crash-intermediate-run3/build.stderr.txt","docs/research/cli/evidence/gap-2026-10-05/continuation-2026-10-09/custodian-crash-intermediate-run3/build.stdout.txt","docs/research/cli/evidence/gap-2026-10-05/continuation-2026-10-09/custodian-crash-intermediate-run3/control.json","docs/research/cli/evidence/gap-2026-10-05/continuation-2026-10-09/custodian-crash-intermediate-run3/control.stderr.txt","docs/research/cli/evidence/gap-2026-10-05/continuation-2026-10-09/custodian-crash-intermediate-run3/control.stdout.json","docs/research/cli/evidence/gap-2026-10-05/continuation-2026-10-09/custodian-crash-intermediate-run3/positive.json","docs/research/cli/evidence/gap-2026-10-05/continuation-2026-10-09/custodian-crash-intermediate-run3/positive.stderr.txt","docs/research/cli/evidence/gap-2026-10-05/continuation-2026-10-09/custodian-crash-intermediate-run3/positive.stdout.json","docs/research/cli/evidence/gap-2026-10-05/continuation-2026-10-09/custodian-crash-intermediate-run3/report.json","docs/research/cli/evidence/gap-2026-10-05/continuation-2026-10-09/custodian-crash-intermediate-run3/windows-job-custodian-crash-evidence.mjs","docs/research/cli/evidence/gap-2026-10-05/continuation-2026-10-09/custodian-crash-intermediate-run3/windows-job-custodian-crash-evidence.node-test.mjs","docs/research/cli/evidence/gap-2026-10-05/continuation-2026-10-09/custodian-crash-intermediate-run3/windows-job-custodian-crash-probe.cs","docs/research/cli/evidence/gap-2026-10-05/continuation-2026-10-09/custodian-crash-intermediate-run3/windows-job-custodian-crash-probe.mjs","docs/research/cli/evidence/gap-2026-10-05/continuation-2026-10-09/esbuild-private-child-map-denial-f/archive-manifest.json","docs/research/cli/evidence/gap-2026-10-05/continuation-2026-10-09/esbuild-private-child-map-denial-f/child-shim.cpp","docs/research/cli/evidence/gap-2026-10-05/continuation-2026-10-09/esbuild-private-child-map-denial-f/esbuild-api-trace.jsonl","docs/research/cli/evidence/gap-2026-10-05/continuation-2026-10-09/esbuild-private-child-map-denial-f/launcher.cpp","docs/research/cli/evidence/gap-2026-10-05/continuation-2026-10-09/esbuild-private-child-map-denial-f/launcher.json","docs/research/cli/evidence/gap-2026-10-05/continuation-2026-10-09/esbuild-private-child-map-denial-f/report.json","docs/research/cli/evidence/gap-2026-10-05/continuation-2026-10-09/esbuild-private-child-map-denial-f/shim.cpp","docs/research/cli/evidence/gap-2026-10-05/continuation-2026-10-09/esbuild-private-child-map-denial-f/stderr","docs/research/cli/evidence/gap-2026-10-05/continuation-2026-10-09/esbuild-private-child-map-denial-f/stdout","docs/research/cli/evidence/gap-2026-10-05/continuation-2026-10-09/esbuild-private-child-map-denial-f/supervisor.cpp","docs/research/cli/evidence/gap-2026-10-05/continuation-2026-10-09/esbuild-private-child-map-denial-f/trace.jsonl","docs/research/cli/evidence/gap-2026-10-05/continuation-2026-10-09/esbuild-private-frozen-attempt-c/archive-manifest.json","docs/research/cli/evidence/gap-2026-10-05/continuation-2026-10-09/esbuild-private-frozen-attempt-c/journal.jsonl","docs/research/cli/evidence/gap-2026-10-05/continuation-2026-10-09/esbuild-private-frozen-attempt-c/report.json","docs/research/cli/evidence/gap-2026-10-05/continuation-2026-10-09/esbuild-private-frozen-attempt-c/shim.cpp","docs/research/cli/evidence/gap-2026-10-05/continuation-2026-10-09/esbuild-private-frozen-attempt-c/stderr","docs/research/cli/evidence/gap-2026-10-05/continuation-2026-10-09/esbuild-private-frozen-attempt-c/stdout","docs/research/cli/evidence/gap-2026-10-05/continuation-2026-10-09/esbuild-private-frozen-attempt-c/supervisor.cpp","docs/research/cli/evidence/gap-2026-10-05/continuation-2026-10-09/esbuild-private-frozen-attempt-c/trace.jsonl","docs/research/cli/evidence/gap-2026-10-05/continuation-2026-10-09/esbuild-private-frozen-attempt-final/archive-manifest.json","docs/research/cli/evidence/gap-2026-10-05/continuation-2026-10-09/esbuild-private-frozen-attempt-final/journal.jsonl","docs/research/cli/evidence/gap-2026-10-05/continuation-2026-10-09/esbuild-private-frozen-attempt-final/report.json","docs/research/cli/evidence/gap-2026-10-05/continuation-2026-10-09/esbuild-private-frozen-attempt-final/shim.cpp","docs/research/cli/evidence/gap-2026-10-05/continuation-2026-10-09/esbuild-private-frozen-attempt-final/stderr","docs/research/cli/evidence/gap-2026-10-05/continuation-2026-10-09/esbuild-private-frozen-attempt-final/stdout","docs/research/cli/evidence/gap-2026-10-05/continuation-2026-10-09/esbuild-private-frozen-attempt-final/supervisor.cpp","docs/research/cli/evidence/gap-2026-10-05/continuation-2026-10-09/esbuild-private-frozen-attempt-final/trace.jsonl","docs/research/cli/evidence/gap-2026-10-05/continuation-2026-10-09/esbuild-private-inheritance-e/archive-manifest.json","docs/research/cli/evidence/gap-2026-10-05/continuation-2026-10-09/esbuild-private-inheritance-e/child-shim.cpp","docs/research/cli/evidence/gap-2026-10-05/continuation-2026-10-09/esbuild-private-inheritance-e/esbuild-api-trace.jsonl","docs/research/cli/evidence/gap-2026-10-05/continuation-2026-10-09/esbuild-private-inheritance-e/launcher.cpp","docs/research/cli/evidence/gap-2026-10-05/continuation-2026-10-09/esbuild-private-inheritance-e/launcher.json","docs/research/cli/evidence/gap-2026-10-05/continuation-2026-10-09/esbuild-private-inheritance-e/report.json","docs/research/cli/evidence/gap-2026-10-05/continuation-2026-10-09/esbuild-private-inheritance-e/shim.cpp","docs/research/cli/evidence/gap-2026-10-05/continuation-2026-10-09/esbuild-private-inheritance-e/stderr","docs/research/cli/evidence/gap-2026-10-05/continuation-2026-10-09/esbuild-private-inheritance-e/stdout","docs/research/cli/evidence/gap-2026-10-05/continuation-2026-10-09/esbuild-private-inheritance-e/supervisor.cpp","docs/research/cli/evidence/gap-2026-10-05/continuation-2026-10-09/esbuild-private-inheritance-e/trace.jsonl","docs/research/cli/evidence/gap-2026-10-05/continuation-2026-10-09/esbuild-private-service-failure-a/archive-manifest.json","docs/research/cli/evidence/gap-2026-10-05/continuation-2026-10-09/esbuild-private-service-failure-a/bundle.js","docs/research/cli/evidence/gap-2026-10-05/continuation-2026-10-09/esbuild-private-service-failure-a/leaf/bundle.js","docs/research/cli/evidence/gap-2026-10-05/continuation-2026-10-09/esbuild-private-service-failure-a/leaf/report.json","docs/research/cli/evidence/gap-2026-10-05/continuation-2026-10-09/esbuild-private-service-failure-a/leaf/stderr","docs/research/cli/evidence/gap-2026-10-05/continuation-2026-10-09/esbuild-private-service-failure-a/leaf/stdout","docs/research/cli/evidence/gap-2026-10-05/continuation-2026-10-09/esbuild-private-service-failure-a/leaf/trace.jsonl","docs/research/cli/evidence/gap-2026-10-05/continuation-2026-10-09/esbuild-private-service-failure-a/report.json","docs/research/cli/evidence/gap-2026-10-05/continuation-2026-10-09/esbuild-private-service-failure-a/trace.jsonl","docs/research/cli/evidence/gap-2026-10-05/continuation-2026-10-09/esbuild-private-service-final-v2/archive-manifest.json","docs/research/cli/evidence/gap-2026-10-05/continuation-2026-10-09/esbuild-private-service-final-v2/bundle.js","docs/research/cli/evidence/gap-2026-10-05/continuation-2026-10-09/esbuild-private-service-final-v2/leaf/bundle.js","docs/research/cli/evidence/gap-2026-10-05/continuation-2026-10-09/esbuild-private-service-final-v2/leaf/report.json","docs/research/cli/evidence/gap-2026-10-05/continuation-2026-10-09/esbuild-private-service-final-v2/leaf/stderr","docs/research/cli/evidence/gap-2026-10-05/continuation-2026-10-09/esbuild-private-service-final-v2/leaf/stdout","docs/research/cli/evidence/gap-2026-10-05/continuation-2026-10-09/esbuild-private-service-final-v2/leaf/trace.jsonl","docs/research/cli/evidence/gap-2026-10-05/continuation-2026-10-09/esbuild-private-service-final-v2/report.json","docs/research/cli/evidence/gap-2026-10-05/continuation-2026-10-09/esbuild-private-service-final-v2/trace.jsonl","docs/research/cli/evidence/gap-2026-10-05/continuation-2026-10-09/esbuild-private-service-final/archive-manifest.json","docs/research/cli/evidence/gap-2026-10-05/continuation-2026-10-09/esbuild-private-service-final/bundle.js","docs/research/cli/evidence/gap-2026-10-05/continuation-2026-10-09/esbuild-private-service-final/leaf/bundle.js","docs/research/cli/evidence/gap-2026-10-05/continuation-2026-10-09/esbuild-private-service-final/leaf/report.json","docs/research/cli/evidence/gap-2026-10-05/continuation-2026-10-09/esbuild-private-service-final/leaf/stderr","docs/research/cli/evidence/gap-2026-10-05/continuation-2026-10-09/esbuild-private-service-final/leaf/stdout","docs/research/cli/evidence/gap-2026-10-05/continuation-2026-10-09/esbuild-private-service-final/leaf/trace.jsonl","docs/research/cli/evidence/gap-2026-10-05/continuation-2026-10-09/esbuild-private-service-final/report.json","docs/research/cli/evidence/gap-2026-10-05/continuation-2026-10-09/esbuild-private-service-final/trace.jsonl","docs/research/cli/evidence/gap-2026-10-05/continuation-2026-10-09/final-node22.12-windows.json","docs/research/cli/evidence/gap-2026-10-05/continuation-2026-10-09/final-node22.12-windows.stderr","docs/research/cli/evidence/gap-2026-10-05/continuation-2026-10-09/final-node22.12-windows.tap","docs/research/cli/evidence/gap-2026-10-05/continuation-2026-10-09/final-node22.22-windows.json","docs/research/cli/evidence/gap-2026-10-05/continuation-2026-10-09/final-node22.22-windows.stderr","docs/research/cli/evidence/gap-2026-10-05/continuation-2026-10-09/final-node22.22-windows.tap","docs/research/cli/evidence/gap-2026-10-05/continuation-2026-10-09/final2-node22.12-windows-host.json","docs/research/cli/evidence/gap-2026-10-05/continuation-2026-10-09/final2-node22.12-windows-host.stderr","docs/research/cli/evidence/gap-2026-10-05/continuation-2026-10-09/final2-node22.12-windows-host.tap","docs/research/cli/evidence/gap-2026-10-05/continuation-2026-10-09/final2-node22.12-windows.json","docs/research/cli/evidence/gap-2026-10-05/continuation-2026-10-09/final2-node22.12-windows.stderr","docs/research/cli/evidence/gap-2026-10-05/continuation-2026-10-09/final2-node22.12-windows.tap","docs/research/cli/evidence/gap-2026-10-05/continuation-2026-10-09/final2-node22.22-linux.json","docs/research/cli/evidence/gap-2026-10-05/continuation-2026-10-09/final2-node22.22-linux.stderr","docs/research/cli/evidence/gap-2026-10-05/continuation-2026-10-09/final2-node22.22-linux.tap","docs/research/cli/evidence/gap-2026-10-05/continuation-2026-10-09/final2-node22.22-windows.json","docs/research/cli/evidence/gap-2026-10-05/continuation-2026-10-09/final2-node22.22-windows.stderr","docs/research/cli/evidence/gap-2026-10-05/continuation-2026-10-09/final2-node22.22-windows.tap","docs/research/cli/evidence/gap-2026-10-05/continuation-2026-10-09/final3-node22.12-windows.json","docs/research/cli/evidence/gap-2026-10-05/continuation-2026-10-09/final3-node22.12-windows.stderr","docs/research/cli/evidence/gap-2026-10-05/continuation-2026-10-09/final3-node22.12-windows.tap","docs/research/cli/evidence/gap-2026-10-05/continuation-2026-10-09/final3-node22.22-linux.json","docs/research/cli/evidence/gap-2026-10-05/continuation-2026-10-09/final3-node22.22-linux.stderr","docs/research/cli/evidence/gap-2026-10-05/continuation-2026-10-09/final3-node22.22-linux.tap","docs/research/cli/evidence/gap-2026-10-05/continuation-2026-10-09/final3-node22.22-windows.json","docs/research/cli/evidence/gap-2026-10-05/continuation-2026-10-09/final3-node22.22-windows.stderr","docs/research/cli/evidence/gap-2026-10-05/continuation-2026-10-09/final3-node22.22-windows.tap","docs/research/cli/evidence/gap-2026-10-05/continuation-2026-10-09/final4-node22.12-windows-host.json","docs/research/cli/evidence/gap-2026-10-05/continuation-2026-10-09/final4-node22.12-windows-host.stderr","docs/research/cli/evidence/gap-2026-10-05/continuation-2026-10-09/final4-node22.12-windows-host.tap","docs/research/cli/evidence/gap-2026-10-05/continuation-2026-10-09/final4-node22.12-windows.json","docs/research/cli/evidence/gap-2026-10-05/continuation-2026-10-09/final4-node22.12-windows.stderr","docs/research/cli/evidence/gap-2026-10-05/continuation-2026-10-09/final4-node22.12-windows.tap","docs/research/cli/evidence/gap-2026-10-05/continuation-2026-10-09/final4-node22.22-linux.json","docs/research/cli/evidence/gap-2026-10-05/continuation-2026-10-09/final4-node22.22-linux.stderr","docs/research/cli/evidence/gap-2026-10-05/continuation-2026-10-09/final4-node22.22-linux.tap","docs/research/cli/evidence/gap-2026-10-05/continuation-2026-10-09/final4-node22.22-windows.json","docs/research/cli/evidence/gap-2026-10-05/continuation-2026-10-09/final4-node22.22-windows.stderr","docs/research/cli/evidence/gap-2026-10-05/continuation-2026-10-09/final4-node22.22-windows.tap","docs/research/cli/evidence/gap-2026-10-05/continuation-2026-10-09/frozen-cli-runtime-closure/archive-manifest.json","docs/research/cli/evidence/gap-2026-10-05/continuation-2026-10-09/frozen-cli-runtime-closure/manifest.json","docs/research/cli/evidence/gap-2026-10-05/continuation-2026-10-09/frozen-cli-runtime-closure/preflight-private-v4-closure-20261009.mjs","docs/research/cli/evidence/gap-2026-10-05/continuation-2026-10-09/frozen-cli-runtime-closure/preflight.json","docs/research/cli/evidence/gap-2026-10-05/continuation-2026-10-09/frozen-cli-runtime-closure/prepare-private-v4-cli-runtime-closure-20261009.mjs","docs/research/cli/evidence/gap-2026-10-05/continuation-2026-10-09/frozen-cli-runtime-closure/required-runtime-plan.json","docs/research/cli/evidence/gap-2026-10-05/continuation-2026-10-09/frozen-cli-runtime-closure/retention.json","docs/research/cli/evidence/gap-2026-10-05/continuation-2026-10-09/frozen-collection-readback.stderr","docs/research/cli/evidence/gap-2026-10-05/continuation-2026-10-09/frozen-collection-readback.stdout","docs/research/cli/evidence/gap-2026-10-05/continuation-2026-10-09/frozen-collection-summary.json","docs/research/cli/evidence/gap-2026-10-05/continuation-2026-10-09/frozen-runtime-dependency-subset/archive-manifest.json","docs/research/cli/evidence/gap-2026-10-05/continuation-2026-10-09/frozen-runtime-dependency-subset/derive-private-v4-runtime-overlay-20261009.mjs","docs/research/cli/evidence/gap-2026-10-05/continuation-2026-10-09/frozen-runtime-dependency-subset/manifest.json","docs/research/cli/evidence/gap-2026-10-05/continuation-2026-10-09/frozen-runtime-dependency-subset/materialize-frozen-source-closure-20261009.mjs","docs/research/cli/evidence/gap-2026-10-05/continuation-2026-10-09/frozen-runtime-dependency-subset/parent-manifest.json","docs/research/cli/evidence/gap-2026-10-05/continuation-2026-10-09/frozen-runtime-dependency-subset/retention.json","docs/research/cli/evidence/gap-2026-10-05/continuation-2026-10-09/frozen-sqlite-dependency-provenance/archive-manifest.json","docs/research/cli/evidence/gap-2026-10-05/continuation-2026-10-09/frozen-sqlite-dependency-provenance/better-sqlite3-12.11.1.tgz.download.json","docs/research/cli/evidence/gap-2026-10-05/continuation-2026-10-09/frozen-sqlite-dependency-provenance/better-sqlite3-v12.11.1-node-v127-win32-x64.tar.gz.download.json","docs/research/cli/evidence/gap-2026-10-05/continuation-2026-10-09/frozen-sqlite-dependency-provenance/bindings-1.5.0.tgz.download.json","docs/research/cli/evidence/gap-2026-10-05/continuation-2026-10-09/frozen-sqlite-dependency-provenance/file-uri-to-path-1.0.0.tgz.download.json","docs/research/cli/evidence/gap-2026-10-05/continuation-2026-10-09/frozen-sqlite-dependency-provenance/github-release.json","docs/research/cli/evidence/gap-2026-10-05/continuation-2026-10-09/frozen-sqlite-dependency-provenance/manifest.json","docs/research/cli/evidence/gap-2026-10-05/continuation-2026-10-09/frozen-sqlite-dependency-provenance/prepare-private-v4-review-dependencies-20261009.mjs","docs/research/cli/evidence/gap-2026-10-05/continuation-2026-10-09/frozen-sqlite-dependency-provenance/retention.json","docs/research/cli/evidence/gap-2026-10-05/continuation-2026-10-09/frozen-sqlite-dependency-provenance/sandbox-tls-failure.json","docs/research/cli/evidence/gap-2026-10-05/continuation-2026-10-09/frozen-undici-dependency-provenance/archive-manifest.json","docs/research/cli/evidence/gap-2026-10-05/continuation-2026-10-09/frozen-undici-dependency-provenance/better-sqlite3-12.11.1.tgz.download.json","docs/research/cli/evidence/gap-2026-10-05/continuation-2026-10-09/frozen-undici-dependency-provenance/better-sqlite3-v12.11.1-node-v127-win32-x64.tar.gz.download.json","docs/research/cli/evidence/gap-2026-10-05/continuation-2026-10-09/frozen-undici-dependency-provenance/bindings-1.5.0.tgz.download.json","docs/research/cli/evidence/gap-2026-10-05/continuation-2026-10-09/frozen-undici-dependency-provenance/file-uri-to-path-1.0.0.tgz.download.json","docs/research/cli/evidence/gap-2026-10-05/continuation-2026-10-09/frozen-undici-dependency-provenance/github-release.json","docs/research/cli/evidence/gap-2026-10-05/continuation-2026-10-09/frozen-undici-dependency-provenance/manifest.json","docs/research/cli/evidence/gap-2026-10-05/continuation-2026-10-09/frozen-undici-dependency-provenance/prepare-private-v4-review-dependencies-20261009.mjs","docs/research/cli/evidence/gap-2026-10-05/continuation-2026-10-09/frozen-undici-dependency-provenance/retention.json","docs/research/cli/evidence/gap-2026-10-05/continuation-2026-10-09/frozen-undici-dependency-provenance/sandbox-tls-failure.json","docs/research/cli/evidence/gap-2026-10-05/continuation-2026-10-09/frozen-undici-dependency-provenance/undici-7.28.0.tgz.download.json","docs/research/cli/evidence/gap-2026-10-05/continuation-2026-10-09/handlebars-security-20261009/archive-manifest.json","docs/research/cli/evidence/gap-2026-10-05/continuation-2026-10-09/handlebars-security-20261009/audit.execution.json","docs/research/cli/evidence/gap-2026-10-05/continuation-2026-10-09/handlebars-security-20261009/audit.stderr.txt","docs/research/cli/evidence/gap-2026-10-05/continuation-2026-10-09/handlebars-security-20261009/audit.stdout.json","docs/research/cli/evidence/gap-2026-10-05/continuation-2026-10-09/handlebars-security-20261009/changes.json","docs/research/cli/evidence/gap-2026-10-05/continuation-2026-10-09/handlebars-security-20261009/desktop-app-vue__contracts__package-lock.json.before","docs/research/cli/evidence/gap-2026-10-05/continuation-2026-10-09/handlebars-security-20261009/desktop-app-vue__package-lock.json.before","docs/research/cli/evidence/gap-2026-10-05/continuation-2026-10-09/handlebars-security-20261009/desktop-app-vue__package.json.before","docs/research/cli/evidence/gap-2026-10-05/continuation-2026-10-09/handlebars-security-20261009/package-lock.json.before","docs/research/cli/evidence/gap-2026-10-05/continuation-2026-10-09/handlebars-security-20261009/package/LICENSE","docs/research/cli/evidence/gap-2026-10-05/continuation-2026-10-09/handlebars-security-20261009/package/README.markdown","docs/research/cli/evidence/gap-2026-10-05/continuation-2026-10-09/handlebars-security-20261009/package/bin/.eslintrc.js","docs/research/cli/evidence/gap-2026-10-05/continuation-2026-10-09/handlebars-security-20261009/package/bin/handlebars","docs/research/cli/evidence/gap-2026-10-05/continuation-2026-10-09/handlebars-security-20261009/package/lib/.eslintrc.js","docs/research/cli/evidence/gap-2026-10-05/continuation-2026-10-09/handlebars-security-20261009/package/lib/handlebars.js","docs/research/cli/evidence/gap-2026-10-05/continuation-2026-10-09/handlebars-security-20261009/package/lib/handlebars.runtime.js","docs/research/cli/evidence/gap-2026-10-05/continuation-2026-10-09/handlebars-security-20261009/package/lib/handlebars/base.js","docs/research/cli/evidence/gap-2026-10-05/continuation-2026-10-09/handlebars-security-20261009/package/lib/handlebars/compiler/ast.js","docs/research/cli/evidence/gap-2026-10-05/continuation-2026-10-09/handlebars-security-20261009/package/lib/handlebars/compiler/base.js","docs/research/cli/evidence/gap-2026-10-05/continuation-2026-10-09/handlebars-security-20261009/package/lib/handlebars/compiler/code-gen.js","docs/research/cli/evidence/gap-2026-10-05/continuation-2026-10-09/handlebars-security-20261009/package/lib/handlebars/compiler/compiler.js","docs/research/cli/evidence/gap-2026-10-05/continuation-2026-10-09/handlebars-security-20261009/package/lib/handlebars/compiler/helpers.js","docs/research/cli/evidence/gap-2026-10-05/continuation-2026-10-09/handlebars-security-20261009/package/lib/handlebars/compiler/javascript-compiler.js","docs/research/cli/evidence/gap-2026-10-05/continuation-2026-10-09/handlebars-security-20261009/package/lib/handlebars/compiler/node-types.js","docs/research/cli/evidence/gap-2026-10-05/continuation-2026-10-09/handlebars-security-20261009/package/lib/handlebars/compiler/parser.js","docs/research/cli/evidence/gap-2026-10-05/continuation-2026-10-09/handlebars-security-20261009/package/lib/handlebars/compiler/printer.js","docs/research/cli/evidence/gap-2026-10-05/continuation-2026-10-09/handlebars-security-20261009/package/lib/handlebars/compiler/visitor.js","docs/research/cli/evidence/gap-2026-10-05/continuation-2026-10-09/handlebars-security-20261009/package/lib/handlebars/compiler/whitespace-control.js","docs/research/cli/evidence/gap-2026-10-05/continuation-2026-10-09/handlebars-security-20261009/package/lib/handlebars/decorators.js","docs/research/cli/evidence/gap-2026-10-05/continuation-2026-10-09/handlebars-security-20261009/package/lib/handlebars/decorators/inline.js","docs/research/cli/evidence/gap-2026-10-05/continuation-2026-10-09/handlebars-security-20261009/package/lib/handlebars/exception.js","docs/research/cli/evidence/gap-2026-10-05/continuation-2026-10-09/handlebars-security-20261009/package/lib/handlebars/helpers.js","docs/research/cli/evidence/gap-2026-10-05/continuation-2026-10-09/handlebars-security-20261009/package/lib/handlebars/helpers/block-helper-missing.js","docs/research/cli/evidence/gap-2026-10-05/continuation-2026-10-09/handlebars-security-20261009/package/lib/handlebars/helpers/each.js","docs/research/cli/evidence/gap-2026-10-05/continuation-2026-10-09/handlebars-security-20261009/package/lib/handlebars/helpers/helper-missing.js","docs/research/cli/evidence/gap-2026-10-05/continuation-2026-10-09/handlebars-security-20261009/package/lib/handlebars/helpers/if.js","docs/research/cli/evidence/gap-2026-10-05/continuation-2026-10-09/handlebars-security-20261009/package/lib/handlebars/helpers/log.js","docs/research/cli/evidence/gap-2026-10-05/continuation-2026-10-09/handlebars-security-20261009/package/lib/handlebars/helpers/lookup.js","docs/research/cli/evidence/gap-2026-10-05/continuation-2026-10-09/handlebars-security-20261009/package/lib/handlebars/helpers/with.js","docs/research/cli/evidence/gap-2026-10-05/continuation-2026-10-09/handlebars-security-20261009/package/lib/handlebars/internal/proto-access.js","docs/research/cli/evidence/gap-2026-10-05/continuation-2026-10-09/handlebars-security-20261009/package/lib/handlebars/internal/wrapHelper.js","docs/research/cli/evidence/gap-2026-10-05/continuation-2026-10-09/handlebars-security-20261009/package/lib/handlebars/logger.js","docs/research/cli/evidence/gap-2026-10-05/continuation-2026-10-09/handlebars-security-20261009/package/lib/handlebars/no-conflict.js","docs/research/cli/evidence/gap-2026-10-05/continuation-2026-10-09/handlebars-security-20261009/package/lib/handlebars/runtime.js","docs/research/cli/evidence/gap-2026-10-05/continuation-2026-10-09/handlebars-security-20261009/package/lib/handlebars/safe-string.js","docs/research/cli/evidence/gap-2026-10-05/continuation-2026-10-09/handlebars-security-20261009/package/lib/handlebars/utils.js","docs/research/cli/evidence/gap-2026-10-05/continuation-2026-10-09/handlebars-security-20261009/package/lib/index.js","docs/research/cli/evidence/gap-2026-10-05/continuation-2026-10-09/handlebars-security-20261009/package/lib/precompiler.js","docs/research/cli/evidence/gap-2026-10-05/continuation-2026-10-09/handlebars-security-20261009/package/package.json","docs/research/cli/evidence/gap-2026-10-05/continuation-2026-10-09/handlebars-security-20261009/package/release-notes.md","docs/research/cli/evidence/gap-2026-10-05/continuation-2026-10-09/handlebars-security-20261009/package/runtime.d.ts","docs/research/cli/evidence/gap-2026-10-05/continuation-2026-10-09/handlebars-security-20261009/package/runtime.js","docs/research/cli/evidence/gap-2026-10-05/continuation-2026-10-09/handlebars-security-20261009/package/types/index.d.ts","docs/research/cli/evidence/gap-2026-10-05/continuation-2026-10-09/handlebars-security-20261009/preload.cjs","docs/research/cli/evidence/gap-2026-10-05/continuation-2026-10-09/handlebars-security-20261009/run-validation.cjs","docs/research/cli/evidence/gap-2026-10-05/continuation-2026-10-09/handlebars-security-20261009/summarize.cjs","docs/research/cli/evidence/gap-2026-10-05/continuation-2026-10-09/handlebars-security-20261009/summary.json","docs/research/cli/evidence/gap-2026-10-05/continuation-2026-10-09/handlebars-security-20261009/template.execution.json","docs/research/cli/evidence/gap-2026-10-05/continuation-2026-10-09/handlebars-security-20261009/template.stderr.txt","docs/research/cli/evidence/gap-2026-10-05/continuation-2026-10-09/handlebars-security-20261009/template.stdout.txt","docs/research/cli/evidence/gap-2026-10-05/continuation-2026-10-09/handlebars-security-20261009/verification.json","docs/research/cli/evidence/gap-2026-10-05/continuation-2026-10-09/model-catalog-api-final-workspace/archive-manifest.json","docs/research/cli/evidence/gap-2026-10-05/continuation-2026-10-09/model-catalog-api-final-workspace/artifacts-1.json","docs/research/cli/evidence/gap-2026-10-05/continuation-2026-10-09/model-catalog-api-final-workspace/claude.md","docs/research/cli/evidence/gap-2026-10-05/continuation-2026-10-09/model-catalog-api-final-workspace/codex-api-readback.json","docs/research/cli/evidence/gap-2026-10-05/continuation-2026-10-09/model-catalog-api-final-workspace/codex-latest.headers","docs/research/cli/evidence/gap-2026-10-05/continuation-2026-10-09/model-catalog-api-final-workspace/codex-latest.json","docs/research/cli/evidence/gap-2026-10-05/continuation-2026-10-09/model-catalog-api-final-workspace/codex.html","docs/research/cli/evidence/gap-2026-10-05/continuation-2026-10-09/model-catalog-api-final-workspace/jobs-1.json","docs/research/cli/evidence/gap-2026-10-05/continuation-2026-10-09/model-catalog-api-final-workspace/local.json","docs/research/cli/evidence/gap-2026-10-05/continuation-2026-10-09/model-catalog-api-final-workspace/readback.json","docs/research/cli/evidence/gap-2026-10-05/continuation-2026-10-09/model-catalog-api-final-workspace/run.json","docs/research/cli/evidence/gap-2026-10-05/continuation-2026-10-09/model-catalog-api-final-workspace/upstream-api-direct.json","docs/research/cli/evidence/gap-2026-10-05/continuation-2026-10-09/model-catalog-api-final-workspace/upstream-api-final-execution.json","docs/research/cli/evidence/gap-2026-10-05/continuation-2026-10-09/model-catalog-api-final-workspace/upstream-api-final.json","docs/research/cli/evidence/gap-2026-10-05/continuation-2026-10-09/model-catalog-api-final-workspace/upstream-api-review.json","docs/research/cli/evidence/gap-2026-10-05/continuation-2026-10-09/model-catalog-api-final-workspace/upstream.json","docs/research/cli/evidence/gap-2026-10-05/continuation-2026-10-09/model-catalog-pr-61d91325d0/archive-manifest.json","docs/research/cli/evidence/gap-2026-10-05/continuation-2026-10-09/model-catalog-pr-61d91325d0/artifacts-1.json","docs/research/cli/evidence/gap-2026-10-05/continuation-2026-10-09/model-catalog-pr-61d91325d0/jobs-1.json","docs/research/cli/evidence/gap-2026-10-05/continuation-2026-10-09/model-catalog-pr-61d91325d0/local.json","docs/research/cli/evidence/gap-2026-10-05/continuation-2026-10-09/model-catalog-pr-61d91325d0/readback.json","docs/research/cli/evidence/gap-2026-10-05/continuation-2026-10-09/model-catalog-pr-61d91325d0/run.json","docs/research/cli/evidence/gap-2026-10-05/continuation-2026-10-09/model-catalog-upstream-61d91325d0/archive-manifest.json","docs/research/cli/evidence/gap-2026-10-05/continuation-2026-10-09/model-catalog-upstream-61d91325d0/artifacts-1.json","docs/research/cli/evidence/gap-2026-10-05/continuation-2026-10-09/model-catalog-upstream-61d91325d0/claude.md","docs/research/cli/evidence/gap-2026-10-05/continuation-2026-10-09/model-catalog-upstream-61d91325d0/codex.html","docs/research/cli/evidence/gap-2026-10-05/continuation-2026-10-09/model-catalog-upstream-61d91325d0/jobs-1.json","docs/research/cli/evidence/gap-2026-10-05/continuation-2026-10-09/model-catalog-upstream-61d91325d0/local.json","docs/research/cli/evidence/gap-2026-10-05/continuation-2026-10-09/model-catalog-upstream-61d91325d0/readback.json","docs/research/cli/evidence/gap-2026-10-05/continuation-2026-10-09/model-catalog-upstream-61d91325d0/run.json","docs/research/cli/evidence/gap-2026-10-05/continuation-2026-10-09/model-catalog-upstream-61d91325d0/upstream.json","docs/research/cli/evidence/gap-2026-10-05/continuation-2026-10-09/model-review-local.json","docs/research/cli/evidence/gap-2026-10-05/continuation-2026-10-09/model-review-local.stderr","docs/research/cli/evidence/gap-2026-10-05/continuation-2026-10-09/model-review-local.stdout","docs/research/cli/evidence/gap-2026-10-05/continuation-2026-10-09/model-review-prior-artifacts.stderr","docs/research/cli/evidence/gap-2026-10-05/continuation-2026-10-09/model-review-prior-artifacts.stdout","docs/research/cli/evidence/gap-2026-10-05/continuation-2026-10-09/model-review-prior-workflow.stderr","docs/research/cli/evidence/gap-2026-10-05/continuation-2026-10-09/model-review-prior-workflow.stdout","docs/research/cli/evidence/gap-2026-10-05/continuation-2026-10-09/node22.12-windows.json","docs/research/cli/evidence/gap-2026-10-05/continuation-2026-10-09/node22.12-windows.stderr","docs/research/cli/evidence/gap-2026-10-05/continuation-2026-10-09/node22.12-windows.tap","docs/research/cli/evidence/gap-2026-10-05/continuation-2026-10-09/node22.22-linux.json","docs/research/cli/evidence/gap-2026-10-05/continuation-2026-10-09/node22.22-linux.stderr","docs/research/cli/evidence/gap-2026-10-05/continuation-2026-10-09/node22.22-linux.tap","docs/research/cli/evidence/gap-2026-10-05/continuation-2026-10-09/node22.22-windows.json","docs/research/cli/evidence/gap-2026-10-05/continuation-2026-10-09/node22.22-windows.stderr","docs/research/cli/evidence/gap-2026-10-05/continuation-2026-10-09/node22.22-windows.tap","docs/research/cli/evidence/gap-2026-10-05/continuation-2026-10-09/preparation-manifest.json","docs/research/cli/evidence/gap-2026-10-05/continuation-2026-10-09/private-v4-baseline-before-undici/archive-manifest.json","docs/research/cli/evidence/gap-2026-10-05/continuation-2026-10-09/private-v4-baseline-before-undici/bundle.js","docs/research/cli/evidence/gap-2026-10-05/continuation-2026-10-09/private-v4-baseline-before-undici/esbuild-trace-1.jsonl","docs/research/cli/evidence/gap-2026-10-05/continuation-2026-10-09/private-v4-baseline-before-undici/inputs/agent-evolution-test-boundary.js","docs/research/cli/evidence/gap-2026-10-05/continuation-2026-10-09/private-v4-baseline-before-undici/inputs/check.cjs","docs/research/cli/evidence/gap-2026-10-05/continuation-2026-10-09/private-v4-baseline-before-undici/inputs/manifest.json","docs/research/cli/evidence/gap-2026-10-05/continuation-2026-10-09/private-v4-baseline-before-undici/inputs/model-capabilities.test.js","docs/research/cli/evidence/gap-2026-10-05/continuation-2026-10-09/private-v4-baseline-before-undici/inputs/preparation.json","docs/research/cli/evidence/gap-2026-10-05/continuation-2026-10-09/private-v4-baseline-before-undici/inputs/review-vitest.config.mjs","docs/research/cli/evidence/gap-2026-10-05/continuation-2026-10-09/private-v4-baseline-before-undici/inputs/source-closure.json","docs/research/cli/evidence/gap-2026-10-05/continuation-2026-10-09/private-v4-baseline-before-undici/inputs/vitest.config.js","docs/research/cli/evidence/gap-2026-10-05/continuation-2026-10-09/private-v4-baseline-before-undici/inputs/windows-node-private-v4.manifest.json","docs/research/cli/evidence/gap-2026-10-05/continuation-2026-10-09/private-v4-baseline-before-undici/inputs/windows-node-private-v4.report-helper-1b8fae53-05be-4f46-af8b-5c9c759c89b6.manifest.json","docs/research/cli/evidence/gap-2026-10-05/continuation-2026-10-09/private-v4-baseline-before-undici/inputs/windows-node-private-v4.worker-1b828f53-11fe-40b8-b5e1-af0347eac46a.manifest.json","docs/research/cli/evidence/gap-2026-10-05/continuation-2026-10-09/private-v4-baseline-before-undici/inputs/windows-node-private-v4.worker-231c07af-ba63-44f5-b3a4-a329bb192255.manifest.json","docs/research/cli/evidence/gap-2026-10-05/continuation-2026-10-09/private-v4-baseline-before-undici/inputs/windows-node-private-v4.worker-5f3af68e-c149-4456-9b33-46307a2ce237.manifest.json","docs/research/cli/evidence/gap-2026-10-05/continuation-2026-10-09/private-v4-baseline-before-undici/inputs/windows-node-private-v4.worker-629d5dce-2dc0-4a7e-883c-53f0c1ca12e0.manifest.json","docs/research/cli/evidence/gap-2026-10-05/continuation-2026-10-09/private-v4-baseline-before-undici/inputs/windows-node-private-v4.worker-86ed9f10-e6a8-4994-a461-a0820c8357cc.manifest.json","docs/research/cli/evidence/gap-2026-10-05/continuation-2026-10-09/private-v4-baseline-before-undici/inputs/windows-node-private-v4.worker-97361d9d-233c-4ad1-9107-0ca930fa5e59.manifest.json","docs/research/cli/evidence/gap-2026-10-05/continuation-2026-10-09/private-v4-baseline-before-undici/inputs/windows-node-private-v4.worker-9f27ceaa-6d7b-4164-a298-dd2c17487499.manifest.json","docs/research/cli/evidence/gap-2026-10-05/continuation-2026-10-09/private-v4-baseline-before-undici/inputs/windows-node-private-v4.worker-ab98a81b-d618-441c-a36a-82dbce20b911.manifest.json","docs/research/cli/evidence/gap-2026-10-05/continuation-2026-10-09/private-v4-baseline-before-undici/inputs/windows-node-private-v4.worker-be63d8da-2e88-4ba9-9835-aa2b2d1e5892.manifest.json","docs/research/cli/evidence/gap-2026-10-05/continuation-2026-10-09/private-v4-baseline-before-undici/inputs/windows-node-private-v4.worker-c9b95369-1b96-492e-997f-3a13cf38b355.manifest.json","docs/research/cli/evidence/gap-2026-10-05/continuation-2026-10-09/private-v4-baseline-before-undici/inputs/windows-node-private-v4.worker-d963a184-ddae-4cfd-9704-dcd19cb35dbf.manifest.json","docs/research/cli/evidence/gap-2026-10-05/continuation-2026-10-09/private-v4-baseline-before-undici/inputs/windows-node-private-v4.worker-f5f4b617-e311-45bd-a34f-4ffa6cfcf237.manifest.json","docs/research/cli/evidence/gap-2026-10-05/continuation-2026-10-09/private-v4-baseline-before-undici/inputs/windows-sandbox-adapter-cleanup.js","docs/research/cli/evidence/gap-2026-10-05/continuation-2026-10-09/private-v4-baseline-before-undici/inputs/windows-sandbox-adapter-temp-root.js","docs/research/cli/evidence/gap-2026-10-05/continuation-2026-10-09/private-v4-baseline-before-undici/journal.jsonl","docs/research/cli/evidence/gap-2026-10-05/continuation-2026-10-09/private-v4-baseline-before-undici/manifest.json","docs/research/cli/evidence/gap-2026-10-05/continuation-2026-10-09/private-v4-baseline-before-undici/report.json","docs/research/cli/evidence/gap-2026-10-05/continuation-2026-10-09/private-v4-baseline-before-undici/service.json","docs/research/cli/evidence/gap-2026-10-05/continuation-2026-10-09/private-v4-baseline-before-undici/source/verify01-review-runtime.mjs","docs/research/cli/evidence/gap-2026-10-05/continuation-2026-10-09/private-v4-baseline-before-undici/source/verify01-review-specs.mjs","docs/research/cli/evidence/gap-2026-10-05/continuation-2026-10-09/private-v4-baseline-before-undici/source/windows-esbuild-private-map-shim.cpp","docs/research/cli/evidence/gap-2026-10-05/continuation-2026-10-09/private-v4-baseline-before-undici/source/windows-esbuild-private-map-supervisor.cpp","docs/research/cli/evidence/gap-2026-10-05/continuation-2026-10-09/private-v4-baseline-before-undici/source/windows-node-private-v4-adapter.cpp","docs/research/cli/evidence/gap-2026-10-05/continuation-2026-10-09/private-v4-baseline-before-undici/source/windows-node-private-v4-adapter.h","docs/research/cli/evidence/gap-2026-10-05/continuation-2026-10-09/private-v4-baseline-before-undici/source/windows-node-private-v4-broker.cpp","docs/research/cli/evidence/gap-2026-10-05/continuation-2026-10-09/private-v4-baseline-before-undici/source/windows-node-private-v4-diagnostic.mjs","docs/research/cli/evidence/gap-2026-10-05/continuation-2026-10-09/private-v4-baseline-before-undici/source/windows-node-private-v4-identity.cjs","docs/research/cli/evidence/gap-2026-10-05/continuation-2026-10-09/private-v4-baseline-before-undici/source/windows-node-private-v4-paired.h","docs/research/cli/evidence/gap-2026-10-05/continuation-2026-10-09/private-v4-baseline-before-undici/source/windows-node-private-v4-preload.cjs","docs/research/cli/evidence/gap-2026-10-05/continuation-2026-10-09/private-v4-baseline-before-undici/source/windows-node-private-v4-protocol.h","docs/research/cli/evidence/gap-2026-10-05/continuation-2026-10-09/private-v4-baseline-before-undici/source/windows-node-private-v4-result.mjs","docs/research/cli/evidence/gap-2026-10-05/continuation-2026-10-09/private-v4-baseline-before-undici/stderr","docs/research/cli/evidence/gap-2026-10-05/continuation-2026-10-09/private-v4-baseline-before-undici/stdout","docs/research/cli/evidence/gap-2026-10-05/continuation-2026-10-09/private-v4-baseline-failure-first/archive-manifest.json","docs/research/cli/evidence/gap-2026-10-05/continuation-2026-10-09/private-v4-baseline-failure-first/bundle.js","docs/research/cli/evidence/gap-2026-10-05/continuation-2026-10-09/private-v4-baseline-failure-first/esbuild-trace-1.jsonl","docs/research/cli/evidence/gap-2026-10-05/continuation-2026-10-09/private-v4-baseline-failure-first/inputs/agent-evolution-test-boundary.js","docs/research/cli/evidence/gap-2026-10-05/continuation-2026-10-09/private-v4-baseline-failure-first/inputs/check.cjs","docs/research/cli/evidence/gap-2026-10-05/continuation-2026-10-09/private-v4-baseline-failure-first/inputs/manifest.json","docs/research/cli/evidence/gap-2026-10-05/continuation-2026-10-09/private-v4-baseline-failure-first/inputs/model-capabilities.test.js","docs/research/cli/evidence/gap-2026-10-05/continuation-2026-10-09/private-v4-baseline-failure-first/inputs/preparation.json","docs/research/cli/evidence/gap-2026-10-05/continuation-2026-10-09/private-v4-baseline-failure-first/inputs/review-vitest.config.mjs","docs/research/cli/evidence/gap-2026-10-05/continuation-2026-10-09/private-v4-baseline-failure-first/inputs/source-closure.json","docs/research/cli/evidence/gap-2026-10-05/continuation-2026-10-09/private-v4-baseline-failure-first/inputs/vitest.config.js","docs/research/cli/evidence/gap-2026-10-05/continuation-2026-10-09/private-v4-baseline-failure-first/inputs/windows-node-private-v4.manifest.json","docs/research/cli/evidence/gap-2026-10-05/continuation-2026-10-09/private-v4-baseline-failure-first/inputs/windows-node-private-v4.report-helper-b8037353-1784-4afc-a488-2acb7e0c3aff.manifest.json","docs/research/cli/evidence/gap-2026-10-05/continuation-2026-10-09/private-v4-baseline-failure-first/inputs/windows-node-private-v4.worker-0008ce64-8947-44c5-9038-2bce2b8fc78b.manifest.json","docs/research/cli/evidence/gap-2026-10-05/continuation-2026-10-09/private-v4-baseline-failure-first/inputs/windows-node-private-v4.worker-039ecfd3-6890-4907-9179-6f97b37dc1ea.manifest.json","docs/research/cli/evidence/gap-2026-10-05/continuation-2026-10-09/private-v4-baseline-failure-first/inputs/windows-node-private-v4.worker-29963045-483e-4c65-9a23-cd00865aabdd.manifest.json","docs/research/cli/evidence/gap-2026-10-05/continuation-2026-10-09/private-v4-baseline-failure-first/inputs/windows-node-private-v4.worker-5b4b9c4a-8eb8-499b-8adf-fdace99d5382.manifest.json","docs/research/cli/evidence/gap-2026-10-05/continuation-2026-10-09/private-v4-baseline-failure-first/inputs/windows-node-private-v4.worker-8573bbb9-acc4-4b4f-8086-6943a0053c56.manifest.json","docs/research/cli/evidence/gap-2026-10-05/continuation-2026-10-09/private-v4-baseline-failure-first/inputs/windows-node-private-v4.worker-9bf2aae7-c1b2-4253-b8e0-606fada3b6a3.manifest.json","docs/research/cli/evidence/gap-2026-10-05/continuation-2026-10-09/private-v4-baseline-failure-first/inputs/windows-node-private-v4.worker-a85c4a74-12a5-4887-b295-f7166651d25d.manifest.json","docs/research/cli/evidence/gap-2026-10-05/continuation-2026-10-09/private-v4-baseline-failure-first/inputs/windows-node-private-v4.worker-ae25e543-b823-443b-9027-c48de5fd00ea.manifest.json","docs/research/cli/evidence/gap-2026-10-05/continuation-2026-10-09/private-v4-baseline-failure-first/inputs/windows-node-private-v4.worker-bda012f2-362f-4ea0-b477-09a453899d33.manifest.json","docs/research/cli/evidence/gap-2026-10-05/continuation-2026-10-09/private-v4-baseline-failure-first/inputs/windows-node-private-v4.worker-d35677a9-2b59-4875-8fc0-99632b0ecba6.manifest.json","docs/research/cli/evidence/gap-2026-10-05/continuation-2026-10-09/private-v4-baseline-failure-first/inputs/windows-node-private-v4.worker-d86541f7-37ad-41f7-be61-c0a53870eac3.manifest.json","docs/research/cli/evidence/gap-2026-10-05/continuation-2026-10-09/private-v4-baseline-failure-first/inputs/windows-node-private-v4.worker-e2410be8-3804-4ca1-83d0-59e2ae3b7442.manifest.json","docs/research/cli/evidence/gap-2026-10-05/continuation-2026-10-09/private-v4-baseline-failure-first/inputs/windows-sandbox-adapter-cleanup.js","docs/research/cli/evidence/gap-2026-10-05/continuation-2026-10-09/private-v4-baseline-failure-first/inputs/windows-sandbox-adapter-temp-root.js","docs/research/cli/evidence/gap-2026-10-05/continuation-2026-10-09/private-v4-baseline-failure-first/journal.jsonl","docs/research/cli/evidence/gap-2026-10-05/continuation-2026-10-09/private-v4-baseline-failure-first/manifest.json","docs/research/cli/evidence/gap-2026-10-05/continuation-2026-10-09/private-v4-baseline-failure-first/report.json","docs/research/cli/evidence/gap-2026-10-05/continuation-2026-10-09/private-v4-baseline-failure-first/service.json","docs/research/cli/evidence/gap-2026-10-05/continuation-2026-10-09/private-v4-baseline-failure-first/source/verify01-review-runtime.mjs","docs/research/cli/evidence/gap-2026-10-05/continuation-2026-10-09/private-v4-baseline-failure-first/source/verify01-review-specs.mjs","docs/research/cli/evidence/gap-2026-10-05/continuation-2026-10-09/private-v4-baseline-failure-first/source/windows-esbuild-private-map-shim.cpp","docs/research/cli/evidence/gap-2026-10-05/continuation-2026-10-09/private-v4-baseline-failure-first/source/windows-esbuild-private-map-supervisor.cpp","docs/research/cli/evidence/gap-2026-10-05/continuation-2026-10-09/private-v4-baseline-failure-first/source/windows-node-private-v4-adapter.cpp","docs/research/cli/evidence/gap-2026-10-05/continuation-2026-10-09/private-v4-baseline-failure-first/source/windows-node-private-v4-adapter.h","docs/research/cli/evidence/gap-2026-10-05/continuation-2026-10-09/private-v4-baseline-failure-first/source/windows-node-private-v4-broker.cpp","docs/research/cli/evidence/gap-2026-10-05/continuation-2026-10-09/private-v4-baseline-failure-first/source/windows-node-private-v4-diagnostic.mjs","docs/research/cli/evidence/gap-2026-10-05/continuation-2026-10-09/private-v4-baseline-failure-first/source/windows-node-private-v4-identity.cjs","docs/research/cli/evidence/gap-2026-10-05/continuation-2026-10-09/private-v4-baseline-failure-first/source/windows-node-private-v4-paired.h","docs/research/cli/evidence/gap-2026-10-05/continuation-2026-10-09/private-v4-baseline-failure-first/source/windows-node-private-v4-preload.cjs","docs/research/cli/evidence/gap-2026-10-05/continuation-2026-10-09/private-v4-baseline-failure-first/source/windows-node-private-v4-protocol.h","docs/research/cli/evidence/gap-2026-10-05/continuation-2026-10-09/private-v4-baseline-failure-first/source/windows-node-private-v4-result.mjs","docs/research/cli/evidence/gap-2026-10-05/continuation-2026-10-09/private-v4-baseline-failure-first/stderr","docs/research/cli/evidence/gap-2026-10-05/continuation-2026-10-09/private-v4-baseline-failure-first/stdout","docs/research/cli/evidence/gap-2026-10-05/continuation-2026-10-09/private-v4-baseline-termination-race/archive-manifest.json","docs/research/cli/evidence/gap-2026-10-05/continuation-2026-10-09/private-v4-baseline-termination-race/bundle.js","docs/research/cli/evidence/gap-2026-10-05/continuation-2026-10-09/private-v4-baseline-termination-race/esbuild-trace-1.jsonl","docs/research/cli/evidence/gap-2026-10-05/continuation-2026-10-09/private-v4-baseline-termination-race/inputs/agent-evolution-test-boundary.js","docs/research/cli/evidence/gap-2026-10-05/continuation-2026-10-09/private-v4-baseline-termination-race/inputs/check.cjs","docs/research/cli/evidence/gap-2026-10-05/continuation-2026-10-09/private-v4-baseline-termination-race/inputs/manifest.json","docs/research/cli/evidence/gap-2026-10-05/continuation-2026-10-09/private-v4-baseline-termination-race/inputs/model-capabilities.test.js","docs/research/cli/evidence/gap-2026-10-05/continuation-2026-10-09/private-v4-baseline-termination-race/inputs/preparation.json","docs/research/cli/evidence/gap-2026-10-05/continuation-2026-10-09/private-v4-baseline-termination-race/inputs/review-vitest.config.mjs","docs/research/cli/evidence/gap-2026-10-05/continuation-2026-10-09/private-v4-baseline-termination-race/inputs/source-closure.json","docs/research/cli/evidence/gap-2026-10-05/continuation-2026-10-09/private-v4-baseline-termination-race/inputs/vitest.config.js","docs/research/cli/evidence/gap-2026-10-05/continuation-2026-10-09/private-v4-baseline-termination-race/inputs/windows-node-private-v4.manifest.json","docs/research/cli/evidence/gap-2026-10-05/continuation-2026-10-09/private-v4-baseline-termination-race/inputs/windows-node-private-v4.report-helper-dcd7f8ab-58f4-4e72-bf0d-005289b52aad.manifest.json","docs/research/cli/evidence/gap-2026-10-05/continuation-2026-10-09/private-v4-baseline-termination-race/inputs/windows-node-private-v4.worker-0a8565e7-d08a-4d11-b44b-8c2386d7af6b.manifest.json","docs/research/cli/evidence/gap-2026-10-05/continuation-2026-10-09/private-v4-baseline-termination-race/inputs/windows-node-private-v4.worker-af059921-e0c5-4f98-ad8a-9a7d40aa3eab.manifest.json","docs/research/cli/evidence/gap-2026-10-05/continuation-2026-10-09/private-v4-baseline-termination-race/inputs/windows-node-private-v4.worker-e964772b-809d-4813-bcd5-eed8b2bb0bb6.manifest.json","docs/research/cli/evidence/gap-2026-10-05/continuation-2026-10-09/private-v4-baseline-termination-race/inputs/windows-sandbox-adapter-cleanup.js","docs/research/cli/evidence/gap-2026-10-05/continuation-2026-10-09/private-v4-baseline-termination-race/inputs/windows-sandbox-adapter-temp-root.js","docs/research/cli/evidence/gap-2026-10-05/continuation-2026-10-09/private-v4-baseline-termination-race/journal.jsonl","docs/research/cli/evidence/gap-2026-10-05/continuation-2026-10-09/private-v4-baseline-termination-race/manifest.json","docs/research/cli/evidence/gap-2026-10-05/continuation-2026-10-09/private-v4-baseline-termination-race/report.json","docs/research/cli/evidence/gap-2026-10-05/continuation-2026-10-09/private-v4-baseline-termination-race/service.json","docs/research/cli/evidence/gap-2026-10-05/continuation-2026-10-09/private-v4-baseline-termination-race/source/verify01-review-runtime.mjs","docs/research/cli/evidence/gap-2026-10-05/continuation-2026-10-09/private-v4-baseline-termination-race/source/verify01-review-specs.mjs","docs/research/cli/evidence/gap-2026-10-05/continuation-2026-10-09/private-v4-baseline-termination-race/source/windows-esbuild-private-map-shim.cpp","docs/research/cli/evidence/gap-2026-10-05/continuation-2026-10-09/private-v4-baseline-termination-race/source/windows-esbuild-private-map-supervisor.cpp","docs/research/cli/evidence/gap-2026-10-05/continuation-2026-10-09/private-v4-baseline-termination-race/source/windows-node-private-v4-adapter.cpp","docs/research/cli/evidence/gap-2026-10-05/continuation-2026-10-09/private-v4-baseline-termination-race/source/windows-node-private-v4-adapter.h","docs/research/cli/evidence/gap-2026-10-05/continuation-2026-10-09/private-v4-baseline-termination-race/source/windows-node-private-v4-broker.cpp","docs/research/cli/evidence/gap-2026-10-05/continuation-2026-10-09/private-v4-baseline-termination-race/source/windows-node-private-v4-diagnostic.mjs","docs/research/cli/evidence/gap-2026-10-05/continuation-2026-10-09/private-v4-baseline-termination-race/source/windows-node-private-v4-identity.cjs","docs/research/cli/evidence/gap-2026-10-05/continuation-2026-10-09/private-v4-baseline-termination-race/source/windows-node-private-v4-paired.h","docs/research/cli/evidence/gap-2026-10-05/continuation-2026-10-09/private-v4-baseline-termination-race/source/windows-node-private-v4-preload.cjs","docs/research/cli/evidence/gap-2026-10-05/continuation-2026-10-09/private-v4-baseline-termination-race/source/windows-node-private-v4-protocol.h","docs/research/cli/evidence/gap-2026-10-05/continuation-2026-10-09/private-v4-baseline-termination-race/source/windows-node-private-v4-result.mjs","docs/research/cli/evidence/gap-2026-10-05/continuation-2026-10-09/private-v4-baseline-termination-race/stderr","docs/research/cli/evidence/gap-2026-10-05/continuation-2026-10-09/private-v4-baseline-termination-race/stdout","docs/research/cli/evidence/gap-2026-10-05/continuation-2026-10-09/private-v4-failed-baseline-refusal/archive-manifest.json","docs/research/cli/evidence/gap-2026-10-05/continuation-2026-10-09/private-v4-failed-baseline-refusal/inputs/preparation.json","docs/research/cli/evidence/gap-2026-10-05/continuation-2026-10-09/private-v4-failed-baseline-refusal/inputs/report.json","docs/research/cli/evidence/gap-2026-10-05/continuation-2026-10-09/private-v4-failed-baseline-refusal/report.json","docs/research/cli/evidence/gap-2026-10-05/continuation-2026-10-09/private-v4-failed-baseline-refusal/source/windows-esbuild-private-map-shim.cpp","docs/research/cli/evidence/gap-2026-10-05/continuation-2026-10-09/private-v4-failed-baseline-refusal/source/windows-esbuild-private-map-supervisor.cpp","docs/research/cli/evidence/gap-2026-10-05/continuation-2026-10-09/private-v4-failed-baseline-refusal/source/windows-node-private-v4-adapter.cpp","docs/research/cli/evidence/gap-2026-10-05/continuation-2026-10-09/private-v4-failed-baseline-refusal/source/windows-node-private-v4-adapter.h","docs/research/cli/evidence/gap-2026-10-05/continuation-2026-10-09/private-v4-failed-baseline-refusal/source/windows-node-private-v4-broker.cpp","docs/research/cli/evidence/gap-2026-10-05/continuation-2026-10-09/private-v4-failed-baseline-refusal/source/windows-node-private-v4-dependencies.mjs","docs/research/cli/evidence/gap-2026-10-05/continuation-2026-10-09/private-v4-failed-baseline-refusal/source/windows-node-private-v4-diagnostic.mjs","docs/research/cli/evidence/gap-2026-10-05/continuation-2026-10-09/private-v4-failed-baseline-refusal/source/windows-node-private-v4-identity.cjs","docs/research/cli/evidence/gap-2026-10-05/continuation-2026-10-09/private-v4-failed-baseline-refusal/source/windows-node-private-v4-paired.h","docs/research/cli/evidence/gap-2026-10-05/continuation-2026-10-09/private-v4-failed-baseline-refusal/source/windows-node-private-v4-preload.cjs","docs/research/cli/evidence/gap-2026-10-05/continuation-2026-10-09/private-v4-failed-baseline-refusal/source/windows-node-private-v4-protocol.h","docs/research/cli/evidence/gap-2026-10-05/continuation-2026-10-09/private-v4-failed-baseline-refusal/source/windows-node-private-v4-result.mjs","docs/research/cli/evidence/gap-2026-10-05/continuation-2026-10-09/private-v4-final-clean-baseline/archive-manifest.json","docs/research/cli/evidence/gap-2026-10-05/continuation-2026-10-09/private-v4-final-clean-baseline/bundle.js","docs/research/cli/evidence/gap-2026-10-05/continuation-2026-10-09/private-v4-final-clean-baseline/esbuild-trace-1.jsonl","docs/research/cli/evidence/gap-2026-10-05/continuation-2026-10-09/private-v4-final-clean-baseline/inputs/agent-evolution-test-boundary.js","docs/research/cli/evidence/gap-2026-10-05/continuation-2026-10-09/private-v4-final-clean-baseline/inputs/check.cjs","docs/research/cli/evidence/gap-2026-10-05/continuation-2026-10-09/private-v4-final-clean-baseline/inputs/manifest.json","docs/research/cli/evidence/gap-2026-10-05/continuation-2026-10-09/private-v4-final-clean-baseline/inputs/model-capabilities.test.js","docs/research/cli/evidence/gap-2026-10-05/continuation-2026-10-09/private-v4-final-clean-baseline/inputs/preparation.json","docs/research/cli/evidence/gap-2026-10-05/continuation-2026-10-09/private-v4-final-clean-baseline/inputs/review-vitest.config.mjs","docs/research/cli/evidence/gap-2026-10-05/continuation-2026-10-09/private-v4-final-clean-baseline/inputs/source-closure.json","docs/research/cli/evidence/gap-2026-10-05/continuation-2026-10-09/private-v4-final-clean-baseline/inputs/vitest.config.js","docs/research/cli/evidence/gap-2026-10-05/continuation-2026-10-09/private-v4-final-clean-baseline/inputs/windows-node-private-v4.manifest.json","docs/research/cli/evidence/gap-2026-10-05/continuation-2026-10-09/private-v4-final-clean-baseline/inputs/windows-node-private-v4.report-helper-0cf5cfc9-2b5b-47c8-8ae2-329e92b8f109.manifest.json","docs/research/cli/evidence/gap-2026-10-05/continuation-2026-10-09/private-v4-final-clean-baseline/inputs/windows-node-private-v4.worker-23b4cf5f-7a10-4ad2-9206-ae1b4b2c628f.manifest.json","docs/research/cli/evidence/gap-2026-10-05/continuation-2026-10-09/private-v4-final-clean-baseline/inputs/windows-node-private-v4.worker-5ad32d44-8d2f-4034-a5bd-ca75a91c5b72.manifest.json","docs/research/cli/evidence/gap-2026-10-05/continuation-2026-10-09/private-v4-final-clean-baseline/inputs/windows-node-private-v4.worker-621043ea-4ad6-4228-acb6-51e9ab2c5093.manifest.json","docs/research/cli/evidence/gap-2026-10-05/continuation-2026-10-09/private-v4-final-clean-baseline/inputs/windows-node-private-v4.worker-643cb2ee-0151-45a1-b873-934de3874624.manifest.json","docs/research/cli/evidence/gap-2026-10-05/continuation-2026-10-09/private-v4-final-clean-baseline/inputs/windows-node-private-v4.worker-80083dff-28f2-4565-8d88-e2c402b7c916.manifest.json","docs/research/cli/evidence/gap-2026-10-05/continuation-2026-10-09/private-v4-final-clean-baseline/inputs/windows-node-private-v4.worker-a124ac8d-eebd-4fef-8c81-9cdf6089697b.manifest.json","docs/research/cli/evidence/gap-2026-10-05/continuation-2026-10-09/private-v4-final-clean-baseline/inputs/windows-node-private-v4.worker-d28d2c74-533d-4804-a933-9fb637fb2da0.manifest.json","docs/research/cli/evidence/gap-2026-10-05/continuation-2026-10-09/private-v4-final-clean-baseline/inputs/windows-node-private-v4.worker-decb86ef-8f60-487f-8332-e5d3a25defef.manifest.json","docs/research/cli/evidence/gap-2026-10-05/continuation-2026-10-09/private-v4-final-clean-baseline/inputs/windows-node-private-v4.worker-e30ff7a8-9216-4fcd-9b7e-b6b2db7f5e22.manifest.json","docs/research/cli/evidence/gap-2026-10-05/continuation-2026-10-09/private-v4-final-clean-baseline/inputs/windows-sandbox-adapter-cleanup.js","docs/research/cli/evidence/gap-2026-10-05/continuation-2026-10-09/private-v4-final-clean-baseline/inputs/windows-sandbox-adapter-temp-root.js","docs/research/cli/evidence/gap-2026-10-05/continuation-2026-10-09/private-v4-final-clean-baseline/journal.jsonl","docs/research/cli/evidence/gap-2026-10-05/continuation-2026-10-09/private-v4-final-clean-baseline/manifest.json","docs/research/cli/evidence/gap-2026-10-05/continuation-2026-10-09/private-v4-final-clean-baseline/report.json","docs/research/cli/evidence/gap-2026-10-05/continuation-2026-10-09/private-v4-final-clean-baseline/service.json","docs/research/cli/evidence/gap-2026-10-05/continuation-2026-10-09/private-v4-final-clean-baseline/source/verify01-review-runtime.mjs","docs/research/cli/evidence/gap-2026-10-05/continuation-2026-10-09/private-v4-final-clean-baseline/source/verify01-review-specs.mjs","docs/research/cli/evidence/gap-2026-10-05/continuation-2026-10-09/private-v4-final-clean-baseline/source/windows-esbuild-private-map-shim.cpp","docs/research/cli/evidence/gap-2026-10-05/continuation-2026-10-09/private-v4-final-clean-baseline/source/windows-esbuild-private-map-supervisor.cpp","docs/research/cli/evidence/gap-2026-10-05/continuation-2026-10-09/private-v4-final-clean-baseline/source/windows-node-private-v4-adapter.cpp","docs/research/cli/evidence/gap-2026-10-05/continuation-2026-10-09/private-v4-final-clean-baseline/source/windows-node-private-v4-adapter.h","docs/research/cli/evidence/gap-2026-10-05/continuation-2026-10-09/private-v4-final-clean-baseline/source/windows-node-private-v4-broker.cpp","docs/research/cli/evidence/gap-2026-10-05/continuation-2026-10-09/private-v4-final-clean-baseline/source/windows-node-private-v4-dependencies.mjs","docs/research/cli/evidence/gap-2026-10-05/continuation-2026-10-09/private-v4-final-clean-baseline/source/windows-node-private-v4-diagnostic.mjs","docs/research/cli/evidence/gap-2026-10-05/continuation-2026-10-09/private-v4-final-clean-baseline/source/windows-node-private-v4-identity.cjs","docs/research/cli/evidence/gap-2026-10-05/continuation-2026-10-09/private-v4-final-clean-baseline/source/windows-node-private-v4-paired.h","docs/research/cli/evidence/gap-2026-10-05/continuation-2026-10-09/private-v4-final-clean-baseline/source/windows-node-private-v4-preload.cjs","docs/research/cli/evidence/gap-2026-10-05/continuation-2026-10-09/private-v4-final-clean-baseline/source/windows-node-private-v4-protocol.h","docs/research/cli/evidence/gap-2026-10-05/continuation-2026-10-09/private-v4-final-clean-baseline/source/windows-node-private-v4-result.mjs","docs/research/cli/evidence/gap-2026-10-05/continuation-2026-10-09/private-v4-final-clean-baseline/stderr","docs/research/cli/evidence/gap-2026-10-05/continuation-2026-10-09/private-v4-final-clean-baseline/stdout","docs/research/cli/evidence/gap-2026-10-05/continuation-2026-10-09/private-v4-final-full-baseline/archive-manifest.json","docs/research/cli/evidence/gap-2026-10-05/continuation-2026-10-09/private-v4-final-full-baseline/bundle.js","docs/research/cli/evidence/gap-2026-10-05/continuation-2026-10-09/private-v4-final-full-baseline/esbuild-trace-1.jsonl","docs/research/cli/evidence/gap-2026-10-05/continuation-2026-10-09/private-v4-final-full-baseline/inputs/agent-evolution-test-boundary.js","docs/research/cli/evidence/gap-2026-10-05/continuation-2026-10-09/private-v4-final-full-baseline/inputs/check.cjs","docs/research/cli/evidence/gap-2026-10-05/continuation-2026-10-09/private-v4-final-full-baseline/inputs/manifest.json","docs/research/cli/evidence/gap-2026-10-05/continuation-2026-10-09/private-v4-final-full-baseline/inputs/model-capabilities.test.js","docs/research/cli/evidence/gap-2026-10-05/continuation-2026-10-09/private-v4-final-full-baseline/inputs/preparation.json","docs/research/cli/evidence/gap-2026-10-05/continuation-2026-10-09/private-v4-final-full-baseline/inputs/review-vitest.config.mjs","docs/research/cli/evidence/gap-2026-10-05/continuation-2026-10-09/private-v4-final-full-baseline/inputs/source-closure.json","docs/research/cli/evidence/gap-2026-10-05/continuation-2026-10-09/private-v4-final-full-baseline/inputs/vitest.config.js","docs/research/cli/evidence/gap-2026-10-05/continuation-2026-10-09/private-v4-final-full-baseline/inputs/windows-node-private-v4.manifest.json","docs/research/cli/evidence/gap-2026-10-05/continuation-2026-10-09/private-v4-final-full-baseline/inputs/windows-node-private-v4.report-helper-e82576bc-f7b8-44cf-ae1c-9be85cec3229.manifest.json","docs/research/cli/evidence/gap-2026-10-05/continuation-2026-10-09/private-v4-final-full-baseline/inputs/windows-node-private-v4.worker-00c6e12f-9e56-41a8-a212-2c0ef79bc8c9.manifest.json","docs/research/cli/evidence/gap-2026-10-05/continuation-2026-10-09/private-v4-final-full-baseline/inputs/windows-node-private-v4.worker-168d8dd2-7070-40b8-ba42-c41430bcfd7c.manifest.json","docs/research/cli/evidence/gap-2026-10-05/continuation-2026-10-09/private-v4-final-full-baseline/inputs/windows-node-private-v4.worker-373a0bcc-b960-4619-80c6-3a1fc714cd1c.manifest.json","docs/research/cli/evidence/gap-2026-10-05/continuation-2026-10-09/private-v4-final-full-baseline/inputs/windows-node-private-v4.worker-39b1aa1d-4e17-44ce-81e2-bf888c08faaf.manifest.json","docs/research/cli/evidence/gap-2026-10-05/continuation-2026-10-09/private-v4-final-full-baseline/inputs/windows-node-private-v4.worker-409216fe-d11b-4541-8cba-a4dfe49015a5.manifest.json","docs/research/cli/evidence/gap-2026-10-05/continuation-2026-10-09/private-v4-final-full-baseline/inputs/windows-node-private-v4.worker-5447bf64-9dd4-45ad-a807-11bfb873e4c1.manifest.json","docs/research/cli/evidence/gap-2026-10-05/continuation-2026-10-09/private-v4-final-full-baseline/inputs/windows-node-private-v4.worker-744f82d1-c73d-41d0-9cdf-b917b9dccde1.manifest.json","docs/research/cli/evidence/gap-2026-10-05/continuation-2026-10-09/private-v4-final-full-baseline/inputs/windows-node-private-v4.worker-7522205a-83fd-47f6-8e76-3c42900b5630.manifest.json","docs/research/cli/evidence/gap-2026-10-05/continuation-2026-10-09/private-v4-final-full-baseline/inputs/windows-node-private-v4.worker-92c28f3f-d01c-4c25-bf17-b15e559960d3.manifest.json","docs/research/cli/evidence/gap-2026-10-05/continuation-2026-10-09/private-v4-final-full-baseline/inputs/windows-node-private-v4.worker-ae4e5d3b-339a-4d99-9b85-d3df3e2e91c7.manifest.json","docs/research/cli/evidence/gap-2026-10-05/continuation-2026-10-09/private-v4-final-full-baseline/inputs/windows-node-private-v4.worker-b8f28e4d-c023-4a40-ad0e-39fe8a034899.manifest.json","docs/research/cli/evidence/gap-2026-10-05/continuation-2026-10-09/private-v4-final-full-baseline/inputs/windows-node-private-v4.worker-ecf25d1f-2844-4433-95c6-b82b0735b230.manifest.json","docs/research/cli/evidence/gap-2026-10-05/continuation-2026-10-09/private-v4-final-full-baseline/inputs/windows-sandbox-adapter-cleanup.js","docs/research/cli/evidence/gap-2026-10-05/continuation-2026-10-09/private-v4-final-full-baseline/inputs/windows-sandbox-adapter-temp-root.js","docs/research/cli/evidence/gap-2026-10-05/continuation-2026-10-09/private-v4-final-full-baseline/journal.jsonl","docs/research/cli/evidence/gap-2026-10-05/continuation-2026-10-09/private-v4-final-full-baseline/manifest.json","docs/research/cli/evidence/gap-2026-10-05/continuation-2026-10-09/private-v4-final-full-baseline/report.json","docs/research/cli/evidence/gap-2026-10-05/continuation-2026-10-09/private-v4-final-full-baseline/service.json","docs/research/cli/evidence/gap-2026-10-05/continuation-2026-10-09/private-v4-final-full-baseline/source/verify01-review-runtime.mjs","docs/research/cli/evidence/gap-2026-10-05/continuation-2026-10-09/private-v4-final-full-baseline/source/verify01-review-specs.mjs","docs/research/cli/evidence/gap-2026-10-05/continuation-2026-10-09/private-v4-final-full-baseline/source/windows-esbuild-private-map-shim.cpp","docs/research/cli/evidence/gap-2026-10-05/continuation-2026-10-09/private-v4-final-full-baseline/source/windows-esbuild-private-map-supervisor.cpp","docs/research/cli/evidence/gap-2026-10-05/continuation-2026-10-09/private-v4-final-full-baseline/source/windows-node-private-v4-adapter.cpp","docs/research/cli/evidence/gap-2026-10-05/continuation-2026-10-09/private-v4-final-full-baseline/source/windows-node-private-v4-adapter.h","docs/research/cli/evidence/gap-2026-10-05/continuation-2026-10-09/private-v4-final-full-baseline/source/windows-node-private-v4-broker.cpp","docs/research/cli/evidence/gap-2026-10-05/continuation-2026-10-09/private-v4-final-full-baseline/source/windows-node-private-v4-dependencies.mjs","docs/research/cli/evidence/gap-2026-10-05/continuation-2026-10-09/private-v4-final-full-baseline/source/windows-node-private-v4-diagnostic.mjs","docs/research/cli/evidence/gap-2026-10-05/continuation-2026-10-09/private-v4-final-full-baseline/source/windows-node-private-v4-identity.cjs","docs/research/cli/evidence/gap-2026-10-05/continuation-2026-10-09/private-v4-final-full-baseline/source/windows-node-private-v4-paired.h","docs/research/cli/evidence/gap-2026-10-05/continuation-2026-10-09/private-v4-final-full-baseline/source/windows-node-private-v4-preload.cjs","docs/research/cli/evidence/gap-2026-10-05/continuation-2026-10-09/private-v4-final-full-baseline/source/windows-node-private-v4-protocol.h","docs/research/cli/evidence/gap-2026-10-05/continuation-2026-10-09/private-v4-final-full-baseline/source/windows-node-private-v4-result.mjs","docs/research/cli/evidence/gap-2026-10-05/continuation-2026-10-09/private-v4-final-full-baseline/stderr","docs/research/cli/evidence/gap-2026-10-05/continuation-2026-10-09/private-v4-final-full-baseline/stdout","docs/research/cli/evidence/gap-2026-10-05/continuation-2026-10-09/private-v4-final-matrix-index-source.mjs","docs/research/cli/evidence/gap-2026-10-05/continuation-2026-10-09/private-v4-final-matrix-index.json","docs/research/cli/evidence/gap-2026-10-05/continuation-2026-10-09/private-v4-final-mutant-01/archive-manifest.json","docs/research/cli/evidence/gap-2026-10-05/continuation-2026-10-09/private-v4-final-mutant-01/bundle.js","docs/research/cli/evidence/gap-2026-10-05/continuation-2026-10-09/private-v4-final-mutant-01/esbuild-trace-1.jsonl","docs/research/cli/evidence/gap-2026-10-05/continuation-2026-10-09/private-v4-final-mutant-01/inputs/agent-evolution-test-boundary.js","docs/research/cli/evidence/gap-2026-10-05/continuation-2026-10-09/private-v4-final-mutant-01/inputs/check.cjs","docs/research/cli/evidence/gap-2026-10-05/continuation-2026-10-09/private-v4-final-mutant-01/inputs/manifest.json","docs/research/cli/evidence/gap-2026-10-05/continuation-2026-10-09/private-v4-final-mutant-01/inputs/model-capabilities.js","docs/research/cli/evidence/gap-2026-10-05/continuation-2026-10-09/private-v4-final-mutant-01/inputs/model-capabilities.test.js","docs/research/cli/evidence/gap-2026-10-05/continuation-2026-10-09/private-v4-final-mutant-01/inputs/preparation.json","docs/research/cli/evidence/gap-2026-10-05/continuation-2026-10-09/private-v4-final-mutant-01/inputs/report.json","docs/research/cli/evidence/gap-2026-10-05/continuation-2026-10-09/private-v4-final-mutant-01/inputs/review-vitest.config.mjs","docs/research/cli/evidence/gap-2026-10-05/continuation-2026-10-09/private-v4-final-mutant-01/inputs/source-closure.json","docs/research/cli/evidence/gap-2026-10-05/continuation-2026-10-09/private-v4-final-mutant-01/inputs/vitest.config.js","docs/research/cli/evidence/gap-2026-10-05/continuation-2026-10-09/private-v4-final-mutant-01/inputs/windows-node-private-v4.manifest.json","docs/research/cli/evidence/gap-2026-10-05/continuation-2026-10-09/private-v4-final-mutant-01/inputs/windows-node-private-v4.report-helper-6d6d0fa2-2976-4c9f-8197-b94d12dd0a7b.manifest.json","docs/research/cli/evidence/gap-2026-10-05/continuation-2026-10-09/private-v4-final-mutant-01/inputs/windows-node-private-v4.worker-47f42cfa-9c10-4a0c-a72b-355bdffab666.manifest.json","docs/research/cli/evidence/gap-2026-10-05/continuation-2026-10-09/private-v4-final-mutant-01/inputs/windows-node-private-v4.worker-51ad6cd5-048b-4a8a-a85e-2df3132f976d.manifest.json","docs/research/cli/evidence/gap-2026-10-05/continuation-2026-10-09/private-v4-final-mutant-01/inputs/windows-sandbox-adapter-cleanup.js","docs/research/cli/evidence/gap-2026-10-05/continuation-2026-10-09/private-v4-final-mutant-01/inputs/windows-sandbox-adapter-temp-root.js","docs/research/cli/evidence/gap-2026-10-05/continuation-2026-10-09/private-v4-final-mutant-01/journal.jsonl","docs/research/cli/evidence/gap-2026-10-05/continuation-2026-10-09/private-v4-final-mutant-01/manifest.json","docs/research/cli/evidence/gap-2026-10-05/continuation-2026-10-09/private-v4-final-mutant-01/report.json","docs/research/cli/evidence/gap-2026-10-05/continuation-2026-10-09/private-v4-final-mutant-01/service.json","docs/research/cli/evidence/gap-2026-10-05/continuation-2026-10-09/private-v4-final-mutant-01/source/verify01-review-runtime.mjs","docs/research/cli/evidence/gap-2026-10-05/continuation-2026-10-09/private-v4-final-mutant-01/source/verify01-review-specs.mjs","docs/research/cli/evidence/gap-2026-10-05/continuation-2026-10-09/private-v4-final-mutant-01/source/windows-esbuild-private-map-shim.cpp","docs/research/cli/evidence/gap-2026-10-05/continuation-2026-10-09/private-v4-final-mutant-01/source/windows-esbuild-private-map-supervisor.cpp","docs/research/cli/evidence/gap-2026-10-05/continuation-2026-10-09/private-v4-final-mutant-01/source/windows-node-private-v4-adapter.cpp","docs/research/cli/evidence/gap-2026-10-05/continuation-2026-10-09/private-v4-final-mutant-01/source/windows-node-private-v4-adapter.h","docs/research/cli/evidence/gap-2026-10-05/continuation-2026-10-09/private-v4-final-mutant-01/source/windows-node-private-v4-broker.cpp","docs/research/cli/evidence/gap-2026-10-05/continuation-2026-10-09/private-v4-final-mutant-01/source/windows-node-private-v4-dependencies.mjs","docs/research/cli/evidence/gap-2026-10-05/continuation-2026-10-09/private-v4-final-mutant-01/source/windows-node-private-v4-diagnostic.mjs","docs/research/cli/evidence/gap-2026-10-05/continuation-2026-10-09/private-v4-final-mutant-01/source/windows-node-private-v4-identity.cjs","docs/research/cli/evidence/gap-2026-10-05/continuation-2026-10-09/private-v4-final-mutant-01/source/windows-node-private-v4-paired.h","docs/research/cli/evidence/gap-2026-10-05/continuation-2026-10-09/private-v4-final-mutant-01/source/windows-node-private-v4-preload.cjs","docs/research/cli/evidence/gap-2026-10-05/continuation-2026-10-09/private-v4-final-mutant-01/source/windows-node-private-v4-protocol.h","docs/research/cli/evidence/gap-2026-10-05/continuation-2026-10-09/private-v4-final-mutant-01/source/windows-node-private-v4-result.mjs","docs/research/cli/evidence/gap-2026-10-05/continuation-2026-10-09/private-v4-final-mutant-01/stderr","docs/research/cli/evidence/gap-2026-10-05/continuation-2026-10-09/private-v4-final-mutant-01/stdout","docs/research/cli/evidence/gap-2026-10-05/continuation-2026-10-09/private-v4-final-mutant-02/archive-manifest.json","docs/research/cli/evidence/gap-2026-10-05/continuation-2026-10-09/private-v4-final-mutant-02/bundle.js","docs/research/cli/evidence/gap-2026-10-05/continuation-2026-10-09/private-v4-final-mutant-02/esbuild-trace-1.jsonl","docs/research/cli/evidence/gap-2026-10-05/continuation-2026-10-09/private-v4-final-mutant-02/inputs/agent-evolution-test-boundary.js","docs/research/cli/evidence/gap-2026-10-05/continuation-2026-10-09/private-v4-final-mutant-02/inputs/check.cjs","docs/research/cli/evidence/gap-2026-10-05/continuation-2026-10-09/private-v4-final-mutant-02/inputs/manifest.json","docs/research/cli/evidence/gap-2026-10-05/continuation-2026-10-09/private-v4-final-mutant-02/inputs/model-capabilities.js","docs/research/cli/evidence/gap-2026-10-05/continuation-2026-10-09/private-v4-final-mutant-02/inputs/model-capabilities.test.js","docs/research/cli/evidence/gap-2026-10-05/continuation-2026-10-09/private-v4-final-mutant-02/inputs/preparation.json","docs/research/cli/evidence/gap-2026-10-05/continuation-2026-10-09/private-v4-final-mutant-02/inputs/report.json","docs/research/cli/evidence/gap-2026-10-05/continuation-2026-10-09/private-v4-final-mutant-02/inputs/review-vitest.config.mjs","docs/research/cli/evidence/gap-2026-10-05/continuation-2026-10-09/private-v4-final-mutant-02/inputs/source-closure.json","docs/research/cli/evidence/gap-2026-10-05/continuation-2026-10-09/private-v4-final-mutant-02/inputs/vitest.config.js","docs/research/cli/evidence/gap-2026-10-05/continuation-2026-10-09/private-v4-final-mutant-02/inputs/windows-node-private-v4.manifest.json","docs/research/cli/evidence/gap-2026-10-05/continuation-2026-10-09/private-v4-final-mutant-02/inputs/windows-node-private-v4.report-helper-702474e3-897c-412a-bb94-e8b4cba0e571.manifest.json","docs/research/cli/evidence/gap-2026-10-05/continuation-2026-10-09/private-v4-final-mutant-02/inputs/windows-node-private-v4.worker-3b1aec68-b80f-4ab1-be3e-4e90df04e238.manifest.json","docs/research/cli/evidence/gap-2026-10-05/continuation-2026-10-09/private-v4-final-mutant-02/inputs/windows-node-private-v4.worker-9392cb98-1963-4174-953e-00ed919fb442.manifest.json","docs/research/cli/evidence/gap-2026-10-05/continuation-2026-10-09/private-v4-final-mutant-02/inputs/windows-sandbox-adapter-cleanup.js","docs/research/cli/evidence/gap-2026-10-05/continuation-2026-10-09/private-v4-final-mutant-02/inputs/windows-sandbox-adapter-temp-root.js","docs/research/cli/evidence/gap-2026-10-05/continuation-2026-10-09/private-v4-final-mutant-02/journal.jsonl","docs/research/cli/evidence/gap-2026-10-05/continuation-2026-10-09/private-v4-final-mutant-02/manifest.json","docs/research/cli/evidence/gap-2026-10-05/continuation-2026-10-09/private-v4-final-mutant-02/report.json","docs/research/cli/evidence/gap-2026-10-05/continuation-2026-10-09/private-v4-final-mutant-02/service.json","docs/research/cli/evidence/gap-2026-10-05/continuation-2026-10-09/private-v4-final-mutant-02/source/verify01-review-runtime.mjs","docs/research/cli/evidence/gap-2026-10-05/continuation-2026-10-09/private-v4-final-mutant-02/source/verify01-review-specs.mjs","docs/research/cli/evidence/gap-2026-10-05/continuation-2026-10-09/private-v4-final-mutant-02/source/windows-esbuild-private-map-shim.cpp","docs/research/cli/evidence/gap-2026-10-05/continuation-2026-10-09/private-v4-final-mutant-02/source/windows-esbuild-private-map-supervisor.cpp","docs/research/cli/evidence/gap-2026-10-05/continuation-2026-10-09/private-v4-final-mutant-02/source/windows-node-private-v4-adapter.cpp","docs/research/cli/evidence/gap-2026-10-05/continuation-2026-10-09/private-v4-final-mutant-02/source/windows-node-private-v4-adapter.h","docs/research/cli/evidence/gap-2026-10-05/continuation-2026-10-09/private-v4-final-mutant-02/source/windows-node-private-v4-broker.cpp","docs/research/cli/evidence/gap-2026-10-05/continuation-2026-10-09/private-v4-final-mutant-02/source/windows-node-private-v4-dependencies.mjs","docs/research/cli/evidence/gap-2026-10-05/continuation-2026-10-09/private-v4-final-mutant-02/source/windows-node-private-v4-diagnostic.mjs","docs/research/cli/evidence/gap-2026-10-05/continuation-2026-10-09/private-v4-final-mutant-02/source/windows-node-private-v4-identity.cjs","docs/research/cli/evidence/gap-2026-10-05/continuation-2026-10-09/private-v4-final-mutant-02/source/windows-node-private-v4-paired.h","docs/research/cli/evidence/gap-2026-10-05/continuation-2026-10-09/private-v4-final-mutant-02/source/windows-node-private-v4-preload.cjs","docs/research/cli/evidence/gap-2026-10-05/continuation-2026-10-09/private-v4-final-mutant-02/source/windows-node-private-v4-protocol.h","docs/research/cli/evidence/gap-2026-10-05/continuation-2026-10-09/private-v4-final-mutant-02/source/windows-node-private-v4-result.mjs","docs/research/cli/evidence/gap-2026-10-05/continuation-2026-10-09/private-v4-final-mutant-02/stderr","docs/research/cli/evidence/gap-2026-10-05/continuation-2026-10-09/private-v4-final-mutant-02/stdout","docs/research/cli/evidence/gap-2026-10-05/continuation-2026-10-09/private-v4-final-mutant-03/archive-manifest.json","docs/research/cli/evidence/gap-2026-10-05/continuation-2026-10-09/private-v4-final-mutant-03/bundle.js","docs/research/cli/evidence/gap-2026-10-05/continuation-2026-10-09/private-v4-final-mutant-03/esbuild-trace-1.jsonl","docs/research/cli/evidence/gap-2026-10-05/continuation-2026-10-09/private-v4-final-mutant-03/inputs/agent-evolution-test-boundary.js","docs/research/cli/evidence/gap-2026-10-05/continuation-2026-10-09/private-v4-final-mutant-03/inputs/check.cjs","docs/research/cli/evidence/gap-2026-10-05/continuation-2026-10-09/private-v4-final-mutant-03/inputs/llm-pricing.js","docs/research/cli/evidence/gap-2026-10-05/continuation-2026-10-09/private-v4-final-mutant-03/inputs/manifest.json","docs/research/cli/evidence/gap-2026-10-05/continuation-2026-10-09/private-v4-final-mutant-03/inputs/model-capabilities.test.js","docs/research/cli/evidence/gap-2026-10-05/continuation-2026-10-09/private-v4-final-mutant-03/inputs/preparation.json","docs/research/cli/evidence/gap-2026-10-05/continuation-2026-10-09/private-v4-final-mutant-03/inputs/report.json","docs/research/cli/evidence/gap-2026-10-05/continuation-2026-10-09/private-v4-final-mutant-03/inputs/review-vitest.config.mjs","docs/research/cli/evidence/gap-2026-10-05/continuation-2026-10-09/private-v4-final-mutant-03/inputs/source-closure.json","docs/research/cli/evidence/gap-2026-10-05/continuation-2026-10-09/private-v4-final-mutant-03/inputs/vitest.config.js","docs/research/cli/evidence/gap-2026-10-05/continuation-2026-10-09/private-v4-final-mutant-03/inputs/windows-node-private-v4.manifest.json","docs/research/cli/evidence/gap-2026-10-05/continuation-2026-10-09/private-v4-final-mutant-03/inputs/windows-node-private-v4.report-helper-e473c812-9f5d-4733-a339-c22ea3f4311d.manifest.json","docs/research/cli/evidence/gap-2026-10-05/continuation-2026-10-09/private-v4-final-mutant-03/inputs/windows-node-private-v4.worker-179b7962-4a03-4bca-8308-2340863170eb.manifest.json","docs/research/cli/evidence/gap-2026-10-05/continuation-2026-10-09/private-v4-final-mutant-03/inputs/windows-node-private-v4.worker-1c6ab225-dee8-40ef-8b02-5ba0ad030f8e.manifest.json","docs/research/cli/evidence/gap-2026-10-05/continuation-2026-10-09/private-v4-final-mutant-03/inputs/windows-sandbox-adapter-cleanup.js","docs/research/cli/evidence/gap-2026-10-05/continuation-2026-10-09/private-v4-final-mutant-03/inputs/windows-sandbox-adapter-temp-root.js","docs/research/cli/evidence/gap-2026-10-05/continuation-2026-10-09/private-v4-final-mutant-03/journal.jsonl","docs/research/cli/evidence/gap-2026-10-05/continuation-2026-10-09/private-v4-final-mutant-03/manifest.json","docs/research/cli/evidence/gap-2026-10-05/continuation-2026-10-09/private-v4-final-mutant-03/report.json","docs/research/cli/evidence/gap-2026-10-05/continuation-2026-10-09/private-v4-final-mutant-03/service.json","docs/research/cli/evidence/gap-2026-10-05/continuation-2026-10-09/private-v4-final-mutant-03/source/verify01-review-runtime.mjs","docs/research/cli/evidence/gap-2026-10-05/continuation-2026-10-09/private-v4-final-mutant-03/source/verify01-review-specs.mjs","docs/research/cli/evidence/gap-2026-10-05/continuation-2026-10-09/private-v4-final-mutant-03/source/windows-esbuild-private-map-shim.cpp","docs/research/cli/evidence/gap-2026-10-05/continuation-2026-10-09/private-v4-final-mutant-03/source/windows-esbuild-private-map-supervisor.cpp","docs/research/cli/evidence/gap-2026-10-05/continuation-2026-10-09/private-v4-final-mutant-03/source/windows-node-private-v4-adapter.cpp","docs/research/cli/evidence/gap-2026-10-05/continuation-2026-10-09/private-v4-final-mutant-03/source/windows-node-private-v4-adapter.h","docs/research/cli/evidence/gap-2026-10-05/continuation-2026-10-09/private-v4-final-mutant-03/source/windows-node-private-v4-broker.cpp","docs/research/cli/evidence/gap-2026-10-05/continuation-2026-10-09/private-v4-final-mutant-03/source/windows-node-private-v4-dependencies.mjs","docs/research/cli/evidence/gap-2026-10-05/continuation-2026-10-09/private-v4-final-mutant-03/source/windows-node-private-v4-diagnostic.mjs","docs/research/cli/evidence/gap-2026-10-05/continuation-2026-10-09/private-v4-final-mutant-03/source/windows-node-private-v4-identity.cjs","docs/research/cli/evidence/gap-2026-10-05/continuation-2026-10-09/private-v4-final-mutant-03/source/windows-node-private-v4-paired.h","docs/research/cli/evidence/gap-2026-10-05/continuation-2026-10-09/private-v4-final-mutant-03/source/windows-node-private-v4-preload.cjs","docs/research/cli/evidence/gap-2026-10-05/continuation-2026-10-09/private-v4-final-mutant-03/source/windows-node-private-v4-protocol.h","docs/research/cli/evidence/gap-2026-10-05/continuation-2026-10-09/private-v4-final-mutant-03/source/windows-node-private-v4-result.mjs","docs/research/cli/evidence/gap-2026-10-05/continuation-2026-10-09/private-v4-final-mutant-03/stderr","docs/research/cli/evidence/gap-2026-10-05/continuation-2026-10-09/private-v4-final-mutant-03/stdout","docs/research/cli/evidence/gap-2026-10-05/continuation-2026-10-09/private-v4-final-mutant-10/archive-manifest.json","docs/research/cli/evidence/gap-2026-10-05/continuation-2026-10-09/private-v4-final-mutant-10/bundle.js","docs/research/cli/evidence/gap-2026-10-05/continuation-2026-10-09/private-v4-final-mutant-10/esbuild-trace-1.jsonl","docs/research/cli/evidence/gap-2026-10-05/continuation-2026-10-09/private-v4-final-mutant-10/inputs/agent-evolution-test-boundary.js","docs/research/cli/evidence/gap-2026-10-05/continuation-2026-10-09/private-v4-final-mutant-10/inputs/background-agent-list-index.js","docs/research/cli/evidence/gap-2026-10-05/continuation-2026-10-09/private-v4-final-mutant-10/inputs/check.cjs","docs/research/cli/evidence/gap-2026-10-05/continuation-2026-10-09/private-v4-final-mutant-10/inputs/manifest.json","docs/research/cli/evidence/gap-2026-10-05/continuation-2026-10-09/private-v4-final-mutant-10/inputs/model-capabilities.test.js","docs/research/cli/evidence/gap-2026-10-05/continuation-2026-10-09/private-v4-final-mutant-10/inputs/preparation.json","docs/research/cli/evidence/gap-2026-10-05/continuation-2026-10-09/private-v4-final-mutant-10/inputs/report.json","docs/research/cli/evidence/gap-2026-10-05/continuation-2026-10-09/private-v4-final-mutant-10/inputs/review-vitest.config.mjs","docs/research/cli/evidence/gap-2026-10-05/continuation-2026-10-09/private-v4-final-mutant-10/inputs/source-closure.json","docs/research/cli/evidence/gap-2026-10-05/continuation-2026-10-09/private-v4-final-mutant-10/inputs/vitest.config.js","docs/research/cli/evidence/gap-2026-10-05/continuation-2026-10-09/private-v4-final-mutant-10/inputs/windows-node-private-v4.manifest.json","docs/research/cli/evidence/gap-2026-10-05/continuation-2026-10-09/private-v4-final-mutant-10/inputs/windows-node-private-v4.report-helper-99f369af-813b-44ae-ad35-a91bfc40d530.manifest.json","docs/research/cli/evidence/gap-2026-10-05/continuation-2026-10-09/private-v4-final-mutant-10/inputs/windows-node-private-v4.worker-babc67e5-7cbc-435d-a317-86dd80696191.manifest.json","docs/research/cli/evidence/gap-2026-10-05/continuation-2026-10-09/private-v4-final-mutant-10/inputs/windows-sandbox-adapter-cleanup.js","docs/research/cli/evidence/gap-2026-10-05/continuation-2026-10-09/private-v4-final-mutant-10/inputs/windows-sandbox-adapter-temp-root.js","docs/research/cli/evidence/gap-2026-10-05/continuation-2026-10-09/private-v4-final-mutant-10/journal.jsonl","docs/research/cli/evidence/gap-2026-10-05/continuation-2026-10-09/private-v4-final-mutant-10/manifest.json","docs/research/cli/evidence/gap-2026-10-05/continuation-2026-10-09/private-v4-final-mutant-10/report.json","docs/research/cli/evidence/gap-2026-10-05/continuation-2026-10-09/private-v4-final-mutant-10/service.json","docs/research/cli/evidence/gap-2026-10-05/continuation-2026-10-09/private-v4-final-mutant-10/source/verify01-review-runtime.mjs","docs/research/cli/evidence/gap-2026-10-05/continuation-2026-10-09/private-v4-final-mutant-10/source/verify01-review-specs.mjs","docs/research/cli/evidence/gap-2026-10-05/continuation-2026-10-09/private-v4-final-mutant-10/source/windows-esbuild-private-map-shim.cpp","docs/research/cli/evidence/gap-2026-10-05/continuation-2026-10-09/private-v4-final-mutant-10/source/windows-esbuild-private-map-supervisor.cpp","docs/research/cli/evidence/gap-2026-10-05/continuation-2026-10-09/private-v4-final-mutant-10/source/windows-node-private-v4-adapter.cpp","docs/research/cli/evidence/gap-2026-10-05/continuation-2026-10-09/private-v4-final-mutant-10/source/windows-node-private-v4-adapter.h","docs/research/cli/evidence/gap-2026-10-05/continuation-2026-10-09/private-v4-final-mutant-10/source/windows-node-private-v4-broker.cpp","docs/research/cli/evidence/gap-2026-10-05/continuation-2026-10-09/private-v4-final-mutant-10/source/windows-node-private-v4-dependencies.mjs","docs/research/cli/evidence/gap-2026-10-05/continuation-2026-10-09/private-v4-final-mutant-10/source/windows-node-private-v4-diagnostic.mjs","docs/research/cli/evidence/gap-2026-10-05/continuation-2026-10-09/private-v4-final-mutant-10/source/windows-node-private-v4-identity.cjs","docs/research/cli/evidence/gap-2026-10-05/continuation-2026-10-09/private-v4-final-mutant-10/source/windows-node-private-v4-paired.h","docs/research/cli/evidence/gap-2026-10-05/continuation-2026-10-09/private-v4-final-mutant-10/source/windows-node-private-v4-preload.cjs","docs/research/cli/evidence/gap-2026-10-05/continuation-2026-10-09/private-v4-final-mutant-10/source/windows-node-private-v4-protocol.h","docs/research/cli/evidence/gap-2026-10-05/continuation-2026-10-09/private-v4-final-mutant-10/source/windows-node-private-v4-result.mjs","docs/research/cli/evidence/gap-2026-10-05/continuation-2026-10-09/private-v4-final-mutant-10/stderr","docs/research/cli/evidence/gap-2026-10-05/continuation-2026-10-09/private-v4-final-mutant-10/stdout","docs/research/cli/evidence/gap-2026-10-05/continuation-2026-10-09/private-v4-final-mutant-12-retry1/archive-manifest.json","docs/research/cli/evidence/gap-2026-10-05/continuation-2026-10-09/private-v4-final-mutant-12-retry1/bundle.js","docs/research/cli/evidence/gap-2026-10-05/continuation-2026-10-09/private-v4-final-mutant-12-retry1/esbuild-trace-1.jsonl","docs/research/cli/evidence/gap-2026-10-05/continuation-2026-10-09/private-v4-final-mutant-12-retry1/inputs/agent-evolution-test-boundary.js","docs/research/cli/evidence/gap-2026-10-05/continuation-2026-10-09/private-v4-final-mutant-12-retry1/inputs/background-command-argv.js","docs/research/cli/evidence/gap-2026-10-05/continuation-2026-10-09/private-v4-final-mutant-12-retry1/inputs/check.cjs","docs/research/cli/evidence/gap-2026-10-05/continuation-2026-10-09/private-v4-final-mutant-12-retry1/inputs/manifest.json","docs/research/cli/evidence/gap-2026-10-05/continuation-2026-10-09/private-v4-final-mutant-12-retry1/inputs/model-capabilities.test.js","docs/research/cli/evidence/gap-2026-10-05/continuation-2026-10-09/private-v4-final-mutant-12-retry1/inputs/preparation.json","docs/research/cli/evidence/gap-2026-10-05/continuation-2026-10-09/private-v4-final-mutant-12-retry1/inputs/report.json","docs/research/cli/evidence/gap-2026-10-05/continuation-2026-10-09/private-v4-final-mutant-12-retry1/inputs/review-vitest.config.mjs","docs/research/cli/evidence/gap-2026-10-05/continuation-2026-10-09/private-v4-final-mutant-12-retry1/inputs/source-closure.json","docs/research/cli/evidence/gap-2026-10-05/continuation-2026-10-09/private-v4-final-mutant-12-retry1/inputs/vitest.config.js","docs/research/cli/evidence/gap-2026-10-05/continuation-2026-10-09/private-v4-final-mutant-12-retry1/inputs/windows-node-private-v4.manifest.json","docs/research/cli/evidence/gap-2026-10-05/continuation-2026-10-09/private-v4-final-mutant-12-retry1/inputs/windows-node-private-v4.report-helper-04f58cd4-4cbe-4d5b-874d-7aa2c42476ad.manifest.json","docs/research/cli/evidence/gap-2026-10-05/continuation-2026-10-09/private-v4-final-mutant-12-retry1/inputs/windows-node-private-v4.worker-a52786b0-10b2-4069-968e-5d1496f261d7.manifest.json","docs/research/cli/evidence/gap-2026-10-05/continuation-2026-10-09/private-v4-final-mutant-12-retry1/inputs/windows-sandbox-adapter-cleanup.js","docs/research/cli/evidence/gap-2026-10-05/continuation-2026-10-09/private-v4-final-mutant-12-retry1/inputs/windows-sandbox-adapter-temp-root.js","docs/research/cli/evidence/gap-2026-10-05/continuation-2026-10-09/private-v4-final-mutant-12-retry1/journal.jsonl","docs/research/cli/evidence/gap-2026-10-05/continuation-2026-10-09/private-v4-final-mutant-12-retry1/manifest.json","docs/research/cli/evidence/gap-2026-10-05/continuation-2026-10-09/private-v4-final-mutant-12-retry1/report.json","docs/research/cli/evidence/gap-2026-10-05/continuation-2026-10-09/private-v4-final-mutant-12-retry1/service.json","docs/research/cli/evidence/gap-2026-10-05/continuation-2026-10-09/private-v4-final-mutant-12-retry1/source/verify01-review-runtime.mjs","docs/research/cli/evidence/gap-2026-10-05/continuation-2026-10-09/private-v4-final-mutant-12-retry1/source/verify01-review-specs.mjs","docs/research/cli/evidence/gap-2026-10-05/continuation-2026-10-09/private-v4-final-mutant-12-retry1/source/windows-esbuild-private-map-shim.cpp","docs/research/cli/evidence/gap-2026-10-05/continuation-2026-10-09/private-v4-final-mutant-12-retry1/source/windows-esbuild-private-map-supervisor.cpp","docs/research/cli/evidence/gap-2026-10-05/continuation-2026-10-09/private-v4-final-mutant-12-retry1/source/windows-node-private-v4-adapter.cpp","docs/research/cli/evidence/gap-2026-10-05/continuation-2026-10-09/private-v4-final-mutant-12-retry1/source/windows-node-private-v4-adapter.h","docs/research/cli/evidence/gap-2026-10-05/continuation-2026-10-09/private-v4-final-mutant-12-retry1/source/windows-node-private-v4-broker.cpp","docs/research/cli/evidence/gap-2026-10-05/continuation-2026-10-09/private-v4-final-mutant-12-retry1/source/windows-node-private-v4-dependencies.mjs","docs/research/cli/evidence/gap-2026-10-05/continuation-2026-10-09/private-v4-final-mutant-12-retry1/source/windows-node-private-v4-diagnostic.mjs","docs/research/cli/evidence/gap-2026-10-05/continuation-2026-10-09/private-v4-final-mutant-12-retry1/source/windows-node-private-v4-identity.cjs","docs/research/cli/evidence/gap-2026-10-05/continuation-2026-10-09/private-v4-final-mutant-12-retry1/source/windows-node-private-v4-paired.h","docs/research/cli/evidence/gap-2026-10-05/continuation-2026-10-09/private-v4-final-mutant-12-retry1/source/windows-node-private-v4-preload.cjs","docs/research/cli/evidence/gap-2026-10-05/continuation-2026-10-09/private-v4-final-mutant-12-retry1/source/windows-node-private-v4-protocol.h","docs/research/cli/evidence/gap-2026-10-05/continuation-2026-10-09/private-v4-final-mutant-12-retry1/source/windows-node-private-v4-result.mjs","docs/research/cli/evidence/gap-2026-10-05/continuation-2026-10-09/private-v4-final-mutant-12-retry1/stderr","docs/research/cli/evidence/gap-2026-10-05/continuation-2026-10-09/private-v4-final-mutant-12-retry1/stdout","docs/research/cli/evidence/gap-2026-10-05/continuation-2026-10-09/private-v4-final-mutant-12/archive-manifest.json","docs/research/cli/evidence/gap-2026-10-05/continuation-2026-10-09/private-v4-final-mutant-12/bundle.js","docs/research/cli/evidence/gap-2026-10-05/continuation-2026-10-09/private-v4-final-mutant-12/esbuild-trace-1.jsonl","docs/research/cli/evidence/gap-2026-10-05/continuation-2026-10-09/private-v4-final-mutant-12/inputs/agent-evolution-test-boundary.js","docs/research/cli/evidence/gap-2026-10-05/continuation-2026-10-09/private-v4-final-mutant-12/inputs/background-command-argv.js","docs/research/cli/evidence/gap-2026-10-05/continuation-2026-10-09/private-v4-final-mutant-12/inputs/check.cjs","docs/research/cli/evidence/gap-2026-10-05/continuation-2026-10-09/private-v4-final-mutant-12/inputs/manifest.json","docs/research/cli/evidence/gap-2026-10-05/continuation-2026-10-09/private-v4-final-mutant-12/inputs/model-capabilities.test.js","docs/research/cli/evidence/gap-2026-10-05/continuation-2026-10-09/private-v4-final-mutant-12/inputs/preparation.json","docs/research/cli/evidence/gap-2026-10-05/continuation-2026-10-09/private-v4-final-mutant-12/inputs/report.json","docs/research/cli/evidence/gap-2026-10-05/continuation-2026-10-09/private-v4-final-mutant-12/inputs/review-vitest.config.mjs","docs/research/cli/evidence/gap-2026-10-05/continuation-2026-10-09/private-v4-final-mutant-12/inputs/source-closure.json","docs/research/cli/evidence/gap-2026-10-05/continuation-2026-10-09/private-v4-final-mutant-12/inputs/vitest.config.js","docs/research/cli/evidence/gap-2026-10-05/continuation-2026-10-09/private-v4-final-mutant-12/inputs/windows-node-private-v4.manifest.json","docs/research/cli/evidence/gap-2026-10-05/continuation-2026-10-09/private-v4-final-mutant-12/inputs/windows-node-private-v4.report-helper-0f91f567-d33f-4d7f-a376-2d1dce58086c.manifest.json","docs/research/cli/evidence/gap-2026-10-05/continuation-2026-10-09/private-v4-final-mutant-12/inputs/windows-sandbox-adapter-cleanup.js","docs/research/cli/evidence/gap-2026-10-05/continuation-2026-10-09/private-v4-final-mutant-12/inputs/windows-sandbox-adapter-temp-root.js","docs/research/cli/evidence/gap-2026-10-05/continuation-2026-10-09/private-v4-final-mutant-12/journal.jsonl","docs/research/cli/evidence/gap-2026-10-05/continuation-2026-10-09/private-v4-final-mutant-12/manifest.json","docs/research/cli/evidence/gap-2026-10-05/continuation-2026-10-09/private-v4-final-mutant-12/report.json","docs/research/cli/evidence/gap-2026-10-05/continuation-2026-10-09/private-v4-final-mutant-12/service.json","docs/research/cli/evidence/gap-2026-10-05/continuation-2026-10-09/private-v4-final-mutant-12/source/verify01-review-runtime.mjs","docs/research/cli/evidence/gap-2026-10-05/continuation-2026-10-09/private-v4-final-mutant-12/source/verify01-review-specs.mjs","docs/research/cli/evidence/gap-2026-10-05/continuation-2026-10-09/private-v4-final-mutant-12/source/windows-esbuild-private-map-shim.cpp","docs/research/cli/evidence/gap-2026-10-05/continuation-2026-10-09/private-v4-final-mutant-12/source/windows-esbuild-private-map-supervisor.cpp","docs/research/cli/evidence/gap-2026-10-05/continuation-2026-10-09/private-v4-final-mutant-12/source/windows-node-private-v4-adapter.cpp","docs/research/cli/evidence/gap-2026-10-05/continuation-2026-10-09/private-v4-final-mutant-12/source/windows-node-private-v4-adapter.h","docs/research/cli/evidence/gap-2026-10-05/continuation-2026-10-09/private-v4-final-mutant-12/source/windows-node-private-v4-broker.cpp","docs/research/cli/evidence/gap-2026-10-05/continuation-2026-10-09/private-v4-final-mutant-12/source/windows-node-private-v4-dependencies.mjs","docs/research/cli/evidence/gap-2026-10-05/continuation-2026-10-09/private-v4-final-mutant-12/source/windows-node-private-v4-diagnostic.mjs","docs/research/cli/evidence/gap-2026-10-05/continuation-2026-10-09/private-v4-final-mutant-12/source/windows-node-private-v4-identity.cjs","docs/research/cli/evidence/gap-2026-10-05/continuation-2026-10-09/private-v4-final-mutant-12/source/windows-node-private-v4-paired.h","docs/research/cli/evidence/gap-2026-10-05/continuation-2026-10-09/private-v4-final-mutant-12/source/windows-node-private-v4-preload.cjs","docs/research/cli/evidence/gap-2026-10-05/continuation-2026-10-09/private-v4-final-mutant-12/source/windows-node-private-v4-protocol.h","docs/research/cli/evidence/gap-2026-10-05/continuation-2026-10-09/private-v4-final-mutant-12/source/windows-node-private-v4-result.mjs","docs/research/cli/evidence/gap-2026-10-05/continuation-2026-10-09/private-v4-final-mutant-12/stderr","docs/research/cli/evidence/gap-2026-10-05/continuation-2026-10-09/private-v4-final-mutant-12/stdout","docs/research/cli/evidence/gap-2026-10-05/continuation-2026-10-09/private-v4-final-mutant-20/archive-manifest.json","docs/research/cli/evidence/gap-2026-10-05/continuation-2026-10-09/private-v4-final-mutant-20/bundle.js","docs/research/cli/evidence/gap-2026-10-05/continuation-2026-10-09/private-v4-final-mutant-20/esbuild-trace-1.jsonl","docs/research/cli/evidence/gap-2026-10-05/continuation-2026-10-09/private-v4-final-mutant-20/inputs/agent-evolution-test-boundary.js","docs/research/cli/evidence/gap-2026-10-05/continuation-2026-10-09/private-v4-final-mutant-20/inputs/check.cjs","docs/research/cli/evidence/gap-2026-10-05/continuation-2026-10-09/private-v4-final-mutant-20/inputs/manifest.json","docs/research/cli/evidence/gap-2026-10-05/continuation-2026-10-09/private-v4-final-mutant-20/inputs/model-capabilities.test.js","docs/research/cli/evidence/gap-2026-10-05/continuation-2026-10-09/private-v4-final-mutant-20/inputs/permission-decision.js","docs/research/cli/evidence/gap-2026-10-05/continuation-2026-10-09/private-v4-final-mutant-20/inputs/preparation.json","docs/research/cli/evidence/gap-2026-10-05/continuation-2026-10-09/private-v4-final-mutant-20/inputs/report.json","docs/research/cli/evidence/gap-2026-10-05/continuation-2026-10-09/private-v4-final-mutant-20/inputs/review-vitest.config.mjs","docs/research/cli/evidence/gap-2026-10-05/continuation-2026-10-09/private-v4-final-mutant-20/inputs/source-closure.json","docs/research/cli/evidence/gap-2026-10-05/continuation-2026-10-09/private-v4-final-mutant-20/inputs/vitest.config.js","docs/research/cli/evidence/gap-2026-10-05/continuation-2026-10-09/private-v4-final-mutant-20/inputs/windows-node-private-v4.manifest.json","docs/research/cli/evidence/gap-2026-10-05/continuation-2026-10-09/private-v4-final-mutant-20/inputs/windows-node-private-v4.report-helper-2371d111-21db-454f-97ae-6c070574d80f.manifest.json","docs/research/cli/evidence/gap-2026-10-05/continuation-2026-10-09/private-v4-final-mutant-20/inputs/windows-node-private-v4.worker-d53fb8d7-8cca-4174-990f-0feeeb391bc1.manifest.json","docs/research/cli/evidence/gap-2026-10-05/continuation-2026-10-09/private-v4-final-mutant-20/inputs/windows-sandbox-adapter-cleanup.js","docs/research/cli/evidence/gap-2026-10-05/continuation-2026-10-09/private-v4-final-mutant-20/inputs/windows-sandbox-adapter-temp-root.js","docs/research/cli/evidence/gap-2026-10-05/continuation-2026-10-09/private-v4-final-mutant-20/journal.jsonl","docs/research/cli/evidence/gap-2026-10-05/continuation-2026-10-09/private-v4-final-mutant-20/manifest.json","docs/research/cli/evidence/gap-2026-10-05/continuation-2026-10-09/private-v4-final-mutant-20/report.json","docs/research/cli/evidence/gap-2026-10-05/continuation-2026-10-09/private-v4-final-mutant-20/service.json","docs/research/cli/evidence/gap-2026-10-05/continuation-2026-10-09/private-v4-final-mutant-20/source/verify01-review-runtime.mjs","docs/research/cli/evidence/gap-2026-10-05/continuation-2026-10-09/private-v4-final-mutant-20/source/verify01-review-specs.mjs","docs/research/cli/evidence/gap-2026-10-05/continuation-2026-10-09/private-v4-final-mutant-20/source/windows-esbuild-private-map-shim.cpp","docs/research/cli/evidence/gap-2026-10-05/continuation-2026-10-09/private-v4-final-mutant-20/source/windows-esbuild-private-map-supervisor.cpp","docs/research/cli/evidence/gap-2026-10-05/continuation-2026-10-09/private-v4-final-mutant-20/source/windows-node-private-v4-adapter.cpp","docs/research/cli/evidence/gap-2026-10-05/continuation-2026-10-09/private-v4-final-mutant-20/source/windows-node-private-v4-adapter.h","docs/research/cli/evidence/gap-2026-10-05/continuation-2026-10-09/private-v4-final-mutant-20/source/windows-node-private-v4-broker.cpp","docs/research/cli/evidence/gap-2026-10-05/continuation-2026-10-09/private-v4-final-mutant-20/source/windows-node-private-v4-dependencies.mjs","docs/research/cli/evidence/gap-2026-10-05/continuation-2026-10-09/private-v4-final-mutant-20/source/windows-node-private-v4-diagnostic.mjs","docs/research/cli/evidence/gap-2026-10-05/continuation-2026-10-09/private-v4-final-mutant-20/source/windows-node-private-v4-identity.cjs","docs/research/cli/evidence/gap-2026-10-05/continuation-2026-10-09/private-v4-final-mutant-20/source/windows-node-private-v4-paired.h","docs/research/cli/evidence/gap-2026-10-05/continuation-2026-10-09/private-v4-final-mutant-20/source/windows-node-private-v4-preload.cjs","docs/research/cli/evidence/gap-2026-10-05/continuation-2026-10-09/private-v4-final-mutant-20/source/windows-node-private-v4-protocol.h","docs/research/cli/evidence/gap-2026-10-05/continuation-2026-10-09/private-v4-final-mutant-20/source/windows-node-private-v4-result.mjs","docs/research/cli/evidence/gap-2026-10-05/continuation-2026-10-09/private-v4-final-mutant-20/stderr","docs/research/cli/evidence/gap-2026-10-05/continuation-2026-10-09/private-v4-final-mutant-20/stdout","docs/research/cli/evidence/gap-2026-10-05/continuation-2026-10-09/private-v4-final-mutant-28/archive-manifest.json","docs/research/cli/evidence/gap-2026-10-05/continuation-2026-10-09/private-v4-final-mutant-28/bundle.js","docs/research/cli/evidence/gap-2026-10-05/continuation-2026-10-09/private-v4-final-mutant-28/esbuild-trace-1.jsonl","docs/research/cli/evidence/gap-2026-10-05/continuation-2026-10-09/private-v4-final-mutant-28/inputs/agent-evolution-test-boundary.js","docs/research/cli/evidence/gap-2026-10-05/continuation-2026-10-09/private-v4-final-mutant-28/inputs/check.cjs","docs/research/cli/evidence/gap-2026-10-05/continuation-2026-10-09/private-v4-final-mutant-28/inputs/manifest.json","docs/research/cli/evidence/gap-2026-10-05/continuation-2026-10-09/private-v4-final-mutant-28/inputs/model-capabilities.test.js","docs/research/cli/evidence/gap-2026-10-05/continuation-2026-10-09/private-v4-final-mutant-28/inputs/preparation.json","docs/research/cli/evidence/gap-2026-10-05/continuation-2026-10-09/private-v4-final-mutant-28/inputs/question-form-drafts.js","docs/research/cli/evidence/gap-2026-10-05/continuation-2026-10-09/private-v4-final-mutant-28/inputs/report.json","docs/research/cli/evidence/gap-2026-10-05/continuation-2026-10-09/private-v4-final-mutant-28/inputs/review-vitest.config.mjs","docs/research/cli/evidence/gap-2026-10-05/continuation-2026-10-09/private-v4-final-mutant-28/inputs/source-closure.json","docs/research/cli/evidence/gap-2026-10-05/continuation-2026-10-09/private-v4-final-mutant-28/inputs/vitest.config.js","docs/research/cli/evidence/gap-2026-10-05/continuation-2026-10-09/private-v4-final-mutant-28/inputs/windows-node-private-v4.manifest.json","docs/research/cli/evidence/gap-2026-10-05/continuation-2026-10-09/private-v4-final-mutant-28/inputs/windows-node-private-v4.report-helper-cb1ba22a-a609-4052-93c9-c93c8fc55635.manifest.json","docs/research/cli/evidence/gap-2026-10-05/continuation-2026-10-09/private-v4-final-mutant-28/inputs/windows-node-private-v4.worker-8f1589ca-9875-41fd-b0ca-fe409247ab7e.manifest.json","docs/research/cli/evidence/gap-2026-10-05/continuation-2026-10-09/private-v4-final-mutant-28/inputs/windows-sandbox-adapter-cleanup.js","docs/research/cli/evidence/gap-2026-10-05/continuation-2026-10-09/private-v4-final-mutant-28/inputs/windows-sandbox-adapter-temp-root.js","docs/research/cli/evidence/gap-2026-10-05/continuation-2026-10-09/private-v4-final-mutant-28/journal.jsonl","docs/research/cli/evidence/gap-2026-10-05/continuation-2026-10-09/private-v4-final-mutant-28/manifest.json","docs/research/cli/evidence/gap-2026-10-05/continuation-2026-10-09/private-v4-final-mutant-28/report.json","docs/research/cli/evidence/gap-2026-10-05/continuation-2026-10-09/private-v4-final-mutant-28/service.json","docs/research/cli/evidence/gap-2026-10-05/continuation-2026-10-09/private-v4-final-mutant-28/source/verify01-review-runtime.mjs","docs/research/cli/evidence/gap-2026-10-05/continuation-2026-10-09/private-v4-final-mutant-28/source/verify01-review-specs.mjs","docs/research/cli/evidence/gap-2026-10-05/continuation-2026-10-09/private-v4-final-mutant-28/source/windows-esbuild-private-map-shim.cpp","docs/research/cli/evidence/gap-2026-10-05/continuation-2026-10-09/private-v4-final-mutant-28/source/windows-esbuild-private-map-supervisor.cpp","docs/research/cli/evidence/gap-2026-10-05/continuation-2026-10-09/private-v4-final-mutant-28/source/windows-node-private-v4-adapter.cpp","docs/research/cli/evidence/gap-2026-10-05/continuation-2026-10-09/private-v4-final-mutant-28/source/windows-node-private-v4-adapter.h","docs/research/cli/evidence/gap-2026-10-05/continuation-2026-10-09/private-v4-final-mutant-28/source/windows-node-private-v4-broker.cpp","docs/research/cli/evidence/gap-2026-10-05/continuation-2026-10-09/private-v4-final-mutant-28/source/windows-node-private-v4-dependencies.mjs","docs/research/cli/evidence/gap-2026-10-05/continuation-2026-10-09/private-v4-final-mutant-28/source/windows-node-private-v4-diagnostic.mjs","docs/research/cli/evidence/gap-2026-10-05/continuation-2026-10-09/private-v4-final-mutant-28/source/windows-node-private-v4-identity.cjs","docs/research/cli/evidence/gap-2026-10-05/continuation-2026-10-09/private-v4-final-mutant-28/source/windows-node-private-v4-paired.h","docs/research/cli/evidence/gap-2026-10-05/continuation-2026-10-09/private-v4-final-mutant-28/source/windows-node-private-v4-preload.cjs","docs/research/cli/evidence/gap-2026-10-05/continuation-2026-10-09/private-v4-final-mutant-28/source/windows-node-private-v4-protocol.h","docs/research/cli/evidence/gap-2026-10-05/continuation-2026-10-09/private-v4-final-mutant-28/source/windows-node-private-v4-result.mjs","docs/research/cli/evidence/gap-2026-10-05/continuation-2026-10-09/private-v4-final-mutant-28/stderr","docs/research/cli/evidence/gap-2026-10-05/continuation-2026-10-09/private-v4-final-mutant-28/stdout","docs/research/cli/evidence/gap-2026-10-05/continuation-2026-10-09/private-v4-final-mutant-29/archive-manifest.json","docs/research/cli/evidence/gap-2026-10-05/continuation-2026-10-09/private-v4-final-mutant-29/bundle.js","docs/research/cli/evidence/gap-2026-10-05/continuation-2026-10-09/private-v4-final-mutant-29/esbuild-trace-1.jsonl","docs/research/cli/evidence/gap-2026-10-05/continuation-2026-10-09/private-v4-final-mutant-29/inputs/agent-evolution-test-boundary.js","docs/research/cli/evidence/gap-2026-10-05/continuation-2026-10-09/private-v4-final-mutant-29/inputs/check.cjs","docs/research/cli/evidence/gap-2026-10-05/continuation-2026-10-09/private-v4-final-mutant-29/inputs/manifest.json","docs/research/cli/evidence/gap-2026-10-05/continuation-2026-10-09/private-v4-final-mutant-29/inputs/model-capabilities.test.js","docs/research/cli/evidence/gap-2026-10-05/continuation-2026-10-09/private-v4-final-mutant-29/inputs/permission-mode-state.js","docs/research/cli/evidence/gap-2026-10-05/continuation-2026-10-09/private-v4-final-mutant-29/inputs/preparation.json","docs/research/cli/evidence/gap-2026-10-05/continuation-2026-10-09/private-v4-final-mutant-29/inputs/report.json","docs/research/cli/evidence/gap-2026-10-05/continuation-2026-10-09/private-v4-final-mutant-29/inputs/review-vitest.config.mjs","docs/research/cli/evidence/gap-2026-10-05/continuation-2026-10-09/private-v4-final-mutant-29/inputs/source-closure.json","docs/research/cli/evidence/gap-2026-10-05/continuation-2026-10-09/private-v4-final-mutant-29/inputs/vitest.config.js","docs/research/cli/evidence/gap-2026-10-05/continuation-2026-10-09/private-v4-final-mutant-29/inputs/windows-node-private-v4.manifest.json","docs/research/cli/evidence/gap-2026-10-05/continuation-2026-10-09/private-v4-final-mutant-29/inputs/windows-node-private-v4.report-helper-656b2a0c-d4c1-42da-bd6b-6ef10fb6dfbd.manifest.json","docs/research/cli/evidence/gap-2026-10-05/continuation-2026-10-09/private-v4-final-mutant-29/inputs/windows-node-private-v4.worker-53d5094d-90e7-42ff-b63c-e57bcc4be0ac.manifest.json","docs/research/cli/evidence/gap-2026-10-05/continuation-2026-10-09/private-v4-final-mutant-29/inputs/windows-sandbox-adapter-cleanup.js","docs/research/cli/evidence/gap-2026-10-05/continuation-2026-10-09/private-v4-final-mutant-29/inputs/windows-sandbox-adapter-temp-root.js","docs/research/cli/evidence/gap-2026-10-05/continuation-2026-10-09/private-v4-final-mutant-29/journal.jsonl","docs/research/cli/evidence/gap-2026-10-05/continuation-2026-10-09/private-v4-final-mutant-29/manifest.json","docs/research/cli/evidence/gap-2026-10-05/continuation-2026-10-09/private-v4-final-mutant-29/report.json","docs/research/cli/evidence/gap-2026-10-05/continuation-2026-10-09/private-v4-final-mutant-29/service.json","docs/research/cli/evidence/gap-2026-10-05/continuation-2026-10-09/private-v4-final-mutant-29/source/verify01-review-runtime.mjs","docs/research/cli/evidence/gap-2026-10-05/continuation-2026-10-09/private-v4-final-mutant-29/source/verify01-review-specs.mjs","docs/research/cli/evidence/gap-2026-10-05/continuation-2026-10-09/private-v4-final-mutant-29/source/windows-esbuild-private-map-shim.cpp","docs/research/cli/evidence/gap-2026-10-05/continuation-2026-10-09/private-v4-final-mutant-29/source/windows-esbuild-private-map-supervisor.cpp","docs/research/cli/evidence/gap-2026-10-05/continuation-2026-10-09/private-v4-final-mutant-29/source/windows-node-private-v4-adapter.cpp","docs/research/cli/evidence/gap-2026-10-05/continuation-2026-10-09/private-v4-final-mutant-29/source/windows-node-private-v4-adapter.h","docs/research/cli/evidence/gap-2026-10-05/continuation-2026-10-09/private-v4-final-mutant-29/source/windows-node-private-v4-broker.cpp","docs/research/cli/evidence/gap-2026-10-05/continuation-2026-10-09/private-v4-final-mutant-29/source/windows-node-private-v4-dependencies.mjs","docs/research/cli/evidence/gap-2026-10-05/continuation-2026-10-09/private-v4-final-mutant-29/source/windows-node-private-v4-diagnostic.mjs","docs/research/cli/evidence/gap-2026-10-05/continuation-2026-10-09/private-v4-final-mutant-29/source/windows-node-private-v4-identity.cjs","docs/research/cli/evidence/gap-2026-10-05/continuation-2026-10-09/private-v4-final-mutant-29/source/windows-node-private-v4-paired.h","docs/research/cli/evidence/gap-2026-10-05/continuation-2026-10-09/private-v4-final-mutant-29/source/windows-node-private-v4-preload.cjs","docs/research/cli/evidence/gap-2026-10-05/continuation-2026-10-09/private-v4-final-mutant-29/source/windows-node-private-v4-protocol.h","docs/research/cli/evidence/gap-2026-10-05/continuation-2026-10-09/private-v4-final-mutant-29/source/windows-node-private-v4-result.mjs","docs/research/cli/evidence/gap-2026-10-05/continuation-2026-10-09/private-v4-final-mutant-29/stderr","docs/research/cli/evidence/gap-2026-10-05/continuation-2026-10-09/private-v4-final-mutant-29/stdout","docs/research/cli/evidence/gap-2026-10-05/continuation-2026-10-09/private-v4-final-mutant-30a/archive-manifest.json","docs/research/cli/evidence/gap-2026-10-05/continuation-2026-10-09/private-v4-final-mutant-30a/bundle.js","docs/research/cli/evidence/gap-2026-10-05/continuation-2026-10-09/private-v4-final-mutant-30a/esbuild-trace-1.jsonl","docs/research/cli/evidence/gap-2026-10-05/continuation-2026-10-09/private-v4-final-mutant-30a/inputs/agent-evolution-test-boundary.js","docs/research/cli/evidence/gap-2026-10-05/continuation-2026-10-09/private-v4-final-mutant-30a/inputs/check.cjs","docs/research/cli/evidence/gap-2026-10-05/continuation-2026-10-09/private-v4-final-mutant-30a/inputs/image-decode-budget.js","docs/research/cli/evidence/gap-2026-10-05/continuation-2026-10-09/private-v4-final-mutant-30a/inputs/manifest.json","docs/research/cli/evidence/gap-2026-10-05/continuation-2026-10-09/private-v4-final-mutant-30a/inputs/model-capabilities.test.js","docs/research/cli/evidence/gap-2026-10-05/continuation-2026-10-09/private-v4-final-mutant-30a/inputs/preparation.json","docs/research/cli/evidence/gap-2026-10-05/continuation-2026-10-09/private-v4-final-mutant-30a/inputs/report.json","docs/research/cli/evidence/gap-2026-10-05/continuation-2026-10-09/private-v4-final-mutant-30a/inputs/review-vitest.config.mjs","docs/research/cli/evidence/gap-2026-10-05/continuation-2026-10-09/private-v4-final-mutant-30a/inputs/source-closure.json","docs/research/cli/evidence/gap-2026-10-05/continuation-2026-10-09/private-v4-final-mutant-30a/inputs/vitest.config.js","docs/research/cli/evidence/gap-2026-10-05/continuation-2026-10-09/private-v4-final-mutant-30a/inputs/windows-node-private-v4.manifest.json","docs/research/cli/evidence/gap-2026-10-05/continuation-2026-10-09/private-v4-final-mutant-30a/inputs/windows-node-private-v4.report-helper-76b24d19-43e3-497f-9ba6-06049909303f.manifest.json","docs/research/cli/evidence/gap-2026-10-05/continuation-2026-10-09/private-v4-final-mutant-30a/inputs/windows-node-private-v4.worker-9b028fc1-70b6-44dc-85f3-f85e2293a9cb.manifest.json","docs/research/cli/evidence/gap-2026-10-05/continuation-2026-10-09/private-v4-final-mutant-30a/inputs/windows-sandbox-adapter-cleanup.js","docs/research/cli/evidence/gap-2026-10-05/continuation-2026-10-09/private-v4-final-mutant-30a/inputs/windows-sandbox-adapter-temp-root.js","docs/research/cli/evidence/gap-2026-10-05/continuation-2026-10-09/private-v4-final-mutant-30a/journal.jsonl","docs/research/cli/evidence/gap-2026-10-05/continuation-2026-10-09/private-v4-final-mutant-30a/manifest.json","docs/research/cli/evidence/gap-2026-10-05/continuation-2026-10-09/private-v4-final-mutant-30a/report.json","docs/research/cli/evidence/gap-2026-10-05/continuation-2026-10-09/private-v4-final-mutant-30a/service.json","docs/research/cli/evidence/gap-2026-10-05/continuation-2026-10-09/private-v4-final-mutant-30a/source/verify01-review-runtime.mjs","docs/research/cli/evidence/gap-2026-10-05/continuation-2026-10-09/private-v4-final-mutant-30a/source/verify01-review-specs.mjs","docs/research/cli/evidence/gap-2026-10-05/continuation-2026-10-09/private-v4-final-mutant-30a/source/windows-esbuild-private-map-shim.cpp","docs/research/cli/evidence/gap-2026-10-05/continuation-2026-10-09/private-v4-final-mutant-30a/source/windows-esbuild-private-map-supervisor.cpp","docs/research/cli/evidence/gap-2026-10-05/continuation-2026-10-09/private-v4-final-mutant-30a/source/windows-node-private-v4-adapter.cpp","docs/research/cli/evidence/gap-2026-10-05/continuation-2026-10-09/private-v4-final-mutant-30a/source/windows-node-private-v4-adapter.h","docs/research/cli/evidence/gap-2026-10-05/continuation-2026-10-09/private-v4-final-mutant-30a/source/windows-node-private-v4-broker.cpp","docs/research/cli/evidence/gap-2026-10-05/continuation-2026-10-09/private-v4-final-mutant-30a/source/windows-node-private-v4-dependencies.mjs","docs/research/cli/evidence/gap-2026-10-05/continuation-2026-10-09/private-v4-final-mutant-30a/source/windows-node-private-v4-diagnostic.mjs","docs/research/cli/evidence/gap-2026-10-05/continuation-2026-10-09/private-v4-final-mutant-30a/source/windows-node-private-v4-identity.cjs","docs/research/cli/evidence/gap-2026-10-05/continuation-2026-10-09/private-v4-final-mutant-30a/source/windows-node-private-v4-paired.h","docs/research/cli/evidence/gap-2026-10-05/continuation-2026-10-09/private-v4-final-mutant-30a/source/windows-node-private-v4-preload.cjs","docs/research/cli/evidence/gap-2026-10-05/continuation-2026-10-09/private-v4-final-mutant-30a/source/windows-node-private-v4-protocol.h","docs/research/cli/evidence/gap-2026-10-05/continuation-2026-10-09/private-v4-final-mutant-30a/source/windows-node-private-v4-result.mjs","docs/research/cli/evidence/gap-2026-10-05/continuation-2026-10-09/private-v4-final-mutant-30a/stderr","docs/research/cli/evidence/gap-2026-10-05/continuation-2026-10-09/private-v4-final-mutant-30a/stdout","docs/research/cli/evidence/gap-2026-10-05/continuation-2026-10-09/private-v4-final-mutant-30b/archive-manifest.json","docs/research/cli/evidence/gap-2026-10-05/continuation-2026-10-09/private-v4-final-mutant-30b/bundle.js","docs/research/cli/evidence/gap-2026-10-05/continuation-2026-10-09/private-v4-final-mutant-30b/esbuild-trace-1.jsonl","docs/research/cli/evidence/gap-2026-10-05/continuation-2026-10-09/private-v4-final-mutant-30b/inputs/agent-evolution-test-boundary.js","docs/research/cli/evidence/gap-2026-10-05/continuation-2026-10-09/private-v4-final-mutant-30b/inputs/check.cjs","docs/research/cli/evidence/gap-2026-10-05/continuation-2026-10-09/private-v4-final-mutant-30b/inputs/image-decode-budget.js","docs/research/cli/evidence/gap-2026-10-05/continuation-2026-10-09/private-v4-final-mutant-30b/inputs/manifest.json","docs/research/cli/evidence/gap-2026-10-05/continuation-2026-10-09/private-v4-final-mutant-30b/inputs/model-capabilities.test.js","docs/research/cli/evidence/gap-2026-10-05/continuation-2026-10-09/private-v4-final-mutant-30b/inputs/preparation.json","docs/research/cli/evidence/gap-2026-10-05/continuation-2026-10-09/private-v4-final-mutant-30b/inputs/report.json","docs/research/cli/evidence/gap-2026-10-05/continuation-2026-10-09/private-v4-final-mutant-30b/inputs/review-vitest.config.mjs","docs/research/cli/evidence/gap-2026-10-05/continuation-2026-10-09/private-v4-final-mutant-30b/inputs/source-closure.json","docs/research/cli/evidence/gap-2026-10-05/continuation-2026-10-09/private-v4-final-mutant-30b/inputs/vitest.config.js","docs/research/cli/evidence/gap-2026-10-05/continuation-2026-10-09/private-v4-final-mutant-30b/inputs/windows-node-private-v4.manifest.json","docs/research/cli/evidence/gap-2026-10-05/continuation-2026-10-09/private-v4-final-mutant-30b/inputs/windows-node-private-v4.report-helper-2fcf3ed8-6799-4c73-bbee-3afcf45b3efe.manifest.json","docs/research/cli/evidence/gap-2026-10-05/continuation-2026-10-09/private-v4-final-mutant-30b/inputs/windows-node-private-v4.worker-495dfad1-13ea-4545-b473-5c2491f4c80d.manifest.json","docs/research/cli/evidence/gap-2026-10-05/continuation-2026-10-09/private-v4-final-mutant-30b/inputs/windows-sandbox-adapter-cleanup.js","docs/research/cli/evidence/gap-2026-10-05/continuation-2026-10-09/private-v4-final-mutant-30b/inputs/windows-sandbox-adapter-temp-root.js","docs/research/cli/evidence/gap-2026-10-05/continuation-2026-10-09/private-v4-final-mutant-30b/journal.jsonl","docs/research/cli/evidence/gap-2026-10-05/continuation-2026-10-09/private-v4-final-mutant-30b/manifest.json","docs/research/cli/evidence/gap-2026-10-05/continuation-2026-10-09/private-v4-final-mutant-30b/report.json","docs/research/cli/evidence/gap-2026-10-05/continuation-2026-10-09/private-v4-final-mutant-30b/service.json","docs/research/cli/evidence/gap-2026-10-05/continuation-2026-10-09/private-v4-final-mutant-30b/source/verify01-review-runtime.mjs","docs/research/cli/evidence/gap-2026-10-05/continuation-2026-10-09/private-v4-final-mutant-30b/source/verify01-review-specs.mjs","docs/research/cli/evidence/gap-2026-10-05/continuation-2026-10-09/private-v4-final-mutant-30b/source/windows-esbuild-private-map-shim.cpp","docs/research/cli/evidence/gap-2026-10-05/continuation-2026-10-09/private-v4-final-mutant-30b/source/windows-esbuild-private-map-supervisor.cpp","docs/research/cli/evidence/gap-2026-10-05/continuation-2026-10-09/private-v4-final-mutant-30b/source/windows-node-private-v4-adapter.cpp","docs/research/cli/evidence/gap-2026-10-05/continuation-2026-10-09/private-v4-final-mutant-30b/source/windows-node-private-v4-adapter.h","docs/research/cli/evidence/gap-2026-10-05/continuation-2026-10-09/private-v4-final-mutant-30b/source/windows-node-private-v4-broker.cpp","docs/research/cli/evidence/gap-2026-10-05/continuation-2026-10-09/private-v4-final-mutant-30b/source/windows-node-private-v4-dependencies.mjs","docs/research/cli/evidence/gap-2026-10-05/continuation-2026-10-09/private-v4-final-mutant-30b/source/windows-node-private-v4-diagnostic.mjs","docs/research/cli/evidence/gap-2026-10-05/continuation-2026-10-09/private-v4-final-mutant-30b/source/windows-node-private-v4-identity.cjs","docs/research/cli/evidence/gap-2026-10-05/continuation-2026-10-09/private-v4-final-mutant-30b/source/windows-node-private-v4-paired.h","docs/research/cli/evidence/gap-2026-10-05/continuation-2026-10-09/private-v4-final-mutant-30b/source/windows-node-private-v4-preload.cjs","docs/research/cli/evidence/gap-2026-10-05/continuation-2026-10-09/private-v4-final-mutant-30b/source/windows-node-private-v4-protocol.h","docs/research/cli/evidence/gap-2026-10-05/continuation-2026-10-09/private-v4-final-mutant-30b/source/windows-node-private-v4-result.mjs","docs/research/cli/evidence/gap-2026-10-05/continuation-2026-10-09/private-v4-final-mutant-30b/stderr","docs/research/cli/evidence/gap-2026-10-05/continuation-2026-10-09/private-v4-final-mutant-30b/stdout","docs/research/cli/evidence/gap-2026-10-05/continuation-2026-10-09/private-v4-final-original/archive-manifest.json","docs/research/cli/evidence/gap-2026-10-05/continuation-2026-10-09/private-v4-final-original/bundle.js","docs/research/cli/evidence/gap-2026-10-05/continuation-2026-10-09/private-v4-final-original/esbuild-trace-1.jsonl","docs/research/cli/evidence/gap-2026-10-05/continuation-2026-10-09/private-v4-final-original/inputs/check.cjs","docs/research/cli/evidence/gap-2026-10-05/continuation-2026-10-09/private-v4-final-original/inputs/model-capabilities.test.js","docs/research/cli/evidence/gap-2026-10-05/continuation-2026-10-09/private-v4-final-original/inputs/preparation.json","docs/research/cli/evidence/gap-2026-10-05/continuation-2026-10-09/private-v4-final-original/inputs/source-closure.json","docs/research/cli/evidence/gap-2026-10-05/continuation-2026-10-09/private-v4-final-original/inputs/vitest.config.js","docs/research/cli/evidence/gap-2026-10-05/continuation-2026-10-09/private-v4-final-original/inputs/windows-node-private-v4.manifest.json","docs/research/cli/evidence/gap-2026-10-05/continuation-2026-10-09/private-v4-final-original/inputs/windows-node-private-v4.report-helper-81f708f6-f037-4e6e-b30c-a5955f586063.manifest.json","docs/research/cli/evidence/gap-2026-10-05/continuation-2026-10-09/private-v4-final-original/inputs/windows-node-private-v4.worker-9b319f18-2b7f-472d-8834-8e62fe2f6571.manifest.json","docs/research/cli/evidence/gap-2026-10-05/continuation-2026-10-09/private-v4-final-original/journal.jsonl","docs/research/cli/evidence/gap-2026-10-05/continuation-2026-10-09/private-v4-final-original/manifest.json","docs/research/cli/evidence/gap-2026-10-05/continuation-2026-10-09/private-v4-final-original/report.json","docs/research/cli/evidence/gap-2026-10-05/continuation-2026-10-09/private-v4-final-original/service.json","docs/research/cli/evidence/gap-2026-10-05/continuation-2026-10-09/private-v4-final-original/source/windows-esbuild-private-map-shim.cpp","docs/research/cli/evidence/gap-2026-10-05/continuation-2026-10-09/private-v4-final-original/source/windows-esbuild-private-map-supervisor.cpp","docs/research/cli/evidence/gap-2026-10-05/continuation-2026-10-09/private-v4-final-original/source/windows-node-private-v4-adapter.cpp","docs/research/cli/evidence/gap-2026-10-05/continuation-2026-10-09/private-v4-final-original/source/windows-node-private-v4-adapter.h","docs/research/cli/evidence/gap-2026-10-05/continuation-2026-10-09/private-v4-final-original/source/windows-node-private-v4-broker.cpp","docs/research/cli/evidence/gap-2026-10-05/continuation-2026-10-09/private-v4-final-original/source/windows-node-private-v4-diagnostic.mjs","docs/research/cli/evidence/gap-2026-10-05/continuation-2026-10-09/private-v4-final-original/source/windows-node-private-v4-identity.cjs","docs/research/cli/evidence/gap-2026-10-05/continuation-2026-10-09/private-v4-final-original/source/windows-node-private-v4-paired.h","docs/research/cli/evidence/gap-2026-10-05/continuation-2026-10-09/private-v4-final-original/source/windows-node-private-v4-preload.cjs","docs/research/cli/evidence/gap-2026-10-05/continuation-2026-10-09/private-v4-final-original/source/windows-node-private-v4-protocol.h","docs/research/cli/evidence/gap-2026-10-05/continuation-2026-10-09/private-v4-final-original/source/windows-node-private-v4-result.mjs","docs/research/cli/evidence/gap-2026-10-05/continuation-2026-10-09/private-v4-final-original/stderr","docs/research/cli/evidence/gap-2026-10-05/continuation-2026-10-09/private-v4-final-original/stdout","docs/research/cli/evidence/gap-2026-10-05/continuation-2026-10-09/private-v4-final-protocol-negative/archive-manifest.json","docs/research/cli/evidence/gap-2026-10-05/continuation-2026-10-09/private-v4-final-protocol-negative/inputs/check.cjs","docs/research/cli/evidence/gap-2026-10-05/continuation-2026-10-09/private-v4-final-protocol-negative/inputs/model-capabilities.test.js","docs/research/cli/evidence/gap-2026-10-05/continuation-2026-10-09/private-v4-final-protocol-negative/inputs/preparation.json","docs/research/cli/evidence/gap-2026-10-05/continuation-2026-10-09/private-v4-final-protocol-negative/inputs/source-closure.json","docs/research/cli/evidence/gap-2026-10-05/continuation-2026-10-09/private-v4-final-protocol-negative/inputs/vitest.config.js","docs/research/cli/evidence/gap-2026-10-05/continuation-2026-10-09/private-v4-final-protocol-negative/inputs/windows-node-private-v4.manifest.json","docs/research/cli/evidence/gap-2026-10-05/continuation-2026-10-09/private-v4-final-protocol-negative/manifest.json","docs/research/cli/evidence/gap-2026-10-05/continuation-2026-10-09/private-v4-final-protocol-negative/report.json","docs/research/cli/evidence/gap-2026-10-05/continuation-2026-10-09/private-v4-final-protocol-negative/source/windows-esbuild-private-map-shim.cpp","docs/research/cli/evidence/gap-2026-10-05/continuation-2026-10-09/private-v4-final-protocol-negative/source/windows-esbuild-private-map-supervisor.cpp","docs/research/cli/evidence/gap-2026-10-05/continuation-2026-10-09/private-v4-final-protocol-negative/source/windows-node-private-v4-adapter.cpp","docs/research/cli/evidence/gap-2026-10-05/continuation-2026-10-09/private-v4-final-protocol-negative/source/windows-node-private-v4-adapter.h","docs/research/cli/evidence/gap-2026-10-05/continuation-2026-10-09/private-v4-final-protocol-negative/source/windows-node-private-v4-broker.cpp","docs/research/cli/evidence/gap-2026-10-05/continuation-2026-10-09/private-v4-final-protocol-negative/source/windows-node-private-v4-diagnostic.mjs","docs/research/cli/evidence/gap-2026-10-05/continuation-2026-10-09/private-v4-final-protocol-negative/source/windows-node-private-v4-identity.cjs","docs/research/cli/evidence/gap-2026-10-05/continuation-2026-10-09/private-v4-final-protocol-negative/source/windows-node-private-v4-paired.h","docs/research/cli/evidence/gap-2026-10-05/continuation-2026-10-09/private-v4-final-protocol-negative/source/windows-node-private-v4-preload.cjs","docs/research/cli/evidence/gap-2026-10-05/continuation-2026-10-09/private-v4-final-protocol-negative/source/windows-node-private-v4-protocol.h","docs/research/cli/evidence/gap-2026-10-05/continuation-2026-10-09/private-v4-final-protocol-negative/source/windows-node-private-v4-result.mjs","docs/research/cli/evidence/gap-2026-10-05/continuation-2026-10-09/private-v4-final-protocol-negative/stderr","docs/research/cli/evidence/gap-2026-10-05/continuation-2026-10-09/private-v4-final-protocol-negative/stdout","docs/research/cli/evidence/gap-2026-10-05/continuation-2026-10-09/private-v4-final-protocol-source-readback.json","docs/research/cli/evidence/gap-2026-10-05/continuation-2026-10-09/private-v4-final-source-readback.json","docs/research/cli/evidence/gap-2026-10-05/continuation-2026-10-09/private-v4-final-unassigned-source-readback.json","docs/research/cli/evidence/gap-2026-10-05/continuation-2026-10-09/private-v4-final-unassigned-worker/archive-manifest.json","docs/research/cli/evidence/gap-2026-10-05/continuation-2026-10-09/private-v4-final-unassigned-worker/bundle.js","docs/research/cli/evidence/gap-2026-10-05/continuation-2026-10-09/private-v4-final-unassigned-worker/esbuild-trace-1.jsonl","docs/research/cli/evidence/gap-2026-10-05/continuation-2026-10-09/private-v4-final-unassigned-worker/inputs/check.cjs","docs/research/cli/evidence/gap-2026-10-05/continuation-2026-10-09/private-v4-final-unassigned-worker/inputs/model-capabilities.test.js","docs/research/cli/evidence/gap-2026-10-05/continuation-2026-10-09/private-v4-final-unassigned-worker/inputs/preparation.json","docs/research/cli/evidence/gap-2026-10-05/continuation-2026-10-09/private-v4-final-unassigned-worker/inputs/source-closure.json","docs/research/cli/evidence/gap-2026-10-05/continuation-2026-10-09/private-v4-final-unassigned-worker/inputs/vitest.config.js","docs/research/cli/evidence/gap-2026-10-05/continuation-2026-10-09/private-v4-final-unassigned-worker/inputs/windows-node-private-v4.manifest.json","docs/research/cli/evidence/gap-2026-10-05/continuation-2026-10-09/private-v4-final-unassigned-worker/inputs/windows-node-private-v4.report-helper-d94c5157-642e-4e68-865e-a4f807fa5618.manifest.json","docs/research/cli/evidence/gap-2026-10-05/continuation-2026-10-09/private-v4-final-unassigned-worker/journal.jsonl","docs/research/cli/evidence/gap-2026-10-05/continuation-2026-10-09/private-v4-final-unassigned-worker/manifest.json","docs/research/cli/evidence/gap-2026-10-05/continuation-2026-10-09/private-v4-final-unassigned-worker/report.json","docs/research/cli/evidence/gap-2026-10-05/continuation-2026-10-09/private-v4-final-unassigned-worker/service.json","docs/research/cli/evidence/gap-2026-10-05/continuation-2026-10-09/private-v4-final-unassigned-worker/source/windows-esbuild-private-map-shim.cpp","docs/research/cli/evidence/gap-2026-10-05/continuation-2026-10-09/private-v4-final-unassigned-worker/source/windows-esbuild-private-map-supervisor.cpp","docs/research/cli/evidence/gap-2026-10-05/continuation-2026-10-09/private-v4-final-unassigned-worker/source/windows-node-private-v4-adapter.cpp","docs/research/cli/evidence/gap-2026-10-05/continuation-2026-10-09/private-v4-final-unassigned-worker/source/windows-node-private-v4-adapter.h","docs/research/cli/evidence/gap-2026-10-05/continuation-2026-10-09/private-v4-final-unassigned-worker/source/windows-node-private-v4-broker.cpp","docs/research/cli/evidence/gap-2026-10-05/continuation-2026-10-09/private-v4-final-unassigned-worker/source/windows-node-private-v4-diagnostic.mjs","docs/research/cli/evidence/gap-2026-10-05/continuation-2026-10-09/private-v4-final-unassigned-worker/source/windows-node-private-v4-identity.cjs","docs/research/cli/evidence/gap-2026-10-05/continuation-2026-10-09/private-v4-final-unassigned-worker/source/windows-node-private-v4-paired.h","docs/research/cli/evidence/gap-2026-10-05/continuation-2026-10-09/private-v4-final-unassigned-worker/source/windows-node-private-v4-preload.cjs","docs/research/cli/evidence/gap-2026-10-05/continuation-2026-10-09/private-v4-final-unassigned-worker/source/windows-node-private-v4-protocol.h","docs/research/cli/evidence/gap-2026-10-05/continuation-2026-10-09/private-v4-final-unassigned-worker/source/windows-node-private-v4-result.mjs","docs/research/cli/evidence/gap-2026-10-05/continuation-2026-10-09/private-v4-final-unassigned-worker/stderr","docs/research/cli/evidence/gap-2026-10-05/continuation-2026-10-09/private-v4-final-unassigned-worker/stdout","docs/research/cli/evidence/gap-2026-10-05/continuation-2026-10-09/private-v4-final2-original/archive-manifest.json","docs/research/cli/evidence/gap-2026-10-05/continuation-2026-10-09/private-v4-final2-original/bundle.js","docs/research/cli/evidence/gap-2026-10-05/continuation-2026-10-09/private-v4-final2-original/esbuild-trace-1.jsonl","docs/research/cli/evidence/gap-2026-10-05/continuation-2026-10-09/private-v4-final2-original/inputs/check.cjs","docs/research/cli/evidence/gap-2026-10-05/continuation-2026-10-09/private-v4-final2-original/inputs/model-capabilities.test.js","docs/research/cli/evidence/gap-2026-10-05/continuation-2026-10-09/private-v4-final2-original/inputs/preparation.json","docs/research/cli/evidence/gap-2026-10-05/continuation-2026-10-09/private-v4-final2-original/inputs/source-closure.json","docs/research/cli/evidence/gap-2026-10-05/continuation-2026-10-09/private-v4-final2-original/inputs/vitest.config.js","docs/research/cli/evidence/gap-2026-10-05/continuation-2026-10-09/private-v4-final2-original/inputs/windows-node-private-v4.manifest.json","docs/research/cli/evidence/gap-2026-10-05/continuation-2026-10-09/private-v4-final2-original/inputs/windows-node-private-v4.report-helper-bcd6be8e-adcc-4b5c-b1b2-68d2216cacd9.manifest.json","docs/research/cli/evidence/gap-2026-10-05/continuation-2026-10-09/private-v4-final2-original/inputs/windows-node-private-v4.worker-80ae0f9a-5b6e-46d3-8f45-808a2b5e6735.manifest.json","docs/research/cli/evidence/gap-2026-10-05/continuation-2026-10-09/private-v4-final2-original/journal.jsonl","docs/research/cli/evidence/gap-2026-10-05/continuation-2026-10-09/private-v4-final2-original/manifest.json","docs/research/cli/evidence/gap-2026-10-05/continuation-2026-10-09/private-v4-final2-original/report.json","docs/research/cli/evidence/gap-2026-10-05/continuation-2026-10-09/private-v4-final2-original/service.json","docs/research/cli/evidence/gap-2026-10-05/continuation-2026-10-09/private-v4-final2-original/source/windows-esbuild-private-map-shim.cpp","docs/research/cli/evidence/gap-2026-10-05/continuation-2026-10-09/private-v4-final2-original/source/windows-esbuild-private-map-supervisor.cpp","docs/research/cli/evidence/gap-2026-10-05/continuation-2026-10-09/private-v4-final2-original/source/windows-node-private-v4-adapter.cpp","docs/research/cli/evidence/gap-2026-10-05/continuation-2026-10-09/private-v4-final2-original/source/windows-node-private-v4-adapter.h","docs/research/cli/evidence/gap-2026-10-05/continuation-2026-10-09/private-v4-final2-original/source/windows-node-private-v4-broker.cpp","docs/research/cli/evidence/gap-2026-10-05/continuation-2026-10-09/private-v4-final2-original/source/windows-node-private-v4-dependencies.mjs","docs/research/cli/evidence/gap-2026-10-05/continuation-2026-10-09/private-v4-final2-original/source/windows-node-private-v4-diagnostic.mjs","docs/research/cli/evidence/gap-2026-10-05/continuation-2026-10-09/private-v4-final2-original/source/windows-node-private-v4-identity.cjs","docs/research/cli/evidence/gap-2026-10-05/continuation-2026-10-09/private-v4-final2-original/source/windows-node-private-v4-paired.h","docs/research/cli/evidence/gap-2026-10-05/continuation-2026-10-09/private-v4-final2-original/source/windows-node-private-v4-preload.cjs","docs/research/cli/evidence/gap-2026-10-05/continuation-2026-10-09/private-v4-final2-original/source/windows-node-private-v4-protocol.h","docs/research/cli/evidence/gap-2026-10-05/continuation-2026-10-09/private-v4-final2-original/source/windows-node-private-v4-result.mjs","docs/research/cli/evidence/gap-2026-10-05/continuation-2026-10-09/private-v4-final2-original/stderr","docs/research/cli/evidence/gap-2026-10-05/continuation-2026-10-09/private-v4-final2-original/stdout","docs/research/cli/evidence/gap-2026-10-05/continuation-2026-10-09/private-v4-final2-protocol-negative/archive-manifest.json","docs/research/cli/evidence/gap-2026-10-05/continuation-2026-10-09/private-v4-final2-protocol-negative/inputs/check.cjs","docs/research/cli/evidence/gap-2026-10-05/continuation-2026-10-09/private-v4-final2-protocol-negative/inputs/model-capabilities.test.js","docs/research/cli/evidence/gap-2026-10-05/continuation-2026-10-09/private-v4-final2-protocol-negative/inputs/preparation.json","docs/research/cli/evidence/gap-2026-10-05/continuation-2026-10-09/private-v4-final2-protocol-negative/inputs/source-closure.json","docs/research/cli/evidence/gap-2026-10-05/continuation-2026-10-09/private-v4-final2-protocol-negative/inputs/vitest.config.js","docs/research/cli/evidence/gap-2026-10-05/continuation-2026-10-09/private-v4-final2-protocol-negative/inputs/windows-node-private-v4.manifest.json","docs/research/cli/evidence/gap-2026-10-05/continuation-2026-10-09/private-v4-final2-protocol-negative/manifest.json","docs/research/cli/evidence/gap-2026-10-05/continuation-2026-10-09/private-v4-final2-protocol-negative/report.json","docs/research/cli/evidence/gap-2026-10-05/continuation-2026-10-09/private-v4-final2-protocol-negative/source/windows-esbuild-private-map-shim.cpp","docs/research/cli/evidence/gap-2026-10-05/continuation-2026-10-09/private-v4-final2-protocol-negative/source/windows-esbuild-private-map-supervisor.cpp","docs/research/cli/evidence/gap-2026-10-05/continuation-2026-10-09/private-v4-final2-protocol-negative/source/windows-node-private-v4-adapter.cpp","docs/research/cli/evidence/gap-2026-10-05/continuation-2026-10-09/private-v4-final2-protocol-negative/source/windows-node-private-v4-adapter.h","docs/research/cli/evidence/gap-2026-10-05/continuation-2026-10-09/private-v4-final2-protocol-negative/source/windows-node-private-v4-broker.cpp","docs/research/cli/evidence/gap-2026-10-05/continuation-2026-10-09/private-v4-final2-protocol-negative/source/windows-node-private-v4-dependencies.mjs","docs/research/cli/evidence/gap-2026-10-05/continuation-2026-10-09/private-v4-final2-protocol-negative/source/windows-node-private-v4-diagnostic.mjs","docs/research/cli/evidence/gap-2026-10-05/continuation-2026-10-09/private-v4-final2-protocol-negative/source/windows-node-private-v4-identity.cjs","docs/research/cli/evidence/gap-2026-10-05/continuation-2026-10-09/private-v4-final2-protocol-negative/source/windows-node-private-v4-paired.h","docs/research/cli/evidence/gap-2026-10-05/continuation-2026-10-09/private-v4-final2-protocol-negative/source/windows-node-private-v4-preload.cjs","docs/research/cli/evidence/gap-2026-10-05/continuation-2026-10-09/private-v4-final2-protocol-negative/source/windows-node-private-v4-protocol.h","docs/research/cli/evidence/gap-2026-10-05/continuation-2026-10-09/private-v4-final2-protocol-negative/source/windows-node-private-v4-result.mjs","docs/research/cli/evidence/gap-2026-10-05/continuation-2026-10-09/private-v4-final2-protocol-negative/stderr","docs/research/cli/evidence/gap-2026-10-05/continuation-2026-10-09/private-v4-final2-protocol-negative/stdout","docs/research/cli/evidence/gap-2026-10-05/continuation-2026-10-09/private-v4-final2-source-readback.json","docs/research/cli/evidence/gap-2026-10-05/continuation-2026-10-09/private-v4-final2-unassigned-worker/archive-manifest.json","docs/research/cli/evidence/gap-2026-10-05/continuation-2026-10-09/private-v4-final2-unassigned-worker/bundle.js","docs/research/cli/evidence/gap-2026-10-05/continuation-2026-10-09/private-v4-final2-unassigned-worker/esbuild-trace-1.jsonl","docs/research/cli/evidence/gap-2026-10-05/continuation-2026-10-09/private-v4-final2-unassigned-worker/inputs/check.cjs","docs/research/cli/evidence/gap-2026-10-05/continuation-2026-10-09/private-v4-final2-unassigned-worker/inputs/model-capabilities.test.js","docs/research/cli/evidence/gap-2026-10-05/continuation-2026-10-09/private-v4-final2-unassigned-worker/inputs/preparation.json","docs/research/cli/evidence/gap-2026-10-05/continuation-2026-10-09/private-v4-final2-unassigned-worker/inputs/source-closure.json","docs/research/cli/evidence/gap-2026-10-05/continuation-2026-10-09/private-v4-final2-unassigned-worker/inputs/vitest.config.js","docs/research/cli/evidence/gap-2026-10-05/continuation-2026-10-09/private-v4-final2-unassigned-worker/inputs/windows-node-private-v4.manifest.json","docs/research/cli/evidence/gap-2026-10-05/continuation-2026-10-09/private-v4-final2-unassigned-worker/inputs/windows-node-private-v4.report-helper-50a3b6f6-c2af-47e8-bb95-d7c169db24fb.manifest.json","docs/research/cli/evidence/gap-2026-10-05/continuation-2026-10-09/private-v4-final2-unassigned-worker/journal.jsonl","docs/research/cli/evidence/gap-2026-10-05/continuation-2026-10-09/private-v4-final2-unassigned-worker/manifest.json","docs/research/cli/evidence/gap-2026-10-05/continuation-2026-10-09/private-v4-final2-unassigned-worker/report.json","docs/research/cli/evidence/gap-2026-10-05/continuation-2026-10-09/private-v4-final2-unassigned-worker/service.json","docs/research/cli/evidence/gap-2026-10-05/continuation-2026-10-09/private-v4-final2-unassigned-worker/source/windows-esbuild-private-map-shim.cpp","docs/research/cli/evidence/gap-2026-10-05/continuation-2026-10-09/private-v4-final2-unassigned-worker/source/windows-esbuild-private-map-supervisor.cpp","docs/research/cli/evidence/gap-2026-10-05/continuation-2026-10-09/private-v4-final2-unassigned-worker/source/windows-node-private-v4-adapter.cpp","docs/research/cli/evidence/gap-2026-10-05/continuation-2026-10-09/private-v4-final2-unassigned-worker/source/windows-node-private-v4-adapter.h","docs/research/cli/evidence/gap-2026-10-05/continuation-2026-10-09/private-v4-final2-unassigned-worker/source/windows-node-private-v4-broker.cpp","docs/research/cli/evidence/gap-2026-10-05/continuation-2026-10-09/private-v4-final2-unassigned-worker/source/windows-node-private-v4-dependencies.mjs","docs/research/cli/evidence/gap-2026-10-05/continuation-2026-10-09/private-v4-final2-unassigned-worker/source/windows-node-private-v4-diagnostic.mjs","docs/research/cli/evidence/gap-2026-10-05/continuation-2026-10-09/private-v4-final2-unassigned-worker/source/windows-node-private-v4-identity.cjs","docs/research/cli/evidence/gap-2026-10-05/continuation-2026-10-09/private-v4-final2-unassigned-worker/source/windows-node-private-v4-paired.h","docs/research/cli/evidence/gap-2026-10-05/continuation-2026-10-09/private-v4-final2-unassigned-worker/source/windows-node-private-v4-preload.cjs","docs/research/cli/evidence/gap-2026-10-05/continuation-2026-10-09/private-v4-final2-unassigned-worker/source/windows-node-private-v4-protocol.h","docs/research/cli/evidence/gap-2026-10-05/continuation-2026-10-09/private-v4-final2-unassigned-worker/source/windows-node-private-v4-result.mjs","docs/research/cli/evidence/gap-2026-10-05/continuation-2026-10-09/private-v4-final2-unassigned-worker/stderr","docs/research/cli/evidence/gap-2026-10-05/continuation-2026-10-09/private-v4-final2-unassigned-worker/stdout","docs/research/cli/evidence/gap-2026-10-05/continuation-2026-10-09/private-v4-op4-additional-review-source.mjs","docs/research/cli/evidence/gap-2026-10-05/continuation-2026-10-09/private-v4-op4-additional-review.json","docs/research/cli/evidence/gap-2026-10-05/continuation-2026-10-09/private-v4-undici-empty-bookkeeping-failure/archive-manifest.json","docs/research/cli/evidence/gap-2026-10-05/continuation-2026-10-09/private-v4-undici-empty-bookkeeping-failure/inputs/manifest.json","docs/research/cli/evidence/gap-2026-10-05/continuation-2026-10-09/private-v4-undici-empty-bookkeeping-failure/inputs/preparation.json","docs/research/cli/evidence/gap-2026-10-05/continuation-2026-10-09/private-v4-undici-empty-bookkeeping-failure/inputs/source-closure.json","docs/research/cli/evidence/gap-2026-10-05/continuation-2026-10-09/private-v4-undici-empty-bookkeeping-failure/report.json","docs/research/cli/evidence/gap-2026-10-05/continuation-2026-10-09/private-v4-undici-empty-bookkeeping-failure/source/windows-esbuild-private-map-shim.cpp","docs/research/cli/evidence/gap-2026-10-05/continuation-2026-10-09/private-v4-undici-empty-bookkeeping-failure/source/windows-esbuild-private-map-supervisor.cpp","docs/research/cli/evidence/gap-2026-10-05/continuation-2026-10-09/private-v4-undici-empty-bookkeeping-failure/source/windows-node-private-v4-adapter.cpp","docs/research/cli/evidence/gap-2026-10-05/continuation-2026-10-09/private-v4-undici-empty-bookkeeping-failure/source/windows-node-private-v4-adapter.h","docs/research/cli/evidence/gap-2026-10-05/continuation-2026-10-09/private-v4-undici-empty-bookkeeping-failure/source/windows-node-private-v4-broker.cpp","docs/research/cli/evidence/gap-2026-10-05/continuation-2026-10-09/private-v4-undici-empty-bookkeeping-failure/source/windows-node-private-v4-diagnostic.mjs","docs/research/cli/evidence/gap-2026-10-05/continuation-2026-10-09/private-v4-undici-empty-bookkeeping-failure/source/windows-node-private-v4-identity.cjs","docs/research/cli/evidence/gap-2026-10-05/continuation-2026-10-09/private-v4-undici-empty-bookkeeping-failure/source/windows-node-private-v4-paired.h","docs/research/cli/evidence/gap-2026-10-05/continuation-2026-10-09/private-v4-undici-empty-bookkeeping-failure/source/windows-node-private-v4-preload.cjs","docs/research/cli/evidence/gap-2026-10-05/continuation-2026-10-09/private-v4-undici-empty-bookkeeping-failure/source/windows-node-private-v4-protocol.h","docs/research/cli/evidence/gap-2026-10-05/continuation-2026-10-09/private-v4-undici-empty-bookkeeping-failure/source/windows-node-private-v4-result.mjs","docs/research/cli/evidence/gap-2026-10-05/continuation-2026-10-09/quality-61d91325d0/archive-manifest.json","docs/research/cli/evidence/gap-2026-10-05/continuation-2026-10-09/quality-61d91325d0/artifacts-1.json","docs/research/cli/evidence/gap-2026-10-05/continuation-2026-10-09/quality-61d91325d0/jobs-1.json","docs/research/cli/evidence/gap-2026-10-05/continuation-2026-10-09/quality-61d91325d0/readback.json","docs/research/cli/evidence/gap-2026-10-05/continuation-2026-10-09/quality-61d91325d0/run.json","docs/research/cli/evidence/gap-2026-10-05/continuation-2026-10-09/quality-61d91325d0/security-audit-log-refusal.json","docs/research/cli/evidence/gap-2026-10-05/continuation-2026-10-09/strict-61d91325d0/archive-manifest.json","docs/research/cli/evidence/gap-2026-10-05/continuation-2026-10-09/strict-61d91325d0/artifacts-1.json","docs/research/cli/evidence/gap-2026-10-05/continuation-2026-10-09/strict-61d91325d0/jobs-1.json","docs/research/cli/evidence/gap-2026-10-05/continuation-2026-10-09/strict-61d91325d0/readback.json","docs/research/cli/evidence/gap-2026-10-05/continuation-2026-10-09/strict-61d91325d0/run.json","docs/research/cli/evidence/gap-2026-10-05/continuation-2026-10-09/verify12-current-regression/archive-manifest.json","docs/research/cli/evidence/gap-2026-10-05/continuation-2026-10-09/verify12-current-regression/baseline/__tests__/unit/background-command-argv.test.js","docs/research/cli/evidence/gap-2026-10-05/continuation-2026-10-09/verify12-current-regression/baseline/package.json","docs/research/cli/evidence/gap-2026-10-05/continuation-2026-10-09/verify12-current-regression/baseline/results.json","docs/research/cli/evidence/gap-2026-10-05/continuation-2026-10-09/verify12-current-regression/baseline/src/lib/background-command-argv.js","docs/research/cli/evidence/gap-2026-10-05/continuation-2026-10-09/verify12-current-regression/baseline/stderr.txt","docs/research/cli/evidence/gap-2026-10-05/continuation-2026-10-09/verify12-current-regression/baseline/stdout.txt","docs/research/cli/evidence/gap-2026-10-05/continuation-2026-10-09/verify12-current-regression/baseline/vitest.config.mjs","docs/research/cli/evidence/gap-2026-10-05/continuation-2026-10-09/verify12-current-regression/mutant/__tests__/unit/background-command-argv.test.js","docs/research/cli/evidence/gap-2026-10-05/continuation-2026-10-09/verify12-current-regression/mutant/package.json","docs/research/cli/evidence/gap-2026-10-05/continuation-2026-10-09/verify12-current-regression/mutant/results.json","docs/research/cli/evidence/gap-2026-10-05/continuation-2026-10-09/verify12-current-regression/mutant/src/lib/background-command-argv.js","docs/research/cli/evidence/gap-2026-10-05/continuation-2026-10-09/verify12-current-regression/mutant/stderr.txt","docs/research/cli/evidence/gap-2026-10-05/continuation-2026-10-09/verify12-current-regression/mutant/stdout.txt","docs/research/cli/evidence/gap-2026-10-05/continuation-2026-10-09/verify12-current-regression/mutant/vitest.config.mjs","docs/research/cli/evidence/gap-2026-10-05/continuation-2026-10-09/verify12-current-regression/report.json","docs/research/cli/evidence/gap-2026-10-05/continuation-2026-10-09/verify20-current-regression/archive-manifest.json","docs/research/cli/evidence/gap-2026-10-05/continuation-2026-10-09/verify20-current-regression/baseline/__tests__/unit/permission-decision-precedence.test.js","docs/research/cli/evidence/gap-2026-10-05/continuation-2026-10-09/verify20-current-regression/baseline/package.json","docs/research/cli/evidence/gap-2026-10-05/continuation-2026-10-09/verify20-current-regression/baseline/results.json","docs/research/cli/evidence/gap-2026-10-05/continuation-2026-10-09/verify20-current-regression/baseline/src/lib/credential-guard.js","docs/research/cli/evidence/gap-2026-10-05/continuation-2026-10-09/verify20-current-regression/baseline/src/lib/permission-decision.js","docs/research/cli/evidence/gap-2026-10-05/continuation-2026-10-09/verify20-current-regression/baseline/src/lib/secret-scan.js","docs/research/cli/evidence/gap-2026-10-05/continuation-2026-10-09/verify20-current-regression/baseline/src/runtime/coding-agent-shell-policy.cjs","docs/research/cli/evidence/gap-2026-10-05/continuation-2026-10-09/verify20-current-regression/baseline/stderr.txt","docs/research/cli/evidence/gap-2026-10-05/continuation-2026-10-09/verify20-current-regression/baseline/stdout.txt","docs/research/cli/evidence/gap-2026-10-05/continuation-2026-10-09/verify20-current-regression/baseline/vitest.config.mjs","docs/research/cli/evidence/gap-2026-10-05/continuation-2026-10-09/verify20-current-regression/mutant/__tests__/unit/permission-decision-precedence.test.js","docs/research/cli/evidence/gap-2026-10-05/continuation-2026-10-09/verify20-current-regression/mutant/package.json","docs/research/cli/evidence/gap-2026-10-05/continuation-2026-10-09/verify20-current-regression/mutant/results.json","docs/research/cli/evidence/gap-2026-10-05/continuation-2026-10-09/verify20-current-regression/mutant/src/lib/credential-guard.js","docs/research/cli/evidence/gap-2026-10-05/continuation-2026-10-09/verify20-current-regression/mutant/src/lib/permission-decision.js","docs/research/cli/evidence/gap-2026-10-05/continuation-2026-10-09/verify20-current-regression/mutant/src/lib/secret-scan.js","docs/research/cli/evidence/gap-2026-10-05/continuation-2026-10-09/verify20-current-regression/mutant/src/runtime/coding-agent-shell-policy.cjs","docs/research/cli/evidence/gap-2026-10-05/continuation-2026-10-09/verify20-current-regression/mutant/stderr.txt","docs/research/cli/evidence/gap-2026-10-05/continuation-2026-10-09/verify20-current-regression/mutant/stdout.txt","docs/research/cli/evidence/gap-2026-10-05/continuation-2026-10-09/verify20-current-regression/mutant/vitest.config.mjs","docs/research/cli/evidence/gap-2026-10-05/continuation-2026-10-09/verify20-current-regression/report.json","docs/research/cli/evidence/gap-2026-10-05/continuation-2026-10-09/verify29-current-regression/archive-manifest.json","docs/research/cli/evidence/gap-2026-10-05/continuation-2026-10-09/verify29-current-regression/baseline/package.json","docs/research/cli/evidence/gap-2026-10-05/continuation-2026-10-09/verify29-current-regression/baseline/src/chat/permission-mode-state.js","docs/research/cli/evidence/gap-2026-10-05/continuation-2026-10-09/verify29-current-regression/baseline/stderr.txt","docs/research/cli/evidence/gap-2026-10-05/continuation-2026-10-09/verify29-current-regression/baseline/stdout.tap","docs/research/cli/evidence/gap-2026-10-05/continuation-2026-10-09/verify29-current-regression/baseline/test/permission-mode-state.test.cjs","docs/research/cli/evidence/gap-2026-10-05/continuation-2026-10-09/verify29-current-regression/mutant/package.json","docs/research/cli/evidence/gap-2026-10-05/continuation-2026-10-09/verify29-current-regression/mutant/src/chat/permission-mode-state.js","docs/research/cli/evidence/gap-2026-10-05/continuation-2026-10-09/verify29-current-regression/mutant/stderr.txt","docs/research/cli/evidence/gap-2026-10-05/continuation-2026-10-09/verify29-current-regression/mutant/stdout.tap","docs/research/cli/evidence/gap-2026-10-05/continuation-2026-10-09/verify29-current-regression/mutant/test/permission-mode-state.test.cjs","docs/research/cli/evidence/gap-2026-10-05/continuation-2026-10-09/verify29-current-regression/report.json","docs/research/cli/evidence/gap-2026-10-05/continuation-2026-10-09/verify30b-current-regression/archive-manifest.json","docs/research/cli/evidence/gap-2026-10-05/continuation-2026-10-09/verify30b-current-regression/baseline/package.json","docs/research/cli/evidence/gap-2026-10-05/continuation-2026-10-09/verify30b-current-regression/baseline/src/chat/image-decode-budget.js","docs/research/cli/evidence/gap-2026-10-05/continuation-2026-10-09/verify30b-current-regression/baseline/stderr.txt","docs/research/cli/evidence/gap-2026-10-05/continuation-2026-10-09/verify30b-current-regression/baseline/stdout.tap","docs/research/cli/evidence/gap-2026-10-05/continuation-2026-10-09/verify30b-current-regression/baseline/test/image-decode-budget.test.cjs","docs/research/cli/evidence/gap-2026-10-05/continuation-2026-10-09/verify30b-current-regression/mutant/package.json","docs/research/cli/evidence/gap-2026-10-05/continuation-2026-10-09/verify30b-current-regression/mutant/src/chat/image-decode-budget.js","docs/research/cli/evidence/gap-2026-10-05/continuation-2026-10-09/verify30b-current-regression/mutant/stderr.txt","docs/research/cli/evidence/gap-2026-10-05/continuation-2026-10-09/verify30b-current-regression/mutant/stdout.tap","docs/research/cli/evidence/gap-2026-10-05/continuation-2026-10-09/verify30b-current-regression/mutant/test/image-decode-budget.test.cjs","docs/research/cli/evidence/gap-2026-10-05/continuation-2026-10-09/verify30b-current-regression/package.json.before","docs/research/cli/evidence/gap-2026-10-05/continuation-2026-10-09/verify30b-current-regression/report.json","docs/research/cli/evidence/gap-2026-10-05/continuation-2026-10-09/windows-job-recovery-failure-v1/archive-manifest.json","docs/research/cli/evidence/gap-2026-10-05/continuation-2026-10-09/windows-job-recovery-failure-v1/build.json","docs/research/cli/evidence/gap-2026-10-05/continuation-2026-10-09/windows-job-recovery-failure-v1/native.stderr.txt","docs/research/cli/evidence/gap-2026-10-05/continuation-2026-10-09/windows-job-recovery-failure-v1/native.stdout.json","docs/research/cli/evidence/gap-2026-10-05/continuation-2026-10-09/windows-job-recovery-failure-v1/report.json","docs/research/cli/evidence/gap-2026-10-05/continuation-2026-10-09/windows-job-recovery-failure-v1/windows-job-recovery-probe.cs","docs/research/cli/evidence/gap-2026-10-05/continuation-2026-10-09/windows-job-recovery-failure-v2/archive-manifest.json","docs/research/cli/evidence/gap-2026-10-05/continuation-2026-10-09/windows-job-recovery-failure-v2/build.json","docs/research/cli/evidence/gap-2026-10-05/continuation-2026-10-09/windows-job-recovery-failure-v2/native.stderr.txt","docs/research/cli/evidence/gap-2026-10-05/continuation-2026-10-09/windows-job-recovery-failure-v2/native.stdout.json","docs/research/cli/evidence/gap-2026-10-05/continuation-2026-10-09/windows-job-recovery-failure-v2/report.json","docs/research/cli/evidence/gap-2026-10-05/continuation-2026-10-09/windows-job-recovery-failure-v2/windows-job-recovery-probe.cs","docs/research/cli/evidence/gap-2026-10-05/continuation-2026-10-09/windows-job-recovery-final/archive-manifest.json","docs/research/cli/evidence/gap-2026-10-05/continuation-2026-10-09/windows-job-recovery-final/build.json","docs/research/cli/evidence/gap-2026-10-05/continuation-2026-10-09/windows-job-recovery-final/native.stderr.txt","docs/research/cli/evidence/gap-2026-10-05/continuation-2026-10-09/windows-job-recovery-final/native.stdout.json","docs/research/cli/evidence/gap-2026-10-05/continuation-2026-10-09/windows-job-recovery-final/report.json","docs/research/cli/evidence/gap-2026-10-05/continuation-2026-10-09/windows-job-recovery-final/unassigned.stderr.txt","docs/research/cli/evidence/gap-2026-10-05/continuation-2026-10-09/windows-job-recovery-final/unassigned.stdout.json","docs/research/cli/evidence/gap-2026-10-05/continuation-2026-10-09/windows-job-recovery-final/windows-job-recovery-evidence.mjs","docs/research/cli/evidence/gap-2026-10-05/continuation-2026-10-09/windows-job-recovery-final/windows-job-recovery-evidence.node-test.mjs","docs/research/cli/evidence/gap-2026-10-05/continuation-2026-10-09/windows-job-recovery-final/windows-job-recovery-probe.cs","docs/research/cli/evidence/gap-2026-10-05/continuation-2026-10-09/windows-job-recovery-final/windows-job-recovery-probe.mjs","docs/research/cli/evidence/gap-2026-10-05/continuation-2026-10-09/windows-private-v4-config-b/archive-manifest.json","docs/research/cli/evidence/gap-2026-10-05/continuation-2026-10-09/windows-private-v4-config-b/journal.jsonl","docs/research/cli/evidence/gap-2026-10-05/continuation-2026-10-09/windows-private-v4-config-b/manifest.json","docs/research/cli/evidence/gap-2026-10-05/continuation-2026-10-09/windows-private-v4-config-b/report.json","docs/research/cli/evidence/gap-2026-10-05/continuation-2026-10-09/windows-private-v4-config-b/source/run-private-v4-frozen.mjs","docs/research/cli/evidence/gap-2026-10-05/continuation-2026-10-09/windows-private-v4-config-b/source/windows-esbuild-private-map-shim.cpp","docs/research/cli/evidence/gap-2026-10-05/continuation-2026-10-09/windows-private-v4-config-b/source/windows-esbuild-private-map-supervisor.cpp","docs/research/cli/evidence/gap-2026-10-05/continuation-2026-10-09/windows-private-v4-config-b/source/windows-node-private-v4-adapter.cpp","docs/research/cli/evidence/gap-2026-10-05/continuation-2026-10-09/windows-private-v4-config-b/source/windows-node-private-v4-adapter.h","docs/research/cli/evidence/gap-2026-10-05/continuation-2026-10-09/windows-private-v4-config-b/source/windows-node-private-v4-broker.cpp","docs/research/cli/evidence/gap-2026-10-05/continuation-2026-10-09/windows-private-v4-config-b/source/windows-node-private-v4-paired.h","docs/research/cli/evidence/gap-2026-10-05/continuation-2026-10-09/windows-private-v4-config-b/source/windows-node-private-v4-protocol.h","docs/research/cli/evidence/gap-2026-10-05/continuation-2026-10-09/windows-private-v4-config-b/stderr","docs/research/cli/evidence/gap-2026-10-05/continuation-2026-10-09/windows-private-v4-config-b/stdout","docs/research/cli/evidence/gap-2026-10-05/continuation-2026-10-09/windows-private-v4-first-forks-k/archive-manifest.json","docs/research/cli/evidence/gap-2026-10-05/continuation-2026-10-09/windows-private-v4-first-forks-k/journal.jsonl","docs/research/cli/evidence/gap-2026-10-05/continuation-2026-10-09/windows-private-v4-first-forks-k/manifest.json","docs/research/cli/evidence/gap-2026-10-05/continuation-2026-10-09/windows-private-v4-first-forks-k/report.json","docs/research/cli/evidence/gap-2026-10-05/continuation-2026-10-09/windows-private-v4-first-forks-k/source/run-private-v4-frozen.mjs","docs/research/cli/evidence/gap-2026-10-05/continuation-2026-10-09/windows-private-v4-first-forks-k/source/windows-esbuild-private-map-shim.cpp","docs/research/cli/evidence/gap-2026-10-05/continuation-2026-10-09/windows-private-v4-first-forks-k/source/windows-esbuild-private-map-supervisor.cpp","docs/research/cli/evidence/gap-2026-10-05/continuation-2026-10-09/windows-private-v4-first-forks-k/source/windows-node-private-v4-adapter.cpp","docs/research/cli/evidence/gap-2026-10-05/continuation-2026-10-09/windows-private-v4-first-forks-k/source/windows-node-private-v4-adapter.h","docs/research/cli/evidence/gap-2026-10-05/continuation-2026-10-09/windows-private-v4-first-forks-k/source/windows-node-private-v4-broker.cpp","docs/research/cli/evidence/gap-2026-10-05/continuation-2026-10-09/windows-private-v4-first-forks-k/source/windows-node-private-v4-identity.cjs","docs/research/cli/evidence/gap-2026-10-05/continuation-2026-10-09/windows-private-v4-first-forks-k/source/windows-node-private-v4-paired.h","docs/research/cli/evidence/gap-2026-10-05/continuation-2026-10-09/windows-private-v4-first-forks-k/source/windows-node-private-v4-preload.cjs","docs/research/cli/evidence/gap-2026-10-05/continuation-2026-10-09/windows-private-v4-first-forks-k/source/windows-node-private-v4-protocol.h","docs/research/cli/evidence/gap-2026-10-05/continuation-2026-10-09/windows-private-v4-first-forks-k/stderr","docs/research/cli/evidence/gap-2026-10-05/continuation-2026-10-09/windows-private-v4-first-forks-k/stdout","docs/research/cli/evidence/gap-2026-10-05/continuation-2026-10-09/windows-private-v4-service-c/archive-manifest.json","docs/research/cli/evidence/gap-2026-10-05/continuation-2026-10-09/windows-private-v4-service-c/bundle.js","docs/research/cli/evidence/gap-2026-10-05/continuation-2026-10-09/windows-private-v4-service-c/esbuild-trace.jsonl","docs/research/cli/evidence/gap-2026-10-05/continuation-2026-10-09/windows-private-v4-service-c/manifest.json","docs/research/cli/evidence/gap-2026-10-05/continuation-2026-10-09/windows-private-v4-service-c/report.json","docs/research/cli/evidence/gap-2026-10-05/continuation-2026-10-09/windows-private-v4-service-c/service.json","docs/research/cli/evidence/gap-2026-10-05/continuation-2026-10-09/windows-private-v4-service-c/source/run-private-v4.mjs","docs/research/cli/evidence/gap-2026-10-05/continuation-2026-10-09/windows-private-v4-service-c/source/windows-esbuild-private-map-shim.cpp","docs/research/cli/evidence/gap-2026-10-05/continuation-2026-10-09/windows-private-v4-service-c/source/windows-esbuild-private-map-supervisor.cpp","docs/research/cli/evidence/gap-2026-10-05/continuation-2026-10-09/windows-private-v4-service-c/source/windows-node-private-v4-adapter.cpp","docs/research/cli/evidence/gap-2026-10-05/continuation-2026-10-09/windows-private-v4-service-c/source/windows-node-private-v4-adapter.h","docs/research/cli/evidence/gap-2026-10-05/continuation-2026-10-09/windows-private-v4-service-c/source/windows-node-private-v4-broker.cpp","docs/research/cli/evidence/gap-2026-10-05/continuation-2026-10-09/windows-private-v4-service-c/source/windows-node-private-v4-paired.h","docs/research/cli/evidence/gap-2026-10-05/continuation-2026-10-09/windows-private-v4-service-c/source/windows-node-private-v4-protocol.h","docs/research/cli/evidence/gap-2026-10-05/continuation-2026-10-09/windows-private-v4-service-c/stderr","docs/research/cli/evidence/gap-2026-10-05/continuation-2026-10-09/windows-private-v4-service-c/stdout","docs/research/cli/evidence/gap-2026-10-05/release-0.166.95/README.md","docs/research/cli/evidence/gap-2026-10-05/release-0.166.95/npm-publish-failure/failed-job/job.json","docs/research/cli/evidence/gap-2026-10-05/release-0.166.95/npm-publish-failure/failed-job/job.log","docs/research/cli/evidence/gap-2026-10-05/release-0.166.95/npm-publish-failure/failed-job/readback.json","docs/research/cli/evidence/gap-2026-10-05/release-0.166.95/npm-publish-failure/failed-job/run.json","docs/research/cli/evidence/gap-2026-10-05/release-0.166.95/npm-publish-failure/manifest.json","docs/research/cli/evidence/gap-2026-10-05/release-0.166.95/npm-publish-failure/workflow/artifacts-1.json","docs/research/cli/evidence/gap-2026-10-05/release-0.166.95/npm-publish-failure/workflow/jobs-1.json","docs/research/cli/evidence/gap-2026-10-05/release-0.166.95/npm-publish-failure/workflow/readback.json","docs/research/cli/evidence/gap-2026-10-05/release-0.166.95/npm-publish-failure/workflow/run.json","docs/research/cli/evidence/gap-2026-10-05/release-0.166.95/prepublish-attempt1/browser/artifacts.json","docs/research/cli/evidence/gap-2026-10-05/release-0.166.95/prepublish-attempt1/browser/linux-113767069701.log","docs/research/cli/evidence/gap-2026-10-05/release-0.166.95/prepublish-attempt1/browser/macos-113767069638.log","docs/research/cli/evidence/gap-2026-10-05/release-0.166.95/prepublish-attempt1/browser/unit-execution.json","docs/research/cli/evidence/gap-2026-10-05/release-0.166.95/prepublish-attempt1/browser/unit-results.json","docs/research/cli/evidence/gap-2026-10-05/release-0.166.95/prepublish-attempt1/browser/unit.stderr.txt","docs/research/cli/evidence/gap-2026-10-05/release-0.166.95/prepublish-attempt1/browser/unit.stdout.txt","docs/research/cli/evidence/gap-2026-10-05/release-0.166.95/prepublish-attempt1/browser/validate.mjs","docs/research/cli/evidence/gap-2026-10-05/release-0.166.95/prepublish-attempt1/browser/windows-113767069721.log","docs/research/cli/evidence/gap-2026-10-05/release-0.166.95/prepublish-attempt1/cli-ci/artifacts-1.json","docs/research/cli/evidence/gap-2026-10-05/release-0.166.95/prepublish-attempt1/cli-ci/jobs-1.json","docs/research/cli/evidence/gap-2026-10-05/release-0.166.95/prepublish-attempt1/cli-ci/readback.json","docs/research/cli/evidence/gap-2026-10-05/release-0.166.95/prepublish-attempt1/cli-ci/run.json","docs/research/cli/evidence/gap-2026-10-05/release-0.166.95/prepublish-attempt1/cli-contention/forced-contention-result.json","docs/research/cli/evidence/gap-2026-10-05/release-0.166.95/prepublish-attempt1/cli-contention/unit-3.xml","docs/research/cli/evidence/gap-2026-10-05/release-0.166.95/prepublish-attempt1/cli-contention/verify-contention.mjs","docs/research/cli/evidence/gap-2026-10-05/release-0.166.95/prepublish-attempt1/e2e-linux/job.json","docs/research/cli/evidence/gap-2026-10-05/release-0.166.95/prepublish-attempt1/e2e-linux/job.log","docs/research/cli/evidence/gap-2026-10-05/release-0.166.95/prepublish-attempt1/e2e-linux/readback.json","docs/research/cli/evidence/gap-2026-10-05/release-0.166.95/prepublish-attempt1/e2e-linux/run.json","docs/research/cli/evidence/gap-2026-10-05/release-0.166.95/prepublish-attempt1/ide/artifacts-1.json","docs/research/cli/evidence/gap-2026-10-05/release-0.166.95/prepublish-attempt1/ide/jobs-1.json","docs/research/cli/evidence/gap-2026-10-05/release-0.166.95/prepublish-attempt1/ide/readback.json","docs/research/cli/evidence/gap-2026-10-05/release-0.166.95/prepublish-attempt1/ide/run.json","docs/research/cli/evidence/gap-2026-10-05/release-0.166.95/prepublish-attempt1/manifest.json","docs/research/cli/evidence/gap-2026-10-05/release-0.166.95/prepublish-attempt1/model-catalog/artifacts-1.json","docs/research/cli/evidence/gap-2026-10-05/release-0.166.95/prepublish-attempt1/model-catalog/jobs-1.json","docs/research/cli/evidence/gap-2026-10-05/release-0.166.95/prepublish-attempt1/model-catalog/readback.json","docs/research/cli/evidence/gap-2026-10-05/release-0.166.95/prepublish-attempt1/model-catalog/run.json","docs/research/cli/evidence/gap-2026-10-05/release-0.166.95/prepublish-attempt1/pm-errors/job.json","docs/research/cli/evidence/gap-2026-10-05/release-0.166.95/prepublish-attempt1/pm-errors/job.log","docs/research/cli/evidence/gap-2026-10-05/release-0.166.95/prepublish-attempt1/pm-errors/readback.json","docs/research/cli/evidence/gap-2026-10-05/release-0.166.95/prepublish-attempt1/pm-errors/run.json","docs/research/cli/evidence/gap-2026-10-05/release-0.166.95/prepublish-attempt1/pm-performance/job.json","docs/research/cli/evidence/gap-2026-10-05/release-0.166.95/prepublish-attempt1/pm-performance/job.log","docs/research/cli/evidence/gap-2026-10-05/release-0.166.95/prepublish-attempt1/pm-performance/readback.json","docs/research/cli/evidence/gap-2026-10-05/release-0.166.95/prepublish-attempt1/pm-performance/run.json","docs/research/cli/evidence/gap-2026-10-05/release-0.166.95/prepublish-attempt1/verify01-manifest.json","docs/research/cli/evidence/gap-2026-10-05/release-0.166.95/prepublish-attempt1/verify01/capture-manifest.json","docs/research/cli/evidence/gap-2026-10-05/release-0.166.95/prepublish-attempt1/verify01/diagnosis.json","docs/research/cli/evidence/gap-2026-10-05/release-0.166.95/prepublish-attempt1/verify01/pr-annotations.json","docs/research/cli/evidence/gap-2026-10-05/release-0.166.95/prepublish-attempt1/verify01/pr-artifacts.json","docs/research/cli/evidence/gap-2026-10-05/release-0.166.95/prepublish-attempt1/verify01/pr-gh-rendered.log","docs/research/cli/evidence/gap-2026-10-05/release-0.166.95/prepublish-attempt1/verify01/pr-job.json","docs/research/cli/evidence/gap-2026-10-05/release-0.166.95/prepublish-attempt1/verify01/pr-job.log.error.json","docs/research/cli/evidence/gap-2026-10-05/release-0.166.95/prepublish-attempt1/verify01/pr-jobs.json","docs/research/cli/evidence/gap-2026-10-05/release-0.166.95/prepublish-attempt1/verify01/pr-run.json","docs/research/cli/evidence/gap-2026-10-05/release-0.166.95/prepublish-attempt1/verify01/push-annotations.json","docs/research/cli/evidence/gap-2026-10-05/release-0.166.95/prepublish-attempt1/verify01/push-artifacts.json","docs/research/cli/evidence/gap-2026-10-05/release-0.166.95/prepublish-attempt1/verify01/push-gh-rendered.log.error.json","docs/research/cli/evidence/gap-2026-10-05/release-0.166.95/prepublish-attempt1/verify01/push-job.json","docs/research/cli/evidence/gap-2026-10-05/release-0.166.95/prepublish-attempt1/verify01/push-job.log.error.json","docs/research/cli/evidence/gap-2026-10-05/release-0.166.95/prepublish-attempt1/verify01/push-jobs.json","docs/research/cli/evidence/gap-2026-10-05/release-0.166.95/prepublish-attempt1/verify01/push-run.json","docs/research/cli/evidence/gap-2026-10-05/release-0.166.95/prepublish-attempt2/ci-tests-43-final/artifacts-1.json","docs/research/cli/evidence/gap-2026-10-05/release-0.166.95/prepublish-attempt2/ci-tests-43-final/jobs-1.json","docs/research/cli/evidence/gap-2026-10-05/release-0.166.95/prepublish-attempt2/ci-tests-43-final/readback.json","docs/research/cli/evidence/gap-2026-10-05/release-0.166.95/prepublish-attempt2/ci-tests-43-final/run.json","docs/research/cli/evidence/gap-2026-10-05/release-0.166.95/prepublish-attempt2/cli-ci-43-attempt1-failed/artifacts-1.json","docs/research/cli/evidence/gap-2026-10-05/release-0.166.95/prepublish-attempt2/cli-ci-43-attempt1-failed/jobs-1.json","docs/research/cli/evidence/gap-2026-10-05/release-0.166.95/prepublish-attempt2/cli-ci-43-attempt1-failed/readback.json","docs/research/cli/evidence/gap-2026-10-05/release-0.166.95/prepublish-attempt2/cli-ci-43-attempt1-failed/run.json","docs/research/cli/evidence/gap-2026-10-05/release-0.166.95/prepublish-attempt2/cli-windows-unit3-43-success/job.json","docs/research/cli/evidence/gap-2026-10-05/release-0.166.95/prepublish-attempt2/cli-windows-unit3-43-success/job.log","docs/research/cli/evidence/gap-2026-10-05/release-0.166.95/prepublish-attempt2/cli-windows-unit3-43-success/readback.json","docs/research/cli/evidence/gap-2026-10-05/release-0.166.95/prepublish-attempt2/cli-windows-unit3-43-success/run.json","docs/research/cli/evidence/gap-2026-10-05/release-0.166.95/prepublish-attempt2/full-tests-43-final/artifacts-1.json","docs/research/cli/evidence/gap-2026-10-05/release-0.166.95/prepublish-attempt2/full-tests-43-final/jobs-1.json","docs/research/cli/evidence/gap-2026-10-05/release-0.166.95/prepublish-attempt2/full-tests-43-final/readback.json","docs/research/cli/evidence/gap-2026-10-05/release-0.166.95/prepublish-attempt2/full-tests-43-final/run.json","docs/research/cli/evidence/gap-2026-10-05/release-0.166.95/prepublish-attempt2/ide-43-final/artifacts-1.json","docs/research/cli/evidence/gap-2026-10-05/release-0.166.95/prepublish-attempt2/ide-43-final/jobs-1.json","docs/research/cli/evidence/gap-2026-10-05/release-0.166.95/prepublish-attempt2/ide-43-final/readback.json","docs/research/cli/evidence/gap-2026-10-05/release-0.166.95/prepublish-attempt2/ide-43-final/run.json","docs/research/cli/evidence/gap-2026-10-05/release-0.166.95/prepublish-attempt2/manifest.json","docs/research/cli/evidence/gap-2026-10-05/release-0.166.95/prepublish-attempt2/model-catalog-43-final/artifacts-1.json","docs/research/cli/evidence/gap-2026-10-05/release-0.166.95/prepublish-attempt2/model-catalog-43-final/jobs-1.json","docs/research/cli/evidence/gap-2026-10-05/release-0.166.95/prepublish-attempt2/model-catalog-43-final/readback.json","docs/research/cli/evidence/gap-2026-10-05/release-0.166.95/prepublish-attempt2/model-catalog-43-final/run.json","docs/research/cli/evidence/gap-2026-10-05/release-0.166.95/prepublish-attempt2/pr-tests-43-final/artifacts-1.json","docs/research/cli/evidence/gap-2026-10-05/release-0.166.95/prepublish-attempt2/pr-tests-43-final/jobs-1.json","docs/research/cli/evidence/gap-2026-10-05/release-0.166.95/prepublish-attempt2/pr-tests-43-final/readback.json","docs/research/cli/evidence/gap-2026-10-05/release-0.166.95/prepublish-attempt2/pr-tests-43-final/run.json","docs/research/cli/evidence/gap-2026-10-05/release-0.166.95/prepublish-attempt2/quality-43-final/artifacts-1.json","docs/research/cli/evidence/gap-2026-10-05/release-0.166.95/prepublish-attempt2/quality-43-final/jobs-1.json","docs/research/cli/evidence/gap-2026-10-05/release-0.166.95/prepublish-attempt2/quality-43-final/readback.json","docs/research/cli/evidence/gap-2026-10-05/release-0.166.95/prepublish-attempt2/quality-43-final/run.json","docs/research/cli/evidence/gap-2026-10-05/release-0.166.95/prepublish-attempt2/safety-43-final/artifacts-1.json","docs/research/cli/evidence/gap-2026-10-05/release-0.166.95/prepublish-attempt2/safety-43-final/jobs-1.json","docs/research/cli/evidence/gap-2026-10-05/release-0.166.95/prepublish-attempt2/safety-43-final/readback.json","docs/research/cli/evidence/gap-2026-10-05/release-0.166.95/prepublish-attempt2/safety-43-final/run.json","docs/research/cli/evidence/gap-2026-10-05/release-0.166.95/prepublish-attempt2/strict-43-final/artifacts-1.json","docs/research/cli/evidence/gap-2026-10-05/release-0.166.95/prepublish-attempt2/strict-43-final/jobs-1.json","docs/research/cli/evidence/gap-2026-10-05/release-0.166.95/prepublish-attempt2/strict-43-final/readback.json","docs/research/cli/evidence/gap-2026-10-05/release-0.166.95/prepublish-attempt2/strict-43-final/run.json","docs/research/cli/evidence/gap-2026-10-05/release-0.166.95/prepublish-attempt2/verify-cli-windows-43-attempt1-log/job.json","docs/research/cli/evidence/gap-2026-10-05/release-0.166.95/prepublish-attempt2/verify-cli-windows-43-attempt1-log/job.log","docs/research/cli/evidence/gap-2026-10-05/release-0.166.95/prepublish-attempt2/verify-cli-windows-43-attempt1-log/readback.json","docs/research/cli/evidence/gap-2026-10-05/release-0.166.95/prepublish-attempt2/verify-cli-windows-43-attempt1-log/run.json","docs/research/cli/evidence/gap-2026-10-05/release-0.166.95/prepublish-attempt3/ci-tests-a3-before-supersession/artifacts-1.json","docs/research/cli/evidence/gap-2026-10-05/release-0.166.95/prepublish-attempt3/ci-tests-a3-before-supersession/jobs-1.json","docs/research/cli/evidence/gap-2026-10-05/release-0.166.95/prepublish-attempt3/ci-tests-a3-before-supersession/readback.json","docs/research/cli/evidence/gap-2026-10-05/release-0.166.95/prepublish-attempt3/ci-tests-a3-before-supersession/run.json","docs/research/cli/evidence/gap-2026-10-05/release-0.166.95/prepublish-attempt3/ci-windows-host-a3-failed/job.json","docs/research/cli/evidence/gap-2026-10-05/release-0.166.95/prepublish-attempt3/ci-windows-host-a3-failed/job.log","docs/research/cli/evidence/gap-2026-10-05/release-0.166.95/prepublish-attempt3/ci-windows-host-a3-failed/readback.json","docs/research/cli/evidence/gap-2026-10-05/release-0.166.95/prepublish-attempt3/ci-windows-host-a3-failed/run.json","docs/research/cli/evidence/gap-2026-10-05/release-0.166.95/prepublish-attempt3/cli-ci-a3-before-supersession/artifacts-1.json","docs/research/cli/evidence/gap-2026-10-05/release-0.166.95/prepublish-attempt3/cli-ci-a3-before-supersession/jobs-1.json","docs/research/cli/evidence/gap-2026-10-05/release-0.166.95/prepublish-attempt3/cli-ci-a3-before-supersession/readback.json","docs/research/cli/evidence/gap-2026-10-05/release-0.166.95/prepublish-attempt3/cli-ci-a3-before-supersession/run.json","docs/research/cli/evidence/gap-2026-10-05/release-0.166.95/prepublish-attempt3/goal-restart-local-timing/stderr.log","docs/research/cli/evidence/gap-2026-10-05/release-0.166.95/prepublish-attempt3/goal-restart-local-timing/stdout.log","docs/research/cli/evidence/gap-2026-10-05/release-0.166.95/prepublish-attempt3/goal-restart-local-timing2/report.json","docs/research/cli/evidence/gap-2026-10-05/release-0.166.95/prepublish-attempt3/goal-restart-local-timing2/stderr.log","docs/research/cli/evidence/gap-2026-10-05/release-0.166.95/prepublish-attempt3/goal-restart-local-timing2/stdout.log","docs/research/cli/evidence/gap-2026-10-05/release-0.166.95/prepublish-attempt3/manifest.json","docs/research/cli/evidence/gap-2026-10-05/release-0.166.95/prepublish-attempt3/model-catalog-a3-final/artifacts-1.json","docs/research/cli/evidence/gap-2026-10-05/release-0.166.95/prepublish-attempt3/model-catalog-a3-final/jobs-1.json","docs/research/cli/evidence/gap-2026-10-05/release-0.166.95/prepublish-attempt3/model-catalog-a3-final/readback.json","docs/research/cli/evidence/gap-2026-10-05/release-0.166.95/prepublish-attempt3/model-catalog-a3-final/run.json","docs/research/cli/evidence/gap-2026-10-05/release-0.166.95/prepublish-attempt3/run-goal-restart-timing.mjs","docs/research/cli/evidence/gap-2026-10-05/release-0.166.95/prepublish-attempt4/archive-tools/astra-archive-arm64-attempt4-20261010.mjs","docs/research/cli/evidence/gap-2026-10-05/release-0.166.95/prepublish-attempt4/archive-tools/astra-capture-official-popup-sources-20261010.mjs","docs/research/cli/evidence/gap-2026-10-05/release-0.166.95/prepublish-attempt4/archive-tools/astra-finalize-official-popup-source-20261010.mjs","docs/research/cli/evidence/gap-2026-10-05/release-0.166.95/prepublish-attempt4/ci-job/job.json","docs/research/cli/evidence/gap-2026-10-05/release-0.166.95/prepublish-attempt4/ci-job/job.log","docs/research/cli/evidence/gap-2026-10-05/release-0.166.95/prepublish-attempt4/ci-job/readback.json","docs/research/cli/evidence/gap-2026-10-05/release-0.166.95/prepublish-attempt4/ci-job/run.json","docs/research/cli/evidence/gap-2026-10-05/release-0.166.95/prepublish-attempt4/ci-run/artifacts-1.json","docs/research/cli/evidence/gap-2026-10-05/release-0.166.95/prepublish-attempt4/ci-run/jobs-1.json","docs/research/cli/evidence/gap-2026-10-05/release-0.166.95/prepublish-attempt4/ci-run/readback.json","docs/research/cli/evidence/gap-2026-10-05/release-0.166.95/prepublish-attempt4/ci-run/run.json","docs/research/cli/evidence/gap-2026-10-05/release-0.166.95/prepublish-attempt4/host-artifact/jetbrains-windows-2026.2.0.1/diagnostics/009-fake-cli-protocol.jsonl","docs/research/cli/evidence/gap-2026-10-05/release-0.166.95/prepublish-attempt4/host-artifact/jetbrains-windows-2026.2.0.1/diagnostics/010-fake-cli-state.json","docs/research/cli/evidence/gap-2026-10-05/release-0.166.95/prepublish-attempt4/host-artifact/jetbrains-windows-2026.2.0.1/diagnostics/011-receipt.json","docs/research/cli/evidence/gap-2026-10-05/release-0.166.95/prepublish-attempt4/host-artifact/jetbrains-windows-2026.2.0.1/diagnostics/012-receipt.json","docs/research/cli/evidence/gap-2026-10-05/release-0.166.95/prepublish-attempt4/host-artifact/jetbrains-windows-2026.2.0.1/diagnostics/013-receipt.json","docs/research/cli/evidence/gap-2026-10-05/release-0.166.95/prepublish-attempt4/host-artifact/jetbrains-windows-2026.2.0.1/diagnostics/014-receipt.json","docs/research/cli/evidence/gap-2026-10-05/release-0.166.95/prepublish-attempt4/host-artifact/jetbrains-windows-2026.2.0.1/diagnostics/015-receipt.json","docs/research/cli/evidence/gap-2026-10-05/release-0.166.95/prepublish-attempt4/host-artifact/jetbrains-windows-2026.2.0.1/diagnostics/016-receipt.json","docs/research/cli/evidence/gap-2026-10-05/release-0.166.95/prepublish-attempt4/host-artifact/jetbrains-windows-2026.2.0.1/diagnostics/017-prepare.stderr.log","docs/research/cli/evidence/gap-2026-10-05/release-0.166.95/prepublish-attempt4/host-artifact/jetbrains-windows-2026.2.0.1/diagnostics/018-prepare.stdout.log","docs/research/cli/evidence/gap-2026-10-05/release-0.166.95/prepublish-attempt4/host-artifact/jetbrains-windows-2026.2.0.1/diagnostics/019-sandbox-ide-initial.stderr.log","docs/research/cli/evidence/gap-2026-10-05/release-0.166.95/prepublish-attempt4/host-artifact/jetbrains-windows-2026.2.0.1/diagnostics/020-sandbox-ide-initial.stdout.log","docs/research/cli/evidence/gap-2026-10-05/release-0.166.95/prepublish-attempt4/host-artifact/jetbrains-windows-2026.2.0.1/diagnostics/021-ui-smoke-initial.stderr.log","docs/research/cli/evidence/gap-2026-10-05/release-0.166.95/prepublish-attempt4/host-artifact/jetbrains-windows-2026.2.0.1/diagnostics/022-ui-smoke-initial.stdout.log","docs/research/cli/evidence/gap-2026-10-05/release-0.166.95/prepublish-attempt4/host-artifact/jetbrains-windows-2026.2.0.1/diagnostics/026-TEST-com.chainlesschain.ide.uitest.IdeUiSmokeTest.xml","docs/research/cli/evidence/gap-2026-10-05/release-0.166.95/prepublish-attempt4/host-artifact/jetbrains-windows-2026.2.0.1/diagnostics/027-TEST-com.chainlesschain.ide.uitest.NativeTranscriptProbeTest.xml","docs/research/cli/evidence/gap-2026-10-05/release-0.166.95/prepublish-attempt4/host-artifact/jetbrains-windows-2026.2.0.1/diagnostics/028-TEST-com.chainlesschain.ide.uitest.PluginStartupContractTest.xml","docs/research/cli/evidence/gap-2026-10-05/release-0.166.95/prepublish-attempt4/host-artifact/jetbrains-windows-2026.2.0.1/diagnostics/029-chat-control-journey-1791559192742.png","docs/research/cli/evidence/gap-2026-10-05/release-0.166.95/prepublish-attempt4/host-artifact/jetbrains-windows-2026.2.0.1/journey-evidence.json","docs/research/cli/evidence/gap-2026-10-05/release-0.166.95/prepublish-attempt4/host-artifact/runner-diagnostics/chainlesschain-windows-gui-guard.log","docs/research/cli/evidence/gap-2026-10-05/release-0.166.95/prepublish-attempt4/manifest.json","docs/research/cli/evidence/gap-2026-10-05/release-0.166.95/prepublish-attempt4/official-idea-source/AbstractPopup.java","docs/research/cli/evidence/gap-2026-10-05/release-0.166.95/prepublish-attempt4/official-idea-source/AbstractPopup.java.metadata.json","docs/research/cli/evidence/gap-2026-10-05/release-0.166.95/prepublish-attempt4/official-idea-source/PopupChooserBuilder.java","docs/research/cli/evidence/gap-2026-10-05/release-0.166.95/prepublish-attempt4/official-idea-source/PopupChooserBuilder.java.metadata.json","docs/research/cli/evidence/gap-2026-10-05/release-0.166.95/prepublish-attempt4/official-idea-source/PopupFactoryImpl.java","docs/research/cli/evidence/gap-2026-10-05/release-0.166.95/prepublish-attempt4/official-idea-source/PopupFactoryImpl.java.metadata.json","docs/research/cli/evidence/gap-2026-10-05/release-0.166.95/prepublish-attempt4/official-idea-source/PopupListAdapter.java","docs/research/cli/evidence/gap-2026-10-05/release-0.166.95/prepublish-attempt4/official-idea-source/PopupListAdapter.java.metadata.json","docs/research/cli/evidence/gap-2026-10-05/release-0.166.95/prepublish-attempt4/official-idea-source/prior-analysis-captures/AbstractPopup.java","docs/research/cli/evidence/gap-2026-10-05/release-0.166.95/prepublish-attempt4/official-idea-source/prior-analysis-captures/PopupChooserBuilder.java","docs/research/cli/evidence/gap-2026-10-05/release-0.166.95/prepublish-attempt4/official-idea-source/prior-analysis-captures/PopupFactoryImpl.java","docs/research/cli/evidence/gap-2026-10-05/release-0.166.95/prepublish-attempt4/official-idea-source/prior-analysis-captures/PopupListAdapter.java","docs/research/cli/evidence/gap-2026-10-05/release-0.166.95/prepublish-attempt4/official-idea-source/provenance.json","docs/research/cli/evidence/gap-2026-10-05/release-0.166.95/prepublish-attempt4/official-idea-source/tag-ref.json","docs/research/cli/evidence/gap-2026-10-05/release-0.166.95/prepublish-attempt4/official-idea-source/vendor-selected-release.json","docs/research/cli/evidence/gap-2026-10-05/release-0.166.95/prepublish-attempt4/popup-contract/IdeUiSmokeTest.corrected.source.java","docs/research/cli/evidence/gap-2026-10-05/release-0.166.95/prepublish-attempt4/popup-contract/IdeUiSmokeTest.source.java","docs/research/cli/evidence/gap-2026-10-05/release-0.166.95/prepublish-attempt4/popup-contract/actual-corrected-exact-script.js","docs/research/cli/evidence/gap-2026-10-05/release-0.166.95/prepublish-attempt4/popup-contract/actual-exact-script.js","docs/research/cli/evidence/gap-2026-10-05/release-0.166.95/prepublish-attempt4/popup-contract/actual-prefix-script.js","docs/research/cli/evidence/gap-2026-10-05/release-0.166.95/prepublish-attempt4/popup-contract/classpath.init.gradle","docs/research/cli/evidence/gap-2026-10-05/release-0.166.95/prepublish-attempt4/popup-contract/compilation-tool-record.json","docs/research/cli/evidence/gap-2026-10-05/release-0.166.95/prepublish-attempt4/popup-contract/compile.stderr.log","docs/research/cli/evidence/gap-2026-10-05/release-0.166.95/prepublish-attempt4/popup-contract/compile.stdout.log","docs/research/cli/evidence/gap-2026-10-05/release-0.166.95/prepublish-attempt4/popup-contract/compiled-driver-after-review.javap.txt","docs/research/cli/evidence/gap-2026-10-05/release-0.166.95/prepublish-attempt4/popup-contract/compiled-driver-before-review.javap.txt","docs/research/cli/evidence/gap-2026-10-05/release-0.166.95/prepublish-attempt4/popup-contract/report.json","docs/research/cli/evidence/gap-2026-10-05/release-0.166.95/prepublish-attempt4/popup-contract/review-finding.json","docs/research/cli/evidence/gap-2026-10-05/release-0.166.95/prepublish-attempt4/popup-contract/review-resolution.json","docs/research/cli/evidence/gap-2026-10-05/release-0.166.95/prepublish-attempt4/popup-contract/run.mjs","docs/research/cli/evidence/gap-2026-10-05/release-0.166.95/prepublish-attempt4/popup-contract/run.ps1","docs/research/cli/evidence/gap-2026-10-05/release-0.166.95/prepublish-attempt4/popup-contract/run.stderr.log","docs/research/cli/evidence/gap-2026-10-05/release-0.166.95/prepublish-attempt4/popup-contract/run.stdout.log","docs/research/cli/evidence/gap-2026-10-05/release-0.166.95/prepublish-attempt4/popup-contract/run2-metadata.json","docs/research/cli/evidence/gap-2026-10-05/release-0.166.95/prepublish-attempt4/popup-contract/run2.stderr.log","docs/research/cli/evidence/gap-2026-10-05/release-0.166.95/prepublish-attempt4/popup-contract/run2.stdout.log","docs/research/cli/evidence/gap-2026-10-05/release-0.166.95/prepublish-attempt4/popup-contract/runtime-classpath.txt","docs/research/cli/evidence/gap-2026-10-05/release-0.166.95/prepublish-attempt4/popup-contract/src/ExportActual.java","docs/research/cli/evidence/gap-2026-10-05/release-0.166.95/prepublish-attempt4/popup-contract/src/PopupDispatchContract.java","docs/research/cli/evidence/gap-2026-10-05/release-0.166.95/prepublish-attempt4/popup-contract/src/com/intellij/openapi/application/ApplicationManager.java","docs/research/cli/evidence/gap-2026-10-05/release-0.166.95/prepublish-attempt4/popup-contract/verify-review-correction.mjs","docs/research/cli/evidence/gap-2026-10-05/release-0.166.95/prepublish-attempt5/arm64-workflow-snapshot/artifacts-1.json","docs/research/cli/evidence/gap-2026-10-05/release-0.166.95/prepublish-attempt5/arm64-workflow-snapshot/jobs-1.json","docs/research/cli/evidence/gap-2026-10-05/release-0.166.95/prepublish-attempt5/arm64-workflow-snapshot/readback.json","docs/research/cli/evidence/gap-2026-10-05/release-0.166.95/prepublish-attempt5/arm64-workflow-snapshot/run.json","docs/research/cli/evidence/gap-2026-10-05/release-0.166.95/prepublish-attempt5/attempt4-manifest-before-path-fix.json","docs/research/cli/evidence/gap-2026-10-05/release-0.166.95/prepublish-attempt5/cli-checkout/job.json","docs/research/cli/evidence/gap-2026-10-05/release-0.166.95/prepublish-attempt5/cli-checkout/job.log","docs/research/cli/evidence/gap-2026-10-05/release-0.166.95/prepublish-attempt5/cli-checkout/readback.json","docs/research/cli/evidence/gap-2026-10-05/release-0.166.95/prepublish-attempt5/cli-checkout/run.json","docs/research/cli/evidence/gap-2026-10-05/release-0.166.95/prepublish-attempt5/cli-workflow-snapshot/artifacts-1.json","docs/research/cli/evidence/gap-2026-10-05/release-0.166.95/prepublish-attempt5/cli-workflow-snapshot/jobs-1.json","docs/research/cli/evidence/gap-2026-10-05/release-0.166.95/prepublish-attempt5/cli-workflow-snapshot/readback.json","docs/research/cli/evidence/gap-2026-10-05/release-0.166.95/prepublish-attempt5/cli-workflow-snapshot/run.json","docs/research/cli/evidence/gap-2026-10-05/release-0.166.95/prepublish-attempt5/independent-checkout-diagnosis/annotations.json","docs/research/cli/evidence/gap-2026-10-05/release-0.166.95/prepublish-attempt5/independent-checkout-diagnosis/diagnosis.json","docs/research/cli/evidence/gap-2026-10-05/release-0.166.95/prepublish-attempt5/independent-checkout-diagnosis/job.json","docs/research/cli/evidence/gap-2026-10-05/release-0.166.95/prepublish-attempt5/independent-checkout-diagnosis/job.log.error.json","docs/research/cli/evidence/gap-2026-10-05/release-0.166.95/prepublish-attempt5/independent-path-audit.json","docs/research/cli/evidence/gap-2026-10-05/release-0.166.95/prepublish-attempt5/manifest.json","docs/research/cli/evidence/gap-2026-10-05/release-0.166.95/prepublish-attempt5/shorten-archive-paths.mjs","docs/research/cli/evidence/gap-2026-10-05/release-0.166.95/prepublish-attempt6/api/arm64-job/261-job.json","docs/research/cli/evidence/gap-2026-10-05/release-0.166.95/prepublish-attempt6/api/arm64-job/262-job.log","docs/research/cli/evidence/gap-2026-10-05/release-0.166.95/prepublish-attempt6/api/arm64-job/263-readback.json","docs/research/cli/evidence/gap-2026-10-05/release-0.166.95/prepublish-attempt6/api/arm64-job/264-run.json","docs/research/cli/evidence/gap-2026-10-05/release-0.166.95/prepublish-attempt6/api/arm64/257-artifacts-1.json","docs/research/cli/evidence/gap-2026-10-05/release-0.166.95/prepublish-attempt6/api/arm64/258-jobs-1.json","docs/research/cli/evidence/gap-2026-10-05/release-0.166.95/prepublish-attempt6/api/arm64/259-readback.json","docs/research/cli/evidence/gap-2026-10-05/release-0.166.95/prepublish-attempt6/api/arm64/260-run.json","docs/research/cli/evidence/gap-2026-10-05/release-0.166.95/prepublish-attempt6/api/cli/016-snapshot-2026-10-09T17-31-43.489Z.json","docs/research/cli/evidence/gap-2026-10-05/release-0.166.95/prepublish-attempt6/api/gates/009-readback.json","docs/research/cli/evidence/gap-2026-10-05/release-0.166.95/prepublish-attempt6/api/gates/010-readback.json","docs/research/cli/evidence/gap-2026-10-05/release-0.166.95/prepublish-attempt6/api/gates/011-readback.json","docs/research/cli/evidence/gap-2026-10-05/release-0.166.95/prepublish-attempt6/api/gates/012-readback.json","docs/research/cli/evidence/gap-2026-10-05/release-0.166.95/prepublish-attempt6/api/gates/013-readback.json","docs/research/cli/evidence/gap-2026-10-05/release-0.166.95/prepublish-attempt6/api/gates/014-readback.json","docs/research/cli/evidence/gap-2026-10-05/release-0.166.95/prepublish-attempt6/api/gates/015-readback.json","docs/research/cli/evidence/gap-2026-10-05/release-0.166.95/prepublish-attempt6/api/host/001-job.json","docs/research/cli/evidence/gap-2026-10-05/release-0.166.95/prepublish-attempt6/api/host/002-job.log","docs/research/cli/evidence/gap-2026-10-05/release-0.166.95/prepublish-attempt6/api/host/003-readback.json","docs/research/cli/evidence/gap-2026-10-05/release-0.166.95/prepublish-attempt6/api/host/004-run.json","docs/research/cli/evidence/gap-2026-10-05/release-0.166.95/prepublish-attempt6/api/ide/005-artifacts-1.json","docs/research/cli/evidence/gap-2026-10-05/release-0.166.95/prepublish-attempt6/api/ide/006-jobs-1.json","docs/research/cli/evidence/gap-2026-10-05/release-0.166.95/prepublish-attempt6/api/ide/007-readback.json","docs/research/cli/evidence/gap-2026-10-05/release-0.166.95/prepublish-attempt6/api/ide/008-run.json","docs/research/cli/evidence/gap-2026-10-05/release-0.166.95/prepublish-attempt6/api/terminal/253-artifacts-1.json","docs/research/cli/evidence/gap-2026-10-05/release-0.166.95/prepublish-attempt6/api/terminal/254-jobs-1.json","docs/research/cli/evidence/gap-2026-10-05/release-0.166.95/prepublish-attempt6/api/terminal/255-readback.json","docs/research/cli/evidence/gap-2026-10-05/release-0.166.95/prepublish-attempt6/api/terminal/256-run.json","docs/research/cli/evidence/gap-2026-10-05/release-0.166.95/prepublish-attempt6/contracts/current/135-attempt1-junit.xml","docs/research/cli/evidence/gap-2026-10-05/release-0.166.95/prepublish-attempt6/contracts/current/136-attempt1-source.java","docs/research/cli/evidence/gap-2026-10-05/release-0.166.95/prepublish-attempt6/contracts/current/137-attempt2-event-diagnostics-junit.xml","docs/research/cli/evidence/gap-2026-10-05/release-0.166.95/prepublish-attempt6/contracts/current/138-attempt2-junit.xml","docs/research/cli/evidence/gap-2026-10-05/release-0.166.95/prepublish-attempt6/contracts/current/139-TEST-com.chainlesschain.ide.ActivityL.xml","docs/research/cli/evidence/gap-2026-10-05/release-0.166.95/prepublish-attempt6/contracts/current/140-TEST-com.chainlesschain.ide.AgentChat.xml","docs/research/cli/evidence/gap-2026-10-05/release-0.166.95/prepublish-attempt6/contracts/current/141-TEST-com.chainlesschain.ide.AgentTerm.xml","docs/research/cli/evidence/gap-2026-10-05/release-0.166.95/prepublish-attempt6/contracts/current/142-TEST-com.chainlesschain.ide.ApprovalG.xml","docs/research/cli/evidence/gap-2026-10-05/release-0.166.95/prepublish-attempt6/contracts/current/143-TEST-com.chainlesschain.ide.ApprovalR.xml","docs/research/cli/evidence/gap-2026-10-05/release-0.166.95/prepublish-attempt6/contracts/current/144-TEST-com.chainlesschain.ide.ApprovalS.xml","docs/research/cli/evidence/gap-2026-10-05/release-0.166.95/prepublish-attempt6/contracts/current/145-TEST-com.chainlesschain.ide.Artifacts.xml","docs/research/cli/evidence/gap-2026-10-05/release-0.166.95/prepublish-attempt6/contracts/current/146-TEST-com.chainlesschain.ide.AutoExecG.xml","docs/research/cli/evidence/gap-2026-10-05/release-0.166.95/prepublish-attempt6/contracts/current/147-TEST-com.chainlesschain.ide.Automatio.xml","docs/research/cli/evidence/gap-2026-10-05/release-0.166.95/prepublish-attempt6/contracts/current/148-TEST-com.chainlesschain.ide.Backgroun.xml","docs/research/cli/evidence/gap-2026-10-05/release-0.166.95/prepublish-attempt6/contracts/current/149-TEST-com.chainlesschain.ide.BridgeSec.xml","docs/research/cli/evidence/gap-2026-10-05/release-0.166.95/prepublish-attempt6/contracts/current/150-TEST-com.chainlesschain.ide.Capabilit.xml","docs/research/cli/evidence/gap-2026-10-05/release-0.166.95/prepublish-attempt6/contracts/current/151-TEST-com.chainlesschain.ide.CcAutomat.xml","docs/research/cli/evidence/gap-2026-10-05/release-0.166.95/prepublish-attempt6/contracts/current/152-TEST-com.chainlesschain.ide.CcComplet.xml","docs/research/cli/evidence/gap-2026-10-05/release-0.166.95/prepublish-attempt6/contracts/current/153-TEST-com.chainlesschain.ide.ChatDraft.xml","docs/research/cli/evidence/gap-2026-10-05/release-0.166.95/prepublish-attempt6/contracts/current/154-TEST-com.chainlesschain.ide.ChatEvent.xml","docs/research/cli/evidence/gap-2026-10-05/release-0.166.95/prepublish-attempt6/contracts/current/155-TEST-com.chainlesschain.ide.ChromeCon.xml","docs/research/cli/evidence/gap-2026-10-05/release-0.166.95/prepublish-attempt6/contracts/current/156-TEST-com.chainlesschain.ide.CliIdenti.xml","docs/research/cli/evidence/gap-2026-10-05/release-0.166.95/prepublish-attempt6/contracts/current/157-TEST-com.chainlesschain.ide.CliVersio.xml","docs/research/cli/evidence/gap-2026-10-05/release-0.166.95/prepublish-attempt6/contracts/current/158-TEST-com.chainlesschain.ide.ContextCe.xml","docs/research/cli/evidence/gap-2026-10-05/release-0.166.95/prepublish-attempt6/contracts/current/159-TEST-com.chainlesschain.ide.ContextEx.xml","docs/research/cli/evidence/gap-2026-10-05/release-0.166.95/prepublish-attempt6/contracts/current/160-TEST-com.chainlesschain.ide.ContextMe.xml","docs/research/cli/evidence/gap-2026-10-05/release-0.166.95/prepublish-attempt6/contracts/current/161-TEST-com.chainlesschain.ide.ContextMe.xml","docs/research/cli/evidence/gap-2026-10-05/release-0.166.95/prepublish-attempt6/contracts/current/162-TEST-com.chainlesschain.ide.ContextSt.xml","docs/research/cli/evidence/gap-2026-10-05/release-0.166.95/prepublish-attempt6/contracts/current/163-TEST-com.chainlesschain.ide.Conversat.xml","docs/research/cli/evidence/gap-2026-10-05/release-0.166.95/prepublish-attempt6/contracts/current/164-TEST-com.chainlesschain.ide.Dashboard.xml","docs/research/cli/evidence/gap-2026-10-05/release-0.166.95/prepublish-attempt6/contracts/current/165-TEST-com.chainlesschain.ide.DeepLinkT.xml","docs/research/cli/evidence/gap-2026-10-05/release-0.166.95/prepublish-attempt6/contracts/current/166-TEST-com.chainlesschain.ide.DeliveryW.xml","docs/research/cli/evidence/gap-2026-10-05/release-0.166.95/prepublish-attempt6/contracts/current/167-TEST-com.chainlesschain.ide.Diagnosti.xml","docs/research/cli/evidence/gap-2026-10-05/release-0.166.95/prepublish-attempt6/contracts/current/168-TEST-com.chainlesschain.ide.Diagnosti.xml","docs/research/cli/evidence/gap-2026-10-05/release-0.166.95/prepublish-attempt6/contracts/current/169-TEST-com.chainlesschain.ide.DiffApply.xml","docs/research/cli/evidence/gap-2026-10-05/release-0.166.95/prepublish-attempt6/contracts/current/170-TEST-com.chainlesschain.ide.DiffHunks.xml","docs/research/cli/evidence/gap-2026-10-05/release-0.166.95/prepublish-attempt6/contracts/current/171-TEST-com.chainlesschain.ide.DiffRevie.xml","docs/research/cli/evidence/gap-2026-10-05/release-0.166.95/prepublish-attempt6/contracts/current/172-TEST-com.chainlesschain.ide.Elicitati.xml","docs/research/cli/evidence/gap-2026-10-05/release-0.166.95/prepublish-attempt6/contracts/current/173-TEST-com.chainlesschain.ide.Evolution.xml","docs/research/cli/evidence/gap-2026-10-05/release-0.166.95/prepublish-attempt6/contracts/current/174-TEST-com.chainlesschain.ide.Evolution.xml","docs/research/cli/evidence/gap-2026-10-05/release-0.166.95/prepublish-attempt6/contracts/current/175-TEST-com.chainlesschain.ide.Evolution.xml","docs/research/cli/evidence/gap-2026-10-05/release-0.166.95/prepublish-attempt6/contracts/current/176-TEST-com.chainlesschain.ide.FixWithCc.xml","docs/research/cli/evidence/gap-2026-10-05/release-0.166.95/prepublish-attempt6/contracts/current/177-TEST-com.chainlesschain.ide.IdeCapabi.xml","docs/research/cli/evidence/gap-2026-10-05/release-0.166.95/prepublish-attempt6/contracts/current/178-TEST-com.chainlesschain.ide.IdeContex.xml","docs/research/cli/evidence/gap-2026-10-05/release-0.166.95/prepublish-attempt6/contracts/current/179-TEST-com.chainlesschain.ide.IdeDoctor.xml","docs/research/cli/evidence/gap-2026-10-05/release-0.166.95/prepublish-attempt6/contracts/current/180-TEST-com.chainlesschain.ide.IdePathGu.xml","docs/research/cli/evidence/gap-2026-10-05/release-0.166.95/prepublish-attempt6/contracts/current/181-TEST-com.chainlesschain.ide.IdeQualit.xml","docs/research/cli/evidence/gap-2026-10-05/release-0.166.95/prepublish-attempt6/contracts/current/182-TEST-com.chainlesschain.ide.IdeSessio.xml","docs/research/cli/evidence/gap-2026-10-05/release-0.166.95/prepublish-attempt6/contracts/current/183-TEST-com.chainlesschain.ide.IdeToolAd.xml","docs/research/cli/evidence/gap-2026-10-05/release-0.166.95/prepublish-attempt6/contracts/current/184-TEST-com.chainlesschain.ide.IdeToolsP.xml","docs/research/cli/evidence/gap-2026-10-05/release-0.166.95/prepublish-attempt6/contracts/current/185-TEST-com.chainlesschain.ide.IdeToolsT.xml","docs/research/cli/evidence/gap-2026-10-05/release-0.166.95/prepublish-attempt6/contracts/current/186-TEST-com.chainlesschain.ide.ImageAtta.xml","docs/research/cli/evidence/gap-2026-10-05/release-0.166.95/prepublish-attempt6/contracts/current/187-TEST-com.chainlesschain.ide.ImageFile.xml","docs/research/cli/evidence/gap-2026-10-05/release-0.166.95/prepublish-attempt6/contracts/current/188-TEST-com.chainlesschain.ide.InputDisp.xml","docs/research/cli/evidence/gap-2026-10-05/release-0.166.95/prepublish-attempt6/contracts/current/189-TEST-com.chainlesschain.ide.intellij..xml","docs/research/cli/evidence/gap-2026-10-05/release-0.166.95/prepublish-attempt6/contracts/current/190-TEST-com.chainlesschain.ide.intellij..xml","docs/research/cli/evidence/gap-2026-10-05/release-0.166.95/prepublish-attempt6/contracts/current/191-TEST-com.chainlesschain.ide.intellij..xml","docs/research/cli/evidence/gap-2026-10-05/release-0.166.95/prepublish-attempt6/contracts/current/192-TEST-com.chainlesschain.ide.intellij..xml","docs/research/cli/evidence/gap-2026-10-05/release-0.166.95/prepublish-attempt6/contracts/current/193-TEST-com.chainlesschain.ide.intellij..xml","docs/research/cli/evidence/gap-2026-10-05/release-0.166.95/prepublish-attempt6/contracts/current/194-TEST-com.chainlesschain.ide.intellij..xml","docs/research/cli/evidence/gap-2026-10-05/release-0.166.95/prepublish-attempt6/contracts/current/195-TEST-com.chainlesschain.ide.intellij..xml","docs/research/cli/evidence/gap-2026-10-05/release-0.166.95/prepublish-attempt6/contracts/current/196-TEST-com.chainlesschain.ide.intellij..xml","docs/research/cli/evidence/gap-2026-10-05/release-0.166.95/prepublish-attempt6/contracts/current/197-TEST-com.chainlesschain.ide.intellij..xml","docs/research/cli/evidence/gap-2026-10-05/release-0.166.95/prepublish-attempt6/contracts/current/198-TEST-com.chainlesschain.ide.Introspec.xml","docs/research/cli/evidence/gap-2026-10-05/release-0.166.95/prepublish-attempt6/contracts/current/199-TEST-com.chainlesschain.ide.LlmConfig.xml","docs/research/cli/evidence/gap-2026-10-05/release-0.166.95/prepublish-attempt6/contracts/current/200-TEST-com.chainlesschain.ide.LlmConnec.xml","docs/research/cli/evidence/gap-2026-10-05/release-0.166.95/prepublish-attempt6/contracts/current/201-TEST-com.chainlesschain.ide.LockfileA.xml","docs/research/cli/evidence/gap-2026-10-05/release-0.166.95/prepublish-attempt6/contracts/current/202-TEST-com.chainlesschain.ide.ManagedCl.xml","docs/research/cli/evidence/gap-2026-10-05/release-0.166.95/prepublish-attempt6/contracts/current/203-TEST-com.chainlesschain.ide.MarkdownL.xml","docs/research/cli/evidence/gap-2026-10-05/release-0.166.95/prepublish-attempt6/contracts/current/204-TEST-com.chainlesschain.ide.MentionsT.xml","docs/research/cli/evidence/gap-2026-10-05/release-0.166.95/prepublish-attempt6/contracts/current/205-TEST-com.chainlesschain.ide.MiniJsonT.xml","docs/research/cli/evidence/gap-2026-10-05/release-0.166.95/prepublish-attempt6/contracts/current/206-TEST-com.chainlesschain.ide.MultiDiff.xml","docs/research/cli/evidence/gap-2026-10-05/release-0.166.95/prepublish-attempt6/contracts/current/207-TEST-com.chainlesschain.ide.NdjsonLin.xml","docs/research/cli/evidence/gap-2026-10-05/release-0.166.95/prepublish-attempt6/contracts/current/208-TEST-com.chainlesschain.ide.Permissio.xml","docs/research/cli/evidence/gap-2026-10-05/release-0.166.95/prepublish-attempt6/contracts/current/209-TEST-com.chainlesschain.ide.PlanRevie.xml","docs/research/cli/evidence/gap-2026-10-05/release-0.166.95/prepublish-attempt6/contracts/current/210-TEST-com.chainlesschain.ide.PluginMan.xml","docs/research/cli/evidence/gap-2026-10-05/release-0.166.95/prepublish-attempt6/contracts/current/211-TEST-com.chainlesschain.ide.PluginQua.xml","docs/research/cli/evidence/gap-2026-10-05/release-0.166.95/prepublish-attempt6/contracts/current/212-TEST-com.chainlesschain.ide.PolicyVie.xml","docs/research/cli/evidence/gap-2026-10-05/release-0.166.95/prepublish-attempt6/contracts/current/213-TEST-com.chainlesschain.ide.PreviewDe.xml","docs/research/cli/evidence/gap-2026-10-05/release-0.166.95/prepublish-attempt6/contracts/current/214-TEST-com.chainlesschain.ide.ProcessTr.xml","docs/research/cli/evidence/gap-2026-10-05/release-0.166.95/prepublish-attempt6/contracts/current/215-TEST-com.chainlesschain.ide.ProjectMe.xml","docs/research/cli/evidence/gap-2026-10-05/release-0.166.95/prepublish-attempt6/contracts/current/216-TEST-com.chainlesschain.ide.ProtocolF.xml","docs/research/cli/evidence/gap-2026-10-05/release-0.166.95/prepublish-attempt6/contracts/current/217-TEST-com.chainlesschain.ide.PrStatusT.xml","docs/research/cli/evidence/gap-2026-10-05/release-0.166.95/prepublish-attempt6/contracts/current/218-TEST-com.chainlesschain.ide.QrCodeTes.xml","docs/research/cli/evidence/gap-2026-10-05/release-0.166.95/prepublish-attempt6/contracts/current/219-TEST-com.chainlesschain.ide.QuestionD.xml","docs/research/cli/evidence/gap-2026-10-05/release-0.166.95/prepublish-attempt6/contracts/current/220-TEST-com.chainlesschain.ide.QuestionD.xml","docs/research/cli/evidence/gap-2026-10-05/release-0.166.95/prepublish-attempt6/contracts/current/221-TEST-com.chainlesschain.ide.QuestionD.xml","docs/research/cli/evidence/gap-2026-10-05/release-0.166.95/prepublish-attempt6/contracts/current/222-TEST-com.chainlesschain.ide.RemoteDoc.xml","docs/research/cli/evidence/gap-2026-10-05/release-0.166.95/prepublish-attempt6/contracts/current/223-TEST-com.chainlesschain.ide.RemoteDoc.xml","docs/research/cli/evidence/gap-2026-10-05/release-0.166.95/prepublish-attempt6/contracts/current/224-TEST-com.chainlesschain.ide.RemoteHan.xml","docs/research/cli/evidence/gap-2026-10-05/release-0.166.95/prepublish-attempt6/contracts/current/225-TEST-com.chainlesschain.ide.ReviewNot.xml","docs/research/cli/evidence/gap-2026-10-05/release-0.166.95/prepublish-attempt6/contracts/current/226-TEST-com.chainlesschain.ide.RewindCom.xml","docs/research/cli/evidence/gap-2026-10-05/release-0.166.95/prepublish-attempt6/contracts/current/227-TEST-com.chainlesschain.ide.RuntimeCo.xml","docs/research/cli/evidence/gap-2026-10-05/release-0.166.95/prepublish-attempt6/contracts/current/228-TEST-com.chainlesschain.ide.RuntimeEn.xml","docs/research/cli/evidence/gap-2026-10-05/release-0.166.95/prepublish-attempt6/contracts/current/229-TEST-com.chainlesschain.ide.SemanticT.xml","docs/research/cli/evidence/gap-2026-10-05/release-0.166.95/prepublish-attempt6/contracts/current/230-TEST-com.chainlesschain.ide.SessionAr.xml","docs/research/cli/evidence/gap-2026-10-05/release-0.166.95/prepublish-attempt6/contracts/current/231-TEST-com.chainlesschain.ide.SessionHi.xml","docs/research/cli/evidence/gap-2026-10-05/release-0.166.95/prepublish-attempt6/contracts/current/232-TEST-com.chainlesschain.ide.SessionLi.xml","docs/research/cli/evidence/gap-2026-10-05/release-0.166.95/prepublish-attempt6/contracts/current/233-TEST-com.chainlesschain.ide.SessionPr.xml","docs/research/cli/evidence/gap-2026-10-05/release-0.166.95/prepublish-attempt6/contracts/current/234-TEST-com.chainlesschain.ide.SessionsW.xml","docs/research/cli/evidence/gap-2026-10-05/release-0.166.95/prepublish-attempt6/contracts/current/235-TEST-com.chainlesschain.ide.SessionTr.xml","docs/research/cli/evidence/gap-2026-10-05/release-0.166.95/prepublish-attempt6/contracts/current/236-TEST-com.chainlesschain.ide.SessionTr.xml","docs/research/cli/evidence/gap-2026-10-05/release-0.166.95/prepublish-attempt6/contracts/current/237-TEST-com.chainlesschain.ide.SkillRetr.xml","docs/research/cli/evidence/gap-2026-10-05/release-0.166.95/prepublish-attempt6/contracts/current/238-TEST-com.chainlesschain.ide.SlashComm.xml","docs/research/cli/evidence/gap-2026-10-05/release-0.166.95/prepublish-attempt6/contracts/current/239-TEST-com.chainlesschain.ide.StatusBar.xml","docs/research/cli/evidence/gap-2026-10-05/release-0.166.95/prepublish-attempt6/contracts/current/240-TEST-com.chainlesschain.ide.TeamContr.xml","docs/research/cli/evidence/gap-2026-10-05/release-0.166.95/prepublish-attempt6/contracts/current/241-TEST-com.chainlesschain.ide.TeamMonit.xml","docs/research/cli/evidence/gap-2026-10-05/release-0.166.95/prepublish-attempt6/contracts/current/242-TEST-com.chainlesschain.ide.Transcrip.xml","docs/research/cli/evidence/gap-2026-10-05/release-0.166.95/prepublish-attempt6/contracts/current/243-TEST-com.chainlesschain.ide.Transcrip.xml","docs/research/cli/evidence/gap-2026-10-05/release-0.166.95/prepublish-attempt6/contracts/current/244-TEST-com.chainlesschain.ide.UiEventDi.xml","docs/research/cli/evidence/gap-2026-10-05/release-0.166.95/prepublish-attempt6/contracts/current/245-TEST-com.chainlesschain.ide.UsageRepo.xml","docs/research/cli/evidence/gap-2026-10-05/release-0.166.95/prepublish-attempt6/contracts/current/246-TEST-com.chainlesschain.ide.Verify01P.xml","docs/research/cli/evidence/gap-2026-10-05/release-0.166.95/prepublish-attempt6/contracts/current/247-TEST-com.chainlesschain.ide.WhatsNewT.xml","docs/research/cli/evidence/gap-2026-10-05/release-0.166.95/prepublish-attempt6/contracts/current/248-TEST-com.chainlesschain.ide.WindowsOw.xml","docs/research/cli/evidence/gap-2026-10-05/release-0.166.95/prepublish-attempt6/contracts/current/249-TEST-com.chainlesschain.ide.Workspace.xml","docs/research/cli/evidence/gap-2026-10-05/release-0.166.95/prepublish-attempt6/contracts/current/250-TEST-com.chainlesschain.ide.Workspace.xml","docs/research/cli/evidence/gap-2026-10-05/release-0.166.95/prepublish-attempt6/contracts/current/251-TEST-com.chainlesschain.ide.WorktreeT.xml","docs/research/cli/evidence/gap-2026-10-05/release-0.166.95/prepublish-attempt6/contracts/current/252-full-validation.json","docs/research/cli/evidence/gap-2026-10-05/release-0.166.95/prepublish-attempt6/contracts/layout/075-ApprovalLayoutProbe.java","docs/research/cli/evidence/gap-2026-10-05/release-0.166.95/prepublish-attempt6/contracts/layout/076-compile.stderr.txt","docs/research/cli/evidence/gap-2026-10-05/release-0.166.95/prepublish-attempt6/contracts/layout/077-compile.stdout.txt","docs/research/cli/evidence/gap-2026-10-05/release-0.166.95/prepublish-attempt6/contracts/layout/078-probe.stderr.txt","docs/research/cli/evidence/gap-2026-10-05/release-0.166.95/prepublish-attempt6/contracts/layout/079-probe.stdout.txt","docs/research/cli/evidence/gap-2026-10-05/release-0.166.95/prepublish-attempt6/contracts/layout/080-report.json","docs/research/cli/evidence/gap-2026-10-05/release-0.166.95/prepublish-attempt6/contracts/layout/081-run.cjs","docs/research/cli/evidence/gap-2026-10-05/release-0.166.95/prepublish-attempt6/contracts/layout/082-validate-root-bytecode.stderr.txt","docs/research/cli/evidence/gap-2026-10-05/release-0.166.95/prepublish-attempt6/contracts/layout/083-validate-root-bytecode.stdout.txt","docs/research/cli/evidence/gap-2026-10-05/release-0.166.95/prepublish-attempt6/contracts/observer/084-actual-script.js","docs/research/cli/evidence/gap-2026-10-05/release-0.166.95/prepublish-attempt6/contracts/observer/085-compile.stderr.log","docs/research/cli/evidence/gap-2026-10-05/release-0.166.95/prepublish-attempt6/contracts/observer/086-compile.stdout.log","docs/research/cli/evidence/gap-2026-10-05/release-0.166.95/prepublish-attempt6/contracts/observer/087-geometry.json","docs/research/cli/evidence/gap-2026-10-05/release-0.166.95/prepublish-attempt6/contracts/observer/088-injected-roots-script.js","docs/research/cli/evidence/gap-2026-10-05/release-0.166.95/prepublish-attempt6/contracts/observer/089-metadata.json","docs/research/cli/evidence/gap-2026-10-05/release-0.166.95/prepublish-attempt6/contracts/observer/090-node-limit.json","docs/research/cli/evidence/gap-2026-10-05/release-0.166.95/prepublish-attempt6/contracts/observer/091-report.json","docs/research/cli/evidence/gap-2026-10-05/release-0.166.95/prepublish-attempt6/contracts/observer/092-run.stderr.log","docs/research/cli/evidence/gap-2026-10-05/release-0.166.95/prepublish-attempt6/contracts/observer/093-run.stdout.log","docs/research/cli/evidence/gap-2026-10-05/release-0.166.95/prepublish-attempt6/contracts/observer/094-UiFailureDiagnostics.source.java","docs/research/cli/evidence/gap-2026-10-05/release-0.166.95/prepublish-attempt6/contracts/observer/095-bind-source.mjs","docs/research/cli/evidence/gap-2026-10-05/release-0.166.95/prepublish-attempt6/contracts/observer/096-actual-script.js","docs/research/cli/evidence/gap-2026-10-05/release-0.166.95/prepublish-attempt6/contracts/observer/097-compile.stderr.log","docs/research/cli/evidence/gap-2026-10-05/release-0.166.95/prepublish-attempt6/contracts/observer/098-compile.stdout.log","docs/research/cli/evidence/gap-2026-10-05/release-0.166.95/prepublish-attempt6/contracts/observer/099-geometry.json","docs/research/cli/evidence/gap-2026-10-05/release-0.166.95/prepublish-attempt6/contracts/observer/100-injected-roots-script.js","docs/research/cli/evidence/gap-2026-10-05/release-0.166.95/prepublish-attempt6/contracts/observer/101-metadata.json","docs/research/cli/evidence/gap-2026-10-05/release-0.166.95/prepublish-attempt6/contracts/observer/102-node-limit.json","docs/research/cli/evidence/gap-2026-10-05/release-0.166.95/prepublish-attempt6/contracts/observer/103-report.json","docs/research/cli/evidence/gap-2026-10-05/release-0.166.95/prepublish-attempt6/contracts/observer/104-run.stderr.log","docs/research/cli/evidence/gap-2026-10-05/release-0.166.95/prepublish-attempt6/contracts/observer/105-run.stdout.log","docs/research/cli/evidence/gap-2026-10-05/release-0.166.95/prepublish-attempt6/contracts/observer/106-ApprovalSettlementRegistry-actual-fie.log","docs/research/cli/evidence/gap-2026-10-05/release-0.166.95/prepublish-attempt6/contracts/observer/107-ApprovalSettlementRegistry-actual-fie.log","docs/research/cli/evidence/gap-2026-10-05/release-0.166.95/prepublish-attempt6/contracts/observer/108-compile-source.stderr.log","docs/research/cli/evidence/gap-2026-10-05/release-0.166.95/prepublish-attempt6/contracts/observer/109-compile-source.stdout.log","docs/research/cli/evidence/gap-2026-10-05/release-0.166.95/prepublish-attempt6/contracts/observer/110-ConversationManager-Conversation-actu.log","docs/research/cli/evidence/gap-2026-10-05/release-0.166.95/prepublish-attempt6/contracts/observer/111-ConversationManager-Conversation-actu.log","docs/research/cli/evidence/gap-2026-10-05/release-0.166.95/prepublish-attempt6/contracts/observer/112-ConversationView-actual-fields.stderr.log","docs/research/cli/evidence/gap-2026-10-05/release-0.166.95/prepublish-attempt6/contracts/observer/113-ConversationView-actual-fields.stdout.log","docs/research/cli/evidence/gap-2026-10-05/release-0.166.95/prepublish-attempt6/contracts/observer/114-export-source.stderr.log","docs/research/cli/evidence/gap-2026-10-05/release-0.166.95/prepublish-attempt6/contracts/observer/115-export-source.stdout.log","docs/research/cli/evidence/gap-2026-10-05/release-0.166.95/prepublish-attempt6/contracts/observer/116-source-generated-script.js","docs/research/cli/evidence/gap-2026-10-05/release-0.166.95/prepublish-attempt6/contracts/observer/117-UiFailureDiagnostics.java","docs/research/cli/evidence/gap-2026-10-05/release-0.166.95/prepublish-attempt6/contracts/observer/118-source-binding.json","docs/research/cli/evidence/gap-2026-10-05/release-0.166.95/prepublish-attempt6/contracts/observer/119-UiFailureDiagnostics.source.java","docs/research/cli/evidence/gap-2026-10-05/release-0.166.95/prepublish-attempt6/contracts/observer/120-actual-script.js","docs/research/cli/evidence/gap-2026-10-05/release-0.166.95/prepublish-attempt6/contracts/observer/121-compile.stderr.log","docs/research/cli/evidence/gap-2026-10-05/release-0.166.95/prepublish-attempt6/contracts/observer/122-compile.stdout.log","docs/research/cli/evidence/gap-2026-10-05/release-0.166.95/prepublish-attempt6/contracts/observer/123-geometry.json","docs/research/cli/evidence/gap-2026-10-05/release-0.166.95/prepublish-attempt6/contracts/observer/124-injected-roots-script.js","docs/research/cli/evidence/gap-2026-10-05/release-0.166.95/prepublish-attempt6/contracts/observer/125-metadata.json","docs/research/cli/evidence/gap-2026-10-05/release-0.166.95/prepublish-attempt6/contracts/observer/126-node-limit.json","docs/research/cli/evidence/gap-2026-10-05/release-0.166.95/prepublish-attempt6/contracts/observer/127-report.json","docs/research/cli/evidence/gap-2026-10-05/release-0.166.95/prepublish-attempt6/contracts/observer/128-run.stderr.log","docs/research/cli/evidence/gap-2026-10-05/release-0.166.95/prepublish-attempt6/contracts/observer/129-run.stdout.log","docs/research/cli/evidence/gap-2026-10-05/release-0.166.95/prepublish-attempt6/contracts/observer/130-UiFailureDiagnostics.source.java","docs/research/cli/evidence/gap-2026-10-05/release-0.166.95/prepublish-attempt6/contracts/observer/131-review.json","docs/research/cli/evidence/gap-2026-10-05/release-0.166.95/prepublish-attempt6/contracts/observer/132-run.mjs","docs/research/cli/evidence/gap-2026-10-05/release-0.166.95/prepublish-attempt6/contracts/observer/133-ExportSnapshot.java","docs/research/cli/evidence/gap-2026-10-05/release-0.166.95/prepublish-attempt6/contracts/observer/134-SnapshotContract.java","docs/research/cli/evidence/gap-2026-10-05/release-0.166.95/prepublish-attempt6/diagnostics/large/059-001-capture-status.json","docs/research/cli/evidence/gap-2026-10-05/release-0.166.95/prepublish-attempt6/diagnostics/large/060-002-host-events.jsonl","docs/research/cli/evidence/gap-2026-10-05/release-0.166.95/prepublish-attempt6/diagnostics/large/061-003-host-events.jsonl.bin","docs/research/cli/evidence/gap-2026-10-05/release-0.166.95/prepublish-attempt6/diagnostics/large/062-004-idea-001.log.bin","docs/research/cli/evidence/gap-2026-10-05/release-0.166.95/prepublish-attempt6/diagnostics/large/063-capture-status.json","docs/research/cli/evidence/gap-2026-10-05/release-0.166.95/prepublish-attempt6/diagnostics/large/064-host-events.jsonl","docs/research/cli/evidence/gap-2026-10-05/release-0.166.95/prepublish-attempt6/diagnostics/large/065-host-events.jsonl.bin","docs/research/cli/evidence/gap-2026-10-05/release-0.166.95/prepublish-attempt6/diagnostics/large/066-idea-001.log.bin","docs/research/cli/evidence/gap-2026-10-05/release-0.166.95/prepublish-attempt6/diagnostics/large/067-idea.log","docs/research/cli/evidence/gap-2026-10-05/release-0.166.95/prepublish-attempt6/diagnostics/raw/068-001-capture-status.json","docs/research/cli/evidence/gap-2026-10-05/release-0.166.95/prepublish-attempt6/diagnostics/raw/069-002-host-events.jsonl","docs/research/cli/evidence/gap-2026-10-05/release-0.166.95/prepublish-attempt6/diagnostics/raw/070-003-idea-001.log.bin","docs/research/cli/evidence/gap-2026-10-05/release-0.166.95/prepublish-attempt6/diagnostics/raw/071-capture-status.json","docs/research/cli/evidence/gap-2026-10-05/release-0.166.95/prepublish-attempt6/diagnostics/raw/072-host-events.jsonl","docs/research/cli/evidence/gap-2026-10-05/release-0.166.95/prepublish-attempt6/diagnostics/raw/073-idea-001.log.bin","docs/research/cli/evidence/gap-2026-10-05/release-0.166.95/prepublish-attempt6/diagnostics/raw/074-idea.log","docs/research/cli/evidence/gap-2026-10-05/release-0.166.95/prepublish-attempt6/host/030-journey-evidence.json","docs/research/cli/evidence/gap-2026-10-05/release-0.166.95/prepublish-attempt6/host/entries/031-001-fake-cli-bin_cc","docs/research/cli/evidence/gap-2026-10-05/release-0.166.95/prepublish-attempt6/host/entries/032-002-fake-cli-bin_cc.cmd","docs/research/cli/evidence/gap-2026-10-05/release-0.166.95/prepublish-attempt6/host/entries/033-003-fake-cli-bin_chainlesschain","docs/research/cli/evidence/gap-2026-10-05/release-0.166.95/prepublish-attempt6/host/entries/034-004-fake-cli-bin_chainlesschain.cmd","docs/research/cli/evidence/gap-2026-10-05/release-0.166.95/prepublish-attempt6/host/entries/035-005-fake-cli-bin_clc","docs/research/cli/evidence/gap-2026-10-05/release-0.166.95/prepublish-attempt6/host/entries/036-006-fake-cli-bin_clc.cmd","docs/research/cli/evidence/gap-2026-10-05/release-0.166.95/prepublish-attempt6/host/entries/037-007-fake-cli-bin_clchain","docs/research/cli/evidence/gap-2026-10-05/release-0.166.95/prepublish-attempt6/host/entries/038-008-fake-cli-bin_clchain.cmd","docs/research/cli/evidence/gap-2026-10-05/release-0.166.95/prepublish-attempt6/host/entries/039-009-fake-cli-protocol.jsonl","docs/research/cli/evidence/gap-2026-10-05/release-0.166.95/prepublish-attempt6/host/entries/040-010-fake-cli-state.json","docs/research/cli/evidence/gap-2026-10-05/release-0.166.95/prepublish-attempt6/host/entries/041-011-fake-cli-state.json.receipts_28b7.json","docs/research/cli/evidence/gap-2026-10-05/release-0.166.95/prepublish-attempt6/host/entries/042-012-fake-cli-state.json.receipts_36c6.json","docs/research/cli/evidence/gap-2026-10-05/release-0.166.95/prepublish-attempt6/host/entries/043-013-fake-cli-state.json.receipts_3ba5.json","docs/research/cli/evidence/gap-2026-10-05/release-0.166.95/prepublish-attempt6/host/entries/044-014-fake-cli-state.json.receipts_8c4e.json","docs/research/cli/evidence/gap-2026-10-05/release-0.166.95/prepublish-attempt6/host/entries/045-015-prepare.stderr.log","docs/research/cli/evidence/gap-2026-10-05/release-0.166.95/prepublish-attempt6/host/entries/046-016-prepare.stdout.log","docs/research/cli/evidence/gap-2026-10-05/release-0.166.95/prepublish-attempt6/host/entries/047-017-sandbox-ide-initial.stderr.log","docs/research/cli/evidence/gap-2026-10-05/release-0.166.95/prepublish-attempt6/host/entries/048-018-sandbox-ide-initial.stdout.log","docs/research/cli/evidence/gap-2026-10-05/release-0.166.95/prepublish-attempt6/host/entries/049-019-ui-smoke-initial.stderr.log","docs/research/cli/evidence/gap-2026-10-05/release-0.166.95/prepublish-attempt6/host/entries/050-020-ui-smoke-initial.stdout.log","docs/research/cli/evidence/gap-2026-10-05/release-0.166.95/prepublish-attempt6/host/entries/051-021-binary_output.bin","docs/research/cli/evidence/gap-2026-10-05/release-0.166.95/prepublish-attempt6/host/entries/052-022-binary_output.bin.idx","docs/research/cli/evidence/gap-2026-10-05/release-0.166.95/prepublish-attempt6/host/entries/053-023-binary_results.bin","docs/research/cli/evidence/gap-2026-10-05/release-0.166.95/prepublish-attempt6/host/entries/054-024-TEST-com.chainlesschain.ide.uites.xml","docs/research/cli/evidence/gap-2026-10-05/release-0.166.95/prepublish-attempt6/host/entries/055-025-TEST-com.chainlesschain.ide.uites.xml","docs/research/cli/evidence/gap-2026-10-05/release-0.166.95/prepublish-attempt6/host/entries/056-026-TEST-com.chainlesschain.ide.uites.xml","docs/research/cli/evidence/gap-2026-10-05/release-0.166.95/prepublish-attempt6/host/entries/057-027-chat-control-journey-179156530050.png","docs/research/cli/evidence/gap-2026-10-05/release-0.166.95/prepublish-attempt6/host/entries/058-001-chainlesschain-ide-bridge-0.4.158.zip","docs/research/cli/evidence/gap-2026-10-05/release-0.166.95/prepublish-attempt6/host/metadata/017-artifact-metadata.json","docs/research/cli/evidence/gap-2026-10-05/release-0.166.95/prepublish-attempt6/host/metadata/018-check-diagnostic-evidence.mjs","docs/research/cli/evidence/gap-2026-10-05/release-0.166.95/prepublish-attempt6/host/metadata/019-check-large-trace-evidence.mjs","docs/research/cli/evidence/gap-2026-10-05/release-0.166.95/prepublish-attempt6/host/metadata/020-diagnosis.json","docs/research/cli/evidence/gap-2026-10-05/release-0.166.95/prepublish-attempt6/host/metadata/021-diagnostics-gradle-check.log","docs/research/cli/evidence/gap-2026-10-05/release-0.166.95/prepublish-attempt6/host/metadata/022-diagnostics-junit.xml","docs/research/cli/evidence/gap-2026-10-05/release-0.166.95/prepublish-attempt6/host/metadata/023-diagnostics-large-trace-contract.json","docs/research/cli/evidence/gap-2026-10-05/release-0.166.95/prepublish-attempt6/host/metadata/024-diagnostics-node-check.log","docs/research/cli/evidence/gap-2026-10-05/release-0.166.95/prepublish-attempt6/host/metadata/025-diagnostics-raw-byte-contract.json","docs/research/cli/evidence/gap-2026-10-05/release-0.166.95/prepublish-attempt6/host/metadata/026-download-verification.json","docs/research/cli/evidence/gap-2026-10-05/release-0.166.95/prepublish-attempt6/host/metadata/027-download.cjs","docs/research/cli/evidence/gap-2026-10-05/release-0.166.95/prepublish-attempt6/host/metadata/028-manifest-verification.json","docs/research/cli/evidence/gap-2026-10-05/release-0.166.95/prepublish-attempt6/host/metadata/029-verify.cjs","docs/research/cli/evidence/gap-2026-10-05/release-0.166.95/prepublish-attempt6/manifest.json","docs/research/cli/evidence/gap-2026-10-05/release-0.166.95/sdk-startup-diagnostics/attempt1-diagnosis.json","docs/research/cli/evidence/gap-2026-10-05/release-0.166.95/sdk-startup-diagnostics/manifest.json","docs/research/cli/evidence/gap-2026-10-05/release-0.166.95/sdk-startup-diagnostics/run2/diagnostic-child.mjs","docs/research/cli/evidence/gap-2026-10-05/release-0.166.95/sdk-startup-diagnostics/run2/fixture-helpers.mjs","docs/research/cli/evidence/gap-2026-10-05/release-0.166.95/sdk-startup-diagnostics/run2/fixture-helpers.ts","docs/research/cli/evidence/gap-2026-10-05/release-0.166.95/sdk-startup-diagnostics/run2/report.json","docs/research/cli/evidence/gap-2026-10-05/release-0.166.95/sdk-startup-diagnostics/verify-attempt1.mjs","docs/research/cli/evidence/gap-2026-10-05/release-0.166.95/sdk-startup-diagnostics/verify.mjs","docs/research/cli/evidence/gap-2026-10-05/release-0.166.95/validated-source-3caf/cli-ci-terminal/readback.json","docs/research/cli/evidence/gap-2026-10-05/release-0.166.95/validated-source-3caf/cli-ci-terminal/snapshot.json","docs/research/cli/evidence/gap-2026-10-05/release-0.166.95/validated-source-3caf/cli-sdk-three-platform/job-114002675001.json","docs/research/cli/evidence/gap-2026-10-05/release-0.166.95/validated-source-3caf/cli-sdk-three-platform/job-114002675005.json","docs/research/cli/evidence/gap-2026-10-05/release-0.166.95/validated-source-3caf/cli-sdk-three-platform/job-114002675055.json","docs/research/cli/evidence/gap-2026-10-05/release-0.166.95/validated-source-3caf/cli-sdk-three-platform/readback.json","docs/research/cli/evidence/gap-2026-10-05/release-0.166.95/validated-source-3caf/exact-sha-release-gates.json","docs/research/cli/evidence/gap-2026-10-05/release-0.166.95/validated-source-3caf/gates/ci-tests/artifacts-1.json","docs/research/cli/evidence/gap-2026-10-05/release-0.166.95/validated-source-3caf/gates/ci-tests/jobs-1.json","docs/research/cli/evidence/gap-2026-10-05/release-0.166.95/validated-source-3caf/gates/ci-tests/readback.json","docs/research/cli/evidence/gap-2026-10-05/release-0.166.95/validated-source-3caf/gates/ci-tests/run.json","docs/research/cli/evidence/gap-2026-10-05/release-0.166.95/validated-source-3caf/gates/cli-ci/artifacts-1.json","docs/research/cli/evidence/gap-2026-10-05/release-0.166.95/validated-source-3caf/gates/cli-ci/jobs-1.json","docs/research/cli/evidence/gap-2026-10-05/release-0.166.95/validated-source-3caf/gates/cli-ci/readback.json","docs/research/cli/evidence/gap-2026-10-05/release-0.166.95/validated-source-3caf/gates/cli-ci/run.json","docs/research/cli/evidence/gap-2026-10-05/release-0.166.95/validated-source-3caf/gates/full-tests/artifacts-1.json","docs/research/cli/evidence/gap-2026-10-05/release-0.166.95/validated-source-3caf/gates/full-tests/jobs-1.json","docs/research/cli/evidence/gap-2026-10-05/release-0.166.95/validated-source-3caf/gates/full-tests/readback.json","docs/research/cli/evidence/gap-2026-10-05/release-0.166.95/validated-source-3caf/gates/full-tests/run.json","docs/research/cli/evidence/gap-2026-10-05/release-0.166.95/validated-source-3caf/gates/ide-arm64/artifacts-1.json","docs/research/cli/evidence/gap-2026-10-05/release-0.166.95/validated-source-3caf/gates/ide-arm64/jobs-1.json","docs/research/cli/evidence/gap-2026-10-05/release-0.166.95/validated-source-3caf/gates/ide-arm64/readback.json","docs/research/cli/evidence/gap-2026-10-05/release-0.166.95/validated-source-3caf/gates/ide-arm64/run.json","docs/research/cli/evidence/gap-2026-10-05/release-0.166.95/validated-source-3caf/gates/ide/artifacts-1.json","docs/research/cli/evidence/gap-2026-10-05/release-0.166.95/validated-source-3caf/gates/ide/jobs-1.json","docs/research/cli/evidence/gap-2026-10-05/release-0.166.95/validated-source-3caf/gates/ide/readback.json","docs/research/cli/evidence/gap-2026-10-05/release-0.166.95/validated-source-3caf/gates/ide/run.json","docs/research/cli/evidence/gap-2026-10-05/release-0.166.95/validated-source-3caf/gates/model-catalog/artifacts-1.json","docs/research/cli/evidence/gap-2026-10-05/release-0.166.95/validated-source-3caf/gates/model-catalog/jobs-1.json","docs/research/cli/evidence/gap-2026-10-05/release-0.166.95/validated-source-3caf/gates/model-catalog/readback.json","docs/research/cli/evidence/gap-2026-10-05/release-0.166.95/validated-source-3caf/gates/model-catalog/run.json","docs/research/cli/evidence/gap-2026-10-05/release-0.166.95/validated-source-3caf/gates/pr-tests/artifacts-1.json","docs/research/cli/evidence/gap-2026-10-05/release-0.166.95/validated-source-3caf/gates/pr-tests/jobs-1.json","docs/research/cli/evidence/gap-2026-10-05/release-0.166.95/validated-source-3caf/gates/pr-tests/readback.json","docs/research/cli/evidence/gap-2026-10-05/release-0.166.95/validated-source-3caf/gates/pr-tests/run.json","docs/research/cli/evidence/gap-2026-10-05/release-0.166.95/validated-source-3caf/gates/quality/artifacts-1.json","docs/research/cli/evidence/gap-2026-10-05/release-0.166.95/validated-source-3caf/gates/quality/jobs-1.json","docs/research/cli/evidence/gap-2026-10-05/release-0.166.95/validated-source-3caf/gates/quality/readback.json","docs/research/cli/evidence/gap-2026-10-05/release-0.166.95/validated-source-3caf/gates/quality/run.json","docs/research/cli/evidence/gap-2026-10-05/release-0.166.95/validated-source-3caf/gates/safety/artifacts-1.json","docs/research/cli/evidence/gap-2026-10-05/release-0.166.95/validated-source-3caf/gates/safety/jobs-1.json","docs/research/cli/evidence/gap-2026-10-05/release-0.166.95/validated-source-3caf/gates/safety/readback.json","docs/research/cli/evidence/gap-2026-10-05/release-0.166.95/validated-source-3caf/gates/safety/run.json","docs/research/cli/evidence/gap-2026-10-05/release-0.166.95/validated-source-3caf/gates/strict/artifacts-1.json","docs/research/cli/evidence/gap-2026-10-05/release-0.166.95/validated-source-3caf/gates/strict/jobs-1.json","docs/research/cli/evidence/gap-2026-10-05/release-0.166.95/validated-source-3caf/gates/strict/readback.json","docs/research/cli/evidence/gap-2026-10-05/release-0.166.95/validated-source-3caf/gates/strict/run.json","docs/research/cli/evidence/gap-2026-10-05/release-0.166.95/validated-source-3caf/gates/workspace/all-attempt-jobs-1.json","docs/research/cli/evidence/gap-2026-10-05/release-0.166.95/validated-source-3caf/gates/workspace/artifacts-1.json","docs/research/cli/evidence/gap-2026-10-05/release-0.166.95/validated-source-3caf/gates/workspace/jobs-1.json","docs/research/cli/evidence/gap-2026-10-05/release-0.166.95/validated-source-3caf/gates/workspace/readback.json","docs/research/cli/evidence/gap-2026-10-05/release-0.166.95/validated-source-3caf/gates/workspace/run.json","docs/research/cli/evidence/gap-2026-10-05/release-0.166.95/validated-source-3caf/history/check-timeouts/2026-10-09T18-50-32-035Z/main-protection.json","docs/research/cli/evidence/gap-2026-10-05/release-0.166.95/validated-source-3caf/history/check-timeouts/2026-10-09T18-50-32-035Z/main-rules.json","docs/research/cli/evidence/gap-2026-10-05/release-0.166.95/validated-source-3caf/history/check-timeouts/2026-10-09T18-50-32-035Z/pr425.json","docs/research/cli/evidence/gap-2026-10-05/release-0.166.95/validated-source-3caf/history/check-timeouts/2026-10-09T18-50-32-035Z/secrets-annotations-113960769876.json","docs/research/cli/evidence/gap-2026-10-05/release-0.166.95/validated-source-3caf/history/check-timeouts/2026-10-09T18-50-32-035Z/secrets-branch-runs.json","docs/research/cli/evidence/gap-2026-10-05/release-0.166.95/validated-source-3caf/history/check-timeouts/2026-10-09T18-50-32-035Z/secrets-check-113960769876.json","docs/research/cli/evidence/gap-2026-10-05/release-0.166.95/validated-source-3caf/history/check-timeouts/2026-10-09T18-50-32-035Z/secrets-job-113960769876.log","docs/research/cli/evidence/gap-2026-10-05/release-0.166.95/validated-source-3caf/history/check-timeouts/2026-10-09T18-50-32-035Z/secrets-jobs.json","docs/research/cli/evidence/gap-2026-10-05/release-0.166.95/validated-source-3caf/history/check-timeouts/2026-10-09T18-50-32-035Z/secrets-run.json","docs/research/cli/evidence/gap-2026-10-05/release-0.166.95/validated-source-3caf/history/check-timeouts/2026-10-09T18-50-32-035Z/secrets-same-sha-runs.json","docs/research/cli/evidence/gap-2026-10-05/release-0.166.95/validated-source-3caf/history/check-timeouts/2026-10-09T18-50-32-035Z/staleness-annotations-113960770031.json","docs/research/cli/evidence/gap-2026-10-05/release-0.166.95/validated-source-3caf/history/check-timeouts/2026-10-09T18-50-32-035Z/staleness-branch-runs.json","docs/research/cli/evidence/gap-2026-10-05/release-0.166.95/validated-source-3caf/history/check-timeouts/2026-10-09T18-50-32-035Z/staleness-check-113960770031.json","docs/research/cli/evidence/gap-2026-10-05/release-0.166.95/validated-source-3caf/history/check-timeouts/2026-10-09T18-50-32-035Z/staleness-job-113960770031.log","docs/research/cli/evidence/gap-2026-10-05/release-0.166.95/validated-source-3caf/history/check-timeouts/2026-10-09T18-50-32-035Z/staleness-jobs.json","docs/research/cli/evidence/gap-2026-10-05/release-0.166.95/validated-source-3caf/history/check-timeouts/2026-10-09T18-50-32-035Z/staleness-run.json","docs/research/cli/evidence/gap-2026-10-05/release-0.166.95/validated-source-3caf/history/check-timeouts/2026-10-09T18-50-32-035Z/staleness-same-sha-runs.json","docs/research/cli/evidence/gap-2026-10-05/release-0.166.95/validated-source-3caf/history/check-timeouts/2026-10-09T18-50-32-035Z/summary.json","docs/research/cli/evidence/gap-2026-10-05/release-0.166.95/validated-source-3caf/history/check-timeouts/attempt2-2026-10-09T18-59-49-031Z/annotations-113975345377.json","docs/research/cli/evidence/gap-2026-10-05/release-0.166.95/validated-source-3caf/history/check-timeouts/attempt2-2026-10-09T18-59-49-031Z/attempt.json","docs/research/cli/evidence/gap-2026-10-05/release-0.166.95/validated-source-3caf/history/check-timeouts/attempt2-2026-10-09T18-59-49-031Z/job-113975345377.log","docs/research/cli/evidence/gap-2026-10-05/release-0.166.95/validated-source-3caf/history/check-timeouts/attempt2-2026-10-09T18-59-49-031Z/jobs.json","docs/research/cli/evidence/gap-2026-10-05/release-0.166.95/validated-source-3caf/history/check-timeouts/attempt2-2026-10-09T18-59-49-031Z/manifest.json","docs/research/cli/evidence/gap-2026-10-05/release-0.166.95/validated-source-3caf/history/check-timeouts/attempt2-2026-10-09T18-59-49-031Z/run.json","docs/research/cli/evidence/gap-2026-10-05/release-0.166.95/validated-source-3caf/host-artifacts/arm-windows/all-entries-verified.json","docs/research/cli/evidence/gap-2026-10-05/release-0.166.95/validated-source-3caf/host-artifacts/arm-windows/download-receipt.json","docs/research/cli/evidence/gap-2026-10-05/release-0.166.95/validated-source-3caf/host-artifacts/arm-windows/fixture-protocol.jsonl","docs/research/cli/evidence/gap-2026-10-05/release-0.166.95/validated-source-3caf/host-artifacts/arm-windows/github-artifact.json","docs/research/cli/evidence/gap-2026-10-05/release-0.166.95/validated-source-3caf/host-artifacts/arm-windows/host-phases.json","docs/research/cli/evidence/gap-2026-10-05/release-0.166.95/validated-source-3caf/host-artifacts/arm-windows/initial-build-idea.bin","docs/research/cli/evidence/gap-2026-10-05/release-0.166.95/validated-source-3caf/host-artifacts/arm-windows/initial-capture.json","docs/research/cli/evidence/gap-2026-10-05/release-0.166.95/validated-source-3caf/host-artifacts/arm-windows/initial-events.bin","docs/research/cli/evidence/gap-2026-10-05/release-0.166.95/validated-source-3caf/host-artifacts/arm-windows/initial-host-idea.bin","docs/research/cli/evidence/gap-2026-10-05/release-0.166.95/validated-source-3caf/host-artifacts/arm-windows/initial-ui-stdout.log","docs/research/cli/evidence/gap-2026-10-05/release-0.166.95/validated-source-3caf/host-artifacts/arm-windows/journey-original.json","docs/research/cli/evidence/gap-2026-10-05/release-0.166.95/validated-source-3caf/host-artifacts/arm-windows/manifest.json","docs/research/cli/evidence/gap-2026-10-05/release-0.166.95/validated-source-3caf/host-artifacts/arm-windows/restart-build-idea.bin","docs/research/cli/evidence/gap-2026-10-05/release-0.166.95/validated-source-3caf/host-artifacts/arm-windows/restart-capture.json","docs/research/cli/evidence/gap-2026-10-05/release-0.166.95/validated-source-3caf/host-artifacts/arm-windows/restart-events.bin","docs/research/cli/evidence/gap-2026-10-05/release-0.166.95/validated-source-3caf/host-artifacts/arm-windows/restart-host-idea.bin","docs/research/cli/evidence/gap-2026-10-05/release-0.166.95/validated-source-3caf/host-artifacts/arm-windows/restart-ui-stdout.log","docs/research/cli/evidence/gap-2026-10-05/release-0.166.95/validated-source-3caf/host-artifacts/arm-windows/ui-result.xml","docs/research/cli/evidence/gap-2026-10-05/release-0.166.95/validated-source-3caf/host-artifacts/arm-windows/workbench-metrics.jsonl","docs/research/cli/evidence/gap-2026-10-05/release-0.166.95/validated-source-3caf/host-artifacts/win2025/all-entries-verified.json","docs/research/cli/evidence/gap-2026-10-05/release-0.166.95/validated-source-3caf/host-artifacts/win2025/canonical/environment.json","docs/research/cli/evidence/gap-2026-10-05/release-0.166.95/validated-source-3caf/host-artifacts/win2025/canonical/fixture-protocol.jsonl","docs/research/cli/evidence/gap-2026-10-05/release-0.166.95/validated-source-3caf/host-artifacts/win2025/canonical/host-phases.json","docs/research/cli/evidence/gap-2026-10-05/release-0.166.95/validated-source-3caf/host-artifacts/win2025/canonical/initial-capture.json","docs/research/cli/evidence/gap-2026-10-05/release-0.166.95/validated-source-3caf/host-artifacts/win2025/canonical/initial-events.bin","docs/research/cli/evidence/gap-2026-10-05/release-0.166.95/validated-source-3caf/host-artifacts/win2025/canonical/initial-host-stderr.log","docs/research/cli/evidence/gap-2026-10-05/release-0.166.95/validated-source-3caf/host-artifacts/win2025/canonical/initial-idea-001.log.bin","docs/research/cli/evidence/gap-2026-10-05/release-0.166.95/validated-source-3caf/host-artifacts/win2025/canonical/initial-recovery.json","docs/research/cli/evidence/gap-2026-10-05/release-0.166.95/validated-source-3caf/host-artifacts/win2025/canonical/initial-ui-stdout.log","docs/research/cli/evidence/gap-2026-10-05/release-0.166.95/validated-source-3caf/host-artifacts/win2025/canonical/journey-original.json","docs/research/cli/evidence/gap-2026-10-05/release-0.166.95/validated-source-3caf/host-artifacts/win2025/canonical/native-metrics.json","docs/research/cli/evidence/gap-2026-10-05/release-0.166.95/validated-source-3caf/host-artifacts/win2025/canonical/restart-capture.json","docs/research/cli/evidence/gap-2026-10-05/release-0.166.95/validated-source-3caf/host-artifacts/win2025/canonical/restart-host-stderr.log","docs/research/cli/evidence/gap-2026-10-05/release-0.166.95/validated-source-3caf/host-artifacts/win2025/canonical/restart-idea-001.log.bin","docs/research/cli/evidence/gap-2026-10-05/release-0.166.95/validated-source-3caf/host-artifacts/win2025/canonical/restart-recovery.json","docs/research/cli/evidence/gap-2026-10-05/release-0.166.95/validated-source-3caf/host-artifacts/win2025/canonical/restart-ui-stdout.log","docs/research/cli/evidence/gap-2026-10-05/release-0.166.95/validated-source-3caf/host-artifacts/win2025/canonical/stop-observations.json","docs/research/cli/evidence/gap-2026-10-05/release-0.166.95/validated-source-3caf/host-artifacts/win2025/canonical/ui-result.xml","docs/research/cli/evidence/gap-2026-10-05/release-0.166.95/validated-source-3caf/host-artifacts/win2025/deterministic/fixture-protocol.jsonl","docs/research/cli/evidence/gap-2026-10-05/release-0.166.95/validated-source-3caf/host-artifacts/win2025/deterministic/host-phases.json","docs/research/cli/evidence/gap-2026-10-05/release-0.166.95/validated-source-3caf/host-artifacts/win2025/deterministic/initial-capture.json","docs/research/cli/evidence/gap-2026-10-05/release-0.166.95/validated-source-3caf/host-artifacts/win2025/deterministic/initial-events.bin","docs/research/cli/evidence/gap-2026-10-05/release-0.166.95/validated-source-3caf/host-artifacts/win2025/deterministic/initial-host-stderr.log","docs/research/cli/evidence/gap-2026-10-05/release-0.166.95/validated-source-3caf/host-artifacts/win2025/deterministic/initial-idea-001.log.bin","docs/research/cli/evidence/gap-2026-10-05/release-0.166.95/validated-source-3caf/host-artifacts/win2025/deterministic/initial-idea-002.log.bin","docs/research/cli/evidence/gap-2026-10-05/release-0.166.95/validated-source-3caf/host-artifacts/win2025/deterministic/initial-ui-stdout.log","docs/research/cli/evidence/gap-2026-10-05/release-0.166.95/validated-source-3caf/host-artifacts/win2025/deterministic/journey-original.json","docs/research/cli/evidence/gap-2026-10-05/release-0.166.95/validated-source-3caf/host-artifacts/win2025/deterministic/restart-capture.json","docs/research/cli/evidence/gap-2026-10-05/release-0.166.95/validated-source-3caf/host-artifacts/win2025/deterministic/restart-events.bin","docs/research/cli/evidence/gap-2026-10-05/release-0.166.95/validated-source-3caf/host-artifacts/win2025/deterministic/restart-host-stderr.log","docs/research/cli/evidence/gap-2026-10-05/release-0.166.95/validated-source-3caf/host-artifacts/win2025/deterministic/restart-idea-001.log.bin","docs/research/cli/evidence/gap-2026-10-05/release-0.166.95/validated-source-3caf/host-artifacts/win2025/deterministic/restart-idea-002.log.bin","docs/research/cli/evidence/gap-2026-10-05/release-0.166.95/validated-source-3caf/host-artifacts/win2025/deterministic/restart-ui-stdout.log","docs/research/cli/evidence/gap-2026-10-05/release-0.166.95/validated-source-3caf/host-artifacts/win2025/deterministic/ui-result.xml","docs/research/cli/evidence/gap-2026-10-05/release-0.166.95/validated-source-3caf/host-artifacts/win2025/deterministic/workbench-metrics.jsonl","docs/research/cli/evidence/gap-2026-10-05/release-0.166.95/validated-source-3caf/host-artifacts/win2025/download-receipt.json","docs/research/cli/evidence/gap-2026-10-05/release-0.166.95/validated-source-3caf/host-artifacts/win2025/github-artifact.json","docs/research/cli/evidence/gap-2026-10-05/release-0.166.95/validated-source-3caf/host-artifacts/win2025/github-job.json","docs/research/cli/evidence/gap-2026-10-05/release-0.166.95/validated-source-3caf/host-artifacts/win2025/github-job.log","docs/research/cli/evidence/gap-2026-10-05/release-0.166.95/validated-source-3caf/host-artifacts/win2025/github-run.json","docs/research/cli/evidence/gap-2026-10-05/release-0.166.95/validated-source-3caf/host-artifacts/win2025/manifest.json","docs/research/cli/evidence/gap-2026-10-05/release-0.166.95/validated-source-3caf/host-logs/arm-windows/job.json","docs/research/cli/evidence/gap-2026-10-05/release-0.166.95/validated-source-3caf/host-logs/arm-windows/job.log","docs/research/cli/evidence/gap-2026-10-05/release-0.166.95/validated-source-3caf/host-logs/arm-windows/readback.json","docs/research/cli/evidence/gap-2026-10-05/release-0.166.95/validated-source-3caf/host-logs/arm-windows/run.json","docs/research/cli/evidence/gap-2026-10-05/release-0.166.95/validated-source-3caf/host-logs/win2025/job.json","docs/research/cli/evidence/gap-2026-10-05/release-0.166.95/validated-source-3caf/host-logs/win2025/job.log","docs/research/cli/evidence/gap-2026-10-05/release-0.166.95/validated-source-3caf/host-logs/win2025/readback.json","docs/research/cli/evidence/gap-2026-10-05/release-0.166.95/validated-source-3caf/host-logs/win2025/run.json","docs/research/cli/evidence/gap-2026-10-05/release-0.166.95/validated-source-3caf/manifest.json","docs/research/cli/evidence/gap-2026-10-05/release-0.166.96/README.md","docs/research/cli/evidence/gap-2026-10-05/release-0.166.96/prepublish-attempt1/archive-readback.json","docs/research/cli/evidence/gap-2026-10-05/release-0.166.96/prepublish-attempt1/arm/artifact.zip","docs/research/cli/evidence/gap-2026-10-05/release-0.166.96/prepublish-attempt1/arm/diagnosis.json","docs/research/cli/evidence/gap-2026-10-05/release-0.166.96/prepublish-attempt1/arm/download-verification.json","docs/research/cli/evidence/gap-2026-10-05/release-0.166.96/prepublish-attempt1/arm/metadata.json","docs/research/cli/evidence/gap-2026-10-05/release-0.166.96/prepublish-attempt1/arm/raw/diagnostics/001-fake-cli-bin_cc","docs/research/cli/evidence/gap-2026-10-05/release-0.166.96/prepublish-attempt1/arm/raw/diagnostics/002-fake-cli-bin_cc.cmd","docs/research/cli/evidence/gap-2026-10-05/release-0.166.96/prepublish-attempt1/arm/raw/diagnostics/003-fake-cli-bin_chainlesschain","docs/research/cli/evidence/gap-2026-10-05/release-0.166.96/prepublish-attempt1/arm/raw/diagnostics/004-fake-cli-bin_chainlesschain.cmd","docs/research/cli/evidence/gap-2026-10-05/release-0.166.96/prepublish-attempt1/arm/raw/diagnostics/005-fake-cli-bin_clc","docs/research/cli/evidence/gap-2026-10-05/release-0.166.96/prepublish-attempt1/arm/raw/diagnostics/006-fake-cli-bin_clc.cmd","docs/research/cli/evidence/gap-2026-10-05/release-0.166.96/prepublish-attempt1/arm/raw/diagnostics/007-fake-cli-bin_clchain","docs/research/cli/evidence/gap-2026-10-05/release-0.166.96/prepublish-attempt1/arm/raw/diagnostics/008-fake-cli-bin_clchain.cmd","docs/research/cli/evidence/gap-2026-10-05/release-0.166.96/prepublish-attempt1/arm/raw/diagnostics/009-fake-cli-protocol.jsonl","docs/research/cli/evidence/gap-2026-10-05/release-0.166.96/prepublish-attempt1/arm/raw/diagnostics/010-fake-cli-state.json","docs/research/cli/evidence/gap-2026-10-05/release-0.166.96/prepublish-attempt1/arm/raw/diagnostics/011-receipt.json","docs/research/cli/evidence/gap-2026-10-05/release-0.166.96/prepublish-attempt1/arm/raw/diagnostics/012-receipt.json","docs/research/cli/evidence/gap-2026-10-05/release-0.166.96/prepublish-attempt1/arm/raw/diagnostics/013-receipt.json","docs/research/cli/evidence/gap-2026-10-05/release-0.166.96/prepublish-attempt1/arm/raw/diagnostics/014-receipt.json","docs/research/cli/evidence/gap-2026-10-05/release-0.166.96/prepublish-attempt1/arm/raw/diagnostics/015-receipt.json","docs/research/cli/evidence/gap-2026-10-05/release-0.166.96/prepublish-attempt1/arm/raw/diagnostics/016-receipt.json","docs/research/cli/evidence/gap-2026-10-05/release-0.166.96/prepublish-attempt1/arm/raw/diagnostics/017-host-capture-initial_capture-status.json","docs/research/cli/evidence/gap-2026-10-05/release-0.166.96/prepublish-attempt1/arm/raw/diagnostics/018-host-capture-initial_host-events.jsonl","docs/research/cli/evidence/gap-2026-10-05/release-0.166.96/prepublish-attempt1/arm/raw/diagnostics/019-host-capture-initial_host-events.jsonl.bin","docs/research/cli/evidence/gap-2026-10-05/release-0.166.96/prepublish-attempt1/arm/raw/diagnostics/020-host-capture-initial_idea-001.log.bin","docs/research/cli/evidence/gap-2026-10-05/release-0.166.96/prepublish-attempt1/arm/raw/diagnostics/021-host-capture-initial_idea-002.log.bin","docs/research/cli/evidence/gap-2026-10-05/release-0.166.96/prepublish-attempt1/arm/raw/diagnostics/022-prepare.stderr.log","docs/research/cli/evidence/gap-2026-10-05/release-0.166.96/prepublish-attempt1/arm/raw/diagnostics/023-prepare.stdout.log","docs/research/cli/evidence/gap-2026-10-05/release-0.166.96/prepublish-attempt1/arm/raw/diagnostics/024-sandbox-ide-initial.stderr.log","docs/research/cli/evidence/gap-2026-10-05/release-0.166.96/prepublish-attempt1/arm/raw/diagnostics/025-sandbox-ide-initial.stdout.log","docs/research/cli/evidence/gap-2026-10-05/release-0.166.96/prepublish-attempt1/arm/raw/diagnostics/026-ui-smoke-initial.stderr.log","docs/research/cli/evidence/gap-2026-10-05/release-0.166.96/prepublish-attempt1/arm/raw/diagnostics/027-ui-smoke-initial.stdout.log","docs/research/cli/evidence/gap-2026-10-05/release-0.166.96/prepublish-attempt1/arm/raw/diagnostics/028-binary_output.bin","docs/research/cli/evidence/gap-2026-10-05/release-0.166.96/prepublish-attempt1/arm/raw/diagnostics/029-binary_output.bin.idx","docs/research/cli/evidence/gap-2026-10-05/release-0.166.96/prepublish-attempt1/arm/raw/diagnostics/030-binary_results.bin","docs/research/cli/evidence/gap-2026-10-05/release-0.166.96/prepublish-attempt1/arm/raw/diagnostics/031-TEST-com.chainlesschain.ide.uitest.IdeUiSmokeTest.xml","docs/research/cli/evidence/gap-2026-10-05/release-0.166.96/prepublish-attempt1/arm/raw/diagnostics/032-TEST-com.chainlesschain.ide.uitest.NativeTranscriptProbeTest.xml","docs/research/cli/evidence/gap-2026-10-05/release-0.166.96/prepublish-attempt1/arm/raw/diagnostics/033-TEST-com.chainlesschain.ide.uitest.PluginStartupContractTest.xml","docs/research/cli/evidence/gap-2026-10-05/release-0.166.96/prepublish-attempt1/arm/raw/diagnostics/034-chat-control-journey-1791578761215.png","docs/research/cli/evidence/gap-2026-10-05/release-0.166.96/prepublish-attempt1/arm/raw/diagnostics/035-chat-control-journey-1791578761215.swing.json.bin","docs/research/cli/evidence/gap-2026-10-05/release-0.166.96/prepublish-attempt1/arm/raw/journey-evidence.json","docs/research/cli/evidence/gap-2026-10-05/release-0.166.96/prepublish-attempt1/arm/raw/runner-gui-guard.log","docs/research/cli/evidence/gap-2026-10-05/release-0.166.96/prepublish-attempt1/arm/verification.json","docs/research/cli/evidence/gap-2026-10-05/release-0.166.96/prepublish-attempt1/aws/client-s3-3.1094.0.json","docs/research/cli/evidence/gap-2026-10-05/release-0.166.96/prepublish-attempt1/aws/client-s3-3.1149.0.json","docs/research/cli/evidence/gap-2026-10-05/release-0.166.96/prepublish-attempt1/aws/credential-provider-http-3.972.62.json","docs/research/cli/evidence/gap-2026-10-05/release-0.166.96/prepublish-attempt1/aws/credential-provider-http-3.972.75.json","docs/research/cli/evidence/gap-2026-10-05/release-0.166.96/prepublish-attempt1/aws/credential-provider-node-3.972.71.json","docs/research/cli/evidence/gap-2026-10-05/release-0.166.96/prepublish-attempt1/aws/credential-provider-node-3.972.85.json","docs/research/cli/evidence/gap-2026-10-05/release-0.166.96/prepublish-attempt1/aws/readback.json","docs/research/cli/evidence/gap-2026-10-05/release-0.166.96/prepublish-attempt1/cli/job-114013174530/annotations.json","docs/research/cli/evidence/gap-2026-10-05/release-0.166.96/prepublish-attempt1/cli/job-114013174530/job.json","docs/research/cli/evidence/gap-2026-10-05/release-0.166.96/prepublish-attempt1/cli/job-114013174530/job.log","docs/research/cli/evidence/gap-2026-10-05/release-0.166.96/prepublish-attempt1/cli/job-114051623102/annotations.json","docs/research/cli/evidence/gap-2026-10-05/release-0.166.96/prepublish-attempt1/cli/job-114051623102/job.json","docs/research/cli/evidence/gap-2026-10-05/release-0.166.96/prepublish-attempt1/cli/job-114051623102/job.log","docs/research/cli/evidence/gap-2026-10-05/release-0.166.96/prepublish-attempt1/cli/snapshot.json","docs/research/cli/evidence/gap-2026-10-05/release-0.166.96/prepublish-attempt1/cli/terminal-readback.json","docs/research/cli/evidence/gap-2026-10-05/release-0.166.96/prepublish-attempt1/index.json","docs/research/cli/evidence/gap-2026-10-05/release-0.166.96/prepublish-attempt1/jobs/arm-windows/job.json","docs/research/cli/evidence/gap-2026-10-05/release-0.166.96/prepublish-attempt1/jobs/arm-windows/job.log","docs/research/cli/evidence/gap-2026-10-05/release-0.166.96/prepublish-attempt1/jobs/arm-windows/readback.json","docs/research/cli/evidence/gap-2026-10-05/release-0.166.96/prepublish-attempt1/jobs/arm-windows/run.json","docs/research/cli/evidence/gap-2026-10-05/release-0.166.96/prepublish-attempt1/jobs/ci-install/job.json","docs/research/cli/evidence/gap-2026-10-05/release-0.166.96/prepublish-attempt1/jobs/ci-install/job.log","docs/research/cli/evidence/gap-2026-10-05/release-0.166.96/prepublish-attempt1/jobs/ci-install/readback.json","docs/research/cli/evidence/gap-2026-10-05/release-0.166.96/prepublish-attempt1/jobs/ci-install/run.json","docs/research/cli/evidence/gap-2026-10-05/release-0.166.96/prepublish-attempt1/jobs/ci-unit/job.json","docs/research/cli/evidence/gap-2026-10-05/release-0.166.96/prepublish-attempt1/jobs/ci-unit/job.log","docs/research/cli/evidence/gap-2026-10-05/release-0.166.96/prepublish-attempt1/jobs/ci-unit/readback.json","docs/research/cli/evidence/gap-2026-10-05/release-0.166.96/prepublish-attempt1/jobs/ci-unit/run.json","docs/research/cli/evidence/gap-2026-10-05/release-0.166.96/prepublish-attempt1/jobs/cli-unit11/job.json","docs/research/cli/evidence/gap-2026-10-05/release-0.166.96/prepublish-attempt1/jobs/cli-unit11/job.log","docs/research/cli/evidence/gap-2026-10-05/release-0.166.96/prepublish-attempt1/jobs/cli-unit11/readback.json","docs/research/cli/evidence/gap-2026-10-05/release-0.166.96/prepublish-attempt1/jobs/cli-unit11/run.json","docs/research/cli/evidence/gap-2026-10-05/release-0.166.96/prepublish-attempt1/jobs/remote-ssh/job.json","docs/research/cli/evidence/gap-2026-10-05/release-0.166.96/prepublish-attempt1/jobs/remote-ssh/job.log","docs/research/cli/evidence/gap-2026-10-05/release-0.166.96/prepublish-attempt1/jobs/remote-ssh/readback.json","docs/research/cli/evidence/gap-2026-10-05/release-0.166.96/prepublish-attempt1/jobs/remote-ssh/run.json","docs/research/cli/evidence/gap-2026-10-05/release-0.166.96/prepublish-attempt1/local-eval/attempt-1/original-test.js","docs/research/cli/evidence/gap-2026-10-05/release-0.166.96/prepublish-attempt1/local-eval/attempt-1/phases.log","docs/research/cli/evidence/gap-2026-10-05/release-0.166.96/prepublish-attempt1/local-eval/attempt-1/readback.json","docs/research/cli/evidence/gap-2026-10-05/release-0.166.96/prepublish-attempt1/local-eval/attempt-1/stderr.log","docs/research/cli/evidence/gap-2026-10-05/release-0.166.96/prepublish-attempt1/local-eval/attempt-1/stdout.log","docs/research/cli/evidence/gap-2026-10-05/release-0.166.96/prepublish-attempt1/local-eval/attempt-1/tested-source.js","docs/research/cli/evidence/gap-2026-10-05/release-0.166.96/prepublish-attempt1/local-eval/attempt-1/vitest-report.json","docs/research/cli/evidence/gap-2026-10-05/release-0.166.96/prepublish-attempt1/local-eval/final-readback.json","docs/research/cli/evidence/gap-2026-10-05/release-0.166.96/prepublish-attempt1/local-eval/final-source.js","docs/research/cli/evidence/gap-2026-10-05/release-0.166.96/prepublish-attempt1/local-eval/finalize.mjs","docs/research/cli/evidence/gap-2026-10-05/release-0.166.96/prepublish-attempt1/local-eval/run.mjs","docs/research/cli/evidence/gap-2026-10-05/release-0.166.96/prepublish-attempt1/manifest.json","docs/research/cli/evidence/gap-2026-10-05/release-0.166.96/prepublish-attempt1/remote/artifact.zip","docs/research/cli/evidence/gap-2026-10-05/release-0.166.96/prepublish-attempt1/remote/download-verification.json","docs/research/cli/evidence/gap-2026-10-05/release-0.166.96/prepublish-attempt1/remote/extraction-verification.json","docs/research/cli/evidence/gap-2026-10-05/release-0.166.96/prepublish-attempt1/remote/job.json","docs/research/cli/evidence/gap-2026-10-05/release-0.166.96/prepublish-attempt1/remote/job.log","docs/research/cli/evidence/gap-2026-10-05/release-0.166.96/prepublish-attempt1/remote/metadata.json","docs/research/cli/evidence/gap-2026-10-05/release-0.166.96/prepublish-attempt1/remote/mirror/mirror-manifest.raw","docs/research/cli/evidence/gap-2026-10-05/release-0.166.96/prepublish-attempt1/remote/mirror/mirror-readback.json","docs/research/cli/evidence/gap-2026-10-05/release-0.166.96/prepublish-attempt1/remote/raw/diagnostics/001-redacted-diagnostics.json","docs/research/cli/evidence/gap-2026-10-05/release-0.166.96/prepublish-attempt1/remote/raw/journey-evidence.json","docs/research/cli/evidence/gap-2026-10-05/release-0.166.96/prepublish-attempt1/remote/raw/release-artifacts/001-remote-ssh-0.120.0.vsix.gz","docs/research/cli/evidence/gap-2026-10-05/release-0.166.96/prepublish-attempt1/remote/raw/release-artifacts/002-remote-ssh-0.120.0.vsix","docs/research/cli/evidence/gap-2026-10-05/release-0.166.96/prepublish-attempt1/remote/raw/roadmap-artifacts/001-exact-commit.json","docs/research/cli/evidence/gap-2026-10-05/release-0.166.96/prepublish-attempt1/remote/raw/roadmap-artifacts/002-host-environment.json","docs/research/cli/evidence/gap-2026-10-05/release-0.166.96/prepublish-attempt1/remote/raw/roadmap-artifacts/003-remote-environment.json","docs/research/cli/evidence/gap-2026-10-05/release-0.166.96/prepublish-attempt1/remote/raw/roadmap-artifacts/004-redacted-diagnostics.json","docs/research/cli/evidence/gap-2026-10-05/release-0.166.96/prepublish-attempt1/remote/raw/roadmap-artifacts/005-artifact-digests.json","docs/research/cli/evidence/gap-2026-10-05/release-0.166.96/prepublish-attempt1/remote/raw/roadmap-artifacts/006-candidate-vsix.vsix","docs/research/cli/evidence/gap-2026-10-05/release-0.166.96/prepublish-attempt1/remote/raw/roadmap-artifacts/007-candidate-manifest.json","docs/research/cli/evidence/gap-2026-10-05/release-0.166.96/prepublish-attempt1/remote/raw/roadmap-artifacts/008-outcome-observations.json","docs/research/cli/evidence/gap-2026-10-05/release-0.166.96/prepublish-attempt1/source-verification.json","docs/research/cli/evidence/gap-2026-10-05/release-0.166.96/prepublish-attempt1/workflows/arm/artifacts-1.json","docs/research/cli/evidence/gap-2026-10-05/release-0.166.96/prepublish-attempt1/workflows/arm/jobs-1.json","docs/research/cli/evidence/gap-2026-10-05/release-0.166.96/prepublish-attempt1/workflows/arm/readback.json","docs/research/cli/evidence/gap-2026-10-05/release-0.166.96/prepublish-attempt1/workflows/arm/run.json","docs/research/cli/evidence/gap-2026-10-05/release-0.166.96/prepublish-attempt1/workflows/ci-tests/artifacts-1.json","docs/research/cli/evidence/gap-2026-10-05/release-0.166.96/prepublish-attempt1/workflows/ci-tests/jobs-1.json","docs/research/cli/evidence/gap-2026-10-05/release-0.166.96/prepublish-attempt1/workflows/ci-tests/readback.json","docs/research/cli/evidence/gap-2026-10-05/release-0.166.96/prepublish-attempt1/workflows/ci-tests/run.json","docs/research/cli/evidence/gap-2026-10-05/release-0.166.96/prepublish-attempt1/workflows/cli/artifacts-1.json","docs/research/cli/evidence/gap-2026-10-05/release-0.166.96/prepublish-attempt1/workflows/cli/jobs-1.json","docs/research/cli/evidence/gap-2026-10-05/release-0.166.96/prepublish-attempt1/workflows/cli/readback.json","docs/research/cli/evidence/gap-2026-10-05/release-0.166.96/prepublish-attempt1/workflows/cli/run.json","docs/research/cli/evidence/gap-2026-10-05/release-0.166.96/prepublish-attempt1/workflows/full-tests/artifacts-1.json","docs/research/cli/evidence/gap-2026-10-05/release-0.166.96/prepublish-attempt1/workflows/full-tests/jobs-1.json","docs/research/cli/evidence/gap-2026-10-05/release-0.166.96/prepublish-attempt1/workflows/full-tests/readback.json","docs/research/cli/evidence/gap-2026-10-05/release-0.166.96/prepublish-attempt1/workflows/full-tests/run.json","docs/research/cli/evidence/gap-2026-10-05/release-0.166.96/prepublish-attempt1/workflows/ide/artifacts-1.json","docs/research/cli/evidence/gap-2026-10-05/release-0.166.96/prepublish-attempt1/workflows/ide/jobs-1.json","docs/research/cli/evidence/gap-2026-10-05/release-0.166.96/prepublish-attempt1/workflows/ide/readback.json","docs/research/cli/evidence/gap-2026-10-05/release-0.166.96/prepublish-attempt1/workflows/ide/run.json","docs/research/cli/evidence/gap-2026-10-05/release-0.166.96/prepublish-attempt1/workflows/model-catalog/artifacts-1.json","docs/research/cli/evidence/gap-2026-10-05/release-0.166.96/prepublish-attempt1/workflows/model-catalog/jobs-1.json","docs/research/cli/evidence/gap-2026-10-05/release-0.166.96/prepublish-attempt1/workflows/model-catalog/readback.json","docs/research/cli/evidence/gap-2026-10-05/release-0.166.96/prepublish-attempt1/workflows/model-catalog/run.json","docs/research/cli/evidence/gap-2026-10-05/release-0.166.96/prepublish-attempt1/workflows/pr-tests/artifacts-1.json","docs/research/cli/evidence/gap-2026-10-05/release-0.166.96/prepublish-attempt1/workflows/pr-tests/jobs-1.json","docs/research/cli/evidence/gap-2026-10-05/release-0.166.96/prepublish-attempt1/workflows/pr-tests/readback.json","docs/research/cli/evidence/gap-2026-10-05/release-0.166.96/prepublish-attempt1/workflows/pr-tests/run.json","docs/research/cli/evidence/gap-2026-10-05/release-0.166.96/prepublish-attempt1/workflows/quality/artifacts-1.json","docs/research/cli/evidence/gap-2026-10-05/release-0.166.96/prepublish-attempt1/workflows/quality/jobs-1.json","docs/research/cli/evidence/gap-2026-10-05/release-0.166.96/prepublish-attempt1/workflows/quality/readback.json","docs/research/cli/evidence/gap-2026-10-05/release-0.166.96/prepublish-attempt1/workflows/quality/run.json","docs/research/cli/evidence/gap-2026-10-05/release-0.166.96/prepublish-attempt1/workflows/safety/artifacts-1.json","docs/research/cli/evidence/gap-2026-10-05/release-0.166.96/prepublish-attempt1/workflows/safety/jobs-1.json","docs/research/cli/evidence/gap-2026-10-05/release-0.166.96/prepublish-attempt1/workflows/safety/readback.json","docs/research/cli/evidence/gap-2026-10-05/release-0.166.96/prepublish-attempt1/workflows/safety/run.json","docs/research/cli/evidence/gap-2026-10-05/release-0.166.96/prepublish-attempt1/workflows/strict/artifacts-1.json","docs/research/cli/evidence/gap-2026-10-05/release-0.166.96/prepublish-attempt1/workflows/strict/jobs-1.json","docs/research/cli/evidence/gap-2026-10-05/release-0.166.96/prepublish-attempt1/workflows/strict/readback.json","docs/research/cli/evidence/gap-2026-10-05/release-0.166.96/prepublish-attempt1/workflows/strict/run.json","docs/research/cli/evidence/gap-2026-10-05/release-0.166.96/repair-attempt1/archive-readback.json","docs/research/cli/evidence/gap-2026-10-05/release-0.166.96/repair-attempt1/arm/ExportPopup.java","docs/research/cli/evidence/gap-2026-10-05/release-0.166.96/repair-attempt1/arm/IdeUiSmokeTest.source.java","docs/research/cli/evidence/gap-2026-10-05/release-0.166.96/repair-attempt1/arm/PopupReceiptContract.java","docs/research/cli/evidence/gap-2026-10-05/release-0.166.96/repair-attempt1/arm/actual-activation.js","docs/research/cli/evidence/gap-2026-10-05/release-0.166.96/repair-attempt1/arm/actual-cleanup.js","docs/research/cli/evidence/gap-2026-10-05/release-0.166.96/repair-attempt1/arm/actual-receipt.js","docs/research/cli/evidence/gap-2026-10-05/release-0.166.96/repair-attempt1/arm/bind-gradle.mjs","docs/research/cli/evidence/gap-2026-10-05/release-0.166.96/repair-attempt1/arm/compile-ui-jdk21.log","docs/research/cli/evidence/gap-2026-10-05/release-0.166.96/repair-attempt1/arm/compile.stderr.log","docs/research/cli/evidence/gap-2026-10-05/release-0.166.96/repair-attempt1/arm/compile.stdout.log","docs/research/cli/evidence/gap-2026-10-05/release-0.166.96/repair-attempt1/arm/export-compile.stderr.log","docs/research/cli/evidence/gap-2026-10-05/release-0.166.96/repair-attempt1/arm/export-compile.stdout.log","docs/research/cli/evidence/gap-2026-10-05/release-0.166.96/repair-attempt1/arm/export-gradle.stderr.log","docs/research/cli/evidence/gap-2026-10-05/release-0.166.96/repair-attempt1/arm/export-gradle.stdout.log","docs/research/cli/evidence/gap-2026-10-05/release-0.166.96/repair-attempt1/arm/gradle-activation.js","docs/research/cli/evidence/gap-2026-10-05/release-0.166.96/repair-attempt1/arm/gradle-cleanup.js","docs/research/cli/evidence/gap-2026-10-05/release-0.166.96/repair-attempt1/arm/gradle-receipt.js","docs/research/cli/evidence/gap-2026-10-05/release-0.166.96/repair-attempt1/arm/gradle-script-binding.json","docs/research/cli/evidence/gap-2026-10-05/release-0.166.96/repair-attempt1/arm/metadata.json","docs/research/cli/evidence/gap-2026-10-05/release-0.166.96/repair-attempt1/arm/report.json","docs/research/cli/evidence/gap-2026-10-05/release-0.166.96/repair-attempt1/arm/run.mjs","docs/research/cli/evidence/gap-2026-10-05/release-0.166.96/repair-attempt1/arm/run.stderr.log","docs/research/cli/evidence/gap-2026-10-05/release-0.166.96/repair-attempt1/arm/run.stdout.log","docs/research/cli/evidence/gap-2026-10-05/release-0.166.96/repair-attempt1/arm/support/ApplicationManager.java","docs/research/cli/evidence/gap-2026-10-05/release-0.166.96/repair-attempt1/arm/support/runtime-classpath.txt","docs/research/cli/evidence/gap-2026-10-05/release-0.166.96/repair-attempt1/cli/attempt-1/original-test.js","docs/research/cli/evidence/gap-2026-10-05/release-0.166.96/repair-attempt1/cli/attempt-1/phases.log","docs/research/cli/evidence/gap-2026-10-05/release-0.166.96/repair-attempt1/cli/attempt-1/readback.json","docs/research/cli/evidence/gap-2026-10-05/release-0.166.96/repair-attempt1/cli/attempt-1/stderr.log","docs/research/cli/evidence/gap-2026-10-05/release-0.166.96/repair-attempt1/cli/attempt-1/stdout.log","docs/research/cli/evidence/gap-2026-10-05/release-0.166.96/repair-attempt1/cli/attempt-1/tested-source.js","docs/research/cli/evidence/gap-2026-10-05/release-0.166.96/repair-attempt1/cli/attempt-1/vitest-report.json","docs/research/cli/evidence/gap-2026-10-05/release-0.166.96/repair-attempt1/cli/final-readback.json","docs/research/cli/evidence/gap-2026-10-05/release-0.166.96/repair-attempt1/cli/final-source.js","docs/research/cli/evidence/gap-2026-10-05/release-0.166.96/repair-attempt1/cli/finalize.mjs","docs/research/cli/evidence/gap-2026-10-05/release-0.166.96/repair-attempt1/cli/run.mjs","docs/research/cli/evidence/gap-2026-10-05/release-0.166.96/repair-attempt1/index.json","docs/research/cli/evidence/gap-2026-10-05/release-0.166.96/repair-attempt1/manifest.json","docs/research/cli/evidence/gap-2026-10-05/release-0.166.96/repair-attempt1/remote/receipt.json","docs/research/cli/evidence/gap-2026-10-05/release-0.166.96/repair-attempt1/remote/test.stderr.log","docs/research/cli/evidence/gap-2026-10-05/release-0.166.96/repair-attempt1/remote/test.stdout.log","docs/research/cli/evidence/gap-2026-10-05/release-0.166.96/repair-attempt1/source-verification.json","docs/research/cli/evidence/gap-2026-10-05/release-0.166.96/repair-attempt1/sources/IdeUiSmokeTest.java","docs/research/cli/evidence/gap-2026-10-05/release-0.166.96/repair-attempt1/sources/cli-evolution-test.js","docs/research/cli/evidence/gap-2026-10-05/release-0.166.96/repair-attempt1/sources/remote-run.cjs","docs/research/cli/evidence/gap-2026-10-05/release-0.166.96/repair-attempt1/sources/remote-test.cjs","docs/research/ide/ide-claude-code-codex-gap-analysis-2026-10-05.md","package-lock.json","packages/agent-sdk/__tests__/e2e-agent-session.test.ts","packages/agent-sdk/package-lock.json","packages/agent-sdk/package.json","packages/cli/README.md","packages/cli/__tests__/unit/background-command-argv.test.js","packages/cli/__tests__/unit/evolution-eval-readonly-audit.test.js","packages/cli/__tests__/unit/ide-roadmap-browser-evidence.test.js","packages/cli/__tests__/unit/model-catalog-review.test.js","packages/cli/__tests__/unit/permission-decision-precedence.test.js","packages/cli/__tests__/unit/scoped-permission-mutation-authority.test.js","packages/cli/package.json","packages/cli/scripts/diagnostics/windows-esbuild-private-map-supervisor.cpp","packages/cli/scripts/diagnostics/windows-job-custodian-crash-probe.cs","packages/cli/scripts/diagnostics/windows-job-recovery-probe.cs","packages/cli/scripts/diagnostics/windows-node-private-v4-adapter.cpp","packages/cli/scripts/diagnostics/windows-node-private-v4-adapter.h","packages/cli/scripts/diagnostics/windows-node-private-v4-broker.cpp","packages/cli/scripts/diagnostics/windows-node-private-v4-identity.cjs","packages/cli/scripts/diagnostics/windows-node-private-v4-paired.h","packages/cli/scripts/diagnostics/windows-node-private-v4-preload.cjs","packages/cli/scripts/diagnostics/windows-node-private-v4-protocol.h","packages/cli/scripts/ide-roadmap-browser-evidence.mjs","packages/cli/scripts/lib/windows-job-custodian-crash-evidence.mjs","packages/cli/scripts/lib/windows-job-recovery-evidence.mjs","packages/cli/scripts/review-model-catalog.mjs","packages/cli/scripts/windows-esbuild-private-map-service.mjs","packages/cli/scripts/windows-job-custodian-crash-probe.mjs","packages/cli/scripts/windows-job-recovery-probe.mjs","packages/cli/scripts/windows-node-private-v4-dependencies.mjs","packages/cli/scripts/windows-node-private-v4-diagnostic.mjs","packages/cli/scripts/windows-node-private-v4-result.mjs","packages/cli/src/lib/model-catalog-review.js","packages/cli/test-node/fixtures/windows-esbuild-private-map-service.json","packages/cli/test-node/model-catalog-review-evidence.node-test.mjs","packages/cli/test-node/windows-esbuild-private-map-service.node-test.mjs","packages/cli/test-node/windows-job-custodian-crash-evidence.node-test.mjs","packages/cli/test-node/windows-job-recovery-evidence.node-test.mjs","packages/cli/test-node/windows-node-private-v4-dependencies.node-test.mjs","packages/cli/test-node/windows-node-private-v4-identity.node-test.mjs","packages/cli/test-node/windows-node-private-v4-result.node-test.mjs","playwright.config.ts"],"mappings":[{"file":"desktop-app-vue/contracts/package-lock.json","suite":"desktop-unit","mode":"full","reason":"project-support-file"},{"file":"desktop-app-vue/package-lock.json","suite":"desktop-unit","mode":"full"},{"file":"desktop-app-vue/package.json","suite":"desktop-unit","mode":"full"},{"file":"desktop-app-vue/src/main/task/__tests__/project-goal-monitoring-host.test.js","suite":"desktop-unit","tests":["src/main/task/__tests__/project-goal-monitoring-host.test.js"]},{"file":"packages/cli/src/data/changelog.json","suite":"cli-unit","tests":["__tests__/unit/changelog-artifact-parity.test.js"]},{"file":"packages/jetbrains-plugin/CHANGELOG.md","suite":"desktop-unit","tests":[],"reason":"covered-by-ide-dedicated-gates"},{"file":"packages/jetbrains-plugin/README.md","suite":"desktop-unit","tests":[],"reason":"covered-by-ide-dedicated-gates"},{"file":"packages/jetbrains-plugin/build.gradle.kts","suite":"desktop-unit","tests":[],"reason":"covered-by-ide-dedicated-gates"},{"file":"packages/jetbrains-plugin/gradle.properties","suite":"desktop-unit","tests":[],"reason":"covered-by-ide-dedicated-gates"},{"file":"packages/jetbrains-plugin/scripts/run-ui-host-journey.mjs","suite":"desktop-unit","tests":[],"reason":"covered-by-ide-dedicated-gates"},{"file":"packages/jetbrains-plugin/scripts/run-ui-host-journey.test.mjs","suite":"desktop-unit","tests":[],"reason":"covered-by-ide-dedicated-gates"},{"file":"packages/jetbrains-plugin/src/main/java/com/chainlesschain/ide/CliVersionCheck.java","suite":"desktop-unit","tests":[],"reason":"covered-by-ide-dedicated-gates"},{"file":"packages/jetbrains-plugin/src/main/java/com/chainlesschain/ide/UiEventDiagnostics.java","suite":"desktop-unit","tests":[],"reason":"covered-by-ide-dedicated-gates"},{"file":"packages/jetbrains-plugin/src/main/java/com/chainlesschain/ide/intellij/ChatCardsLayout.java","suite":"desktop-unit","tests":[],"reason":"covered-by-ide-dedicated-gates"},{"file":"packages/jetbrains-plugin/src/main/java/com/chainlesschain/ide/intellij/ConversationView.java","suite":"desktop-unit","tests":[],"reason":"covered-by-ide-dedicated-gates"},{"file":"packages/jetbrains-plugin/src/main/resources/META-INF/plugin.xml","suite":"desktop-unit","tests":[],"reason":"covered-by-ide-dedicated-gates"},{"file":"packages/jetbrains-plugin/src/test/java/com/chainlesschain/ide/CliVersionCheckTest.java","suite":"desktop-unit","tests":[],"reason":"covered-by-ide-dedicated-gates"},{"file":"packages/jetbrains-plugin/src/test/java/com/chainlesschain/ide/IdeDoctorTest.java","suite":"desktop-unit","tests":[],"reason":"covered-by-ide-dedicated-gates"},{"file":"packages/jetbrains-plugin/src/test/java/com/chainlesschain/ide/UiEventDiagnosticsTest.java","suite":"desktop-unit","tests":[],"reason":"covered-by-ide-dedicated-gates"},{"file":"packages/jetbrains-plugin/src/test/java/com/chainlesschain/ide/intellij/ChatCardsLayoutTest.java","suite":"desktop-unit","tests":[],"reason":"covered-by-ide-dedicated-gates"},{"file":"packages/jetbrains-plugin/src/uiTest/java/com/chainlesschain/ide/uitest/IdeUiSmokeTest.java","suite":"desktop-unit","tests":[],"reason":"covered-by-ide-dedicated-gates"},{"file":"packages/jetbrains-plugin/src/uiTest/java/com/chainlesschain/ide/uitest/UiFailureDiagnostics.java","suite":"desktop-unit","tests":[],"reason":"covered-by-ide-dedicated-gates"},{"file":"packages/vscode-extension/CHANGELOG.md","suite":"desktop-unit","tests":[],"reason":"covered-by-ide-dedicated-gates"},{"file":"packages/vscode-extension/README.md","suite":"desktop-unit","tests":[],"reason":"covered-by-ide-dedicated-gates"},{"file":"packages/vscode-extension/package.json","suite":"desktop-unit","tests":[],"reason":"covered-by-ide-dedicated-gates"},{"file":"packages/vscode-extension/src/vendor/agent-sdk/VENDORED.md","suite":"desktop-unit","tests":[],"reason":"covered-by-ide-dedicated-gates"},{"file":"packages/vscode-extension/test/image-decode-budget.test.cjs","suite":"desktop-unit","tests":[],"reason":"covered-by-ide-dedicated-gates"},{"file":"packages/vscode-extension/test/permission-mode-state.test.cjs","suite":"desktop-unit","tests":[],"reason":"covered-by-ide-dedicated-gates"},{"file":"packages/vscode-extension/test/remote-ssh-container.test.cjs","suite":"desktop-unit","tests":[],"reason":"covered-by-ide-dedicated-gates"},{"file":"packages/vscode-extension/test/remote-ssh-container/run.cjs","suite":"desktop-unit","tests":[],"reason":"covered-by-ide-dedicated-gates"}]}}
2026-10-10T01:52:47.6825550Z ##[error]Process completed with exit code 2.
2026-10-10T01:52:47.6905510Z ##[group]Run echo "⚠️  Intelligent test selection failed, running complete unit roots..."
2026-10-10T01:52:47.6906180Z [36;1mecho "⚠️  Intelligent test selection failed, running complete unit roots..."[0m
2026-10-10T01:52:47.6906640Z [36;1mnpm exec --offline -- vitest run tests/unit src \[0m
2026-10-10T01:52:47.6907030Z [36;1m  --reporter=default --silent=passed-only --pool=forks --maxWorkers=2[0m
2026-10-10T01:52:47.6955910Z shell: /bin/bash --noprofile --norc -e -o pipefail {0}
2026-10-10T01:52:47.6956170Z env:
2026-10-10T01:52:47.6956360Z   SOURCE_SHA: da91e730d802b7c9dcdc075b222ecc257021e552
2026-10-10T01:52:47.6956610Z ##[endgroup]
2026-10-10T01:52:47.7226690Z ⚠️  Intelligent test selection failed, running complete unit roots...
2026-10-10T01:52:47.8547420Z npm warn config ignoring workspace config at /Users/runner/work/chainlesschain/chainlesschain/desktop-app-vue/.npmrc
2026-10-10T01:52:48.3875400Z 
2026-10-10T01:52:48.3876490Z [1m[30m[46m RUN [49m[39m[22m [36mv4.1.10 [39m[90m/Users/runner/work/chainlesschain/chainlesschain/desktop-app-vue[39m
2026-10-10T01:52:48.3877260Z 
2026-10-10T01:52:50.4805290Z  [32m✓[39m src/main/evolution/__tests__/desktop-evolution-deployment.test.js [2m([22m[2m47 tests[22m[2m)[22m[32m 93[2mms[22m[39m
2026-10-10T01:52:51.0731930Z Warning: A vi.mock("electron") call in "/Users/runner/work/chainlesschain/chainlesschain/desktop-app-vue/tests/unit/enterprise/organization-ipc.test.js" is not at the top level of the module. Although it appears nested, it will be hoisted and executed before any tests run. Move it to the top level to reflect its actual execution order. This will become an error in a future version.
2026-10-10T01:52:51.0803950Z See: https://vitest.dev/guide/mocking/modules#how-it-works
2026-10-10T01:52:54.3234590Z  [32m✓[39m tests/unit/enterprise/organization-ipc.test.js [2m([22m[2m154 tests[22m[2m)[22m[33m 3145[2mms[22m[39m
2026-10-10T01:52:56.2216790Z  [32m✓[39m src/main/sync/__tests__/mobile-bridge-sync.test.js [2m([22m[2m102 tests[22m[2m)[22m[33m 828[2mms[22m[39m
2026-10-10T01:52:57.7152010Z  [32m✓[39m src/main/ai-engine/cowork/skills/__tests__/skill-pipeline-engine.test.js [2m([22m[2m98 tests[22m[2m)[22m[33m 825[2mms[22m[39m
2026-10-10T01:52:58.5432810Z  [32m✓[39m src/main/ai-engine/code-agent/__tests__/coding-agent-session-service.test.js [2m([22m[2m51 tests[22m[2m)[22m[32m 211[2mms[22m[39m
2026-10-10T01:52:59.1292770Z (node:31760) [MODULE_TYPELESS_PACKAGE_JSON] Warning: Module type of file:///Users/runner/work/chainlesschain/chainlesschain/desktop-app-vue/src/main/utils/logger.js is not specified and it doesn't parse as CommonJS.
2026-10-10T01:52:59.1294330Z Reparsing as ES module because module syntax was detected. This incurs a performance overhead.
2026-10-10T01:52:59.1297390Z To eliminate this warning, add "type": "module" to /Users/runner/work/chainlesschain/chainlesschain/desktop-app-vue/package.json.
2026-10-10T01:52:59.1300900Z (Use `node --trace-warnings ...` to show where the warning was created)
2026-10-10T01:53:01.1492550Z  [32m✓[39m tests/unit/ai-engine/skill-handlers.test.js [2m([22m[2m254 tests[22m[2m)[22m[33m 10714[2mms[22m[39m
2026-10-10T01:53:01.1593550Z        [33m[2m✓[22m[39m should run full diagnostics by default [33m 721[2mms[22m[39m
2026-10-10T01:53:01.1637240Z        [33m[2m✓[22m[39m should check runtimes category [33m 381[2mms[22m[39m
2026-10-10T01:53:01.1638120Z        [33m[2m✓[22m[39m should generate fix commands [33m 646[2mms[22m[39m
2026-10-10T01:53:01.1638870Z        [33m[2m✓[22m[39m should run preflight check [33m 411[2mms[22m[39m
2026-10-10T01:53:01.1639600Z        [33m[2m✓[22m[39m should handle dry-run mode [33m 2363[2mms[22m[39m
2026-10-10T01:53:01.1640390Z        [33m[2m✓[22m[39m should analyze impact of a file [33m 1003[2mms[22m[39m
2026-10-10T01:53:01.1641190Z        [33m[2m✓[22m[39m should evaluate a library [33m 436[2mms[22m[39m
2026-10-10T01:53:01.1643240Z        [33m[2m✓[22m[39m should analyze memory [33m 1020[2mms[22m[39m
2026-10-10T01:53:02.3212860Z  [32m✓[39m tests/unit/database/database-adapter.test.js [2m([22m[2m68 tests[22m[2m)[22m[33m 347[2mms[22m[39m
2026-10-10T01:53:03.2827100Z  [32m✓[39m src/main/ai-engine/code-agent/__tests__/coding-agent-ipc-v3.test.js [2m([22m[2m45 tests[22m[2m)[22m[33m 400[2mms[22m[39m
2026-10-10T01:53:04.1598070Z (node:31842) [MODULE_TYPELESS_PACKAGE_JSON] Warning: Module type of file:///Users/runner/work/chainlesschain/chainlesschain/desktop-app-vue/src/main/utils/logger.js is not specified and it doesn't parse as CommonJS.
2026-10-10T01:53:04.1602230Z Reparsing as ES module because module syntax was detected. This incurs a performance overhead.
2026-10-10T01:53:04.1603310Z To eliminate this warning, add "type": "module" to /Users/runner/work/chainlesschain/chainlesschain/desktop-app-vue/package.json.
2026-10-10T01:53:04.1604210Z (Use `node --trace-warnings ...` to show where the warning was created)
2026-10-10T01:53:59.3925560Z  [32m✓[39m tests/unit/enterprise/permission-middleware.test.js [2m([22m[2m45 tests[22m[2m)[22m[33m 55290[2mms[22m[39m
2026-10-10T01:53:59.3943290Z        [33m[2m✓[22m[39m should require single permission (success) [33m 1537[2mms[22m[39m
2026-10-10T01:53:59.4045460Z        [33m[2m✓[22m[39m should require single permission (denied) [33m 1223[2mms[22m[39m
2026-10-10T01:53:59.4046510Z        [33m[2m✓[22m[39m should extract context from args (orgId, userDID) [33m 1239[2mms[22m[39m
2026-10-10T01:53:59.4058570Z        [33m[2m✓[22m[39m should check permission with cache hit [33m 968[2mms[22m[39m
2026-10-10T01:53:59.4125470Z        [33m[2m✓[22m[39m should check permission with cache miss [33m 1037[2mms[22m[39m
2026-10-10T01:53:59.4127690Z        [33m[2m✓[22m[39m should check permission with custom options [33m 1134[2mms[22m[39m
2026-10-10T01:53:59.4128920Z        [33m[2m✓[22m[39m should throw proper error on permission denial [33m 1317[2mms[22m[39m
2026-10-10T01:53:59.4129740Z        [33m[2m✓[22m[39m should log audit on permission grant [33m 1464[2mms[22m[39m
2026-10-10T01:53:59.4130670Z        [33m[2m✓[22m[39m should require all permissions (all granted) [33m 1525[2mms[22m[39m
2026-10-10T01:53:59.4131570Z        [33m[2m✓[22m[39m should require all permissions (one denied) [33m 1357[2mms[22m[39m
2026-10-10T01:53:59.4132640Z        [33m[2m✓[22m[39m should require all permissions (multiple denied) [33m 1818[2mms[22m[39m
2026-10-10T01:53:59.4133800Z        [33m[2m✓[22m[39m should handle empty permissions array [33m 1338[2mms[22m[39m
2026-10-10T01:53:59.4134750Z        [33m[2m✓[22m[39m should be permission order independent [33m 1255[2mms[22m[39m
2026-10-10T01:53:59.4135900Z        [33m[2m✓[22m[39m should require any permission (first granted) [33m 1164[2mms[22m[39m
2026-10-10T01:53:59.4138980Z        [33m[2m✓[22m[39m should require any permission (second granted) [33m 1110[2mms[22m[39m
2026-10-10T01:53:59.4139860Z        [33m[2m✓[22m[39m should require any permission (all denied) [33m 1116[2mms[22m[39m
2026-10-10T01:53:59.4140780Z        [33m[2m✓[22m[39m should handle single permission in array [33m 1147[2mms[22m[39m
2026-10-10T01:53:59.4141660Z        [33m[2m✓[22m[39m should require admin role [33m 1570[2mms[22m[39m
2026-10-10T01:53:59.4142530Z        [33m[2m✓[22m[39m should require owner role [33m 1305[2mms[22m[39m
2026-10-10T01:53:59.4143330Z        [33m[2m✓[22m[39m should require member role [33m 1190[2mms[22m[39m
2026-10-10T01:53:59.4144190Z        [33m[2m✓[22m[39m should deny viewer from admin-only operations [33m 1342[2mms[22m[39m
2026-10-10T01:53:59.4145110Z        [33m[2m✓[22m[39m should handle multiple role requirements [33m 1136[2mms[22m[39m
2026-10-10T01:53:59.4145940Z        [33m[2m✓[22m[39m should cache permission check result [33m 985[2mms[22m[39m
2026-10-10T01:53:59.4148690Z        [33m[2m✓[22m[39m should return cached value on cache hit [33m 1061[2mms[22m[39m
2026-10-10T01:53:59.4149760Z        [33m[2m✓[22m[39m should skip cache when skipCache option is true [33m 888[2mms[22m[39m
2026-10-10T01:53:59.4150500Z        [33m[2m✓[22m[39m should expire cache after TTL [33m 1047[2mms[22m[39m
2026-10-10T01:53:59.4151320Z        [33m[2m✓[22m[39m should clear cache on invalidation [33m 1000[2mms[22m[39m
2026-10-10T01:53:59.4152230Z        [33m[2m✓[22m[39m should allow operations within rate limit [33m 2367[2mms[22m[39m
2026-10-10T01:53:59.4153120Z        [33m[2m✓[22m[39m should block operations exceeding rate limit [33m 1135[2mms[22m[39m
2026-10-10T01:53:59.4153910Z        [33m[2m✓[22m[39m should apply rate limit per user [33m 1477[2mms[22m[39m
2026-10-10T01:53:59.4154770Z        [33m[2m✓[22m[39m should reset rate limit window after expiration [33m 1343[2mms[22m[39m
2026-10-10T01:53:59.4155610Z        [33m[2m✓[22m[39m should log permission grant [33m 1062[2mms[22m[39m
2026-10-10T01:53:59.4156310Z        [33m[2m✓[22m[39m should log permission denial [33m 1021[2mms[22m[39m
2026-10-10T01:53:59.4157320Z        [33m[2m✓[22m[39m should skip audit when disabled by option [33m 933[2mms[22m[39m
2026-10-10T01:53:59.4160690Z        [33m[2m✓[22m[39m should include operation details in audit [33m 1028[2mms[22m[39m
2026-10-10T01:53:59.4161500Z        [33m[2m✓[22m[39m should handle database errors gracefully [33m 1096[2mms[22m[39m
2026-10-10T01:53:59.4162320Z        [33m[2m✓[22m[39m should handle missing context (orgId/userDID) [33m 1157[2mms[22m[39m
2026-10-10T01:53:59.4163080Z        [33m[2m✓[22m[39m should handle permission manager errors [33m 1087[2mms[22m[39m
2026-10-10T01:53:59.4163890Z        [33m[2m✓[22m[39m should handle malformed args [33m 1043[2mms[22m[39m
2026-10-10T01:53:59.4164690Z        [33m[2m✓[22m[39m should check resource ownership (folder) [33m 1203[2mms[22m[39m
2026-10-10T01:53:59.4165780Z        [33m[2m✓[22m[39m should require ownership via middleware [33m 1287[2mms[22m[39m
2026-10-10T01:53:59.4166600Z        [33m[2m✓[22m[39m should retrieve audit logs for organization [33m 1062[2mms[22m[39m
2026-10-10T01:53:59.4167790Z        [33m[2m✓[22m[39m should filter audit logs by user [33m 1354[2mms[22m[39m
2026-10-10T01:53:59.4168720Z        [33m[2m✓[22m[39m should filter audit logs by result [33m 1130[2mms[22m[39m
2026-10-10T01:53:59.4169450Z        [33m[2m✓[22m[39m should limit audit log results [33m 1226[2mms[22m[39m
2026-10-10T01:54:01.1082030Z  [32m✓[39m tests/unit/mcp/mcp-security-policy.test.js [2m([22m[2m105 tests[22m[2m)[22m[33m 898[2mms[22m[39m
2026-10-10T01:54:02.6651350Z  [32m✓[39m tests/unit/ai/intent-classifier.test.js [2m([22m[2m164 tests[22m[2m)[22m[33m 705[2mms[22m[39m
2026-10-10T01:54:04.3504580Z  [32m✓[39m tests/unit/enterprise/org-knowledge-sync.test.js [2m([22m[2m50 tests[22m[2m)[22m[33m 65333[2mms[22m[39m
2026-10-10T01:54:04.3705980Z        [33m[2m✓[22m[39m should initialize knowledge sync manager [33m 1354[2mms[22m[39m
2026-10-10T01:54:04.3807950Z        [33m[2m✓[22m[39m should register message handlers on initialization [33m 1154[2mms[22m[39m
2026-10-10T01:54:04.3909890Z        [33m[2m✓[22m[39m should initialize sync state for organization [33m 1127[2mms[22m[39m
2026-10-10T01:54:04.4011980Z        [33m[2m✓[22m[39m should handle missing P2P network gracefully [33m 1416[2mms[22m[39m
2026-10-10T01:54:04.4115230Z        [33m[2m✓[22m[39m should broadcast knowledge create to P2P network [33m 1323[2mms[22m[39m
2026-10-10T01:54:04.4217030Z        [33m[2m✓[22m[39m should receive knowledge create from peer [33m 1431[2mms[22m[39m
2026-10-10T01:54:04.4336940Z        [33m[2m✓[22m[39m should handle knowledge create conflicts (duplicate) [33m 1358[2mms[22m[39m
2026-10-10T01:54:04.4440300Z        [33m[2m✓[22m[39m should validate knowledge create payload [33m 1081[2mms[22m[39m
2026-10-10T01:54:04.4541980Z        [33m[2m✓[22m[39m should queue knowledge create when offline [33m 1149[2mms[22m[39m
2026-10-10T01:54:04.4643690Z        [33m[2m✓[22m[39m should broadcast knowledge update [33m 1198[2mms[22m[39m
2026-10-10T01:54:04.4745470Z        [33m[2m✓[22m[39m should receive knowledge update from peer [33m 1435[2mms[22m[39m
2026-10-10T01:54:04.4847200Z        [33m[2m✓[22m[39m should merge Yjs CRDT updates [33m 1550[2mms[22m[39m
2026-10-10T01:54:04.4976100Z        [33m[2m✓[22m[39m should handle concurrent updates [33m 1761[2mms[22m[39m
2026-10-10T01:54:04.5084190Z        [33m[2m✓[22m[39m should resolve update conflicts using timestamp [33m 1950[2mms[22m[39m
2026-10-10T01:54:04.5186930Z        [33m[2m✓[22m[39m should track version history [33m 1534[2mms[22m[39m
2026-10-10T01:54:04.5287630Z        [33m[2m✓[22m[39m should broadcast knowledge delete [33m 1244[2mms[22m[39m
2026-10-10T01:54:04.5389440Z        [33m[2m✓[22m[39m should receive knowledge delete from peer [33m 1207[2mms[22m[39m
2026-10-10T01:54:04.5490820Z        [33m[2m✓[22m[39m should soft delete vs hard delete [33m 1068[2mms[22m[39m
2026-10-10T01:54:04.5595980Z        [33m[2m✓[22m[39m should handle delete of non-existent item [33m 1162[2mms[22m[39m
2026-10-10T01:54:04.5698230Z        [33m[2m✓[22m[39m should broadcast knowledge move to folder [33m 1207[2mms[22m[39m
2026-10-10T01:54:04.5798960Z        [33m[2m✓[22m[39m should receive knowledge move from peer [33m 1491[2mms[22m[39m
2026-10-10T01:54:04.5902380Z        [33m[2m✓[22m[39m should validate folder permissions on move [33m 1400[2mms[22m[39m
2026-10-10T01:54:04.6006670Z        [33m[2m✓[22m[39m should handle move conflicts [33m 1175[2mms[22m[39m
2026-10-10T01:54:04.6108330Z        [33m[2m✓[22m[39m should broadcast folder create [33m 1310[2mms[22m[39m
2026-10-10T01:54:04.6220490Z        [33m[2m✓[22m[39m should broadcast folder update [33m 1210[2mms[22m[39m
2026-10-10T01:54:04.6322920Z        [33m[2m✓[22m[39m should broadcast folder delete [33m 1030[2mms[22m[39m
2026-10-10T01:54:04.6424630Z        [33m[2m✓[22m[39m should sync folder permissions [33m 1119[2mms[22m[39m
2026-10-10T01:54:04.6485550Z        [33m[2m✓[22m[39m should handle nested folder operations [33m 998[2mms[22m[39m
2026-10-10T01:54:04.6588720Z        [33m[2m✓[22m[39m should send sync request to peers [33m 1144[2mms[22m[39m
2026-10-10T01:54:04.6690110Z        [33m[2m✓[22m[39m should receive sync request [33m 1067[2mms[22m[39m
2026-10-10T01:54:04.6801520Z        [33m[2m✓[22m[39m should send sync response with items [33m 2587[2mms[22m[39m
2026-10-10T01:54:04.6903440Z        [33m[2m✓[22m[39m should handle sync response [33m 1531[2mms[22m[39m
2026-10-10T01:54:04.7005220Z        [33m[2m✓[22m[39m should broadcast Yjs updates [33m 1311[2mms[22m[39m
2026-10-10T01:54:04.7007570Z        [33m[2m✓[22m[39m should receive Yjs updates [33m 920[2mms[22m[39m
2026-10-10T01:54:04.7109030Z        [33m[2m✓[22m[39m should merge CRDT states [33m 1111[2mms[22m[39m
2026-10-10T01:54:04.7210810Z        [33m[2m✓[22m[39m should handle Yjs awareness updates [33m 1022[2mms[22m[39m
2026-10-10T01:54:04.7313320Z        [33m[2m✓[22m[39m should queue operations when offline [33m 1051[2mms[22m[39m
2026-10-10T01:54:04.7416470Z        [33m[2m✓[22m[39m should process queue when back online [33m 924[2mms[22m[39m
2026-10-10T01:54:04.7518340Z        [33m[2m✓[22m[39m should handle queue conflicts [33m 1164[2mms[22m[39m
2026-10-10T01:54:04.7619950Z        [33m[2m✓[22m[39m should clear old queue items [33m 1190[2mms[22m[39m
2026-10-10T01:54:04.7737710Z        [33m[2m✓[22m[39m should track knowledge sync activities [33m 1270[2mms[22m[39m
2026-10-10T01:54:04.7851000Z        [33m[2m✓[22m[39m should get sync statistics [33m 1165[2mms[22m[39m
2026-10-10T01:54:04.7972730Z        [33m[2m✓[22m[39m should get sync history for knowledge item [33m 1491[2mms[22m[39m
2026-10-10T01:54:04.8112320Z        [33m[2m✓[22m[39m should handle P2P network errors [33m 1067[2mms[22m[39m
2026-10-10T01:54:04.8218960Z        [33m[2m✓[22m[39m should handle database errors [33m 1189[2mms[22m[39m
2026-10-10T01:54:04.8362300Z        [33m[2m✓[22m[39m should handle malformed messages [33m 1324[2mms[22m[39m
2026-10-10T01:54:04.8479000Z        [33m[2m✓[22m[39m should handle permission denied errors [33m 1189[2mms[22m[39m
2026-10-10T01:54:04.8603820Z        [33m[2m✓[22m[39m should get organization knowledge with filters [33m 1442[2mms[22m[39m
2026-10-10T01:54:04.8748960Z        [33m[2m✓[22m[39m should get organization folders hierarchically [33m 1894[2mms[22m[39m
2026-10-10T01:54:04.8942710Z        [33m[2m✓[22m[39m should destroy and cleanup resources [33m 1833[2mms[22m[39m
2026-10-10T01:54:06.2656890Z  [32m✓[39m tests/unit/pages/OrganizationKnowledgePage.test.js [2m([22m[2m34 tests[22m[2m)[22m[33m 745[2mms[22m[39m
2026-10-10T01:54:06.8591450Z  [32m✓[39m tests/unit/pages/AIChatPage.test.js [2m([22m[2m65 tests[22m[2m)[22m[33m 1798[2mms[22m[39m
2026-10-10T01:54:07.0140560Z  [32m✓[39m src/main/ai-engine/dual-model/__tests__/dual-model-manager.test.js [2m([22m[2m71 tests[22m[2m)[22m[32m 136[2mms[22m[39m
2026-10-10T01:54:07.7478110Z  [32m✓[39m tests/unit/did/did-ipc.test.js [2m([22m[2m92 tests[22m[2m)[22m[33m 412[2mms[22m[39m
2026-10-10T01:54:08.2482020Z  [2m[90m↓[39m[22m tests/unit/pages/WorkflowMonitorPage.test.js [2m([22m[2m60 tests[22m[2m | [22m[33m60 skipped[39m[2m)[22m
2026-10-10T01:54:11.2569670Z  [32m✓[39m tests/unit/blockchain/wallet-manager.test.js [2m([22m[2m82 tests[22m[2m)[22m[33m 2483[2mms[22m[39m
2026-10-10T01:54:13.0483430Z  [32m✓[39m tests/unit/llm/secure-config-storage.test.js [2m([22m[2m109 tests[22m[2m)[22m[33m 1309[2mms[22m[39m
2026-10-10T01:54:13.7550240Z  [32m✓[39m src/main/ai-engine/cowork/skills/__tests__/v1.2.0-skill-creator.test.js [2m([22m[2m62 tests[22m[2m)[22m[32m 156[2mms[22m[39m
2026-10-10T01:54:14.5147770Z  [32m✓[39m src/main/browser/__tests__/browser-ipc-computer-use.test.js [2m([22m[2m24 tests[22m[2m)[22m[32m 271[2mms[22m[39m
2026-10-10T01:54:14.9272630Z  [32m✓[39m src/main/hooks/__tests__/git-hook-runner.test.js [2m([22m[2m82 tests[22m[2m)[22m[32m 164[2mms[22m[39m
2026-10-10T01:54:15.6070390Z  [32m✓[39m src/main/ai-engine/cowork/skills/__tests__/skill-metrics-collector.test.js [2m([22m[2m82 tests[22m[2m)[22m[32m 161[2mms[22m[39m
2026-10-10T01:54:16.4734120Z  [32m✓[39m tests/unit/llm/session-manager.test.js [2m([22m[2m76 tests[22m[2m)[22m[33m 349[2mms[22m[39m
2026-10-10T01:54:17.4919070Z  [32m✓[39m tests/unit/planning/task-planner.test.js [2m([22m[2m95 tests[22m[2m | [22m[33m2 skipped[39m[2m)[22m[33m 391[2mms[22m[39m
2026-10-10T01:54:18.2862010Z  [32m✓[39m tests/unit/project/project-git-ipc.test.js [2m([22m[2m55 tests[22m[2m | [22m[33m9 skipped[39m[2m)[22m[32m 210[2mms[22m[39m
2026-10-10T01:54:18.8246530Z (node:34664) [MODULE_TYPELESS_PACKAGE_JSON] Warning: Module type of file:///Users/runner/work/chainlesschain/chainlesschain/desktop-app-vue/src/main/utils/logger.js is not specified and it doesn't parse as CommonJS.
2026-10-10T01:54:18.8247880Z Reparsing as ES module because module syntax was detected. This incurs a performance overhead.
2026-10-10T01:54:18.8249000Z To eliminate this warning, add "type": "module" to /Users/runner/work/chainlesschain/chainlesschain/desktop-app-vue/package.json.
2026-10-10T01:54:18.8250010Z (Use `node --trace-warnings ...` to show where the warning was created)
2026-10-10T01:54:19.2207220Z  [32m✓[39m tests/unit/core/function-caller.test.js [2m([22m[2m120 tests[22m[2m)[22m[33m 11042[2mms[22m[39m
2026-10-10T01:54:20.1230710Z  [32m✓[39m src/main/social/__tests__/community-manager.test.js [2m([22m[2m67 tests[22m[2m)[22m[32m 269[2mms[22m[39m
2026-10-10T01:54:21.0456100Z  [32m✓[39m src/main/ai-engine/cowork/__tests__/workflow-skills.test.js [2m([22m[2m57 tests[22m[2m)[22m[32m 264[2mms[22m[39m
2026-10-10T01:54:21.9179410Z  [32m✓[39m src/main/crypto/__tests__/advanced-crypto-manager.test.js [2m([22m[2m83 tests[22m[2m)[22m[32m 250[2mms[22m[39m
2026-10-10T01:54:22.7747300Z  [32m✓[39m src/renderer/stores/__tests__/coding-agent.test.ts [2m([22m[2m32 tests[22m[2m)[22m[32m 200[2mms[22m[39m
2026-10-10T01:54:23.7638310Z  [32m✓[39m src/renderer/stores/__tests__/communityQuick.test.ts [2m([22m[2m62 tests[22m[2m)[22m[32m 194[2mms[22m[39m
2026-10-10T01:54:25.2923580Z  [32m✓[39m tests/unit/ukey/pkcs11-driver.test.js [2m([22m[2m91 tests[22m[2m)[22m[33m 539[2mms[22m[39m
2026-10-10T01:54:26.3551200Z  [32m✓[39m src/main/social/__tests__/social-token.test.js [2m([22m[2m73 tests[22m[2m)[22m[32m 285[2mms[22m[39m
2026-10-10T01:54:27.1604630Z (node:34708) [MODULE_TYPELESS_PACKAGE_JSON] Warning: Module type of file:///Users/runner/work/chainlesschain/chainlesschain/desktop-app-vue/src/main/utils/logger.js is not specified and it doesn't parse as CommonJS.
2026-10-10T01:54:27.1606410Z Reparsing as ES module because module syntax was detected. This incurs a performance overhead.
2026-10-10T01:54:27.1609420Z To eliminate this warning, add "type": "module" to /Users/runner/work/chainlesschain/chainlesschain/desktop-app-vue/package.json.
2026-10-10T01:54:27.1639690Z (Use `node --trace-warnings ...` to show where the warning was created)
2026-10-10T01:55:19.5994630Z  [32m✓[39m tests/unit/enterprise/did-invitation-manager.test.js [2m([22m[2m45 tests[22m[2m)[22m[33m 60828[2mms[22m[39m
2026-10-10T01:55:19.6099890Z        [33m[2m✓[22m[39m should send direct DID invitation [33m 1434[2mms[22m[39m
2026-10-10T01:55:19.6200950Z        [33m[2m✓[22m[39m should send invitation with custom message [33m 1221[2mms[22m[39m
2026-10-10T01:55:19.6203240Z        [33m[2m✓[22m[39m should send invitation with specific role (admin) [33m 1225[2mms[22m[39m
2026-10-10T01:55:19.6204260Z        [33m[2m✓[22m[39m should send invitation with specific role (viewer) [33m 1689[2mms[22m[39m
2026-10-10T01:55:19.6205080Z        [33m[2m✓[22m[39m should send invitation with expiration time [33m 1485[2mms[22m[39m
2026-10-10T01:55:19.6205910Z        [33m[2m✓[22m[39m should get invitation by ID [33m 1400[2mms[22m[39m
2026-10-10T01:55:19.6206800Z        [33m[2m✓[22m[39m should list pending invitations for user [33m 1533[2mms[22m[39m
2026-10-10T01:55:19.6207820Z        [33m[2m✓[22m[39m should handle P2P delivery of invitation [33m 1360[2mms[22m[39m
2026-10-10T01:55:19.6208840Z        [33m[2m✓[22m[39m should accept valid invitation [33m 1245[2mms[22m[39m
2026-10-10T01:55:19.6209710Z        [33m[2m✓[22m[39m should accept invitation and join organization [33m 1327[2mms[22m[39m
2026-10-10T01:55:19.6212200Z        [33m[2m✓[22m[39m should reject invitation [33m 1119[2mms[22m[39m
2026-10-10T01:55:19.6213210Z        [33m[2m✓[22m[39m should accept invitation updates member role [33m 1434[2mms[22m[39m
2026-10-10T01:55:19.6214000Z        [33m[2m✓[22m[39m should not accept expired invitation [33m 1410[2mms[22m[39m
2026-10-10T01:55:19.6214810Z        [33m[2m✓[22m[39m should not accept cancelled invitation [33m 1936[2mms[22m[39m
2026-10-10T01:55:19.6215720Z        [33m[2m✓[22m[39m should get invitation status (pending/accepted/rejected/expired/cancelled) [33m 1111[2mms[22m[39m
2026-10-10T01:55:19.6216740Z        [33m[2m✓[22m[39m should cancel pending invitation (inviter only) [33m 1262[2mms[22m[39m
2026-10-10T01:55:19.6217570Z        [33m[2m✓[22m[39m should mark invitation as expired [33m 1583[2mms[22m[39m
2026-10-10T01:55:19.6218430Z        [33m[2m✓[22m[39m should not cancel already accepted invitation [33m 1428[2mms[22m[39m
2026-10-10T01:55:19.6223240Z        [33m[2m✓[22m[39m should get invitation history for organization [33m 1255[2mms[22m[39m
2026-10-10T01:55:19.6224440Z        [33m[2m✓[22m[39m should generate invitation link [33m 1382[2mms[22m[39m
2026-10-10T01:55:19.6225480Z        [33m[2m✓[22m[39m should generate invitation code [33m 1048[2mms[22m[39m
2026-10-10T01:55:19.6227520Z        [33m[2m✓[22m[39m should generate QR code for invitation [33m 1736[2mms[22m[39m
2026-10-10T01:55:19.6229330Z        [33m[2m✓[22m[39m should accept invitation via link token [33m 1238[2mms[22m[39m
2026-10-10T01:55:19.6230310Z        [33m[2m✓[22m[39m should accept invitation via code [33m 1144[2mms[22m[39m
2026-10-10T01:55:19.6231310Z        [33m[2m✓[22m[39m should track link usage count [33m 1515[2mms[22m[39m
2026-10-10T01:55:19.6232320Z        [33m[2m✓[22m[39m should expire link after max uses [33m 1197[2mms[22m[39m
2026-10-10T01:55:19.6233380Z        [33m[2m✓[22m[39m should register P2P message handlers [33m 1190[2mms[22m[39m
2026-10-10T01:55:19.6234700Z        [33m[2m✓[22m[39m should send invitation via P2P network [33m 1156[2mms[22m[39m
2026-10-10T01:55:19.6236270Z        [33m[2m✓[22m[39m should receive invitation notification [33m 1365[2mms[22m[39m
2026-10-10T01:55:19.6237760Z        [33m[2m✓[22m[39m should handle offline recipient (queue message) [33m 1236[2mms[22m[39m
2026-10-10T01:55:19.6238960Z        [33m[2m✓[22m[39m should retry failed invitation delivery [33m 1031[2mms[22m[39m
2026-10-10T01:55:19.6240140Z        [33m[2m✓[22m[39m should allow admin to invite [33m 1857[2mms[22m[39m
2026-10-10T01:55:19.6241580Z        [33m[2m✓[22m[39m should prevent member from sending invitations [33m 1101[2mms[22m[39m
2026-10-10T01:55:19.6242790Z        [33m[2m✓[22m[39m should prevent viewer from sending invitations [33m 1314[2mms[22m[39m
2026-10-10T01:55:19.6244000Z        [33m[2m✓[22m[39m should verify inviter has permission before sending [33m 1263[2mms[22m[39m
2026-10-10T01:55:19.6245150Z        [33m[2m✓[22m[39m should handle database errors [33m 936[2mms[22m[39m
2026-10-10T01:55:19.6245950Z        [33m[2m✓[22m[39m should handle DID resolution failures [33m 984[2mms[22m[39m
2026-10-10T01:55:19.6247190Z        [33m[2m✓[22m[39m should handle P2P network errors [33m 1163[2mms[22m[39m
2026-10-10T01:55:19.6248400Z        [33m[2m✓[22m[39m should handle invalid invitation data [33m 900[2mms[22m[39m
2026-10-10T01:55:19.6249940Z        [33m[2m✓[22m[39m should handle duplicate invitation prevention [33m 1031[2mms[22m[39m
2026-10-10T01:55:19.6251370Z        [33m[2m✓[22m[39m should get invitation statistics [33m 1762[2mms[22m[39m
2026-10-10T01:55:19.6253710Z        [33m[2m✓[22m[39m should get invitation link statistics [33m 1765[2mms[22m[39m
2026-10-10T01:55:19.6255710Z        [33m[2m✓[22m[39m should generate QR code for invitation link [33m 1793[2mms[22m[39m
2026-10-10T01:55:19.6258750Z        [33m[2m✓[22m[39m should generate QR code in different formats [33m 1990[2mms[22m[39m
2026-10-10T01:55:19.6261560Z        [33m[2m✓[22m[39m should parse invitation QR code [33m 1267[2mms[22m[39m
2026-10-10T01:55:20.4606710Z  [32m✓[39m src/main/social/__tests__/shared-album-manager.test.js [2m([22m[2m67 tests[22m[2m)[22m[32m 166[2mms[22m[39m
2026-10-10T01:55:21.2016830Z  [32m✓[39m src/main/social/__tests__/governance-engine.test.js [2m([22m[2m58 tests[22m[2m)[22m[32m 145[2mms[22m[39m
2026-10-10T01:55:21.9875430Z  [32m✓[39m tests/unit/did/did-manager.test.js [2m([22m[2m61 tests[22m[2m)[22m[32m 239[2mms[22m[39m
2026-10-10T01:55:22.7245730Z  [32m✓[39m src/main/social/__tests__/channel-manager.test.js [2m([22m[2m59 tests[22m[2m)[22m[32m 168[2mms[22m[39m
2026-10-10T01:55:23.2837650Z  [32m✓[39m src/main/ai-engine/code-agent/__tests__/coding-agent-bridge.test.js [2m([22m[2m35 tests[22m[2m)[22m[32m 50[2mms[22m[39m
2026-10-10T01:55:24.1277990Z  [32m✓[39m src/main/ai-engine/autonomous/__tests__/autonomous-agent-runner.test.js [2m([22m[2m78 tests[22m[2m)[22m[33m 363[2mms[22m[39m
2026-10-10T01:55:26.1033660Z  [32m✓[39m tests/unit/enterprise/org-p2p-network.test.js [2m([22m[2m56 tests[22m[2m)[22m[33m 59025[2mms[22m[39m
2026-10-10T01:55:26.1034830Z        [33m[2m✓[22m[39m should initialize organization P2P network [33m 1379[2mms[22m[39m
2026-10-10T01:55:26.1035680Z        [33m[2m✓[22m[39m should subscribe to organization topic [33m 1238[2mms[22m[39m
2026-10-10T01:55:26.1036290Z        [33m[2m✓[22m[39m should register message handlers [33m 957[2mms[22m[39m
2026-10-10T01:55:26.1036990Z        [33m[2m✓[22m[39m should start heartbeat [33m 1083[2mms[22m[39m
2026-10-10T01:55:26.1037790Z        [33m[2m✓[22m[39m should start member discovery [33m 1004[2mms[22m[39m
2026-10-10T01:55:26.1038520Z        [33m[2m✓[22m[39m should generate organization topic name [33m 877[2mms[22m[39m
2026-10-10T01:55:26.1039500Z        [33m[2m✓[22m[39m should subscribe to topic [33m 1098[2mms[22m[39m
2026-10-10T01:55:26.1040340Z        [33m[2m✓[22m[39m should unsubscribe from topic [33m 1090[2mms[22m[39m
2026-10-10T01:55:26.1041140Z        [33m[2m✓[22m[39m should handle subscription errors [33m 1113[2mms[22m[39m
2026-10-10T01:55:26.1041910Z        [33m[2m✓[22m[39m should send discovery request [33m 1669[2mms[22m[39m
2026-10-10T01:55:26.1042670Z        [33m[2m✓[22m[39m should receive discovery response [33m 969[2mms[22m[39m
2026-10-10T01:55:26.1043370Z        [33m[2m✓[22m[39m should discover new members [33m 1019[2mms[22m[39m
2026-10-10T01:55:26.1044090Z        [33m[2m✓[22m[39m should update member list [33m 1262[2mms[22m[39m
2026-10-10T01:55:26.1044820Z        [33m[2m✓[22m[39m should handle offline members [33m 1141[2mms[22m[39m
2026-10-10T01:55:26.1045460Z        [33m[2m✓[22m[39m should handle discovery timeout [33m 1126[2mms[22m[39m
2026-10-10T01:55:26.1046170Z        [33m[2m✓[22m[39m should send heartbeat messages [33m 986[2mms[22m[39m
2026-10-10T01:55:26.1046790Z        [33m[2m✓[22m[39m should receive heartbeat from member [33m 1034[2mms[22m[39m
2026-10-10T01:55:26.1047380Z        [33m[2m✓[22m[39m should mark member as online [33m 1027[2mms[22m[39m
2026-10-10T01:55:26.1048440Z        [33m[2m✓[22m[39m should mark member as offline after timeout [33m 1375[2mms[22m[39m
2026-10-10T01:55:26.1049250Z        [33m[2m✓[22m[39m should use heartbeat interval configuration [33m 1033[2mms[22m[39m
2026-10-10T01:55:26.1049970Z        [33m[2m✓[22m[39m should stop heartbeat on cleanup [33m 904[2mms[22m[39m
2026-10-10T01:55:26.1050760Z        [33m[2m✓[22m[39m should broadcast message to all members [33m 943[2mms[22m[39m
2026-10-10T01:55:26.1051480Z        [33m[2m✓[22m[39m should broadcast to specific members [33m 1013[2mms[22m[39m
2026-10-10T01:55:26.1053030Z        [33m[2m✓[22m[39m should broadcast with delivery confirmation [33m 1204[2mms[22m[39m
2026-10-10T01:55:26.1053870Z        [33m[2m✓[22m[39m should handle broadcast failures [33m 823[2mms[22m[39m
2026-10-10T01:55:26.1054560Z        [33m[2m✓[22m[39m should handle broadcast timeout [33m 961[2mms[22m[39m
2026-10-10T01:55:26.1055350Z        [33m[2m✓[22m[39m should emit member:online event [33m 956[2mms[22m[39m
2026-10-10T01:55:26.1055920Z        [33m[2m✓[22m[39m should emit member:offline event [33m 1159[2mms[22m[39m
2026-10-10T01:55:26.1056610Z        [33m[2m✓[22m[39m should emit member:joined event [33m 1188[2mms[22m[39m
2026-10-10T01:55:26.1057310Z        [33m[2m✓[22m[39m should emit member:left event [33m 1033[2mms[22m[39m
2026-10-10T01:55:26.1057880Z        [33m[2m✓[22m[39m should emit member:discovered event [33m 858[2mms[22m[39m
2026-10-10T01:55:26.1058490Z        [33m[2m✓[22m[39m should handle concurrent status changes [33m 1648[2mms[22m[39m
2026-10-10T01:55:26.1059650Z        [33m[2m✓[22m[39m should send knowledge created message [33m 931[2mms[22m[39m
2026-10-10T01:55:26.1060310Z        [33m[2m✓[22m[39m should send knowledge updated message [33m 928[2mms[22m[39m
2026-10-10T01:55:26.1061000Z        [33m[2m✓[22m[39m should send knowledge deleted message [33m 1067[2mms[22m[39m
2026-10-10T01:55:26.1061700Z        [33m[2m✓[22m[39m should receive knowledge sync messages [33m 897[2mms[22m[39m
2026-10-10T01:55:26.1062380Z        [33m[2m✓[22m[39m should handle knowledge sync conflicts [33m 829[2mms[22m[39m
2026-10-10T01:55:26.1063090Z        [33m[2m✓[22m[39m should register message handler for type [33m 758[2mms[22m[39m
2026-10-10T01:55:26.1063740Z        [33m[2m✓[22m[39m should handle incoming messages [33m 1094[2mms[22m[39m
2026-10-10T01:55:26.1064420Z        [33m[2m✓[22m[39m should route messages by type [33m 903[2mms[22m[39m
2026-10-10T01:55:26.1065170Z        [33m[2m✓[22m[39m should handle invalid message type [33m 752[2mms[22m[39m
2026-10-10T01:55:26.1065800Z        [33m[2m✓[22m[39m should validate message format [33m 979[2mms[22m[39m
2026-10-10T01:55:26.1066560Z        [33m[2m✓[22m[39m should stop organization network [33m 1428[2mms[22m[39m
2026-10-10T01:55:26.1067210Z        [33m[2m✓[22m[39m should cleanup subscriptions [33m 1399[2mms[22m[39m
2026-10-10T01:55:26.1067900Z        [33m[2m✓[22m[39m should clear heartbeat timers [33m 1329[2mms[22m[39m
2026-10-10T01:55:26.1068540Z        [33m[2m✓[22m[39m should handle P2P connection errors [33m 1380[2mms[22m[39m
2026-10-10T01:55:26.1069130Z        [33m[2m✓[22m[39m should handle topic subscription errors [33m 1852[2mms[22m[39m
2026-10-10T01:55:26.1070090Z        [33m[2m✓[22m[39m should handle message delivery failures [33m 1019[2mms[22m[39m
2026-10-10T01:55:26.1070810Z        [33m[2m✓[22m[39m should handle database errors [33m 861[2mms[22m[39m
2026-10-10T01:55:26.1071370Z        [33m[2m✓[22m[39m should handle malformed messages [33m 891[2mms[22m[39m
2026-10-10T01:55:26.1072020Z        [33m[2m✓[22m[39m should get network statistics [33m 862[2mms[22m[39m
2026-10-10T01:55:26.1072570Z        [33m[2m✓[22m[39m should get online members list [33m 795[2mms[22m[39m
2026-10-10T01:55:26.1073090Z        [33m[2m✓[22m[39m should get online member count [33m 792[2mms[22m[39m
2026-10-10T01:55:26.1073650Z        [33m[2m✓[22m[39m should check if member is online [33m 836[2mms[22m[39m
2026-10-10T01:55:26.1074420Z        [33m[2m✓[22m[39m should fallback to direct message mode when PubSub unavailable [33m 647[2mms[22m[39m
2026-10-10T01:55:26.1075150Z        [33m[2m✓[22m[39m should broadcast via direct messages when in direct mode [33m 622[2mms[22m[39m
2026-10-10T01:55:26.7869950Z  [32m✓[39m tests/unit/ai-engine/unified-tool-registry.test.js [2m([22m[2m37 tests[22m[2m)[22m[32m 164[2mms[22m[39m
2026-10-10T01:55:27.3363070Z (node:36910) [MODULE_TYPELESS_PACKAGE_JSON] Warning: Module type of file:///Users/runner/work/chainlesschain/chainlesschain/desktop-app-vue/src/main/utils/logger.js is not specified and it doesn't parse as CommonJS.
2026-10-10T01:55:27.3374210Z Reparsing as ES module because module syntax was detected. This incurs a performance overhead.
2026-10-10T01:55:27.3375830Z To eliminate this warning, add "type": "module" to /Users/runner/work/chainlesschain/chainlesschain/desktop-app-vue/package.json.
2026-10-10T01:55:27.3376690Z (Use `node --trace-warnings ...` to show where the warning was created)
2026-10-10T01:56:13.5276410Z  [32m✓[39m tests/unit/enterprise/organization-manager.test.js [2m([22m[2m47 tests[22m[2m)[22m[33m 46258[2mms[22m[39m
2026-10-10T01:56:13.5355300Z        [33m[2m✓[22m[39m should create organization with valid data [33m 1963[2mms[22m[39m
2026-10-10T01:56:13.5356400Z        [33m[2m✓[22m[39m should create organization and verify DID generation [33m 867[2mms[22m[39m
2026-10-10T01:56:13.5358740Z        [33m[2m✓[22m[39m should create organization and assign owner as admin [33m 1113[2mms[22m[39m
2026-10-10T01:56:13.5359750Z        [33m[2m✓[22m[39m should create organization with all optional fields [33m 926[2mms[22m[39m
2026-10-10T01:56:13.5360690Z        [33m[2m✓[22m[39m should reject organization creation without current identity [33m 1559[2mms[22m[39m
2026-10-10T01:56:13.5361570Z        [33m[2m✓[22m[39m should reject organization creation with invalid type [33m 797[2mms[22m[39m
2026-10-10T01:56:13.5362580Z        [33m[2m✓[22m[39m should soft delete organization [33m 1094[2mms[22m[39m
2026-10-10T01:56:13.5363380Z        [33m[2m✓[22m[39m should prevent non-owner from deleting organization [33m 941[2mms[22m[39m
2026-10-10T01:56:13.5364080Z        [33m[2m✓[22m[39m should add member to organization [33m 988[2mms[22m[39m
2026-10-10T01:56:13.5364920Z        [33m[2m✓[22m[39m should add member with specific role (admin) [33m 946[2mms[22m[39m
2026-10-10T01:56:13.5365690Z        [33m[2m✓[22m[39m should add member with specific role (viewer) [33m 959[2mms[22m[39m
2026-10-10T01:56:13.5366440Z        [33m[2m✓[22m[39m should remove member from organization [33m 973[2mms[22m[39m
2026-10-10T01:56:13.5367130Z        [33m[2m✓[22m[39m should prevent removing organization owner [33m 864[2mms[22m[39m
2026-10-10T01:56:13.5367830Z        [33m[2m✓[22m[39m should update member role [33m 1033[2mms[22m[39m
2026-10-10T01:56:13.5368650Z        [33m[2m✓[22m[39m should get all members of organization [33m 825[2mms[22m[39m
2026-10-10T01:56:13.5369390Z        [33m[2m✓[22m[39m should get member count [33m 935[2mms[22m[39m
2026-10-10T01:56:13.5370160Z        [33m[2m✓[22m[39m should check if user is member [33m 765[2mms[22m[39m
2026-10-10T01:56:13.5370900Z        [33m[2m✓[22m[39m should list organizations for user [33m 1052[2mms[22m[39m
2026-10-10T01:56:13.5371740Z        [33m[2m✓[22m[39m should get organization by ID [33m 894[2mms[22m[39m
2026-10-10T01:56:13.5372430Z        [33m[2m✓[22m[39m should get organization by DID [33m 1708[2mms[22m[39m
2026-10-10T01:56:13.5373230Z        [33m[2m✓[22m[39m should return null for non-existent organization [33m 858[2mms[22m[39m
2026-10-10T01:56:13.5374090Z        [33m[2m✓[22m[39m should list user organizations [33m 1038[2mms[22m[39m
2026-10-10T01:56:13.5374870Z        [33m[2m✓[22m[39m should get organization with member count [33m 955[2mms[22m[39m
2026-10-10T01:56:13.5396390Z        [33m[2m✓[22m[39m should search organizations by name [33m 933[2mms[22m[39m
2026-10-10T01:56:13.5404490Z        [33m[2m✓[22m[39m should initialize P2P network for organization [33m 796[2mms[22m[39m
2026-10-10T01:56:13.5405370Z        [33m[2m✓[22m[39m should handle member online event [33m 813[2mms[22m[39m
2026-10-10T01:56:13.5405990Z        [33m[2m✓[22m[39m should handle member offline event [33m 699[2mms[22m[39m
2026-10-10T01:56:13.5407830Z        [33m[2m✓[22m[39m should handle member discovered event [33m 765[2mms[22m[39m
2026-10-10T01:56:13.5408500Z        [33m[2m✓[22m[39m should broadcast message to organization [33m 1260[2mms[22m[39m
2026-10-10T01:56:13.5409220Z        [33m[2m✓[22m[39m should handle knowledge shared event [33m 811[2mms[22m[39m
2026-10-10T01:56:13.5409860Z        [33m[2m✓[22m[39m should handle knowledge updated event [33m 864[2mms[22m[39m
2026-10-10T01:56:13.5410500Z        [33m[2m✓[22m[39m should handle knowledge deleted event [33m 789[2mms[22m[39m
2026-10-10T01:56:13.5411150Z        [33m[2m✓[22m[39m should handle knowledge permission changed event [33m 902[2mms[22m[39m
2026-10-10T01:56:13.5411770Z        [33m[2m✓[22m[39m should allow owner to manage organization [33m 1022[2mms[22m[39m
2026-10-10T01:56:13.5412410Z        [33m[2m✓[22m[39m should allow admin to invite members [33m 933[2mms[22m[39m
2026-10-10T01:56:13.5413350Z        [33m[2m✓[22m[39m should prevent member from removing other members [33m 868[2mms[22m[39m
2026-10-10T01:56:13.5414040Z        [33m[2m✓[22m[39m should prevent viewer from deleting organization [33m 944[2mms[22m[39m
2026-10-10T01:56:13.5414760Z        [33m[2m✓[22m[39m fail-closes (no crash) when a role's permissions JSON is corrupt [33m 1016[2mms[22m[39m
2026-10-10T01:56:13.5415740Z        [33m[2m✓[22m[39m should verify admin-only operations [33m 858[2mms[22m[39m
2026-10-10T01:56:13.5416500Z        [33m[2m✓[22m[39m should handle database errors gracefully [33m 829[2mms[22m[39m
2026-10-10T01:56:13.5417100Z        [33m[2m✓[22m[39m should handle DID generation failures [33m 1431[2mms[22m[39m
2026-10-10T01:56:13.5417700Z        [33m[2m✓[22m[39m should handle P2P network errors [33m 995[2mms[22m[39m
2026-10-10T01:56:13.5418450Z        [33m[2m✓[22m[39m should handle concurrent modification conflicts [33m 980[2mms[22m[39m
2026-10-10T01:56:13.5419170Z        [33m[2m✓[22m[39m should generate invite code on organization creation [33m 827[2mms[22m[39m
2026-10-10T01:56:13.5419840Z        [33m[2m✓[22m[39m should create custom invitation [33m 751[2mms[22m[39m
2026-10-10T01:56:13.5420440Z        [33m[2m✓[22m[39m should get all roles [33m 1354[2mms[22m[39m
2026-10-10T01:56:13.5420990Z        [33m[2m✓[22m[39m should get all available permissions [33m 763[2mms[22m[39m
2026-10-10T01:56:14.1644180Z  [32m✓[39m tests/unit/ukey/ukey-manager.test.js [2m([22m[2m84 tests[22m[2m)[22m[32m 99[2mms[22m[39m
2026-10-10T01:56:14.9844030Z  [32m✓[39m tests/unit/pages/PluginMarketplace.test.js [2m([22m[2m45 tests[22m[2m)[22m[33m 317[2mms[22m[39m
2026-10-10T01:56:17.6586330Z  [32m✓[39m tests/unit/ai-engine/function-caller.test.js [2m([22m[2m62 tests[22m[2m)[22m[33m 1923[2mms[22m[39m
2026-10-10T01:56:18.3154690Z  [32m✓[39m src/main/ai-engine/__tests__/tool-masking.test.js [2m([22m[2m83 tests[22m[2m)[22m[32m 96[2mms[22m[39m
2026-10-10T01:56:18.8576440Z  [32m✓[39m tests/unit/config/unified-config-manager.test.js [2m([22m[2m65 tests[22m[2m)[22m[32m 111[2mms[22m[39m
2026-10-10T01:56:19.4395750Z  [32m✓[39m tests/unit/blockchain/contract-ipc.test.js [2m([22m[2m79 tests[22m[2m)[22m[32m 144[2mms[22m[39m
2026-10-10T01:56:20.0151090Z  [32m✓[39m tests/unit/database/sqlcipher-wrapper.test.js [2m([22m[2m87 tests[22m[2m)[22m[32m 166[2mms[22m[39m
2026-10-10T01:56:20.5810620Z  [32m✓[39m tests/unit/ai-engine/self-correction-loop.test.js [2m([22m[2m75 tests[22m[2m)[22m[32m 163[2mms[22m[39m
2026-10-10T01:56:21.5192540Z  [32m✓[39m tests/unit/pages/OrganizationRolesPage.test.js [2m([22m[2m38 tests[22m[2m)[22m[33m 504[2mms[22m[39m
2026-10-10T01:56:22.0605990Z  [32m✓[39m src/main/collaboration/__tests__/realtime-collab-manager.test.js [2m([22m[2m61 tests[22m[2m)[22m[32m 100[2mms[22m[39m
2026-10-10T01:56:22.8495580Z  [32m✓[39m tests/unit/ai-engine/data-collector.test.js [2m([22m[2m81 tests[22m[2m)[22m[33m 378[2mms[22m[39m
2026-10-10T01:56:23.6952820Z  [32m✓[39m tests/unit/ai-engine/checkpoint-validator.test.js [2m([22m[2m84 tests[22m[2m)[22m[32m 258[2mms[22m[39m
2026-10-10T01:56:24.4463900Z  [32m✓[39m src/main/ipfs/__tests__/ipfs-manager.test.js [2m([22m[2m52 tests[22m[2m)[22m[32m 213[2mms[22m[39m
2026-10-10T01:56:25.0237310Z  [32m✓[39m src/main/crypto/__tests__/zero-knowledge-manager.test.js [2m([22m[2m71 tests[22m[2m)[22m[32m 115[2mms[22m[39m
2026-10-10T01:56:28.3931820Z  [32m✓[39m tests/unit/pages/MarketPage.test.js [2m([22m[2m66 tests[22m[2m)[22m[33m 1457[2mms[22m[39m
2026-10-10T01:56:29.0062600Z  [32m✓[39m src/main/ai-engine/cowork/skills/__tests__/skill-lazy-load.test.js [2m([22m[2m48 tests[22m[2m)[22m[32m 82[2mms[22m[39m
2026-10-10T01:56:29.5318660Z  [32m✓[39m src/renderer/stores/__tests__/didManagement.test.ts [2m([22m[2m51 tests[22m[2m)[22m[32m 58[2mms[22m[39m
2026-10-10T01:56:30.1743490Z  [32m✓[39m tests/unit/pages/DatabasePerformancePage.test.js [2m([22m[2m56 tests[22m[2m)[22m[32m 184[2mms[22m[39m
2026-10-10T01:56:30.8370100Z  [32m✓[39m tests/unit/pages/FeedList.test.js [2m([22m[2m50 tests[22m[2m)[22m[32m 147[2mms[22m[39m
2026-10-10T01:56:31.4274500Z  [32m✓[39m tests/unit/ai-engine/user-profile-manager.test.js [2m([22m[2m78 tests[22m[2m)[22m[32m 122[2mms[22m[39m
2026-10-10T01:56:32.5150180Z  [32m✓[39m tests/unit/pages/EmailReader.test.js [2m([22m[2m56 tests[22m[2m | [22m[33m3 skipped[39m[2m)[22m[33m 366[2mms[22m[39m
2026-10-10T01:56:33.0216010Z  [32m✓[39m src/main/crypto/__tests__/post-quantum-manager.test.js [2m([22m[2m70 tests[22m[2m)[22m[32m 82[2mms[22m[39m
2026-10-10T01:56:33.5258390Z  [32m✓[39m tests/unit/tools/template-manager.test.js [2m([22m[2m45 tests[22m[2m)[22m[32m 87[2mms[22m[39m
2026-10-10T01:56:34.0094270Z  [32m✓[39m src/main/fine-tuning/__tests__/fine-tuning-manager.test.js [2m([22m[2m40 tests[22m[2m | [22m[33m3 skipped[39m[2m)[22m[32m 75[2mms[22m[39m
2026-10-10T01:56:34.5739810Z  [32m✓[39m tests/unit/import/import-ipc.test.js [2m([22m[2m42 tests[22m[2m)[22m[32m 159[2mms[22m[39m
2026-10-10T01:56:36.8236630Z  [32m✓[39m tests/unit/pages/PermissionManagementPage.test.js [2m([22m[2m54 tests[22m[2m)[22m[33m 631[2mms[22m[39m
2026-10-10T01:56:37.4262490Z  [32m✓[39m src/main/p2p/__tests__/call-manager.test.js [2m([22m[2m55 tests[22m[2m)[22m[32m 82[2mms[22m[39m
2026-10-10T01:56:38.0925110Z  [32m✓[39m src/main/social/__tests__/post-manager.test.js [2m([22m[2m63 tests[22m[2m)[22m[32m 240[2mms[22m[39m
2026-10-10T01:56:38.5780350Z  [32m✓[39m tests/unit/database/database-migration.test.js [2m([22m[2m68 tests[22m[2m)[22m[32m 88[2mms[22m[39m
2026-10-10T01:56:39.0917700Z  [32m✓[39m tests/unit/database/sqlcipher-wrapper-extended.test.js [2m([22m[2m81 tests[22m[2m)[22m[32m 112[2mms[22m[39m
2026-10-10T01:56:39.7597970Z  [32m✓[39m tests/unit/document/ppt-engine.test.js [2m([22m[2m56 tests[22m[2m)[22m[32m 266[2mms[22m[39m
2026-10-10T01:56:40.2905780Z  [32m✓[39m tests/unit/pages/ArticleReader.test.js [2m([22m[2m49 tests[22m[2m)[22m[32m 90[2mms[22m[39m
2026-10-10T01:56:40.6410920Z  [32m✓[39m tests/unit/media/image-engine.test.js [2m([22m[2m47 tests[22m[2m | [22m[33m38 skipped[39m[2m)[22m[32m 154[2mms[22m[39m
2026-10-10T01:56:41.1081230Z  [32m✓[39m src/main/ai-engine/cowork/__tests__/debate-review.test.js [2m([22m[2m42 tests[22m[2m)[22m[32m 52[2mms[22m[39m
2026-10-10T01:56:41.6301570Z  [32m✓[39m tests/unit/ai-engine/hybrid-recommender.test.js [2m([22m[2m60 tests[22m[2m)[22m[32m 129[2mms[22m[39m
2026-10-10T01:56:42.2485580Z  [32m✓[39m tests/unit/plugins/plugin-ipc-error-boundary.test.js [2m([22m[2m18 tests[22m[2m)[22m[32m 166[2mms[22m[39m
2026-10-10T01:56:43.6056320Z  [32m✓[39m tests/unit/pages/ArchivedPage.test.js [2m([22m[2m66 tests[22m[2m)[22m[33m 650[2mms[22m[39m
2026-10-10T01:56:44.1923920Z  [32m✓[39m tests/unit/knowledge-graph/graph-ipc.test.js [2m([22m[2m76 tests[22m[2m)[22m[32m 133[2mms[22m[39m
2026-10-10T01:56:44.7984030Z  [32m✓[39m tests/unit/ai-engine/ml-tool-matcher.test.js [2m([22m[2m73 tests[22m[2m)[22m[32m 145[2mms[22m[39m
2026-10-10T01:56:46.3522890Z  [32m✓[39m tests/unit/pages/ProjectManagementPage.test.js [2m([22m[2m54 tests[22m[2m)[22m[33m 836[2mms[22m[39m
2026-10-10T01:56:46.9394010Z  [32m✓[39m tests/unit/code-tools/code-ipc.test.js [2m([22m[2m43 tests[22m[2m)[22m[32m 90[2mms[22m[39m
2026-10-10T01:56:47.0770210Z  [32m✓[39m src/main/sign-bridge/__tests__/electron-web-sign-bridge.test.js [2m([22m[2m69 tests[22m[2m)[22m[33m 82443[2mms[22m[39m
2026-10-10T01:56:47.0777250Z      [33m[2m✓[22m[39m signedHeaders parses xhs.js JSON-stringified headers [33m 2506[2mms[22m[39m
2026-10-10T01:56:47.0878280Z      [33m[2m✓[22m[39m signedHeaders returns {} when xhs returns null (all candidates missed) [33m 2505[2mms[22m[39m
2026-10-10T01:56:47.0880900Z      [33m[2m✓[22m[39m signedHeaders returns {} when xhs returns non-object string (legacy build) [33m 2508[2mms[22m[39m
2026-10-10T01:56:47.0952590Z      [33m[2m✓[22m[39m signUrl appends _signature query param for bare-string JS result [33m 2510[2mms[22m[39m
2026-10-10T01:56:47.0953890Z      [33m[2m✓[22m[39m signUrl unpacks _signature field from object JS result [33m 2509[2mms[22m[39m
2026-10-10T01:56:47.0961490Z      [33m[2m✓[22m[39m signUrl falls back to raw string when JSON.parse fails [33m 2506[2mms[22m[39m
2026-10-10T01:56:47.0962320Z      [33m[2m✓[22m[39m signUrl returns null when JS returns null [33m 2511[2mms[22m[39m
2026-10-10T01:56:47.0963130Z      [33m[2m✓[22m[39m signUrl returns null for 'null' / 'undefined' / empty JS sentinel [33m 7520[2mms[22m[39m
2026-10-10T01:56:47.0964030Z      [33m[2m✓[22m[39m signUrl replaces existing _signature param (not append twice) [33m 2510[2mms[22m[39m
2026-10-10T01:56:47.0965210Z      [33m[2m✓[22m[39m signUrl ignores object without _signature field [33m 2509[2mms[22m[39m
2026-10-10T01:56:47.0966090Z      [33m[2m✓[22m[39m signUrl + warmUp + shutdown lifecycle (mocked electron) [33m 2507[2mms[22m[39m
2026-10-10T01:56:47.0967150Z      [33m[2m✓[22m[39m signUrl appends __NS_sig3 + caches kpf/kpn from object result [33m 3010[2mms[22m[39m
2026-10-10T01:56:47.0967920Z      [33m[2m✓[22m[39m signedHeaders returns {} when rawUrl doesn't match last signUrl [33m 3008[2mms[22m[39m
2026-10-10T01:56:47.0970600Z      [33m[2m✓[22m[39m signUrl recognizes alternate sig key aliases (NS_sig3, sig3) [33m 9019[2mms[22m[39m
2026-10-10T01:56:47.0971510Z      [33m[2m✓[22m[39m signUrl falls back to defaults when kpf/kpn missing in result [33m 3006[2mms[22m[39m
2026-10-10T01:56:47.0972430Z      [33m[2m✓[22m[39m signUrl treats bare-string result as sig value (no object) [33m 3008[2mms[22m[39m
2026-10-10T01:56:47.0973320Z      [33m[2m✓[22m[39m signUrl returns null + clears headers when JS returns null [33m 3006[2mms[22m[39m
2026-10-10T01:56:47.0974170Z      [33m[2m✓[22m[39m signUrl returns null on 'null' / 'undefined' / empty sentinel [33m 9014[2mms[22m[39m
2026-10-10T01:56:47.0974890Z      [33m[2m✓[22m[39m signUrl returns null when object lacks any sig key alias [33m 3007[2mms[22m[39m
2026-10-10T01:56:47.0975700Z      [33m[2m✓[22m[39m warmUp + signUrl + signedHeaders + shutdown lifecycle [33m 3010[2mms[22m[39m
2026-10-10T01:56:47.0976690Z      [33m[2m✓[22m[39m returns 4-candidate presence map when one function found [33m 2509[2mms[22m[39m
2026-10-10T01:56:47.0977540Z      [33m[2m✓[22m[39m anyPresent=false when all candidates absent (rotation) [33m 2508[2mms[22m[39m
2026-10-10T01:56:47.0979150Z      [33m[2m✓[22m[39m returns 3-candidate map [33m 2508[2mms[22m[39m
2026-10-10T01:56:47.0979820Z      [33m[2m✓[22m[39m returns 4-candidate map [33m 3007[2mms[22m[39m
2026-10-10T01:56:47.5507320Z  [32m✓[39m src/main/crypto/__tests__/homomorphic-manager.test.js [2m([22m[2m61 tests[22m[2m)[22m[32m 154[2mms[22m[39m
2026-10-10T01:56:48.0080360Z  [32m✓[39m tests/unit/database/database-ipc.test.js [2m([22m[2m75 tests[22m[2m)[22m[33m 453[2mms[22m[39m
2026-10-10T01:56:48.8403090Z (node:40120) MaxListenersExceededWarning: Possible EventEmitter memory leak detected. 51 llm:provider-changed listeners added to [LLMStateBus]. MaxListeners is 50. Use emitter.setMaxListeners() to increase limit
2026-10-10T01:56:48.8404340Z (Use `node --trace-warnings ...` to show where the warning was created)
2026-10-10T01:56:48.8405600Z (node:40120) MaxListenersExceededWarning: Possible EventEmitter memory leak detected. 51 llm:model-switched listeners added to [LLMStateBus]. MaxListeners is 50. Use emitter.setMaxListeners() to increase limit
2026-10-10T01:56:48.8408870Z (node:40120) MaxListenersExceededWarning: Possible EventEmitter memory leak detected. 51 llm:service-paused listeners added to [LLMStateBus]. MaxListeners is 50. Use emitter.setMaxListeners() to increase limit
2026-10-10T01:56:48.8498740Z (node:40120) MaxListenersExceededWarning: Possible EventEmitter memory leak detected. 51 llm:service-resumed listeners added to [LLMStateBus]. MaxListeners is 50. Use emitter.setMaxListeners() to increase limit
2026-10-10T01:56:48.8500180Z  [32m✓[39m tests/unit/ai-engine/multi-agent/agent-orchestrator.test.js [2m([22m[2m65 tests[22m[2m)[22m[33m 741[2mms[22m[39m
2026-10-10T01:56:49.2677550Z [1m[33m[@vue/compiler-sfc][0m[33m `defineExpose` is a compiler macro and no longer needs to be imported.[0m
2026-10-10T01:56:49.2778750Z 
2026-10-10T01:56:49.3094590Z  [2m[90m↓[39m[22m tests/unit/pages/SettingsPage.test.js [2m([22m[2m66 tests[22m[2m | [22m[33m66 skipped[39m[2m)[22m
2026-10-10T01:56:49.9753010Z  [32m✓[39m tests/unit/pages/OrganizationsPage.test.js [2m([22m[2m38 tests[22m[2m)[22m[32m 183[2mms[22m[39m
2026-10-10T01:56:50.2286730Z  [32m✓[39m tests/unit/pages/EmailComposer.test.js [2m([22m[2m54 tests[22m[2m)[22m[33m 590[2mms[22m[39m
2026-10-10T01:56:50.5342190Z  [32m✓[39m src/main/ai-engine/cowork/__tests__/code-knowledge-graph.test.js [2m([22m[2m45 tests[22m[2m)[22m[32m 59[2mms[22m[39m
2026-10-10T01:56:50.7964720Z  [32m✓[39m tests/unit/database/database-encryption-ipc.test.js [2m([22m[2m61 tests[22m[2m)[22m[32m 104[2mms[22m[39m
2026-10-10T01:56:51.4887750Z  [32m✓[39m src/main/crypto/__tests__/hsm-manager.test.js [2m([22m[2m53 tests[22m[2m)[22m[32m 251[2mms[22m[39m
2026-10-10T01:56:51.9515640Z  [32m✓[39m tests/unit/pages/CategoryManagePage.test.js [2m([22m[2m55 tests[22m[2m)[22m[33m 728[2mms[22m[39m
2026-10-10T01:56:52.0430190Z  [32m✓[39m src/main/social/__tests__/time-machine.test.js [2m([22m[2m55 tests[22m[2m)[22m[32m 76[2mms[22m[39m
2026-10-10T01:56:52.6081550Z  [32m✓[39m src/main/crypto/__tests__/mpc-manager.test.js [2m([22m[2m50 tests[22m[2m)[22m[32m 99[2mms[22m[39m
2026-10-10T01:56:52.6488880Z  [32m✓[39m src/main/analytics/__tests__/analytics-aggregator.test.js [2m([22m[2m65 tests[22m[2m)[22m[32m 254[2mms[22m[39m
2026-10-10T01:56:53.1736230Z  [32m✓[39m tests/unit/ai-engine/content-recommender.test.js [2m([22m[2m74 tests[22m[2m)[22m[32m 145[2mms[22m[39m
2026-10-10T01:56:53.1818780Z  [32m✓[39m tests/unit/ai-engine/dynamic-few-shot-learner.test.js [2m([22m[2m70 tests[22m[2m)[22m[32m 115[2mms[22m[39m
2026-10-10T01:56:53.7948550Z  [32m✓[39m tests/unit/ai-engine/feature-extractor.test.js [2m([22m[2m92 tests[22m[2m)[22m[32m 176[2mms[22m[39m
2026-10-10T01:56:53.8431170Z  [32m✓[39m tests/unit/llm/llm-manager.test.js [2m([22m[2m62 tests[22m[2m)[22m[32m 244[2mms[22m[39m
2026-10-10T01:56:54.4259050Z  [32m✓[39m tests/unit/pages/KnowledgeGraphPage.test.js [2m([22m[2m57 tests[22m[2m)[22m[32m 194[2mms[22m[39m
2026-10-10T01:56:54.4629340Z  [32m✓[39m tests/unit/p2p/p2p-ipc.test.js [2m([22m[2m59 tests[22m[2m)[22m[32m 186[2mms[22m[39m
2026-10-10T01:56:54.8947140Z  [2m[90m↓[39m[22m tests/unit/pages/TradingHub.test.js [2m([22m[2m42 tests[22m[2m | [22m[33m42 skipped[39m[2m)[22m
2026-10-10T01:56:55.3991890Z  [32m✓[39m tests/unit/ai-engine/collaborative-filter.test.js [2m([22m[2m62 tests[22m[2m)[22m[32m 87[2mms[22m[39m
2026-10-10T01:56:55.9512900Z  [32m✓[39m src/renderer/stores/__tests__/enterprise-org.test.ts [2m([22m[2m45 tests[22m[2m)[22m[32m 58[2mms[22m[39m
2026-10-10T01:56:57.9510510Z  [32m✓[39m src/main/task/__tests__/organization-project-goal-memory-ipc.test.js [2m([22m[2m41 tests[22m[2m)[22m[33m 3063[2mms[22m[39m
2026-10-10T01:56:59.0840150Z  [32m✓[39m tests/unit/pages/CollaborationPage.test.js [2m([22m[2m66 tests[22m[2m)[22m[33m 477[2mms[22m[39m
2026-10-10T01:56:59.9396580Z  [32m✓[39m tests/unit/pages/AccountManager.test.js [2m([22m[2m46 tests[22m[2m)[22m[32m 156[2mms[22m[39m
2026-10-10T01:57:00.4646470Z  [32m✓[39m tests/unit/ai-engine/hierarchical-task-planner.test.js [2m([22m[2m73 tests[22m[2m)[22m[32m 106[2mms[22m[39m
2026-10-10T01:57:01.1963420Z  [32m✓[39m tests/unit/llm/llm-ipc-governance.test.js [2m([22m[2m21 tests[22m[2m)[22m[32m 286[2mms[22m[39m
2026-10-10T01:57:01.7290590Z  [32m✓[39m tests/unit/utils/graph-extractor.test.js [2m([22m[2m61 tests[22m[2m)[22m[32m 70[2mms[22m[39m
2026-10-10T01:57:02.1984810Z  [32m✓[39m src/main/enterprise/__tests__/enterprise-org-manager.test.js [2m([22m[2m36 tests[22m[2m)[22m[32m 57[2mms[22m[39m
2026-10-10T01:57:02.9010990Z  [32m✓[39m tests/unit/integration/p2p-sync-engine.test.js [2m([22m[2m38 tests[22m[2m)[22m[32m 285[2mms[22m[39m
2026-10-10T01:57:03.4398010Z  [32m✓[39m tests/unit/ai-engine/intent-recognizer.test.js [2m([22m[2m54 tests[22m[2m)[22m[32m 111[2mms[22m[39m
2026-10-10T01:57:03.9865030Z  [32m✓[39m src/main/social/__tests__/sentiment-analyzer.test.js [2m([22m[2m46 tests[22m[2m)[22m[32m 54[2mms[22m[39m
2026-10-10T01:57:04.3701890Z Warning: A vi.mock("isomorphic-git") call in "/Users/runner/work/chainlesschain/chainlesschain/desktop-app-vue/src/main/collab/__tests__/collab.test.js" is not at the top level of the module. Although it appears nested, it will be hoisted and executed before any tests run. Move it to the top level to reflect its actual execution order. This will become an error in a future version.
2026-10-10T01:57:04.3769900Z See: https://vitest.dev/guide/mocking/modules#how-it-works
2026-10-10T01:57:04.5684800Z  [32m✓[39m src/main/collab/__tests__/collab.test.js [2m([22m[2m59 tests[22m[2m)[22m[32m 126[2mms[22m[39m
2026-10-10T01:57:05.1442730Z  [32m✓[39m src/main/collaboration/__tests__/org-knowledge-sync-manager.test.js [2m([22m[2m52 tests[22m[2m)[22m[32m 95[2mms[22m[39m
2026-10-10T01:57:05.6113290Z  [32m✓[39m tests/unit/ai-engine/ai-engine-config.test.js [2m([22m[2m61 tests[22m[2m)[22m[32m 56[2mms[22m[39m
2026-10-10T01:57:06.8667420Z  [32m✓[39m src/renderer/components/projects/__tests__/project-task-description-drawer.test.ts [2m([22m[2m29 tests[22m[2m)[22m[33m 360[2mms[22m[39m
2026-10-10T01:57:07.3478670Z  [32m✓[39m tests/unit/llm/session-manager-enhanced.test.js [2m([22m[2m23 tests[22m[2m)[22m[32m 38[2mms[22m[39m
2026-10-10T01:57:07.8530840Z  [32m✓[39m tests/unit/rag/text-splitter.test.js [2m([22m[2m75 tests[22m[2m)[22m[32m 88[2mms[22m[39m
2026-10-10T01:57:08.6630710Z  [32m✓[39m tests/unit/pages/OrganizationSettingsPage.test.js [2m([22m[2m25 tests[22m[2m)[22m[33m 394[2mms[22m[39m
2026-10-10T01:57:09.0733950Z  [2m[90m↓[39m[22m tests/unit/media/video-engine.test.js [2m([22m[2m45 tests[22m[2m | [22m[33m45 skipped[39m[2m)[22m
2026-10-10T01:57:09.5276830Z  [32m✓[39m tests/unit/main/terminal/PtyManager.test.js [2m([22m[2m38 tests[22m[2m)[22m[32m 48[2mms[22m[39m
2026-10-10T01:57:10.0959230Z  [32m✓[39m tests/unit/llm/manus-optimizations.test.js [2m([22m[2m65 tests[22m[2m | [22m[33m5 skipped[39m[2m)[22m[32m 124[2mms[22m[39m
2026-10-10T01:57:10.6633730Z  [32m✓[39m src/main/screenshot/__tests__/screenshot-ipc.test.js [2m([22m[2m35 tests[22m[2m)[22m[32m 86[2mms[22m[39m
2026-10-10T01:57:12.8234780Z  [32m✓[39m src/renderer/components/projects/__tests__/organization-project-workbench.test.ts [2m([22m[2m20 tests[22m[2m)[22m[33m 1515[2mms[22m[39m
2026-10-10T01:57:13.4073120Z  [32m✓[39m tests/unit/ai-engine/response-parser.test.js [2m([22m[2m78 tests[22m[2m)[22m[32m 100[2mms[22m[39m
2026-10-10T01:57:13.9202380Z  [32m✓[39m tests/unit/api/backend-client.test.js [2m([22m[2m48 tests[22m[2m)[22m[32m 49[2mms[22m[39m
2026-10-10T01:57:14.4518450Z  [32m✓[39m src/main/p2p/__tests__/call-signaling.test.js [2m([22m[2m49 tests[22m[2m)[22m[32m 97[2mms[22m[39m
2026-10-10T01:57:14.9417600Z  [32m✓[39m src/renderer/stores/__tests__/task.test.ts [2m([22m[2m42 tests[22m[2m)[22m[32m 67[2mms[22m[39m
2026-10-10T01:57:15.5094500Z  [32m✓[39m src/main/ai-engine/cowork/__tests__/cross-org-task-router.test.js [2m([22m[2m57 tests[22m[2m)[22m[32m 89[2mms[22m[39m
2026-10-10T01:57:16.0874090Z  [32m✓[39m tests/unit/planning/task-planner-enhanced.test.js [2m([22m[2m47 tests[22m[2m)[22m[32m 120[2mms[22m[39m
2026-10-10T01:57:16.5084730Z  [2m[90m↓[39m[22m tests/unit/pages/DeviceManagementPage.test.js [2m([22m[2m53 tests[22m[2m | [22m[33m53 skipped[39m[2m)[22m
2026-10-10T01:57:21.4557150Z  [32m✓[39m tests/unit/ai/ai-engine-workflow.test.js [2m([22m[2m51 tests[22m[2m)[22m[33m 4273[2mms[22m[39m
2026-10-10T01:57:22.1767130Z  [32m✓[39m tests/unit/social/activitypub-bridge.test.js [2m([22m[2m43 tests[22m[2m)[22m[32m 209[2mms[22m[39m
2026-10-10T01:57:22.6197780Z  [32m✓[39m tests/unit/p2p/device-sync-manager-retry.test.js [2m([22m[2m12 tests[22m[2m)[22m[32m 33[2mms[22m[39m
2026-10-10T01:57:23.1315690Z  [32m✓[39m src/main/federated/__tests__/federated-learning-manager.test.js [2m([22m[2m32 tests[22m[2m)[22m[32m 86[2mms[22m[39m
2026-10-10T01:57:24.1560960Z  [32m✓[39m tests/unit/pages/OrganizationMembersPage.test.js [2m([22m[2m59 tests[22m[2m)[22m[32m 266[2mms[22m[39m
2026-10-10T01:57:24.6901900Z  [32m✓[39m src/renderer/stores/__tests__/project.test.ts [2m([22m[2m45 tests[22m[2m)[22m[32m 100[2mms[22m[39m
2026-10-10T01:57:25.2135930Z  [32m✓[39m tests/unit/file/file-manager.test.js [2m([22m[2m62 tests[22m[2m)[22m[32m 91[2mms[22m[39m
2026-10-10T01:57:25.7720340Z  [32m✓[39m src/main/ai-engine/autonomous/__tests__/agent-task-queue.test.js [2m([22m[2m59 tests[22m[2m)[22m[32m 149[2mms[22m[39m
2026-10-10T01:57:28.3612040Z  [32m✓[39m src/main/task/__tests__/organization-project-goal-completion-ipc.test.js [2m([22m[2m31 tests[22m[2m)[22m[33m 2153[2mms[22m[39m
2026-10-10T01:57:28.3688110Z      [33m[2m✓[22m[39m blocks acceptance of a prior member's unknown native action even without an action criterion [33m 382[2mms[22m[39m
2026-10-10T01:57:28.8297240Z  [32m✓[39m src/main/ai-engine/cowork/__tests__/ab-comparator.test.js [2m([22m[2m41 tests[22m[2m)[22m[32m 49[2mms[22m[39m
2026-10-10T01:57:29.2732050Z  [32m✓[39m src/main/hooks/__tests__/hook-middleware.test.js [2m([22m[2m48 tests[22m[2m)[22m[32m 40[2mms[22m[39m
2026-10-10T01:57:29.8337350Z  [32m✓[39m tests/unit/pages/ToolManagement.test.js [2m([22m[2m36 tests[22m[2m)[22m[32m 145[2mms[22m[39m
2026-10-10T01:57:30.4389460Z  [32m✓[39m tests/unit/pages/SkillManagement.test.js [2m([22m[2m37 tests[22m[2m)[22m[32m 177[2mms[22m[39m
2026-10-10T01:57:31.6726320Z  [32m✓[39m src/renderer/components/projects/__tests__/organization-project-goal-memory-panel.test.ts [2m([22m[2m23 tests[22m[2m)[22m[33m 764[2mms[22m[39m
2026-10-10T01:57:31.6727390Z      [33m[2m✓[22m[39m reaches shared memory from the workbench and lets another authorized member correct it [33m 306[2mms[22m[39m
2026-10-10T01:57:32.2387230Z  [32m✓[39m tests/unit/blockchain/asset-ipc.test.js [2m([22m[2m95 tests[22m[2m)[22m[32m 112[2mms[22m[39m
2026-10-10T01:57:32.9421340Z  [32m✓[39m tests/unit/ai/skill-manager.test.js [2m([22m[2m51 tests[22m[2m)[22m[32m 225[2mms[22m[39m
2026-10-10T01:57:33.4320480Z  [32m✓[39m tests/unit/core/response-parser.test.js [2m([22m[2m79 tests[22m[2m)[22m[32m 65[2mms[22m[39m
2026-10-10T01:57:33.8807390Z Warning: A vi.mock('../../../src/main/engines/document-engine') call in "/Users/runner/work/chainlesschain/chainlesschain/desktop-app-vue/tests/unit/project/project-export-ipc.test.js" is not at the top level of the module. Although it appears nested, it will be hoisted and executed before any tests run. Move it to the top level to reflect its actual execution order. This will become an error in a future version.
2026-10-10T01:57:33.8909910Z See: https://vitest.dev/guide/mocking/modules#how-it-works
2026-10-10T01:57:33.9125820Z Warning: A vi.mock('../../../src/main/engines/ppt-engine') call in "/Users/runner/work/chainlesschain/chainlesschain/desktop-app-vue/tests/unit/project/project-export-ipc.test.js" is not at the top level of the module. Although it appears nested, it will be hoisted and executed before any tests run. Move it to the top level to reflect its actual execution order. This will become an error in a future version.
2026-10-10T01:57:33.9127730Z See: https://vitest.dev/guide/mocking/modules#how-it-works
2026-10-10T01:57:33.9129470Z Warning: A vi.mock('crypto') call in "/Users/runner/work/chainlesschain/chainlesschain/desktop-app-vue/tests/unit/project/project-export-ipc.test.js" is not at the top level of the module. Although it appears nested, it will be hoisted and executed before any tests run. Move it to the top level to reflect its actual execution order. This will become an error in a future version.
2026-10-10T01:57:33.9130830Z See: https://vitest.dev/guide/mocking/modules#how-it-works
2026-10-10T01:57:34.2422300Z  [32m✓[39m tests/unit/project/project-export-ipc.test.js [2m([22m[2m40 tests[22m[2m)[22m[32m 299[2mms[22m[39m
2026-10-10T01:57:35.3563090Z  [32m✓[39m tests/unit/pages/FileTransferPage.test.js [2m([22m[2m61 tests[22m[2m)[22m[32m 267[2mms[22m[39m
2026-10-10T01:57:35.9193250Z  [32m✓[39m tests/unit/did/did-updater.test.js [2m([22m[2m48 tests[22m[2m | [22m[33m1 skipped[39m[2m)[22m[32m 111[2mms[22m[39m
2026-10-10T01:57:36.4788100Z  [32m✓[39m tests/unit/ai-engine/multi-intent-recognizer.test.js [2m([22m[2m68 tests[22m[2m)[22m[32m 103[2mms[22m[39m
2026-10-10T01:57:37.1371480Z  [32m✓[39m tests/unit/document/word-engine.test.js [2m([22m[2m54 tests[22m[2m)[22m[32m 214[2mms[22m[39m
2026-10-10T01:57:37.9252020Z (node:41947) [MODULE_TYPELESS_PACKAGE_JSON] Warning: Module type of file:///Users/runner/work/chainlesschain/chainlesschain/desktop-app-vue/src/main/utils/logger.js is not specified and it doesn't parse as CommonJS.
2026-10-10T01:57:37.9253360Z Reparsing as ES module because module syntax was detected. This incurs a performance overhead.
2026-10-10T01:57:37.9254890Z To eliminate this warning, add "type": "module" to /Users/runner/work/chainlesschain/chainlesschain/desktop-app-vue/package.json.
2026-10-10T01:57:37.9255970Z (Use `node --trace-warnings ...` to show where the warning was created)
2026-10-10T01:57:39.5914000Z  [32m✓[39m src/main/ai-engine/code-agent/__tests__/desktop-graph-ipc-journey.test.js [2m([22m[2m5 tests[22m[2m)[22m[33m 1665[2mms[22m[39m
2026-10-10T01:57:39.5915230Z      [33m[2m✓[22m[39m recovers the packaged sql.js database and Graph journals after the writer process is killed [33m 1575[2mms[22m[39m
2026-10-10T01:57:40.0726700Z  [32m✓[39m tests/unit/utils/markdown-exporter.test.js [2m([22m[2m49 tests[22m[2m)[22m[32m 90[2mms[22m[39m
2026-10-10T01:57:40.7112470Z  [32m✓[39m tests/unit/pages/EnterpriseDashboard.test.js [2m([22m[2m30 tests[22m[2m)[22m[32m 144[2mms[22m[39m
2026-10-10T01:57:41.2252630Z  [32m✓[39m src/main/hooks/__tests__/hook-registry.test.js [2m([22m[2m82 tests[22m[2m)[22m[32m 94[2mms[22m[39m
2026-10-10T01:57:41.9025340Z  [32m✓[39m tests/unit/llm/llm-selector.test.js [2m([22m[2m75 tests[22m[2m)[22m[32m 150[2mms[22m[39m
2026-10-10T01:57:42.4088310Z  [32m✓[39m src/main/collaboration/__tests__/yjs-collab-ipc.test.js [2m([22m[2m32 tests[22m[2m)[22m[32m 57[2mms[22m[39m
2026-10-10T01:57:43.3334240Z  [32m✓[39m tests/unit/ai-engine/multi-agent/specialized-agent.test.js [2m([22m[2m53 tests[22m[2m)[22m[33m 487[2mms[22m[39m
2026-10-10T01:57:43.3335740Z        [33m[2m✓[22m[39m should apply exponential backoff on retries [33m 307[2mms[22m[39m
2026-10-10T01:57:43.8393290Z  [32m✓[39m src/main/ai-engine/code-agent/__tests__/desktop-runtime-authority.test.js [2m([22m[2m5 tests[22m[2m)[22m[32m 36[2mms[22m[39m
2026-10-10T01:57:44.3264300Z  [32m✓[39m src/main/benchmark/__tests__/benchmark-manager.test.js [2m([22m[2m39 tests[22m[2m)[22m[32m 77[2mms[22m[39m
2026-10-10T01:57:44.8238270Z  [32m✓[39m src/main/permission/__tests__/approval-workflow-manager.test.js [2m([22m[2m50 tests[22m[2m)[22m[32m 71[2mms[22m[39m
2026-10-10T01:57:45.3722320Z  [32m✓[39m tests/unit/pages/SyncConflictsPage.test.js [2m([22m[2m30 tests[22m[2m)[22m[32m 106[2mms[22m[39m
2026-10-10T01:57:45.8900600Z  [32m✓[39m tests/unit/ukey/multi-brand-drivers-extended.test.js [2m([22m[2m64 tests[22m[2m)[22m[32m 46[2mms[22m[39m
2026-10-10T01:57:46.3971090Z  [32m✓[39m tests/unit/code-tools/review-ipc.test.js [2m([22m[2m67 tests[22m[2m)[22m[32m 59[2mms[22m[39m
2026-10-10T01:57:46.6428390Z  [32m✓[39m tests/unit/document/pdf-engine.test.js [2m([22m[2m50 tests[22m[2m)[22m[33m 50263[2mms[22m[39m
2026-10-10T01:57:46.6530380Z        [33m[2m✓[22m[39m should convert HTML to PDF [33m 1004[2mms[22m[39m
2026-10-10T01:57:46.6632540Z        [33m[2m✓[22m[39m should create BrowserWindow with correct options [33m 1003[2mms[22m[39m
2026-10-10T01:57:46.6760740Z        [33m[2m✓[22m[39m should handle landscape option [33m 1005[2mms[22m[39m
2026-10-10T01:57:46.6876940Z        [33m[2m✓[22m[39m should handle custom page size [33m 1004[2mms[22m[39m
2026-10-10T01:57:46.7007340Z        [33m[2m✓[22m[39m should encode HTML properly for data URL [33m 1005[2mms[22m[39m
2026-10-10T01:57:46.7117140Z        [33m[2m✓[22m[39m should convert markdown to PDF [33m 1004[2mms[22m[39m
2026-10-10T01:57:46.7230100Z        [33m[2m✓[22m[39m should pass options to markdown conversion [33m 1004[2mms[22m[39m
2026-10-10T01:57:46.7331160Z        [33m[2m✓[22m[39m should handle large markdown files [33m 1004[2mms[22m[39m
2026-10-10T01:57:46.7450860Z        [33m[2m✓[22m[39m should convert HTML file to PDF [33m 1004[2mms[22m[39m
2026-10-10T01:57:46.7577460Z        [33m[2m✓[22m[39m should pass options to htmlToPDF [33m 1009[2mms[22m[39m
2026-10-10T01:57:46.7689540Z        [33m[2m✓[22m[39m should convert text file to PDF [33m 1004[2mms[22m[39m
2026-10-10T01:57:46.7791790Z        [33m[2m✓[22m[39m should use filename as default title [33m 1006[2mms[22m[39m
2026-10-10T01:57:46.7904230Z        [33m[2m✓[22m[39m should handle empty text file [33m 1005[2mms[22m[39m
2026-10-10T01:57:46.8007340Z        [33m[2m✓[22m[39m should handle text with special characters [33m 1021[2mms[22m[39m
2026-10-10T01:57:46.8137970Z        [33m[2m✓[22m[39m should preserve whitespace and line breaks [33m 1004[2mms[22m[39m
2026-10-10T01:57:46.8241610Z        [33m[2m✓[22m[39m should batch convert markdown files [33m 3012[2mms[22m[39m
2026-10-10T01:57:46.8343210Z        [33m[2m✓[22m[39m should batch convert HTML files [33m 2005[2mms[22m[39m
2026-10-10T01:57:46.8443800Z        [33m[2m✓[22m[39m should batch convert text files [33m 2008[2mms[22m[39m
2026-10-10T01:57:46.8545330Z        [33m[2m✓[22m[39m should handle mixed file types [33m 3010[2mms[22m[39m
2026-10-10T01:57:46.8645750Z        [33m[2m✓[22m[39m should handle conversion errors gracefully [33m 1008[2mms[22m[39m
2026-10-10T01:57:46.8747340Z        [33m[2m✓[22m[39m should pass options to individual conversions [33m 1005[2mms[22m[39m
2026-10-10T01:57:46.8848160Z        [33m[2m✓[22m[39m should generate correct output paths [33m 3005[2mms[22m[39m
2026-10-10T01:57:46.8949820Z        [33m[2m✓[22m[39m should handle very long output paths [33m 1006[2mms[22m[39m
2026-10-10T01:57:46.9050290Z        [33m[2m✓[22m[39m should handle file system errors [33m 1006[2mms[22m[39m
2026-10-10T01:57:46.9151780Z        [33m[2m✓[22m[39m should handle printToPDF errors [33m 1004[2mms[22m[39m
2026-10-10T01:57:46.9252520Z        [33m[2m✓[22m[39m should handle Unicode content [33m 1005[2mms[22m[39m
2026-10-10T01:57:46.9354050Z        [33m[2m✓[22m[39m should handle concurrent PDF generation [33m 1007[2mms[22m[39m
2026-10-10T01:57:46.9456090Z        [33m[2m✓[22m[39m should handle batch conversion efficiently [33m 10039[2mms[22m[39m
2026-10-10T01:57:46.9557890Z        [33m[2m✓[22m[39m should not leak memory with multiple conversions [33m 5024[2mms[22m[39m
2026-10-10T01:57:46.9659940Z  [32m✓[39m tests/unit/ai-engine/intent-classifier.test.js [2m([22m[2m89 tests[22m[2m)[22m[32m 81[2mms[22m[39m
2026-10-10T01:57:47.1487970Z  [32m✓[39m src/main/ai-engine/cowork/__tests__/prompt-optimizer.test.js [2m([22m[2m30 tests[22m[2m)[22m[32m 40[2mms[22m[39m
2026-10-10T01:57:48.3444540Z  [32m✓[39m src/main/ai-engine/cowork/__tests__/office-skill.test.js [2m([22m[2m30 tests[22m[2m)[22m[33m 655[2mms[22m[39m
2026-10-10T01:57:48.9774330Z  [32m✓[39m tests/unit/media/ocr-service.test.js [2m([22m[2m43 tests[22m[2m | [22m[33m16 skipped[39m[2m)[22m[32m 136[2mms[22m[39m
2026-10-10T01:57:49.3327220Z  [32m✓[39m src/renderer/components/projects/__tests__/organization-project-goal-panel.test.ts [2m([22m[2m28 tests[22m[2m)[22m[33m 1927[2mms[22m[39m
2026-10-10T01:57:49.3953120Z  [32m✓[39m src/main/plugins/__tests__/plugin-public-projection.test.js [2m([22m[2m16 tests[22m[2m)[22m[32m 15[2mms[22m[39m
2026-10-10T01:57:49.8759660Z  [32m✓[39m tests/unit/ai-engine/tool-masking.test.js [2m([22m[2m54 tests[22m[2m)[22m[32m 93[2mms[22m[39m
2026-10-10T01:57:50.2840580Z  [32m✓[39m src/main/mtc/__tests__/channel-envelope-distribution.test.js [2m([22m[2m29 tests[22m[2m)[22m[33m 419[2mms[22m[39m
2026-10-10T01:57:50.3468600Z  [32m✓[39m src/main/ai-engine/__tests__/multimodal-router.test.js [2m([22m[2m46 tests[22m[2m)[22m[32m 54[2mms[22m[39m
2026-10-10T01:57:50.6919310Z  [32m✓[39m src/main/hooks/__tests__/hook-executor.test.js [2m([22m[2m49 tests[22m[2m)[22m[32m 172[2mms[22m[39m
2026-10-10T01:57:50.9888730Z  [32m✓[39m src/main/social/__tests__/friend-manager.test.js [2m([22m[2m47 tests[22m[2m)[22m[32m 79[2mms[22m[39m
2026-10-10T01:57:51.2551910Z  [32m✓[39m src/renderer/stores/__tests__/app.test.ts [2m([22m[2m46 tests[22m[2m)[22m[32m 81[2mms[22m[39m
2026-10-10T01:57:51.5773480Z  [32m✓[39m tests/unit/rag/metrics.test.js [2m([22m[2m61 tests[22m[2m)[22m[32m 90[2mms[22m[39m
2026-10-10T01:57:51.8073920Z  [32m✓[39m src/main/quantization/__tests__/quantization-manager.test.js [2m([22m[2m42 tests[22m[2m)[22m[32m 69[2mms[22m[39m
2026-10-10T01:57:52.1245850Z  [32m✓[39m tests/unit/ai/skill-recommender.test.js [2m([22m[2m74 tests[22m[2m)[22m[32m 84[2mms[22m[39m
2026-10-10T01:57:52.3171570Z  [32m✓[39m tests/unit/tools/tool-manager.test.js [2m([22m[2m49 tests[22m[2m)[22m[32m 75[2mms[22m[39m
2026-10-10T01:57:52.6980630Z  [32m✓[39m tests/unit/ai-engine/slot-filler.test.js [2m([22m[2m68 tests[22m[2m)[22m[32m 126[2mms[22m[39m
2026-10-10T01:57:53.0549140Z  [32m✓[39m tests/unit/credit/credit-ipc.test.js [2m([22m[2m42 tests[22m[2m)[22m[32m 213[2mms[22m[39m
2026-10-10T01:57:53.4395240Z  [32m✓[39m src/renderer/stores/__tests__/performance-monitor.test.ts [2m([22m[2m42 tests[22m[2m)[22m[32m 77[2mms[22m[39m
2026-10-10T01:57:53.8752550Z  [32m✓[39m tests/unit/ai-engine/task-decomposition-enhancement.test.js [2m([22m[2m59 tests[22m[2m)[22m[32m 110[2mms[22m[39m
2026-10-10T01:57:54.1288720Z  [32m✓[39m src/renderer/stores/__tests__/llm.test.ts [2m([22m[2m42 tests[22m[2m)[22m[32m 172[2mms[22m[39m
2026-10-10T01:57:54.4635070Z  [32m✓[39m src/main/performance/__tests__/unified-performance-collector.test.js [2m([22m[2m48 tests[22m[2m)[22m[32m 55[2mms[22m[39m
2026-10-10T01:57:54.7800580Z  [32m✓[39m tests/unit/ai/conversation-executor.test.js [2m([22m[2m39 tests[22m[2m)[22m[32m 172[2mms[22m[39m
2026-10-10T01:57:55.1473500Z  [32m✓[39m tests/unit/evomap/evomap-client.test.js [2m([22m[2m55 tests[22m[2m)[22m[32m 207[2mms[22m[39m
2026-10-10T01:57:55.8431680Z  [32m✓[39m src/main/llm/__tests__/session-manager.test.js [2m([22m[2m43 tests[22m[2m)[22m[32m 192[2mms[22m[39m
2026-10-10T01:57:56.4738160Z  [32m✓[39m tests/unit/evomap/evomap-asset-bridge.test.js [2m([22m[2m35 tests[22m[2m)[22m[32m 137[2mms[22m[39m
2026-10-10T01:57:56.8995310Z  [32m✓[39m src/renderer/components/projects/__tests__/organization-project-risk-panel.test.ts [2m([22m[2m25 tests[22m[2m)[22m[33m 1593[2mms[22m[39m
2026-10-10T01:57:56.8996580Z      [33m[2m✓[22m[39m binds risk through preview, two approvals, real false action and lineage [33m 325[2mms[22m[39m
2026-10-10T01:57:57.5821700Z  [32m✓[39m tests/unit/did/did-cache.test.js [2m([22m[2m46 tests[22m[2m)[22m[32m 164[2mms[22m[39m
2026-10-10T01:57:57.6550270Z  [32m✓[39m src/main/remote/__tests__/remote-gateway.test.js [2m([22m[2m36 tests[22m[2m | [22m[33m2 skipped[39m[2m)[22m[33m 706[2mms[22m[39m
2026-10-10T01:57:58.2010210Z  [32m✓[39m src/main/ai-engine/cowork/__tests__/pipeline-orchestrator.test.js [2m([22m[2m39 tests[22m[2m)[22m[32m 109[2mms[22m[39m
2026-10-10T01:57:58.2345140Z  [32m✓[39m src/main/ai-engine/cowork/__tests__/ipfs-cluster-manager.test.js [2m([22m[2m36 tests[22m[2m)[22m[32m 77[2mms[22m[39m
2026-10-10T01:57:58.9341640Z  [32m✓[39m src/main/ai-engine/code-agent/__tests__/sub-runtime-pool.test.js [2m([22m[2m32 tests[22m[2m)[22m[32m 149[2mms[22m[39m
2026-10-10T01:57:59.0512010Z  [32m✓[39m src/main/ai-engine/code-agent/__tests__/app-server-pilot.test.js [2m([22m[2m11 tests[22m[2m)[22m[32m 133[2mms[22m[39m
2026-10-10T01:58:00.8847430Z  [32m✓[39m src/renderer/components/projects/__tests__/organization-project-goal-acceptance-panel.test.ts [2m([22m[2m17 tests[22m[2m)[22m[33m 1299[2mms[22m[39m
2026-10-10T01:58:01.5773230Z  [32m✓[39m src/renderer/components/projects/__tests__/project-goal-monitoring-panel.test.ts [2m([22m[2m24 tests[22m[2m)[22m[32m 209[2mms[22m[39m
2026-10-10T01:58:01.9064040Z  [32m✓[39m src/renderer/components/projects/__tests__/organization-project-goal-actions-panel.test.ts [2m([22m[2m15 tests[22m[2m)[22m[33m 2436[2mms[22m[39m
2026-10-10T01:58:01.9075230Z      [33m[2m✓[22m[39m opens a submitted goal proposal in the real workbench and requires two member approvals [33m 719[2mms[22m[39m
2026-10-10T01:58:02.0737430Z  [32m✓[39m src/main/ai-engine/code-agent/__tests__/session-state-manager.test.js [2m([22m[2m37 tests[22m[2m)[22m[32m 104[2mms[22m[39m
2026-10-10T01:58:02.4755790Z  [32m✓[39m src/main/enterprise/automation/__tests__/automation-engine.test.js [2m([22m[2m26 tests[22m[2m)[22m[32m 121[2mms[22m[39m
2026-10-10T01:58:03.0376360Z  [32m✓[39m src/main/enterprise/low-code/__tests__/app-builder.test.js [2m([22m[2m27 tests[22m[2m)[22m[32m 53[2mms[22m[39m
2026-10-10T01:58:03.3326140Z  [32m✓[39m src/renderer/components/projects/__tests__/organization-project-transfer.test.ts [2m([22m[2m12 tests[22m[2m)[22m[33m 723[2mms[22m[39m
2026-10-10T01:58:04.2488600Z  [32m✓[39m src/renderer/shell-preview/widgets/__tests__/federation-governance-widget.test.ts [2m([22m[2m12 tests[22m[2m)[22m[32m 90[2mms[22m[39m
2026-10-10T01:58:04.7858880Z  [32m✓[39m src/main/enterprise/saas/__tests__/tenant-manager.test.js [2m([22m[2m27 tests[22m[2m)[22m[32m 37[2mms[22m[39m
2026-10-10T01:58:05.2743580Z  [32m✓[39m src/renderer/components/projects/__tests__/organization-project-goal-periodic-panel.test.ts [2m([22m[2m18 tests[22m[2m)[22m[33m 1692[2mms[22m[39m
2026-10-10T01:58:05.3480830Z  [32m✓[39m src/main/ai-engine/code-agent/__tests__/coding-agent-tool-adapter.test.js [2m([22m[2m8 tests[22m[2m)[22m[32m 17[2mms[22m[39m
2026-10-10T01:58:05.8610730Z  [32m✓[39m src/renderer/shell-preview/services/__tests__/llm-preview-bridge.test.ts [2m([22m[2m31 tests[22m[2m)[22m[32m 25[2mms[22m[39m
2026-10-10T01:58:05.8817990Z  [32m✓[39m src/main/enterprise/bi/__tests__/bi-engine.test.js [2m([22m[2m23 tests[22m[2m)[22m[32m 26[2mms[22m[39m
2026-10-10T01:58:06.4837240Z  [32m✓[39m src/renderer/components/projects/__tests__/project-goal-notification-policy-panel.test.ts [2m([22m[2m25 tests[22m[2m)[22m[32m 184[2mms[22m[39m
2026-10-10T01:58:06.4941330Z  [32m✓[39m src/renderer/components/projects/__tests__/project-goal-memory-panel.test.ts [2m([22m[2m20 tests[22m[2m)[22m[32m 166[2mms[22m[39m
2026-10-10T01:58:06.9993650Z  [32m✓[39m src/main/web-shell/__tests__/multisig-handlers.test.js [2m([22m[2m40 tests[22m[2m)[22m[32m 51[2mms[22m[39m
2026-10-10T01:58:07.0130750Z  [2m[90m↓[39m[22m tests/unit/pages/KnowledgeListPage.test.js [2m([22m[2m48 tests[22m[2m | [22m[33m48 skipped[39m[2m)[22m
2026-10-10T01:58:07.4991800Z  [32m✓[39m src/main/web-shell/__tests__/community-mtc-handlers.test.js [2m([22m[2m34 tests[22m[2m)[22m[32m 29[2mms[22m[39m
2026-10-10T01:58:07.5694610Z  [32m✓[39m src/main/ai-engine/cowork/skills/__tests__/skill-sync-security.test.js [2m([22m[2m21 tests[22m[2m)[22m[32m 48[2mms[22m[39m
2026-10-10T01:58:07.9621620Z  [32m✓[39m src/renderer/stores/__tests__/audit.test.ts [2m([22m[2m34 tests[22m[2m)[22m[32m 58[2mms[22m[39m
2026-10-10T01:58:08.0446830Z (node:43147) [MODULE_TYPELESS_PACKAGE_JSON] Warning: Module type of file:///Users/runner/work/chainlesschain/chainlesschain/desktop-app-vue/src/main/utils/logger.js is not specified and it doesn't parse as CommonJS.
2026-10-10T01:58:08.0449120Z Reparsing as ES module because module syntax was detected. This incurs a performance overhead.
2026-10-10T01:58:08.0450050Z To eliminate this warning, add "type": "module" to /Users/runner/work/chainlesschain/chainlesschain/desktop-app-vue/package.json.
2026-10-10T01:58:08.0500400Z (Use `node --trace-warnings ...` to show where the warning was created)
2026-10-10T01:58:08.5544510Z  [32m✓[39m tests/unit/ai-engine/conversation-executor.test.js [2m([22m[2m34 tests[22m[2m)[22m[32m 77[2mms[22m[39m
2026-10-10T01:58:09.3057510Z  [32m✓[39m src/main/performance/__tests__/auto-tuner.test.js [2m([22m[2m51 tests[22m[2m)[22m[32m 163[2mms[22m[39m
2026-10-10T01:58:09.8776190Z  [32m✓[39m src/main/collaboration/__tests__/collab-permission-manager.test.js [2m([22m[2m47 tests[22m[2m)[22m[32m 62[2mms[22m[39m
2026-10-10T01:58:10.5145170Z  [32m✓[39m src/main/ukey/__tests__/multisig-signer.test.js [2m([22m[2m40 tests[22m[2m)[22m[32m 40[2mms[22m[39m
2026-10-10T01:58:11.0704830Z  [32m✓[39m src/main/personal-data-hub/__tests__/aichat-wizard-controller.test.js [2m([22m[2m31 tests[22m[2m)[22m[32m 47[2mms[22m[39m
2026-10-10T01:58:11.6892600Z  [32m✓[39m tests/unit/sync/sync-ipc.test.js [2m([22m[2m37 tests[22m[2m)[22m[32m 133[2mms[22m[39m
2026-10-10T01:58:19.7071280Z  [32m✓[39m tests/unit/ai-engine/task-executor.test.js [2m([22m[2m41 tests[22m[2m)[22m[33m 7611[2mms[22m[39m
2026-10-10T01:58:19.7073500Z        [33m[2m✓[22m[39m 应该处理任务失败 [33m 935[2mms[22m[39m
2026-10-10T01:58:19.7074650Z        [33m[2m✓[22m[39m 应该重试失败的任务 [33m 3011[2mms[22m[39m
2026-10-10T01:58:19.7078860Z        [33m[2m✓[22m[39m 应该在超时后失败 [33m 1255[2mms[22m[39m
2026-10-10T01:58:19.7134950Z        [33m[2m✓[22m[39m 应该处理部分失败 [33m 956[2mms[22m[39m
2026-10-10T01:58:19.7136780Z        [33m[2m✓[22m[39m 应该支持stopOnFailure选项 [33m 1102[2mms[22m[39m
2026-10-10T01:58:20.6159580Z  [32m✓[39m tests/unit/database/key-manager.test.js [2m([22m[2m52 tests[22m[2m)[22m[33m 421[2mms[22m[39m
2026-10-10T01:58:21.1460320Z  [32m✓[39m src/main/defi/__tests__/lending-manager.test.js [2m([22m[2m39 tests[22m[2m)[22m[32m 66[2mms[22m[39m
2026-10-10T01:58:21.7932520Z  [32m✓[39m tests/unit/session/session-core-ipc.test.js [2m([22m[2m33 tests[22m[2m)[22m[32m 153[2mms[22m[39m
2026-10-10T01:58:22.9843880Z  [32m✓[39m tests/unit/pages/OrganizationActivityLogPage.test.js [2m([22m[2m53 tests[22m[2m)[22m[32m 278[2mms[22m[39m
2026-10-10T01:58:23.7991830Z  [32m✓[39m tests/unit/rag/embeddings-service.test.js [2m([22m[2m60 tests[22m[2m | [22m[33m3 skipped[39m[2m)[22m[32m 163[2mms[22m[39m
2026-10-10T01:58:24.3415290Z  [32m✓[39m src/main/llm/__tests__/user-preference-learner.test.js [2m([22m[2m37 tests[22m[2m)[22m[32m 76[2mms[22m[39m
2026-10-10T01:58:25.0359400Z  [32m✓[39m tests/unit/llm/llm-ipc.test.js [2m([22m[2m51 tests[22m[2m)[22m[32m 219[2mms[22m[39m
2026-10-10T01:58:25.9455120Z  [32m✓[39m tests/unit/p2p/signal-security.test.js [2m([22m[2m29 tests[22m[2m)[22m[33m 451[2mms[22m[39m
2026-10-10T01:58:26.5569240Z  [32m✓[39m src/main/fine-tuning/__tests__/training-data-builder.test.js [2m([22m[2m34 tests[22m[2m)[22m[32m 90[2mms[22m[39m
2026-10-10T01:58:27.5190760Z  [32m✓[39m src/main/ai-engine/cowork/__tests__/agent-credential-manager.test.js [2m([22m[2m55 tests[22m[2m)[22m[32m 162[2mms[22m[39m
2026-10-10T01:58:28.3295640Z  [32m✓[39m src/main/social/__tests__/collab-engine.test.js [2m([22m[2m56 tests[22m[2m)[22m[32m 212[2mms[22m[39m
2026-10-10T01:58:28.9127780Z  [32m✓[39m src/main/ai-engine/cowork/__tests__/multimodal-output.test.js [2m([22m[2m48 tests[22m[2m)[22m[32m 52[2mms[22m[39m
2026-10-10T01:58:29.5412130Z  [32m✓[39m src/main/browser/actions/__tests__/vision-action.test.js [2m([22m[2m20 tests[22m[2m)[22m[32m 56[2mms[22m[39m
2026-10-10T01:58:30.1070080Z  [32m✓[39m tests/unit/llm/stream-controller.test.js [2m([22m[2m58 tests[22m[2m)[22m[32m 76[2mms[22m[39m
2026-10-10T01:58:30.6938300Z  [32m✓[39m tests/unit/stores/agentNetwork.test.ts [2m([22m[2m47 tests[22m[2m)[22m[32m 78[2mms[22m[39m
2026-10-10T01:58:31.2178880Z  [32m✓[39m tests/unit/social/nostr-bridge-ipc.test.js [2m([22m[2m23 tests[22m[2m)[22m[32m 44[2mms[22m[39m
2026-10-10T01:58:31.8842100Z  [32m✓[39m tests/unit/ai/ai-skill-scheduler.test.js [2m([22m[2m62 tests[22m[2m)[22m[32m 123[2mms[22m[39m
2026-10-10T01:58:32.4559000Z  [32m✓[39m tests/unit/ai/skill-tool-ipc.test.js [2m([22m[2m40 tests[22m[2m)[22m[32m 115[2mms[22m[39m
2026-10-10T01:58:33.0525580Z  [32m✓[39m tests/unit/document/doc-generator.test.js [2m([22m[2m72 tests[22m[2m)[22m[32m 133[2mms[22m[39m
2026-10-10T01:58:33.5531100Z  [32m✓[39m src/main/ai-engine/cowork/__tests__/webauthn-passkey-manager.test.js [2m([22m[2m35 tests[22m[2m)[22m[32m 73[2mms[22m[39m
2026-10-10T01:58:34.0479840Z  [32m✓[39m src/main/llm/__tests__/ollama-client.test.js [2m([22m[2m31 tests[22m[2m | [22m[33m15 skipped[39m[2m)[22m[32m 54[2mms[22m[39m
2026-10-10T01:58:34.6050900Z  [32m✓[39m src/main/llm/__tests__/context-engineering.test.js [2m([22m[2m45 tests[22m[2m)[22m[32m 52[2mms[22m[39m
2026-10-10T01:58:35.1323870Z  [32m✓[39m tests/unit/stores/deployment.test.ts [2m([22m[2m40 tests[22m[2m)[22m[32m 48[2mms[22m[39m
2026-10-10T01:58:36.7074010Z  [32m✓[39m tests/unit/did/did-invitation.test.js [2m([22m[2m28 tests[22m[2m)[22m[33m 28718[2mms[22m[39m
2026-10-10T01:58:36.7075440Z        [33m[2m✓[22m[39m 应该成功创建DID邀请 [33m 1439[2mms[22m[39m
2026-10-10T01:58:36.7076310Z        [33m[2m✓[22m[39m 应该发送P2P通知 [33m 1009[2mms[22m[39m
2026-10-10T01:58:36.7077180Z        [33m[2m✓[22m[39m 应该验证DID格式 [33m 1051[2mms[22m[39m
2026-10-10T01:58:36.7081370Z        [33m[2m✓[22m[39m 应该防止重复邀请 [33m 906[2mms[22m[39m
2026-10-10T01:58:36.7182810Z        [33m[2m✓[22m[39m 应该防止邀请已有成员 [33m 864[2mms[22m[39m
2026-10-10T01:58:36.7265770Z        [33m[2m✓[22m[39m 应该检查邀请权限 [33m 730[2mms[22m[39m
2026-10-10T01:58:36.7268600Z        [33m[2m✓[22m[39m 应该支持设置过期时间 [33m 851[2mms[22m[39m
2026-10-10T01:58:36.7270020Z        [33m[2m✓[22m[39m 应该成功接受邀请 [33m 861[2mms[22m[39m
2026-10-10T01:58:36.7272010Z        [33m[2m✓[22m[39m 应该更新邀请状态为accepted [33m 1045[2mms[22m[39m
2026-10-10T01:58:36.7273520Z        [33m[2m✓[22m[39m 应该发送接受通知给邀请人 [33m 869[2mms[22m[39m
2026-10-10T01:58:36.7275970Z        [33m[2m✓[22m[39m 应该拒绝过期的邀请 [33m 1099[2mms[22m[39m
2026-10-10T01:58:36.7277400Z        [33m[2m✓[22m[39m 应该拒绝非pending状态的邀请 [33m 892[2mms[22m[39m
2026-10-10T01:58:36.7278380Z        [33m[2m✓[22m[39m 应该验证被邀请人身份 [33m 1035[2mms[22m[39m
2026-10-10T01:58:36.7279390Z        [33m[2m✓[22m[39m 应该成功拒绝邀请 [33m 993[2mms[22m[39m
2026-10-10T01:58:36.7280570Z        [33m[2m✓[22m[39m 应该发送拒绝通知给邀请人 [33m 1129[2mms[22m[39m
2026-10-10T01:58:36.7282320Z        [33m[2m✓[22m[39m 应该拒绝非pending状态的邀请 [33m 1068[2mms[22m[39m
2026-10-10T01:58:36.7283970Z        [33m[2m✓[22m[39m 应该返回当前用户的待处理邀请 [33m 959[2mms[22m[39m
2026-10-10T01:58:36.7285150Z        [33m[2m✓[22m[39m 应该过滤已过期的邀请 [33m 947[2mms[22m[39m
2026-10-10T01:58:36.7286480Z        [33m[2m✓[22m[39m 应该返回多个邀请 [33m 1449[2mms[22m[39m
2026-10-10T01:58:36.7287910Z        [33m[2m✓[22m[39m 应该返回组织的所有DID邀请 [33m 1383[2mms[22m[39m
2026-10-10T01:58:36.7289620Z        [33m[2m✓[22m[39m 应该支持按状态筛选 [33m 1157[2mms[22m[39m
2026-10-10T01:58:36.7291060Z        [33m[2m✓[22m[39m 应该支持限制数量 [33m 980[2mms[22m[39m
2026-10-10T01:58:36.7299360Z        [33m[2m✓[22m[39m 应该完成完整的邀请-接受流程 [33m 1148[2mms[22m[39m
2026-10-10T01:58:36.7300540Z        [33m[2m✓[22m[39m 应该完成完整的邀请-拒绝流程 [33m 900[2mms[22m[39m
2026-10-10T01:58:36.7301700Z        [33m[2m✓[22m[39m P2P未初始化时应该仍能创建邀请 [33m 862[2mms[22m[39m
2026-10-10T01:58:36.7302330Z        [33m[2m✓[22m[39m P2P发送失败时应该不影响邀请创建 [33m 879[2mms[22m[39m
2026-10-10T01:58:36.7302980Z        [33m[2m✓[22m[39m 应该处理空的邀请消息 [33m 1092[2mms[22m[39m
2026-10-10T01:58:36.7303620Z        [33m[2m✓[22m[39m 应该处理不同的角色 [33m 1119[2mms[22m[39m
2026-10-10T01:58:37.5433420Z  [32m✓[39m src/main/mtc/__tests__/channel-event-batch.test.js [2m([22m[2m34 tests[22m[2m)[22m[33m 356[2mms[22m[39m
2026-10-10T01:58:38.0828010Z  [32m✓[39m tests/unit/rag/query-rewriter.test.js [2m([22m[2m46 tests[22m[2m | [22m[33m1 skipped[39m[2m)[22m[32m 77[2mms[22m[39m
2026-10-10T01:58:40.0357920Z  [32m✓[39m src/main/task/__tests__/organization-project-goal-workflow-ipc.test.js [2m([22m[2m19 tests[22m[2m)[22m[33m 4346[2mms[22m[39m
2026-10-10T01:58:40.0460040Z      [33m[2m✓[22m[39m requires two distinct reviewers then native requester confirmation for goal actions (create=false) [33m 463[2mms[22m[39m
2026-10-10T01:58:40.0496880Z      [33m[2m✓[22m[39m requires two distinct reviewers then native requester confirmation for goal actions (create=true) [33m 397[2mms[22m[39m
2026-10-10T01:58:40.0518090Z      [33m[2m✓[22m[39m rechecks the goal revision when it is changed during final native confirmation [33m 340[2mms[22m[39m
2026-10-10T01:58:40.0519070Z      [33m[2m✓[22m[39m records cancelled final native confirmation without a task write or charged action [33m 324[2mms[22m[39m
2026-10-10T01:58:40.6405780Z  [32m✓[39m tests/unit/components/organization/organization-members.test.js [2m([22m[2m26 tests[22m[2m | [22m[33m3 skipped[39m[2m)[22m[32m 122[2mms[22m[39m
2026-10-10T01:58:41.1456340Z  [32m✓[39m tests/unit/ukey/pkcs11-driver-enhanced.test.js [2m([22m[2m33 tests[22m[2m)[22m[32m 23[2mms[22m[39m
2026-10-10T01:58:41.6282210Z  [32m✓[39m src/main/defi/__tests__/insurance-pool-manager.test.js [2m([22m[2m34 tests[22m[2m)[22m[32m 57[2mms[22m[39m
2026-10-10T01:58:42.1749860Z  [32m✓[39m src/main/marketplace/__tests__/marketplace-client.test.js [2m([22m[2m54 tests[22m[2m)[22m[32m 60[2mms[22m[39m
2026-10-10T01:58:42.3556820Z  [32m✓[39m tests/unit/pages/NewProjectPage.test.js [2m([22m[2m27 tests[22m[2m)[22m[33m 3722[2mms[22m[39m
2026-10-10T01:58:42.3658850Z        [33m[2m✓[22m[39m 应该在挂载时检查模板推荐 [33m 606[2mms[22m[39m
2026-10-10T01:58:42.3760900Z        [33m[2m✓[22m[39m 应该在首次访问时显示模板推荐 [33m 604[2mms[22m[39m
2026-10-10T01:58:42.3862500Z        [33m[2m✓[22m[39m 应该在已访问时不显示模板推荐 [33m 606[2mms[22m[39m
2026-10-10T01:58:42.3964720Z        [33m[2m✓[22m[39m 应该能保存访问记录 [33m 603[2mms[22m[39m
2026-10-10T01:58:42.4188550Z        [33m[2m✓[22m[39m 应该能处理保存localStorage错误 [33m 612[2mms[22m[39m
2026-10-10T01:58:42.4285410Z        [33m[2m✓[22m[39m 应该处理已显示过推荐的情况 [33m 605[2mms[22m[39m
2026-10-10T01:58:42.9618670Z  [32m✓[39m tests/unit/p2p/signal-session-manager.test.js [2m([22m[2m39 tests[22m[2m)[22m[32m 142[2mms[22m[39m
2026-10-10T01:58:42.9900080Z  [32m✓[39m tests/unit/p2p/device-sync-manager-batched-writes.test.js [2m([22m[2m12 tests[22m[2m)[22m[33m 336[2mms[22m[39m
2026-10-10T01:58:43.0002000Z        [33m[2m✓[22m[39m 应该在1秒定时器到期时自动刷新 [33m 304[2mms[22m[39m
2026-10-10T01:58:43.4777940Z  [32m✓[39m src/renderer/stores/__tests__/projectsQuick.test.ts [2m([22m[2m38 tests[22m[2m)[22m[32m 53[2mms[22m[39m
2026-10-10T01:58:43.5253590Z  [32m✓[39m src/main/llm/__tests__/memory-augmented-generation.test.js [2m([22m[2m32 tests[22m[2m)[22m[32m 46[2mms[22m[39m
2026-10-10T01:58:44.0461420Z  [32m✓[39m src/main/ai-engine/cowork/__tests__/decision-knowledge-base.test.js [2m([22m[2m30 tests[22m[2m)[22m[32m 48[2mms[22m[39m
2026-10-10T01:58:44.0936570Z  [32m✓[39m tests/unit/project/project-creation-transaction.test.js [2m([22m[2m18 tests[22m[2m)[22m[32m 149[2mms[22m[39m
2026-10-10T01:58:44.9972410Z  [32m✓[39m src/renderer/stores/__tests__/file.test.ts [2m([22m[2m29 tests[22m[2m)[22m[32m 189[2mms[22m[39m
2026-10-10T01:58:45.4544090Z  [32m✓[39m src/main/permission/__tests__/permission-engine.test.js [2m([22m[2m30 tests[22m[2m)[22m[32m 80[2mms[22m[39m
2026-10-10T01:58:46.2357800Z  [32m✓[39m src/main/llm/__tests__/stream-controller.test.js [2m([22m[2m48 tests[22m[2m)[22m[32m 63[2mms[22m[39m
2026-10-10T01:58:46.8542670Z  [32m✓[39m src/main/ai-engine/cowork/__tests__/incident-classifier.test.js [2m([22m[2m34 tests[22m[2m)[22m[32m 50[2mms[22m[39m
2026-10-10T01:58:47.4451780Z  [32m✓[39m src/main/social/__tests__/livestream-manager.test.js [2m([22m[2m32 tests[22m[2m)[22m[32m 87[2mms[22m[39m
2026-10-10T01:58:48.0194240Z  [32m✓[39m tests/unit/ai-engine/followup-intent-classifier.test.js [2m([22m[2m57 tests[22m[2m)[22m[32m 96[2mms[22m[39m
2026-10-10T01:58:48.5800480Z  [32m✓[39m tests/unit/p2p/p2p-realtime-sync.test.js [2m([22m[2m11 tests[22m[2m)[22m[33m 3624[2mms[22m[39m
2026-10-10T01:58:48.5939460Z        [33m[2m✓[22m[39m 实时通知应该快速送达 [33m 307[2mms[22m[39m
2026-10-10T01:58:48.6043620Z        [33m[2m✓[22m[39m 实时通知失败时应该依赖降级轮询 [33m 2110[2mms[22m[39m
2026-10-10T01:58:48.6298100Z  [32m✓[39m tests/unit/social/nostr-bridge-ws.test.js [2m([22m[2m27 tests[22m[2m)[22m[32m 140[2mms[22m[39m
2026-10-10T01:58:51.5457820Z  [32m✓[39m tests/unit/p2p/voice-video-manager.test.js [2m([22m[2m27 tests[22m[2m)[22m[33m 2214[2mms[22m[39m
2026-10-10T01:58:51.5538200Z        [33m[2m✓[22m[39m 应该在超时后自动结束通话 [33m 1505[2mms[22m[39m
2026-10-10T01:58:51.5539030Z        [33m[2m✓[22m[39m 应该定期更新通话质量 [33m 603[2mms[22m[39m
2026-10-10T01:58:52.1291820Z  [32m✓[39m src/renderer/locales/__tests__/locales.test.ts [2m([22m[2m34 tests[22m[2m)[22m[32m 137[2mms[22m[39m
2026-10-10T01:58:53.1186460Z  [32m✓[39m tests/unit/document/excel-engine.test.js [2m([22m[2m43 tests[22m[2m)[22m[33m 482[2mms[22m[39m
2026-10-10T01:58:53.7300920Z  [32m✓[39m src/main/ai-engine/__tests__/tool-composition-system.test.js [2m([22m[2m54 tests[22m[2m)[22m[32m 53[2mms[22m[39m
2026-10-10T01:58:54.2885660Z  [32m✓[39m src/main/marketplace/__tests__/plugin-installer.test.js [2m([22m[2m45 tests[22m[2m)[22m[32m 66[2mms[22m[39m
2026-10-10T01:58:54.7843250Z  [32m✓[39m src/main/web-shell/__tests__/ws-cli-loader.test.js [2m([22m[2m21 tests[22m[2m)[22m[33m 5455[2mms[22m[39m
2026-10-10T01:58:54.7954950Z      [33m[2m✓[22m[39m listens on an OS-assigned port and exposes the expected handle shape [33m 3880[2mms[22m[39m
2026-10-10T01:58:54.7979680Z      [33m[2m✓[22m[39m session-create without a sessionManager does not crash the connection [33m 308[2mms[22m[39m
2026-10-10T01:58:54.7980890Z      [33m[2m✓[22m[39m auto-injected manager survives session-create over the live wire (no envelope error) [33m 407[2mms[22m[39m
2026-10-10T01:58:54.8059270Z  [32m✓[39m tests/unit/rag/rag-ipc.test.js [2m([22m[2m33 tests[22m[2m)[22m[32m 58[2mms[22m[39m
2026-10-10T01:58:56.0846540Z  [32m✓[39m tests/unit/edge-cases/edge-cases.test.js [2m([22m[2m33 tests[22m[2m | [22m[33m1 skipped[39m[2m)[22m[33m 829[2mms[22m[39m
2026-10-10T01:58:56.5544570Z  [32m✓[39m src/renderer/stores/__tests__/conversation.test.ts [2m([22m[2m33 tests[22m[2m)[22m[32m 57[2mms[22m[39m
2026-10-10T01:58:57.2706310Z  [32m✓[39m src/main/ai-engine/cowork/skills/__tests__/skill-loader-unit.test.js [2m([22m[2m26 tests[22m[2m)[22m[32m 289[2mms[22m[39m
2026-10-10T01:58:57.5196790Z  [32m✓[39m tests/unit/p2p/p2p-enhanced-integration.test.js [2m([22m[2m24 tests[22m[2m)[22m[33m 2175[2mms[22m[39m
2026-10-10T01:58:57.5298550Z        [33m[2m✓[22m[39m 应该转发质量更新事件 [33m 606[2mms[22m[39m
2026-10-10T01:58:57.5418920Z        [33m[2m✓[22m[39m 应该在超时后自动结束通话 [33m 1505[2mms[22m[39m
2026-10-10T01:58:57.7615000Z  [32m✓[39m tests/unit/stores/social.test.ts [2m([22m[2m27 tests[22m[2m)[22m[32m 45[2mms[22m[39m
2026-10-10T01:58:58.0241860Z  [32m✓[39m src/main/ai-engine/cowork/__tests__/self-improving-agent-handler.test.js [2m([22m[2m24 tests[22m[2m)[22m[32m 44[2mms[22m[39m
2026-10-10T01:58:58.3022250Z  [32m✓[39m src/main/rag/__tests__/embedding-cache.test.js [2m([22m[2m42 tests[22m[2m)[22m[32m 81[2mms[22m[39m
2026-10-10T01:58:58.4896210Z  [32m✓[39m src/renderer/stores/__tests__/conversation-preview.test.ts [2m([22m[2m33 tests[22m[2m)[22m[32m 37[2mms[22m[39m
2026-10-10T01:58:58.7991270Z  [32m✓[39m src/main/ai-engine/cowork/__tests__/multimodal-context.test.js [2m([22m[2m45 tests[22m[2m)[22m[32m 53[2mms[22m[39m
2026-10-10T01:58:59.0826130Z  [32m✓[39m src/main/remote/__tests__/knowledge-handler-phase6-3-step3.test.js [2m([22m[2m40 tests[22m[2m)[22m[32m 111[2mms[22m[39m
2026-10-10T01:58:59.5651950Z  [32m✓[39m src/main/ai-engine/cowork/__tests__/teammate-tool.test.js [2m([22m[2m32 tests[22m[2m)[22m[32m 241[2mms[22m[39m
2026-10-10T01:58:59.6842770Z  [32m✓[39m src/main/ai-engine/cowork/__tests__/modality-fusion.test.js [2m([22m[2m45 tests[22m[2m)[22m[32m 59[2mms[22m[39m
2026-10-10T01:59:00.1433900Z  [32m✓[39m src/main/remote/__tests__/permission-gate.test.js [2m([22m[2m36 tests[22m[2m | [22m[33m2 skipped[39m[2m)[22m[32m 52[2mms[22m[39m
2026-10-10T01:59:00.2032800Z  [32m✓[39m src/main/personal-data-hub/__tests__/aichat-wizard-factory.test.js [2m([22m[2m28 tests[22m[2m)[22m[32m 24[2mms[22m[39m
2026-10-10T01:59:00.6885400Z  [32m✓[39m tests/unit/media/speech-recognizer.test.js [2m([22m[2m43 tests[22m[2m | [22m[33m6 skipped[39m[2m)[22m[32m 45[2mms[22m[39m
2026-10-10T01:59:00.7575390Z  [32m✓[39m src/main/ai-engine/cowork/skills/__tests__/bundled-skill-process-broker.test.js [2m([22m[2m18 tests[22m[2m)[22m[32m 48[2mms[22m[39m
2026-10-10T01:59:01.4314210Z  [32m✓[39m src/main/evolution/__tests__/desktop-pm-clone-recovery-controller.test.js [2m([22m[2m5 tests[22m[2m)[22m[32m 22[2mms[22m[39m
2026-10-10T01:59:01.6765940Z  [32m✓[39m tests/unit/components/planning-components.test.js [2m([22m[2m26 tests[22m[2m)[22m[33m 321[2mms[22m[39m
2026-10-10T01:59:02.0549370Z  [32m✓[39m src/main/skill-tool-system/__tests__/tool-manager.test.js [2m([22m[2m18 tests[22m[2m)[22m[32m 55[2mms[22m[39m
2026-10-10T01:59:02.2169070Z  [32m✓[39m tests/unit/config/config-manager.test.js [2m([22m[2m34 tests[22m[2m)[22m[32m 41[2mms[22m[39m
2026-10-10T01:59:02.7160180Z  [32m✓[39m src/main/sync/__tests__/mobile-ipc.test.js [2m([22m[2m18 tests[22m[2m)[22m[32m 109[2mms[22m[39m
2026-10-10T01:59:02.8991940Z  [32m✓[39m src/main/social/__tests__/social-ipc.test.js [2m([22m[2m41 tests[22m[2m)[22m[32m 82[2mms[22m[39m
2026-10-10T01:59:03.2290090Z  [32m✓[39m src/renderer/stores/__tests__/permission.test.ts [2m([22m[2m27 tests[22m[2m)[22m[32m 45[2mms[22m[39m
2026-10-10T01:59:03.4449930Z  [32m✓[39m src/main/ai-engine/cowork/__tests__/agent-authenticator.test.js [2m([22m[2m46 tests[22m[2m)[22m[32m 66[2mms[22m[39m
2026-10-10T01:59:03.7161360Z  [32m✓[39m src/main/ai-engine/cowork/__tests__/anomaly-detector.test.js [2m([22m[2m29 tests[22m[2m)[22m[32m 44[2mms[22m[39m
2026-10-10T01:59:03.9632730Z  [32m✓[39m tests/unit/crypto/privacy-computing.test.js [2m([22m[2m44 tests[22m[2m)[22m[32m 47[2mms[22m[39m
2026-10-10T01:59:04.2178750Z  [32m✓[39m src/main/security/__tests__/agent-sandbox-v2.test.js [2m([22m[2m41 tests[22m[2m)[22m[32m 51[2mms[22m[39m
2026-10-10T01:59:04.4532140Z  [32m✓[39m tests/unit/multimedia/multimedia-api.test.ts [2m([22m[2m31 tests[22m[2m)[22m[32m 35[2mms[22m[39m
2026-10-10T01:59:04.7525690Z  [32m✓[39m tests/unit/ukey/ukey-ipc.test.js [2m([22m[2m38 tests[22m[2m)[22m[32m 65[2mms[22m[39m
2026-10-10T01:59:04.9668460Z  [32m✓[39m tests/unit/security/permission-system.test.js [2m([22m[2m29 tests[22m[2m)[22m[32m 41[2mms[22m[39m
2026-10-10T01:59:05.2976620Z  [32m✓[39m src/main/defi/__tests__/atomic-swap-manager.test.js [2m([22m[2m33 tests[22m[2m)[22m[32m 74[2mms[22m[39m
2026-10-10T01:59:05.5818000Z  [32m✓[39m tests/unit/evomap/evomap-gene-synthesizer.test.js [2m([22m[2m50 tests[22m[2m)[22m[32m 124[2mms[22m[39m
2026-10-10T01:59:05.8407120Z  [32m✓[39m src/main/remote/__tests__/ai-handler-phase6-4-commit1.test.js [2m([22m[2m38 tests[22m[2m)[22m[32m 74[2mms[22m[39m
2026-10-10T01:59:06.1007310Z  [32m✓[39m src/main/llm/__tests__/prompt-compressor.test.js [2m([22m[2m35 tests[22m[2m)[22m[32m 50[2mms[22m[39m
2026-10-10T01:59:06.6116010Z  [32m✓[39m src/main/llm/__tests__/token-tracker.test.js [2m([22m[2m34 tests[22m[2m)[22m[32m 54[2mms[22m[39m
2026-10-10T01:59:07.1393760Z  [32m✓[39m src/main/mtc/__tests__/mtc-ipc.test.js [2m([22m[2m31 tests[22m[2m)[22m[32m 94[2mms[22m[39m
2026-10-10T01:59:07.8157380Z  [32m✓[39m src/main/ai-engine/cowork/__tests__/file-sandbox.test.js [2m([22m[2m38 tests[22m[2m)[22m[32m 158[2mms[22m[39m
2026-10-10T01:59:08.4090180Z  [32m✓[39m src/main/mtc/__tests__/channel-envelope-archiver.test.js [2m([22m[2m26 tests[22m[2m)[22m[32m 297[2mms[22m[39m
2026-10-10T01:59:09.4121560Z  [32m✓[39m tests/unit/pages/Wallet.test.js [2m([22m[2m33 tests[22m[2m)[22m[32m 202[2mms[22m[39m
2026-10-10T01:59:09.8782630Z  [32m✓[39m tests/unit/ukey/hsm-federation.test.js [2m([22m[2m39 tests[22m[2m)[22m[33m 3573[2mms[22m[39m
2026-10-10T01:59:10.0038940Z  [32m✓[39m tests/unit/social/nostr-bridge.test.js [2m([22m[2m28 tests[22m[2m)[22m[32m 69[2mms[22m[39m
2026-10-10T01:59:10.4175530Z  [32m✓[39m src/main/llm/__tests__/volcengine-function-capability.test.js [2m([22m[2m28 tests[22m[2m)[22m[32m 32[2mms[22m[39m
2026-10-10T01:59:10.5439470Z  [32m✓[39m tests/unit/mcp/mcp-performance-monitor.test.js [2m([22m[2m37 tests[22m[2m)[22m[32m 66[2mms[22m[39m
2026-10-10T01:59:10.9199900Z  [32m✓[39m src/main/ai-engine/cowork/__tests__/skill-discoverer.test.js [2m([22m[2m25 tests[22m[2m)[22m[32m 30[2mms[22m[39m
2026-10-10T01:59:10.9410290Z  [32m✓[39m src/main/hooks/__tests__/hook-system.test.js [2m([22m[2m33 tests[22m[2m)[22m[32m 188[2mms[22m[39m
2026-10-10T01:59:11.4560060Z  [32m✓[39m src/main/browser/actions/__tests__/screen-recorder.test.js [2m([22m[2m44 tests[22m[2m)[22m[32m 62[2mms[22m[39m
2026-10-10T01:59:11.4562020Z  [32m✓[39m src/main/trade/__tests__/group-buying-manager.test.js [2m([22m[2m28 tests[22m[2m)[22m[32m 51[2mms[22m[39m
2026-10-10T01:59:12.0134230Z  [32m✓[39m src/main/ai-engine/cowork/__tests__/document-parser.test.js [2m([22m[2m27 tests[22m[2m)[22m[32m 39[2mms[22m[39m
2026-10-10T01:59:12.0528580Z  [32m✓[39m tests/unit/stores/llm.test.js [2m([22m[2m62 tests[22m[2m)[22m[32m 76[2mms[22m[39m
2026-10-10T01:59:12.5801880Z  [32m✓[39m src/renderer/stores/__tests__/session.test.ts [2m([22m[2m33 tests[22m[2m)[22m[32m 72[2mms[22m[39m
2026-10-10T01:59:12.7144450Z  [32m✓[39m tests/unit/project/project-root-path.test.js [2m([22m[2m31 tests[22m[2m)[22m[32m 71[2mms[22m[39m
2026-10-10T01:59:13.3643290Z  [32m✓[39m tests/unit/stores/autonomousOps.test.ts [2m([22m[2m38 tests[22m[2m)[22m[32m 59[2mms[22m[39m
2026-10-10T01:59:13.7071800Z  [32m✓[39m tests/unit/mcp/mcp-client-manager.test.js [2m([22m[2m34 tests[22m[2m)[22m[32m 167[2mms[22m[39m
2026-10-10T01:59:14.0477530Z  [32m✓[39m src/main/evolution/__tests__/desktop-pm-exploration-readiness.test.js [2m([22m[2m17 tests[22m[2m)[22m[32m 39[2mms[22m[39m
2026-10-10T01:59:14.3315020Z  [32m✓[39m tests/unit/llm/context-engineering.test.js [2m([22m[2m47 tests[22m[2m)[22m[32m 57[2mms[22m[39m
2026-10-10T01:59:14.8315600Z  [32m✓[39m src/main/personal-data-hub/__tests__/route-mobile.test.js [2m([22m[2m23 tests[22m[2m)[22m[32m 26[2mms[22m[39m
2026-10-10T01:59:14.8853730Z  [32m✓[39m tests/unit/stores/conversation.test.js [2m([22m[2m50 tests[22m[2m)[22m[32m 90[2mms[22m[39m
2026-10-10T01:59:15.3702240Z  [32m✓[39m src/main/web-shell/__tests__/notification-handlers.test.js [2m([22m[2m28 tests[22m[2m)[22m[32m 26[2mms[22m[39m
2026-10-10T01:59:15.4332720Z  [32m✓[39m src/main/ai-engine/cowork/skills/__tests__/bundled-skill-egress-broker.test.js [2m([22m[2m25 tests[22m[2m)[22m[32m 85[2mms[22m[39m
2026-10-10T01:59:15.8991290Z  [32m✓[39m src/main/marketplace/__tests__/skill-marketplace-client.test.js [2m([22m[2m34 tests[22m[2m)[22m[32m 56[2mms[22m[39m
2026-10-10T01:59:15.9990270Z  [32m✓[39m src/main/ai-engine/cowork/skills/__tests__/v1.2.0-debugging-strategies.test.js [2m([22m[2m35 tests[22m[2m)[22m[32m 75[2mms[22m[39m
2026-10-10T01:59:16.4422620Z  [32m✓[39m src/main/ai-engine/cowork/__tests__/project-style-analyzer.test.js [2m([22m[2m26 tests[22m[2m)[22m[32m 77[2mms[22m[39m
2026-10-10T01:59:16.7122870Z  [32m✓[39m src/main/database/__tests__/db-secret-provider-ukey.test.js [2m([22m[2m27 tests[22m[2m)[22m[32m 255[2mms[22m[39m
2026-10-10T01:59:16.9354720Z  [32m✓[39m tests/unit/rag/rag-manager.test.js [2m([22m[2m29 tests[22m[2m | [22m[33m14 skipped[39m[2m)[22m[32m 75[2mms[22m[39m
2026-10-10T01:59:17.2113210Z  [32m✓[39m src/main/trade/__tests__/auction-manager.test.js [2m([22m[2m28 tests[22m[2m)[22m[32m 49[2mms[22m[39m
2026-10-10T01:59:17.4741160Z  [32m✓[39m src/main/browser/actions/__tests__/audit-logger.test.js [2m([22m[2m33 tests[22m[2m)[22m[32m 85[2mms[22m[39m
2026-10-10T01:59:17.6783930Z  [32m✓[39m src/main/llm/__tests__/llm-ipc-groups-privacy.test.js [2m([22m[2m5 tests[22m[2m)[22m[32m 17[2mms[22m[39m
2026-10-10T01:59:17.9554530Z  [32m✓[39m src/main/llm/__tests__/llm-selector.test.js [2m([22m[2m44 tests[22m[2m)[22m[32m 35[2mms[22m[39m
2026-10-10T01:59:18.1519460Z  [32m✓[39m src/main/ai-engine/cowork/__tests__/spec-translator.test.js [2m([22m[2m31 tests[22m[2m)[22m[32m 41[2mms[22m[39m
2026-10-10T01:59:18.4193160Z  [32m✓[39m src/main/evolution/__tests__/desktop-pm-read-only-outcome-reader.test.js [2m([22m[2m12 tests[22m[2m)[22m[32m 33[2mms[22m[39m
2026-10-10T01:59:18.6502380Z  [32m✓[39m src/main/trade/__tests__/installment-manager.test.js [2m([22m[2m28 tests[22m[2m)[22m[32m 37[2mms[22m[39m
2026-10-10T01:59:18.9185320Z  [32m✓[39m src/main/ai-engine/plan-mode/__tests__/plan-mode.test.js [2m([22m[2m48 tests[22m[2m)[22m[32m 79[2mms[22m[39m
2026-10-10T01:59:19.3255030Z  [32m✓[39m tests/unit/components/OfflineQueueManager.test.ts [2m([22m[2m19 tests[22m[2m)[22m[32m 186[2mms[22m[39m
2026-10-10T01:59:19.4859680Z (node:45927) Warning: Closing file descriptor 13 on garbage collection
2026-10-10T01:59:19.4961100Z (Use `node --trace-warnings ...` to show where the warning was created)
2026-10-10T01:59:19.5002710Z (node:45927) [DEP0137] DeprecationWarning: Closing a FileHandle object on garbage collection is deprecated. Please close FileHandle objects explicitly using FileHandle.prototype.close(). In the future, an error will be thrown if a file descriptor is closed during garbage collection.
2026-10-10T01:59:19.5104910Z (node:45927) Warning: Closing file descriptor 14 on garbage collection
2026-10-10T01:59:19.5206660Z  [32m✓[39m src/main/remote/__tests__/android-file-handler.test.js [2m([22m[2m30 tests[22m[2m)[22m[32m 133[2mms[22m[39m
2026-10-10T01:59:19.8162420Z  [32m✓[39m src/main/browser/actions/__tests__/console-capture.test.js [2m([22m[2m37 tests[22m[2m)[22m[32m 36[2mms[22m[39m
2026-10-10T01:59:19.9851810Z  [32m✓[39m src/main/trade/__tests__/lightning-payment.test.js [2m([22m[2m30 tests[22m[2m)[22m[32m 37[2mms[22m[39m
2026-10-10T01:59:20.3553920Z  [32m✓[39m tests/unit/utils/ipc-validator.test.js [2m([22m[2m51 tests[22m[2m)[22m[32m 47[2mms[22m[39m
2026-10-10T01:59:20.4462620Z  [32m✓[39m tests/unit/stores/compliance.test.ts [2m([22m[2m34 tests[22m[2m)[22m[32m 31[2mms[22m[39m
2026-10-10T01:59:20.5926620Z  [32m✓[39m src/main/permission/__tests__/delegation-manager.test.js [2m([22m[2m25 tests[22m[2m)[22m[32m 34[2mms[22m[39m
2026-10-10T01:59:21.1635940Z  [32m✓[39m src/main/ai-engine/cowork/skills/__tests__/skill-execution-security.test.js [2m([22m[2m24 tests[22m[2m)[22m[32m 209[2mms[22m[39m
2026-10-10T01:59:21.2014100Z  [32m✓[39m tests/unit/media/speech-manager.test.js [2m([22m[2m22 tests[22m[2m)[22m[32m 93[2mms[22m[39m
2026-10-10T01:59:21.6492300Z  [32m✓[39m src/main/web-shell/__tests__/mcp-handlers.test.js [2m([22m[2m31 tests[22m[2m)[22m[32m 33[2mms[22m[39m
2026-10-10T01:59:21.7063500Z  [32m✓[39m tests/unit/database/sql-security.test.js [2m([22m[2m48 tests[22m[2m)[22m[32m 61[2mms[22m[39m
2026-10-10T01:59:22.1685710Z  [32m✓[39m src/main/blockchain/__tests__/dao-governance-v2.test.js [2m([22m[2m30 tests[22m[2m)[22m[32m 50[2mms[22m[39m
2026-10-10T01:59:22.4032990Z  [32m✓[39m src/main/templates/__tests__/demo-template-loader.test.js [2m([22m[2m48 tests[22m[2m)[22m[32m 234[2mms[22m[39m
2026-10-10T01:59:22.6453640Z  [32m✓[39m tests/unit/social/local-recommender.test.js [2m([22m[2m27 tests[22m[2m)[22m[32m 31[2mms[22m[39m
2026-10-10T01:59:22.9183270Z  [32m✓[39m src/renderer/stores/__tests__/skill.test.ts [2m([22m[2m29 tests[22m[2m)[22m[32m 60[2mms[22m[39m
2026-10-10T01:59:23.1388290Z  [32m✓[39m src/main/web-shell/__tests__/llm-handlers.test.js [2m([22m[2m24 tests[22m[2m)[22m[32m 25[2mms[22m[39m
2026-10-10T01:59:23.7224980Z  [32m✓[39m src/renderer/utils/__tests__/animation-controller.test.ts [2m([22m[2m37 tests[22m[2m)[22m[32m 78[2mms[22m[39m
2026-10-10T01:59:24.5020190Z  [32m✓[39m src/main/web-shell/__tests__/web-shell-bootstrap.test.js [2m([22m[2m25 tests[22m[2m)[22m[33m 1073[2mms[22m[39m
2026-10-10T01:59:25.3524020Z  [32m✓[39m src/main/p2p/__tests__/mobile-bridge.test.js [2m([22m[2m17 tests[22m[2m)[22m[33m 352[2mms[22m[39m
2026-10-10T01:59:25.8896550Z  [32m✓[39m tests/unit/ai-engine/task-planner.test.js [2m([22m[2m42 tests[22m[2m)[22m[32m 117[2mms[22m[39m
2026-10-10T01:59:26.4073470Z  [32m✓[39m src/main/web-shell/__tests__/screenshot-handlers.test.js [2m([22m[2m22 tests[22m[2m)[22m[32m 25[2mms[22m[39m
2026-10-10T01:59:26.9011370Z  [32m✓[39m src/main/social/__tests__/photo-encryptor.test.js [2m([22m[2m55 tests[22m[2m)[22m[32m 69[2mms[22m[39m
2026-10-10T01:59:27.1079440Z  [32m✓[39m src/main/permission/__tests__/team-manager.test.js [2m([22m[2m31 tests[22m[2m)[22m[32m 26[2mms[22m[39m
2026-10-10T01:59:28.4414170Z  [32m✓[39m src/main/task/__tests__/organization-project-risk-ipc.test.js [2m([22m[2m24 tests[22m[2m)[22m[33m 902[2mms[22m[39m
2026-10-10T01:59:28.8908980Z  [32m✓[39m tests/unit/project/path-security.test.js [2m([22m[2m44 tests[22m[2m)[22m[32m 40[2mms[22m[39m
2026-10-10T01:59:29.2992310Z  [32m✓[39m src/main/web-shell/__tests__/window-open-handler.test.js [2m([22m[2m26 tests[22m[2m)[22m[32m 20[2mms[22m[39m
2026-10-10T01:59:29.7115310Z  [32m✓[39m src/main/remote/__tests__/command-history-handler-phase6-5.test.js [2m([22m[2m21 tests[22m[2m)[22m[32m 23[2mms[22m[39m
2026-10-10T01:59:30.8889240Z  [32m✓[39m src/main/task/__tests__/organization-project-goal-ipc.test.js [2m([22m[2m24 tests[22m[2m)[22m[33m 714[2mms[22m[39m
2026-10-10T01:59:31.6028550Z  [32m✓[39m src/main/task/__tests__/project-goal-monitoring-host.test.js [2m([22m[2m20 tests[22m[2m)[22m[32m 241[2mms[22m[39m
2026-10-10T01:59:32.2347000Z  [32m✓[39m src/main/llm/__tests__/llm-manager-category-routing.test.js [2m([22m[2m35 tests[22m[2m)[22m[32m 22[2mms[22m[39m
2026-10-10T01:59:32.7121640Z  [32m✓[39m src/main/rag/__tests__/query-rewriter.test.js [2m([22m[2m36 tests[22m[2m)[22m[32m 36[2mms[22m[39m
2026-10-10T01:59:33.4177350Z  [32m✓[39m src/main/sync/__tests__/oss-client.test.js [2m([22m[2m29 tests[22m[2m)[22m[33m 9206[2mms[22m[39m
2026-10-10T01:59:33.4179130Z      [33m[2m✓[22m[39m 501 → conflict (IfMatch not supported degrade) [33m 1664[2mms[22m[39m
2026-10-10T01:59:33.4187340Z      [33m[2m✓[22m[39m 5xx retries up to RETRY_MAX then fails [33m 1651[2mms[22m[39m
2026-10-10T01:59:33.4216350Z      [33m[2m✓[22m[39m 5xx retries then fails [33m 1738[2mms[22m[39m
2026-10-10T01:59:33.4219370Z      [33m[2m✓[22m[39m 5xx throws after retries [33m 1754[2mms[22m[39m
2026-10-10T01:59:33.4225420Z      [33m[2m✓[22m[39m 429 retries [33m 1759[2mms[22m[39m
2026-10-10T01:59:33.4226170Z      [33m[2m✓[22m[39m 503 retries [33m 613[2mms[22m[39m
2026-10-10T01:59:33.9060810Z  [32m✓[39m src/main/rag/__tests__/text-splitter.test.js [2m([22m[2m37 tests[22m[2m)[22m[32m 27[2mms[22m[39m
2026-10-10T01:59:34.0810530Z  [32m✓[39m src/main/task/__tests__/organization-project-goal-periodic-ipc.test.js [2m([22m[2m23 tests[22m[2m)[22m[33m 931[2mms[22m[39m
2026-10-10T01:59:34.4093640Z  [32m✓[39m src/main/mtc/__tests__/governance-multisig.test.js [2m([22m[2m27 tests[22m[2m)[22m[32m 275[2mms[22m[39m
2026-10-10T01:59:34.6443750Z  [32m✓[39m src/main/remote/__tests__/knowledge-handler-phase6-3.test.js [2m([22m[2m30 tests[22m[2m)[22m[32m 80[2mms[22m[39m
2026-10-10T01:59:35.1037470Z  [32m✓[39m src/main/remote/__tests__/mobile-skill-whitelist.test.js [2m([22m[2m25 tests[22m[2m)[22m[32m 23[2mms[22m[39m
2026-10-10T01:59:35.5726020Z  [32m✓[39m src/main/notification/__tests__/notification-authority-ipc.test.js [2m([22m[2m29 tests[22m[2m)[22m[32m 65[2mms[22m[39m
2026-10-10T01:59:35.6270890Z  [32m✓[39m src/main/remote/__tests__/ai-handler-phase5-fix.test.js [2m([22m[2m23 tests[22m[2m)[22m[33m 752[2mms[22m[39m
2026-10-10T01:59:36.2926760Z  [32m✓[39m src/main/remote/__tests__/knowledge-handler-phase6-3-step2.test.js [2m([22m[2m23 tests[22m[2m)[22m[32m 175[2mms[22m[39m
2026-10-10T01:59:36.3330610Z  [32m✓[39m src/main/sync/__tests__/webdav-engine.test.js [2m([22m[2m12 tests[22m[2m)[22m[32m 169[2mms[22m[39m
2026-10-10T01:59:36.8239820Z  [32m✓[39m src/main/llm/__tests__/volcengine-ipc-privacy.test.js [2m([22m[2m11 tests[22m[2m)[22m[32m 15[2mms[22m[39m
2026-10-10T01:59:37.2551290Z  [32m✓[39m src/main/task/__tests__/organization-project-ipc.test.js [2m([22m[2m14 tests[22m[2m)[22m[33m 439[2mms[22m[39m
2026-10-10T01:59:37.2755900Z  [32m✓[39m src/main/llm/__tests__/token-tracker-ipc-privacy.test.js [2m([22m[2m7 tests[22m[2m)[22m[32m 29[2mms[22m[39m
2026-10-10T01:59:37.7599210Z  [32m✓[39m src/main/personal-data-hub/__tests__/wechat-wiring.test.js [2m([22m[2m15 tests[22m[2m)[22m[32m 23[2mms[22m[39m
2026-10-10T01:59:37.8403970Z  [32m✓[39m src/main/sync/__tests__/sync-external-store.test.js [2m([22m[2m18 tests[22m[2m)[22m[32m 145[2mms[22m[39m
2026-10-10T01:59:38.3425460Z  [32m✓[39m src/main/llm/__tests__/prompt-compressor-ipc-authorization.test.js [2m([22m[2m8 tests[22m[2m)[22m[32m 27[2mms[22m[39m
2026-10-10T01:59:38.7815500Z  [32m✓[39m src/main/ipfs/__tests__/ipfs-ipc.test.js [2m([22m[2m28 tests[22m[2m)[22m[32m 38[2mms[22m[39m
2026-10-10T01:59:38.8143390Z  [32m✓[39m src/main/remote/__tests__/m4-d2-cross-end-approval.test.js [2m([22m[2m10 tests[22m[2m)[22m[33m 526[2mms[22m[39m
2026-10-10T01:59:38.8153730Z      [33m[2m✓[22m[39m Android slow-response → channel timeout fires first → command denied with timeout [33m 503[2mms[22m[39m
2026-10-10T01:59:39.2966710Z  [32m✓[39m src/main/remote/__tests__/workflow-handler-phase6-5-clone-export-import.test.js [2m([22m[2m17 tests[22m[2m)[22m[32m 31[2mms[22m[39m
2026-10-10T01:59:39.7032460Z  [32m✓[39m src/main/web-shell/__tests__/terminal-handlers.test.js [2m([22m[2m18 tests[22m[2m)[22m[32m 17[2mms[22m[39m
2026-10-10T01:59:40.6846820Z  [32m✓[39m src/main/web-shell/__tests__/web-shell-integration.test.js [2m([22m[2m10 tests[22m[2m)[22m[33m 587[2mms[22m[39m
2026-10-10T01:59:41.1900480Z  [32m✓[39m src/renderer/stores/__tests__/goal-notifications.test.ts [2m([22m[2m27 tests[22m[2m)[22m[32m 84[2mms[22m[39m
2026-10-10T01:59:41.6010270Z  [32m✓[39m src/main/sync/__tests__/webdav-client.test.js [2m([22m[2m23 tests[22m[2m)[22m[33m 2382[2mms[22m[39m
2026-10-10T01:59:41.6014830Z      [33m[2m✓[22m[39m retries on 503 up to 3 times [33m 1844[2mms[22m[39m
2026-10-10T01:59:41.6092010Z      [33m[2m✓[22m[39m retries on 429 then succeeds [33m 511[2mms[22m[39m
2026-10-10T01:59:41.6498140Z  [32m✓[39m src/main/remote/__tests__/ai-handler-phase6-4-commit2.test.js [2m([22m[2m23 tests[22m[2m)[22m[32m 58[2mms[22m[39m
2026-10-10T01:59:42.2688700Z  [32m✓[39m src/main/social/__tests__/channel-manager-signing.integration.test.js [2m([22m[2m8 tests[22m[2m)[22m[32m 149[2mms[22m[39m
2026-10-10T01:59:42.7706740Z  [32m✓[39m src/main/skill-tool-system/__tests__/skill-manager.test.js [2m([22m[2m14 tests[22m[2m)[22m[32m 39[2mms[22m[39m
2026-10-10T01:59:43.3189430Z  [32m✓[39m src/main/rag/__tests__/bm25-search.test.js [2m([22m[2m30 tests[22m[2m)[22m[32m 62[2mms[22m[39m
2026-10-10T01:59:43.3460990Z  [32m✓[39m src/main/social/__tests__/collab-sync-boundaries.test.js [2m([22m[2m11 tests[22m[2m)[22m[32m 112[2mms[22m[39m
2026-10-10T01:59:43.8096520Z  [32m✓[39m src/main/remote/__tests__/command-router.test.js [2m([22m[2m31 tests[22m[2m)[22m[32m 42[2mms[22m[39m
2026-10-10T01:59:43.8435150Z  [32m✓[39m src/main/remote/__tests__/notification-handler-phase4-fix.test.js [2m([22m[2m16 tests[22m[2m)[22m[32m 32[2mms[22m[39m
2026-10-10T01:59:44.2797920Z  [32m✓[39m src/main/sync/__tests__/oss-ipc.test.js [2m([22m[2m19 tests[22m[2m)[22m[32m 35[2mms[22m[39m
2026-10-10T01:59:44.3314520Z  [32m✓[39m src/main/p2p/__tests__/p2p-manager-dispatch.test.js [2m([22m[2m22 tests[22m[2m)[22m[32m 16[2mms[22m[39m
2026-10-10T01:59:44.8386920Z  [32m✓[39m src/main/sync/__tests__/oss-engine.test.js [2m([22m[2m10 tests[22m[2m)[22m[32m 112[2mms[22m[39m
2026-10-10T01:59:45.3520250Z  [32m✓[39m src/main/llm/__tests__/secure-storage-ipc-privacy.test.js [2m([22m[2m8 tests[22m[2m)[22m[32m 24[2mms[22m[39m
2026-10-10T01:59:45.4153960Z  [32m✓[39m src/main/notification/__tests__/project-goal-notification-journey.test.js [2m([22m[2m12 tests[22m[2m)[22m[33m 581[2mms[22m[39m
2026-10-10T01:59:45.8616190Z  [32m✓[39m src/main/marketplace/__tests__/plugin-ecosystem-v2.test.js [2m([22m[2m23 tests[22m[2m)[22m[32m 34[2mms[22m[39m
2026-10-10T01:59:45.9622820Z  [32m✓[39m src/main/speech/__tests__/local-tts-client.test.js [2m([22m[2m15 tests[22m[2m)[22m[32m 31[2mms[22m[39m
2026-10-10T01:59:46.3976430Z  [32m✓[39m src/renderer/stores/__tests__/agents.test.ts [2m([22m[2m13 tests[22m[2m)[22m[32m 27[2mms[22m[39m
2026-10-10T01:59:46.5131890Z  [32m✓[39m src/main/social/__tests__/gossip-channel-receiver.integration.test.js [2m([22m[2m8 tests[22m[2m)[22m[32m 39[2mms[22m[39m
2026-10-10T01:59:46.9761950Z  [32m✓[39m src/main/web-shell/__tests__/fs-handlers.test.js [2m([22m[2m15 tests[22m[2m)[22m[32m 30[2mms[22m[39m
2026-10-10T01:59:47.0713340Z  [32m✓[39m src/main/runtime/__tests__/universal-runtime.test.js [2m([22m[2m23 tests[22m[2m)[22m[32m 76[2mms[22m[39m
2026-10-10T01:59:47.6478450Z  [32m✓[39m src/main/llm/__tests__/instinct-ipc-authorization.test.js [2m([22m[2m6 tests[22m[2m)[22m[32m 14[2mms[22m[39m
2026-10-10T01:59:47.6880980Z  [32m✓[39m src/main/llm/__tests__/response-cache.test.js [2m([22m[2m24 tests[22m[2m)[22m[32m 115[2mms[22m[39m
2026-10-10T01:59:48.3202790Z  [32m✓[39m src/main/task/__tests__/organization-project-authority-host.test.js [2m([22m[2m12 tests[22m[2m)[22m[32m 73[2mms[22m[39m
2026-10-10T01:59:48.3517140Z  [32m✓[39m src/main/social/__tests__/collab-awareness.test.js [2m([22m[2m25 tests[22m[2m)[22m[32m 88[2mms[22m[39m
2026-10-10T01:59:48.8827650Z  [32m✓[39m src/main/personal-data-hub/__tests__/registry-parity.test.js [2m([22m[2m18 tests[22m[2m)[22m[32m 37[2mms[22m[39m
2026-10-10T01:59:49.1734190Z  [32m✓[39m src/main/llm/__tests__/secure-config-atomic-file.test.js [2m([22m[2m14 tests[22m[2m)[22m[33m 327[2mms[22m[39m
2026-10-10T01:59:49.3846110Z  [32m✓[39m src/main/mtc/__tests__/auto-archive-scheduler.test.js [2m([22m[2m19 tests[22m[2m)[22m[32m 20[2mms[22m[39m
2026-10-10T01:59:49.3885510Z  [32m✓[39m src/main/sync/__tests__/webdav-ipc.test.js [2m([22m[2m17 tests[22m[2m)[22m[32m 24[2mms[22m[39m
2026-10-10T01:59:49.8680190Z  [32m✓[39m src/main/plugins/__tests__/plugin-lazy-ipc-error-boundary.test.js [2m([22m[2m3 tests[22m[2m)[22m[32m 14[2mms[22m[39m
2026-10-10T01:59:49.8731110Z  [32m✓[39m src/main/web-shell/__tests__/sync-oss-handlers.test.js [2m([22m[2m21 tests[22m[2m)[22m[32m 18[2mms[22m[39m
2026-10-10T01:59:50.3353600Z  [32m✓[39m src/main/process/__tests__/desktop-process-broker.test.js [2m([22m[2m9 tests[22m[2m)[22m[32m 16[2mms[22m[39m
2026-10-10T01:59:50.3664800Z  [32m✓[39m src/main/llm/__tests__/llm-state-bus.test.js [2m([22m[2m21 tests[22m[2m)[22m[32m 18[2mms[22m[39m
2026-10-10T01:59:50.8346100Z  [32m✓[39m src/renderer/stores/__tests__/analytics-dashboard.test.ts [2m([22m[2m20 tests[22m[2m)[22m[32m 26[2mms[22m[39m
2026-10-10T01:59:51.3216470Z  [32m✓[39m src/main/remote/__tests__/command-router-mobile-bridge.test.js [2m([22m[2m11 tests[22m[2m)[22m[32m 69[2mms[22m[39m
2026-10-10T01:59:51.5487480Z  [32m✓[39m src/main/ukey/__tests__/integration.test.js [2m([22m[2m11 tests[22m[2m)[22m[33m 727[2mms[22m[39m
2026-10-10T01:59:51.7863890Z  [32m✓[39m src/main/web-shell/__tests__/manual-pair-listener.test.js [2m([22m[2m14 tests[22m[2m)[22m[32m 22[2mms[22m[39m
2026-10-10T01:59:52.0245310Z  [32m✓[39m src/main/permission/__tests__/rbac-authority.test.js [2m([22m[2m27 tests[22m[2m)[22m[32m 35[2mms[22m[39m
2026-10-10T01:59:52.2302570Z  [32m✓[39m src/main/web-shell/__tests__/sync-status-handlers.test.js [2m([22m[2m16 tests[22m[2m)[22m[32m 18[2mms[22m[39m
2026-10-10T01:59:52.6979810Z  [32m✓[39m src/renderer/stores/__tests__/cowork.test.ts [2m([22m[2m14 tests[22m[2m)[22m[32m 22[2mms[22m[39m
2026-10-10T01:59:52.9274520Z  [32m✓[39m src/main/rag/__tests__/hybrid-search-engine.test.js [2m([22m[2m25 tests[22m[2m)[22m[32m 54[2mms[22m[39m
2026-10-10T01:59:53.1576520Z  [32m✓[39m src/main/marketplace/__tests__/skill-packager.test.js [2m([22m[2m18 tests[22m[2m)[22m[32m 18[2mms[22m[39m
2026-10-10T01:59:53.4208440Z  [32m✓[39m src/renderer/stores/__tests__/design.test.ts [2m([22m[2m17 tests[22m[2m)[22m[32m 22[2mms[22m[39m
2026-10-10T01:59:53.6395600Z  [32m✓[39m src/main/trade/__tests__/asset-manager-atomicity.test.js [2m([22m[2m7 tests[22m[2m)[22m[32m 27[2mms[22m[39m
2026-10-10T01:59:53.8762030Z  [32m✓[39m src/main/llm/__tests__/llm-core-ipc-authorization.test.js [2m([22m[2m6 tests[22m[2m)[22m[32m 10[2mms[22m[39m
2026-10-10T01:59:54.1183690Z  [32m✓[39m src/main/marketplace/__tests__/marketplace-ipc.test.js [2m([22m[2m23 tests[22m[2m)[22m[32m 39[2mms[22m[39m
2026-10-10T01:59:54.3681430Z  [32m✓[39m src/main/social/__tests__/community-ipc-dual-track.integration.test.js [2m([22m[2m12 tests[22m[2m)[22m[32m 22[2mms[22m[39m
2026-10-10T01:59:54.5613170Z  [32m✓[39m src/main/llm/__tests__/llm-ipc-token-success-privacy.test.js [2m([22m[2m4 tests[22m[2m)[22m[32m 8[2mms[22m[39m
2026-10-10T01:59:54.8203520Z  [32m✓[39m src/renderer/stores/__tests__/memory.test.ts [2m([22m[2m21 tests[22m[2m)[22m[32m 26[2mms[22m[39m
2026-10-10T01:59:55.2656920Z  [32m✓[39m src/main/llm/__tests__/response-cache-ipc-authorization.test.js [2m([22m[2m6 tests[22m[2m)[22m[32m 18[2mms[22m[39m
2026-10-10T01:59:55.5047330Z  [32m✓[39m src/main/ukey/__tests__/cloud-backup-manager.test.js [2m([22m[2m14 tests[22m[2m)[22m[33m 522[2mms[22m[39m
2026-10-10T01:59:56.1469620Z  [32m✓[39m src/main/web-shell/__tests__/desktop-pair-handlers.test.js [2m([22m[2m15 tests[22m[2m)[22m[32m 71[2mms[22m[39m
2026-10-10T01:59:56.4124820Z  [32m✓[39m src/main/remote/__tests__/mobile-approval-channel.test.js [2m([22m[2m20 tests[22m[2m)[22m[33m 455[2mms[22m[39m
2026-10-10T01:59:57.1135220Z  [32m✓[39m src/main/social/__tests__/community-ipc-merkle-enqueue.integration.test.js [2m([22m[2m8 tests[22m[2m)[22m[32m 25[2mms[22m[39m
2026-10-10T01:59:57.1480160Z  [32m✓[39m src/main/llm/__tests__/llm-ipc-core-success-privacy.test.js [2m([22m[2m5 tests[22m[2m)[22m[32m 110[2mms[22m[39m
2026-10-10T01:59:57.7793950Z  [32m✓[39m src/main/web-shell/__tests__/window-geometry-persister.test.js [2m([22m[2m12 tests[22m[2m)[22m[32m 26[2mms[22m[39m
2026-10-10T01:59:58.3733340Z  [32m✓[39m src/renderer/stores/__tests__/deployment.test.ts [2m([22m[2m11 tests[22m[2m)[22m[32m 22[2mms[22m[39m
2026-10-10T01:59:59.0688040Z  [32m✓[39m src/main/ukey/__tests__/contract-signer.test.js [2m([22m[2m16 tests[22m[2m)[22m[32m 28[2mms[22m[39m
2026-10-10T01:59:59.7934430Z  [32m✓[39m src/main/trade/__tests__/settlement-escrow-ipc.test.js [2m([22m[2m18 tests[22m[2m)[22m[32m 139[2mms[22m[39m
2026-10-10T02:00:00.4389160Z  [32m✓[39m src/main/web-shell/__tests__/sync-webdav-handlers.test.js [2m([22m[2m18 tests[22m[2m)[22m[32m 23[2mms[22m[39m
2026-10-10T02:00:00.8678970Z  [32m✓[39m src/main/llm/__tests__/llm-ipc-selector-privacy.test.js [2m([22m[2m5 tests[22m[2m)[22m[32m 10[2mms[22m[39m
2026-10-10T02:00:01.3052090Z  [32m✓[39m src/renderer/stores/__tests__/extensionRegistry.test.ts [2m([22m[2m10 tests[22m[2m)[22m[32m 16[2mms[22m[39m
2026-10-10T02:00:01.7751230Z  [32m✓[39m src/renderer/stores/__tests__/ipfsCluster.test.ts [2m([22m[2m11 tests[22m[2m)[22m[32m 13[2mms[22m[39m
2026-10-10T02:00:02.2426480Z  [32m✓[39m src/main/plugins/__tests__/semver-utils.test.js [2m([22m[2m28 tests[22m[2m)[22m[32m 22[2mms[22m[39m
2026-10-10T02:00:02.8501520Z  [32m✓[39m src/main/mtc/__tests__/mtc-federation-roundtrip.test.js [2m([22m[2m4 tests[22m[2m)[22m[33m 5396[2mms[22m[39m
2026-10-10T02:00:02.8603510Z      [33m[2m✓[22m[39m call path runs end-to-end across two nodes without throwing (gossipsub smoke) [33m 3946[2mms[22m[39m
2026-10-10T02:00:02.9709050Z  [32m✓[39m src/main/remote/__tests__/ai-handler-phase6-4-v0_3-agentstream.test.js [2m([22m[2m10 tests[22m[2m)[22m[33m 307[2mms[22m[39m
2026-10-10T02:00:03.8732360Z  [32m✓[39m src/main/personal-data-hub/__tests__/desktop-adb-bridge.test.js [2m([22m[2m14 tests[22m[2m)[22m[33m 586[2mms[22m[39m
2026-10-10T02:00:03.8733280Z      [33m[2m✓[22m[39m built-in (contacts.query) wins over extension shadow + warns [33m 572[2mms[22m[39m
2026-10-10T02:00:04.7166460Z  [32m✓[39m src/main/mtc/__tests__/mtc-federation-manager.test.js [2m([22m[2m17 tests[22m[2m)[22m[32m 205[2mms[22m[39m
2026-10-10T02:00:05.2009120Z  [32m✓[39m src/renderer/stores/__tests__/history.test.ts [2m([22m[2m11 tests[22m[2m)[22m[32m 34[2mms[22m[39m
2026-10-10T02:00:05.6985920Z  [32m✓[39m src/main/workflow/__tests__/workflow-graph-authority.test.js [2m([22m[2m6 tests[22m[2m)[22m[32m 21[2mms[22m[39m
2026-10-10T02:00:06.1795270Z  [32m✓[39m src/main/social/__tests__/gossip-boundaries.test.js [2m([22m[2m9 tests[22m[2m)[22m[32m 71[2mms[22m[39m
2026-10-10T02:00:06.5982760Z  [32m✓[39m src/main/ukey/__tests__/risk-analyzer.test.js [2m([22m[2m18 tests[22m[2m)[22m[32m 12[2mms[22m[39m
2026-10-10T02:00:08.0820030Z  [32m✓[39m src/main/ukey/__tests__/multi-device-signer.test.js [2m([22m[2m21 tests[22m[2m)[22m[33m 4674[2mms[22m[39m
2026-10-10T02:00:08.0821130Z      [33m[2m✓[22m[39m returns { txHash, ukeySignature, hwSignature: null, combined: false } [33m 304[2mms[22m[39m
2026-10-10T02:00:08.0821970Z      [33m[2m✓[22m[39m calls ukey.sign but NOT hwWallet.signTx [33m 311[2mms[22m[39m
2026-10-10T02:00:08.0822770Z      [33m[2m✓[22m[39m with hwDeviceId → returns { combined: true } [33m 306[2mms[22m[39m
2026-10-10T02:00:08.0824470Z      [33m[2m✓[22m[39m calls both ukey.sign and hwWallet.signTx [33m 306[2mms[22m[39m
2026-10-10T02:00:08.0825130Z      [33m[2m✓[22m[39m without hwDeviceId → no hw signing (optional) [33m 304[2mms[22m[39m
2026-10-10T02:00:08.0825890Z      [33m[2m✓[22m[39m with hwDeviceId → uses hw wallet (optional) [33m 304[2mms[22m[39m
2026-10-10T02:00:08.0826540Z      [33m[2m✓[22m[39m emits "step" events during low-risk signing [33m 304[2mms[22m[39m
2026-10-10T02:00:08.0827210Z      [33m[2m✓[22m[39m emits hw steps during high-risk signing [33m 303[2mms[22m[39m
2026-10-10T02:00:08.0827890Z      [33m[2m✓[22m[39m emits "signed" event on completion [33m 304[2mms[22m[39m
2026-10-10T02:00:08.0828600Z      [33m[2m✓[22m[39m falls back to simulation when ukey.sign throws [33m 1106[2mms[22m[39m
2026-10-10T02:00:08.5405120Z  [32m✓[39m src/renderer/stores/__tests__/dlp.test.ts [2m([22m[2m11 tests[22m[2m)[22m[32m 13[2mms[22m[39m
2026-10-10T02:00:08.9722280Z  [32m✓[39m src/renderer/stores/__tests__/livestream.test.ts [2m([22m[2m13 tests[22m[2m)[22m[32m 22[2mms[22m[39m
2026-10-10T02:00:09.0111340Z  [32m✓[39m src/main/ukey/__tests__/hw-wallet-bridge.test.js [2m([22m[2m19 tests[22m[2m)[22m[33m 2030[2mms[22m[39m
2026-10-10T02:00:09.0113090Z      [33m[2m✓[22m[39m returns array of device objects (≥1) [33m 504[2mms[22m[39m
2026-10-10T02:00:09.0116250Z      [33m[2m✓[22m[39m each device has id, model, brand, transport fields [33m 502[2mms[22m[39m
2026-10-10T02:00:09.0187370Z      [33m[2m✓[22m[39m includes Ledger, Trezor, and OneKey devices [33m 504[2mms[22m[39m
2026-10-10T02:00:09.0230580Z      [33m[2m✓[22m[39m emits "devices-found" event [33m 504[2mms[22m[39m
2026-10-10T02:00:09.4560320Z  [32m✓[39m src/renderer/stores/__tests__/memoryBank.test.ts [2m([22m[2m12 tests[22m[2m)[22m[32m 26[2mms[22m[39m
2026-10-10T02:00:09.5392650Z  [32m✓[39m src/main/remote/__tests__/mobile-sign-client.test.js [2m([22m[2m18 tests[22m[2m)[22m[32m 68[2mms[22m[39m
2026-10-10T02:00:09.7767570Z  [32m✓[39m src/main/mtc/__tests__/cross-fed-trust.test.js [2m([22m[2m17 tests[22m[2m)[22m[32m 33[2mms[22m[39m
2026-10-10T02:00:09.9132610Z  [32m✓[39m src/main/ukey/__tests__/tx-parser.test.js [2m([22m[2m30 tests[22m[2m)[22m[32m 17[2mms[22m[39m
2026-10-10T02:00:10.2551670Z  [32m✓[39m src/main/sync/__tests__/orphan-detector.test.js [2m([22m[2m15 tests[22m[2m)[22m[32m 15[2mms[22m[39m
2026-10-10T02:00:10.4066910Z  [32m✓[39m src/renderer/stores/__tests__/evomap.test.ts [2m([22m[2m12 tests[22m[2m)[22m[32m 15[2mms[22m[39m
2026-10-10T02:00:10.8159740Z  [32m✓[39m src/main/remote/__tests__/ai-handler-phase6-4-commit3.test.js [2m([22m[2m17 tests[22m[2m)[22m[32m 60[2mms[22m[39m
2026-10-10T02:00:10.9971850Z  [32m✓[39m src/renderer/stores/__tests__/federatedLearning.test.ts [2m([22m[2m11 tests[22m[2m)[22m[32m 18[2mms[22m[39m
2026-10-10T02:00:11.3246510Z  [32m✓[39m src/main/llm/__tests__/stream-controller-ipc-privacy.test.js [2m([22m[2m4 tests[22m[2m)[22m[32m 17[2mms[22m[39m
2026-10-10T02:00:11.5386810Z  [32m✓[39m src/renderer/stores/__tests__/nostrBridge.test.ts [2m([22m[2m10 tests[22m[2m)[22m[32m 25[2mms[22m[39m
2026-10-10T02:00:11.8758390Z  [32m✓[39m src/main/rag/__tests__/semantic-chunker.test.js [2m([22m[2m13 tests[22m[2m)[22m[32m 26[2mms[22m[39m
2026-10-10T02:00:12.0971860Z  [32m✓[39m src/renderer/stores/__tests__/git-hooks.test.ts [2m([22m[2m14 tests[22m[2m)[22m[32m 31[2mms[22m[39m
2026-10-10T02:00:12.4353330Z  [32m✓[39m src/main/llm/__tests__/llm-ipc-core-failure-privacy.test.js [2m([22m[2m5 tests[22m[2m)[22m[32m 12[2mms[22m[39m
2026-10-10T02:00:12.5582400Z  [32m✓[39m src/main/plugins/__tests__/plugin-loader-process-broker.test.js [2m([22m[2m9 tests[22m[2m)[22m[32m 20[2mms[22m[39m
2026-10-10T02:00:12.8699140Z  [32m✓[39m src/renderer/stores/__tests__/graphqlApi.test.ts [2m([22m[2m10 tests[22m[2m)[22m[32m 13[2mms[22m[39m
2026-10-10T02:00:13.0110060Z  [32m✓[39m src/renderer/stores/__tests__/marketplace.test.ts [2m([22m[2m12 tests[22m[2m)[22m[32m 18[2mms[22m[39m
2026-10-10T02:00:13.3510540Z  [32m✓[39m src/main/web-shell/__tests__/sync-streaming-helper.test.js [2m([22m[2m9 tests[22m[2m)[22m[32m 26[2mms[22m[39m
2026-10-10T02:00:13.4699400Z  [32m✓[39m src/main/p2p/__tests__/connection-pool.test.js [2m([22m[2m15 tests[22m[2m)[22m[32m 25[2mms[22m[39m
2026-10-10T02:00:13.7966690Z  [32m✓[39m src/main/llm/__tests__/llm-ipc-token-authorization.test.js [2m([22m[2m3 tests[22m[2m)[22m[32m 12[2mms[22m[39m
2026-10-10T02:00:14.1954200Z  [32m✓[39m src/main/task/__tests__/project-goal-workflow-ipc.test.js [2m([22m[2m14 tests[22m[2m)[22m[32m 261[2mms[22m[39m
2026-10-10T02:00:14.4610300Z  [32m✓[39m src/main/task/__tests__/project-goal-auth-session.test.js [2m([22m[2m21 tests[22m[2m)[22m[32m 187[2mms[22m[39m
2026-10-10T02:00:14.8134610Z  [32m✓[39m src/main/task/__tests__/task-description-ipc.test.js [2m([22m[2m28 tests[22m[2m)[22m[32m 134[2mms[22m[39m
2026-10-10T02:00:15.3324670Z  [32m✓[39m tests/unit/ukey/biometric-binding.test.js [2m([22m[2m38 tests[22m[2m)[22m[32m 77[2mms[22m[39m
2026-10-10T02:00:15.4287120Z  [32m✓[39m src/main/federated/__tests__/differential-privacy.test.js [2m([22m[2m34 tests[22m[2m)[22m[33m 451[2mms[22m[39m
2026-10-10T02:00:15.8687560Z  [32m✓[39m tests/unit/stores/app.test.js [2m([22m[2m51 tests[22m[2m | [22m[33m2 skipped[39m[2m)[22m[32m 65[2mms[22m[39m
2026-10-10T02:00:15.9316350Z  [32m✓[39m tests/unit/ukey/unified-key-manager.test.js [2m([22m[2m33 tests[22m[2m)[22m[32m 57[2mms[22m[39m
2026-10-10T02:00:16.4860420Z  [32m✓[39m tests/unit/stores/socialAI.test.ts [2m([22m[2m32 tests[22m[2m)[22m[32m 45[2mms[22m[39m
2026-10-10T02:00:17.0955860Z  [32m✓[39m tests/unit/ukey/threshold-signature-manager.test.js [2m([22m[2m38 tests[22m[2m)[22m[33m 721[2mms[22m[39m
2026-10-10T02:00:17.1614510Z  [32m✓[39m src/main/browser/__tests__/browser-engine-navigation-guard.test.js [2m([22m[2m14 tests[22m[2m)[22m[32m 129[2mms[22m[39m
2026-10-10T02:00:17.7084520Z  [32m✓[39m src/main/evomap/__tests__/evomap-ipc.test.js [2m([22m[2m37 tests[22m[2m)[22m[32m 105[2mms[22m[39m
2026-10-10T02:00:17.7172860Z  [32m✓[39m tests/unit/mcp/mcp-tool-adapter.test.js [2m([22m[2m29 tests[22m[2m)[22m[32m 42[2mms[22m[39m
2026-10-10T02:00:18.2486740Z  [32m✓[39m tests/unit/planning/taskPlanner.test.js [2m([22m[2m28 tests[22m[2m)[22m[32m 36[2mms[22m[39m
2026-10-10T02:00:18.2590860Z  [32m✓[39m tests/unit/p2p/signaling-server.test.js [2m([22m[2m26 tests[22m[2m)[22m[32m 58[2mms[22m[39m
2026-10-10T02:00:18.7936210Z  [32m✓[39m tests/unit/utils/field-mapper.test.js [2m([22m[2m22 tests[22m[2m)[22m[32m 21[2mms[22m[39m
2026-10-10T02:00:18.9919700Z  [32m✓[39m tests/unit/ai/builtin-tools.test.js [2m([22m[2m42 tests[22m[2m)[22m[32m 183[2mms[22m[39m
2026-10-10T02:00:19.4146590Z  [32m✓[39m src/renderer/stores/__tests__/taskBoard.test.ts [2m([22m[2m28 tests[22m[2m)[22m[32m 46[2mms[22m[39m
2026-10-10T02:00:19.7223810Z  [32m✓[39m src/main/ai-engine/cowork/skills/__tests__/bundled-skill-network-diagnostics-broker.test.js [2m([22m[2m20 tests[22m[2m)[22m[32m 60[2mms[22m[39m
2026-10-10T02:00:20.0570420Z  [32m✓[39m tests/unit/pages/AIPromptsPage.test.js [2m([22m[2m32 tests[22m[2m)[22m[32m 86[2mms[22m[39m
2026-10-10T02:00:20.5578140Z  [32m✓[39m tests/unit/evomap/evomap-store.test.ts [2m([22m[2m31 tests[22m[2m)[22m[32m 31[2mms[22m[39m
2026-10-10T02:00:20.6767510Z  [32m✓[39m tests/unit/core/core-components.test.ts [2m([22m[2m19 tests[22m[2m)[22m[33m 471[2mms[22m[39m
2026-10-10T02:00:21.0521760Z  [32m✓[39m tests/unit/enterprise/scim-server.test.js [2m([22m[2m23 tests[22m[2m)[22m[32m 34[2mms[22m[39m
2026-10-10T02:00:21.1623320Z  [32m✓[39m tests/unit/integration/rag-llm-git.test.js [2m([22m[2m29 tests[22m[2m)[22m[32m 26[2mms[22m[39m
2026-10-10T02:00:21.6881230Z  [32m✓[39m src/main/ai-engine/agents/__tests__/agent-registry.test.js [2m([22m[2m33 tests[22m[2m)[22m[32m 83[2mms[22m[39m
2026-10-10T02:00:22.0362680Z  [32m✓[39m src/main/ai-engine/cowork/__tests__/graphql-api-manager.test.js [2m([22m[2m39 tests[22m[2m)[22m[32m 169[2mms[22m[39m
2026-10-10T02:00:22.4481300Z  [32m✓[39m tests/unit/multimedia/ProgressMonitor.test.ts [2m([22m[2m28 tests[22m[2m)[22m[32m 192[2mms[22m[39m
2026-10-10T02:00:22.7864430Z  [32m✓[39m tests/unit/evomap/evomap-ipc.test.js [2m([22m[2m33 tests[22m[2m)[22m[32m 131[2mms[22m[39m
2026-10-10T02:00:23.0499550Z  [32m✓[39m tests/unit/git/git-path-converter.test.js [2m([22m[2m54 tests[22m[2m)[22m[32m 49[2mms[22m[39m
2026-10-10T02:00:23.4039330Z  [32m✓[39m tests/unit/project/conflict-resolver.test.js [2m([22m[2m21 tests[22m[2m)[22m[32m 40[2mms[22m[39m
2026-10-10T02:00:23.7101110Z  [32m✓[39m tests/unit/remote/device-manager-handler.test.js [2m([22m[2m22 tests[22m[2m)[22m[32m 52[2mms[22m[39m
2026-10-10T02:00:23.9726610Z  [32m✓[39m src/main/ai-engine/__tests__/intent-classifier.test.js [2m([22m[2m57 tests[22m[2m)[22m[32m 40[2mms[22m[39m
2026-10-10T02:00:24.2036070Z  [32m✓[39m tests/unit/ai-engine/agents/agents-ipc.test.js [2m([22m[2m22 tests[22m[2m)[22m[32m 43[2mms[22m[39m
2026-10-10T02:00:24.4544920Z  [32m✓[39m tests/unit/file/file-permission-manager.test.js [2m([22m[2m12 tests[22m[2m)[22m[32m 13[2mms[22m[39m
2026-10-10T02:00:24.8829540Z  [32m✓[39m tests/unit/browser/browser-engine.test.js [2m([22m[2m27 tests[22m[2m)[22m[32m 74[2mms[22m[39m
2026-10-10T02:00:24.9461600Z  [32m✓[39m tests/unit/stores/planning-store.test.js [2m([22m[2m24 tests[22m[2m)[22m[32m 32[2mms[22m[39m
2026-10-10T02:00:25.3960790Z  [32m✓[39m tests/unit/enterprise/scim-sync.test.js [2m([22m[2m29 tests[22m[2m)[22m[32m 47[2mms[22m[39m
2026-10-10T02:00:25.4465720Z  [32m✓[39m tests/unit/remote/project-management-handler.test.js [2m([22m[2m33 tests[22m[2m)[22m[32m 40[2mms[22m[39m
2026-10-10T02:00:25.8633780Z  [32m✓[39m src/main/ai-engine/cowork/__tests__/knowledge-graph-handler.test.js [2m([22m[2m22 tests[22m[2m)[22m[32m 32[2mms[22m[39m
2026-10-10T02:00:26.3623640Z  [32m✓[39m src/main/ai-engine/cowork/skills/__tests__/skill-workflow-engine.test.js [2m([22m[2m28 tests[22m[2m)[22m[32m 34[2mms[22m[39m
2026-10-10T02:00:26.5260930Z  [32m✓[39m src/main/ai-engine/cowork/__tests__/long-running-task-manager.test.js [2m([22m[2m17 tests[22m[2m)[22m[33m 568[2mms[22m[39m
2026-10-10T02:00:26.8415980Z  [32m✓[39m tests/unit/mcp/community-registry.test.js [2m([22m[2m43 tests[22m[2m)[22m[32m 55[2mms[22m[39m
2026-10-10T02:00:27.4223160Z  [32m✓[39m src/main/evolution/__tests__/desktop-browser-quarantine-lock-maintenance.test.js [2m([22m[2m4 tests[22m[2m)[22m[32m 187[2mms[22m[39m
2026-10-10T02:00:27.4689490Z  [32m✓[39m tests/unit/sync/sync-queue.test.js [2m([22m[2m17 tests[22m[2m)[22m[33m 695[2mms[22m[39m
2026-10-10T02:00:28.0441420Z  [32m✓[39m tests/unit/ukey/simkey-zkp.test.js [2m([22m[2m28 tests[22m[2m)[22m[32m 45[2mms[22m[39m
2026-10-10T02:00:28.0640780Z  [32m✓[39m src/main/evolution/__tests__/desktop-browser-quarantine-operator-revocation.test.js [2m([22m[2m5 tests[22m[2m)[22m[32m 199[2mms[22m[39m
2026-10-10T02:00:28.5493130Z  [32m✓[39m tests/unit/social/interest-profiler.test.js [2m([22m[2m23 tests[22m[2m)[22m[32m 23[2mms[22m[39m
2026-10-10T02:00:28.5567330Z  [32m✓[39m src/main/ai-engine/cowork/__tests__/zkp-verifiable-credentials.test.js [2m([22m[2m30 tests[22m[2m)[22m[32m 55[2mms[22m[39m
2026-10-10T02:00:29.0329140Z  [32m✓[39m src/main/git/__tests__/diff-sync.test.js [2m([22m[2m38 tests[22m[2m)[22m[32m 45[2mms[22m[39m
2026-10-10T02:00:29.0425350Z  [32m✓[39m src/renderer/utils/__tests__/file-utils.test.js [2m([22m[2m45 tests[22m[2m)[22m[32m 35[2mms[22m[39m
2026-10-10T02:00:29.5249080Z  [32m✓[39m tests/unit/social/topic-analyzer.test.js [2m([22m[2m30 tests[22m[2m)[22m[32m 42[2mms[22m[39m
2026-10-10T02:00:29.5334150Z  [32m✓[39m src/main/enterprise/__tests__/enterprise-ipc.test.js [2m([22m[2m19 tests[22m[2m)[22m[32m 34[2mms[22m[39m
2026-10-10T02:00:30.0543570Z  [32m✓[39m tests/unit/trade/contract-engine.test.js [2m([22m[2m13 tests[22m[2m)[22m[32m 23[2mms[22m[39m
2026-10-10T02:00:30.6017180Z  [32m✓[39m tests/unit/tools/tool-runner.test.js [2m([22m[2m36 tests[22m[2m)[22m[32m 69[2mms[22m[39m
2026-10-10T02:00:31.1479800Z  [32m✓[39m tests/unit/utils/optimistic-update-manager.test.ts [2m([22m[2m15 tests[22m[2m)[22m[32m 75[2mms[22m[39m
2026-10-10T02:00:31.5695020Z Warning: A vi.mock('electron') call in "/Users/runner/work/chainlesschain/chainlesschain/desktop-app-vue/src/main/browser/actions/__tests__/desktop-action.test.js" is not at the top level of the module. Although it appears nested, it will be hoisted and executed before any tests run. Move it to the top level to reflect its actual execution order. This will become an error in a future version.
2026-10-10T02:00:31.5697400Z See: https://vitest.dev/guide/mocking/modules#how-it-works
2026-10-10T02:00:31.5832140Z  [2m[90m↓[39m[22m src/main/browser/actions/__tests__/desktop-action.test.js [2m([22m[2m1 test[22m[2m | [22m[33m1 skipped[39m[2m)[22m
2026-10-10T02:00:32.0435050Z  [32m✓[39m src/renderer/stores/__tests__/workflow.test.ts [2m([22m[2m15 tests[22m[2m)[22m[32m 16[2mms[22m[39m
2026-10-10T02:00:32.4887300Z  [32m✓[39m tests/unit/pages/PythonExecutionPanel.test.ts [2m([22m[2m27 tests[22m[2m)[22m[33m 729[2mms[22m[39m
2026-10-10T02:00:32.5121450Z  [32m✓[39m src/renderer/stores/__tests__/workflow-designer.test.ts [2m([22m[2m24 tests[22m[2m)[22m[32m 27[2mms[22m[39m
2026-10-10T02:00:33.0074110Z  [32m✓[39m tests/unit/stores/multimodal.test.ts [2m([22m[2m33 tests[22m[2m)[22m[32m 54[2mms[22m[39m
2026-10-10T02:00:33.0178600Z  [32m✓[39m tests/unit/database/database-edge-cases.test.js [2m([22m[2m37 tests[22m[2m)[22m[32m 81[2mms[22m[39m
2026-10-10T02:00:33.5562630Z  [32m✓[39m src/main/ai-engine/cowork/__tests__/zkp-proof-engine.test.js [2m([22m[2m30 tests[22m[2m)[22m[32m 57[2mms[22m[39m
2026-10-10T02:00:33.7424360Z  [32m✓[39m tests/unit/browser/browser-ipc.test.js [2m([22m[2m14 tests[22m[2m)[22m[32m 246[2mms[22m[39m
2026-10-10T02:00:34.0533400Z  [32m✓[39m src/main/benchmark/__tests__/metrics-calculator.test.js [2m([22m[2m57 tests[22m[2m)[22m[32m 51[2mms[22m[39m
2026-10-10T02:00:34.3045090Z  [32m✓[39m tests/unit/llm/prompt-compressor.test.js [2m([22m[2m28 tests[22m[2m | [22m[33m1 skipped[39m[2m)[22m[32m 41[2mms[22m[39m
2026-10-10T02:00:34.6374050Z  [32m✓[39m src/main/ai-engine/cowork/__tests__/federated-learning-manager.test.js [2m([22m[2m30 tests[22m[2m)[22m[32m 59[2mms[22m[39m
2026-10-10T02:00:34.8883170Z  [32m✓[39m src/main/ai-engine/cowork/__tests__/security-audit-handler.test.js [2m([22m[2m14 tests[22m[2m)[22m[32m 27[2mms[22m[39m
2026-10-10T02:00:35.2579710Z  [32m✓[39m src/main/ai-engine/cowork/__tests__/deploy-agent.test.js [2m([22m[2m21 tests[22m[2m)[22m[32m 40[2mms[22m[39m
2026-10-10T02:00:35.5232830Z  [32m✓[39m src/main/ai-engine/cowork/__tests__/post-deploy-monitor.test.js [2m([22m[2m23 tests[22m[2m)[22m[32m 52[2mms[22m[39m
2026-10-10T02:00:35.7666420Z  [32m✓[39m tests/unit/file/file-import.test.js [2m([22m[2m26 tests[22m[2m)[22m[32m 20[2mms[22m[39m
2026-10-10T02:00:36.0143690Z  [32m✓[39m tests/unit/evomap/evomap-node-manager.test.js [2m([22m[2m26 tests[22m[2m)[22m[32m 61[2mms[22m[39m
2026-10-10T02:00:36.3100900Z  [32m✓[39m src/renderer/stores/__tests__/workspace.test.ts [2m([22m[2m20 tests[22m[2m)[22m[32m 41[2mms[22m[39m
2026-10-10T02:00:36.4860320Z  [32m✓[39m tests/unit/crypto/zkp-engine.test.js [2m([22m[2m27 tests[22m[2m)[22m[32m 39[2mms[22m[39m
2026-10-10T02:00:36.8141590Z  [32m✓[39m src/main/browser/actions/__tests__/session-manager.test.js [2m([22m[2m34 tests[22m[2m)[22m[32m 42[2mms[22m[39m
2026-10-10T02:00:37.0421750Z  [32m✓[39m tests/unit/api/rss-fetcher.test.js [2m([22m[2m18 tests[22m[2m)[22m[32m 27[2mms[22m[39m
2026-10-10T02:00:37.3497970Z  [32m✓[39m src/main/database/__tests__/query-builder.test.js [2m([22m[2m37 tests[22m[2m)[22m[32m 31[2mms[22m[39m
2026-10-10T02:00:37.5160420Z  [32m✓[39m src/main/ai-engine/cowork/__tests__/graphql-resolvers.test.js [2m([22m[2m27 tests[22m[2m)[22m[32m 51[2mms[22m[39m
2026-10-10T02:00:37.8344670Z  [32m✓[39m tests/unit/social/social-graph.test.js [2m([22m[2m27 tests[22m[2m)[22m[32m 40[2mms[22m[39m
2026-10-10T02:00:37.9745410Z  [32m✓[39m src/main/ai-engine/cowork/__tests__/github-manager-handler.test.js [2m([22m[2m17 tests[22m[2m)[22m[32m 16[2mms[22m[39m
2026-10-10T02:00:38.4365730Z  [32m✓[39m tests/unit/workflow/workflow-snapshot.test.js [2m([22m[2m20 tests[22m[2m)[22m[32m 117[2mms[22m[39m
2026-10-10T02:00:38.4616080Z  [32m✓[39m src/main/knowledge/__tests__/notion-importer.test.js [2m([22m[2m35 tests[22m[2m)[22m[32m 37[2mms[22m[39m
2026-10-10T02:00:39.0124100Z  [32m✓[39m src/renderer/stores/__tests__/planning.test.ts [2m([22m[2m19 tests[22m[2m)[22m[32m 26[2mms[22m[39m
2026-10-10T02:00:39.4963780Z  [32m✓[39m tests/unit/stores/dlp.test.ts [2m([22m[2m27 tests[22m[2m)[22m[32m 23[2mms[22m[39m
2026-10-10T02:00:40.0928290Z  [32m✓[39m tests/unit/p2p/p2p-enhanced-voice-video.test.js [2m([22m[2m20 tests[22m[2m)[22m[33m 1087[2mms[22m[39m
2026-10-10T02:00:40.1039080Z        [33m[2m✓[22m[39m 应该转发call:ended事件 [33m 1006[2mms[22m[39m
2026-10-10T02:00:40.1140890Z  [32m✓[39m tests/unit/bootstrap/initializer-factory.test.js [2m([22m[2m23 tests[22m[2m)[22m[32m 56[2mms[22m[39m
2026-10-10T02:00:40.6386950Z  [32m✓[39m tests/unit/stores/nlProgram.test.ts [2m([22m[2m29 tests[22m[2m)[22m[32m 29[2mms[22m[39m
2026-10-10T02:00:40.6589490Z  [32m✓[39m src/main/ai-engine/cowork/__tests__/federated-learning-aggregator.test.js [2m([22m[2m25 tests[22m[2m)[22m[32m 42[2mms[22m[39m
2026-10-10T02:00:41.6265780Z  [32m✓[39m src/main/evolution/__tests__/desktop-browser-download-action.test.js [2m([22m[2m5 tests[22m[2m)[22m[32m 46[2mms[22m[39m
2026-10-10T02:00:41.8358010Z  [32m✓[39m tests/unit/social/nostr-identity.test.js [2m([22m[2m20 tests[22m[2m)[22m[32m 191[2mms[22m[39m
2026-10-10T02:00:42.7516840Z  [32m✓[39m tests/unit/social/nostr-bridge-nips.test.js [2m([22m[2m20 tests[22m[2m)[22m[32m 134[2mms[22m[39m
2026-10-10T02:00:42.8194150Z  [32m✓[39m src/main/ipc/__tests__/phase-modules.test.js [2m([22m[2m56 tests[22m[2m)[22m[32m 173[2mms[22m[39m
2026-10-10T02:00:43.5058920Z  [32m✓[39m src/main/did/__tests__/did-signer.test.js [2m([22m[2m22 tests[22m[2m)[22m[32m 248[2mms[22m[39m
2026-10-10T02:00:43.5540980Z  [32m✓[39m src/main/knowledge/__tests__/static-site-exporter.test.js [2m([22m[2m41 tests[22m[2m)[22m[32m 136[2mms[22m[39m
2026-10-10T02:00:44.4989160Z  [32m✓[39m tests/unit/ipfs/filecoin-storage.test.js [2m([22m[2m34 tests[22m[2m)[22m[32m 84[2mms[22m[39m
2026-10-10T02:00:44.5535940Z  [32m✓[39m src/main/browser/actions/__tests__/safe-mode.test.js [2m([22m[2m36 tests[22m[2m)[22m[32m 93[2mms[22m[39m
2026-10-10T02:00:45.6005430Z  [32m✓[39m tests/unit/remote/command-history-handler.test.js [2m([22m[2m19 tests[22m[2m)[22m[32m 151[2mms[22m[39m
2026-10-10T02:00:45.8889500Z  [32m✓[39m tests/unit/ukey/tee-integration.test.js [2m([22m[2m27 tests[22m[2m)[22m[33m 371[2mms[22m[39m
2026-10-10T02:00:46.5181070Z  [32m✓[39m tests/unit/audit/dlp-engine.test.js [2m([22m[2m26 tests[22m[2m)[22m[32m 97[2mms[22m[39m
2026-10-10T02:00:46.8428930Z  [32m✓[39m tests/unit/audit/data-classifier.test.js [2m([22m[2m30 tests[22m[2m)[22m[32m 76[2mms[22m[39m
2026-10-10T02:00:47.4625960Z  [32m✓[39m src/main/git/__tests__/conflict-resolution.test.js [2m([22m[2m23 tests[22m[2m)[22m[32m 99[2mms[22m[39m
2026-10-10T02:00:47.6674470Z  [32m✓[39m tests/unit/stores/thresholdSecurity.test.ts [2m([22m[2m24 tests[22m[2m)[22m[32m 73[2mms[22m[39m
2026-10-10T02:00:48.3111290Z  [32m✓[39m src/main/browser/actions/__tests__/network-interceptor.test.js [2m([22m[2m33 tests[22m[2m)[22m[32m 171[2mms[22m[39m
2026-10-10T02:00:48.3720420Z  [32m✓[39m src/main/database/__tests__/database-graph.test.js [2m([22m[2m19 tests[22m[2m)[22m[32m 44[2mms[22m[39m
2026-10-10T02:00:49.0137770Z  [32m✓[39m tests/unit/ai-engine/autonomous/autonomous-ipc.test.js [2m([22m[2m12 tests[22m[2m)[22m[32m 46[2mms[22m[39m
2026-10-10T02:00:49.0943190Z  [32m✓[39m src/main/ai-engine/memory/__tests__/hierarchical-memory.test.js [2m([22m[2m29 tests[22m[2m)[22m[32m 52[2mms[22m[39m
2026-10-10T02:00:49.8122660Z  [32m✓[39m tests/unit/ai-engine/extended-tools.test.js [2m([22m[2m29 tests[22m[2m)[22m[32m 87[2mms[22m[39m
2026-10-10T02:00:49.8943580Z  [32m✓[39m tests/unit/document/api-doc-generator.test.js [2m([22m[2m36 tests[22m[2m)[22m[32m 82[2mms[22m[39m
2026-10-10T02:00:50.5072040Z  [32m✓[39m tests/unit/database/database.test.js [2m([22m[2m22 tests[22m[2m)[22m[32m 48[2mms[22m[39m
2026-10-10T02:00:50.7338130Z  [32m✓[39m tests/unit/components/MCPSettings.test.js [2m([22m[2m2 tests[22m[2m)[22m[32m 179[2mms[22m[39m
2026-10-10T02:00:51.3246080Z  [32m✓[39m tests/unit/p2p/voice-video-ipc.test.js [2m([22m[2m21 tests[22m[2m)[22m[32m 36[2mms[22m[39m
2026-10-10T02:00:51.4153160Z  [32m✓[39m tests/unit/blockchain/bridge-manager.test.js [2m([22m[2m16 tests[22m[2m)[22m[32m 54[2mms[22m[39m
2026-10-10T02:00:52.1610360Z  [32m✓[39m src/main/ai-engine/cowork/skills/__tests__/bundled-skill-filesystem-broker.test.js [2m([22m[2m9 tests[22m[2m)[22m[32m 96[2mms[22m[39m
2026-10-10T02:00:52.2423290Z  [32m✓[39m src/main/ai-engine/cowork/skills/__tests__/governed-skill-loading.test.js [2m([22m[2m8 tests[22m[2m)[22m[32m 32[2mms[22m[39m
2026-10-10T02:00:53.0207810Z  [32m✓[39m tests/unit/audit/siem-exporter.test.js [2m([22m[2m26 tests[22m[2m)[22m[32m 86[2mms[22m[39m
2026-10-10T02:00:53.0310610Z  [32m✓[39m src/renderer/utils/__tests__/adaptive-performance.test.ts [2m([22m[2m27 tests[22m[2m)[22m[32m 78[2mms[22m[39m
2026-10-10T02:00:53.7592310Z  [32m✓[39m tests/unit/multimedia/types.test.ts [2m([22m[2m39 tests[22m[2m)[22m[32m 42[2mms[22m[39m
2026-10-10T02:00:53.7813840Z  [32m✓[39m tests/unit/ukey/fido2-authenticator.test.js [2m([22m[2m21 tests[22m[2m)[22m[32m 63[2mms[22m[39m
2026-10-10T02:00:54.5279700Z  [32m✓[39m src/main/browser/actions/__tests__/action-suggestion.test.js [2m([22m[2m27 tests[22m[2m)[22m[32m 48[2mms[22m[39m
2026-10-10T02:00:54.5438460Z  [32m✓[39m src/main/ai-engine/agents/__tests__/agent-capabilities.test.js [2m([22m[2m33 tests[22m[2m)[22m[32m 49[2mms[22m[39m
2026-10-10T02:00:55.2519600Z  [32m✓[39m src/main/ai-engine/cowork/__tests__/debugging-strategies-handler.test.js [2m([22m[2m25 tests[22m[2m)[22m[32m 47[2mms[22m[39m
2026-10-10T02:00:55.9436640Z  [32m✓[39m src/main/blockchain/__tests__/agent-economy.test.js [2m([22m[2m29 tests[22m[2m)[22m[32m 49[2mms[22m[39m
2026-10-10T02:01:18.4712890Z  [32m✓[39m tests/unit/ukey/esim-ota-manager.test.js [2m([22m[2m24 tests[22m[2m)[22m[33m 21966[2mms[22m[39m
2026-10-10T02:01:18.4715390Z        [33m[2m✓[22m[39m should download and install a profile [33m 1584[2mms[22m[39m
2026-10-10T02:01:18.4716100Z        [33m[2m✓[22m[39m should list the installed profile [33m 1575[2mms[22m[39m
2026-10-10T02:01:18.4717550Z        [33m[2m✓[22m[39m should emit download-progress events [33m 1582[2mms[22m[39m
2026-10-10T02:01:18.4718380Z        [33m[2m✓[22m[39m should enable an installed profile [33m 1582[2mms[22m[39m
2026-10-10T02:01:18.4720250Z        [33m[2m✓[22m[39m should disable previously enabled profile when enabling another [33m 3064[2mms[22m[39m
2026-10-10T02:01:18.4723490Z        [33m[2m✓[22m[39m should disable an enabled profile [33m 1585[2mms[22m[39m
2026-10-10T02:01:18.4724490Z        [33m[2m✓[22m[39m should delete a disabled profile [33m 1577[2mms[22m[39m
2026-10-10T02:01:18.4726160Z        [33m[2m✓[22m[39m should refuse to delete an enabled profile [33m 1571[2mms[22m[39m
2026-10-10T02:01:18.4727030Z        [33m[2m✓[22m[39m should deploy a new key successfully [33m 710[2mms[22m[39m
2026-10-10T02:01:18.4727680Z        [33m[2m✓[22m[39m should deploy ml-dsa-65 key type [33m 716[2mms[22m[39m
2026-10-10T02:01:18.4728390Z        [33m[2m✓[22m[39m should import existing key material [33m 624[2mms[22m[39m
2026-10-10T02:01:18.4729150Z        [33m[2m✓[22m[39m should emit state-changed events during deployment [33m 711[2mms[22m[39m
2026-10-10T02:01:18.4731880Z        [33m[2m✓[22m[39m should batch deploy to multiple targets [33m 716[2mms[22m[39m
2026-10-10T02:01:18.4736080Z        [33m[2m✓[22m[39m should emit batch-progress events [33m 720[2mms[22m[39m
2026-10-10T02:01:18.4736920Z        [33m[2m✓[22m[39m should rotate a key successfully [33m 817[2mms[22m[39m
2026-10-10T02:01:18.4737690Z        [33m[2m✓[22m[39m should return to COMPLETED state after successful deploy [33m 708[2mms[22m[39m
2026-10-10T02:01:18.4738460Z        [33m[2m✓[22m[39m should clean up resources on close [33m 1583[2mms[22m[39m
2026-10-10T02:01:19.2016320Z  [32m✓[39m tests/unit/core/ipc-guard.test.js [2m([22m[2m12 tests[22m[2m)[22m[32m 25[2mms[22m[39m
2026-10-10T02:01:20.4712080Z  [32m✓[39m src/main/ai-engine/cowork/skills/__tests__/external-skill-executor.test.js [2m([22m[2m10 tests[22m[2m)[22m[33m 509[2mms[22m[39m
2026-10-10T02:01:21.0907560Z  [32m✓[39m src/main/browser/actions/__tests__/automation-policy.test.js [2m([22m[2m30 tests[22m[2m)[22m[32m 40[2mms[22m[39m
2026-10-10T02:01:21.7382150Z  [32m✓[39m src/main/did/__tests__/did-v2-manager.test.js [2m([22m[2m23 tests[22m[2m)[22m[32m 42[2mms[22m[39m
2026-10-10T02:01:23.3565810Z  [32m✓[39m tests/unit/ukey/satellite-sim-driver.test.js [2m([22m[2m29 tests[22m[2m)[22m[33m 28145[2mms[22m[39m
2026-10-10T02:01:23.3690210Z        [33m[2m✓[22m[39m should initialize successfully [33m 1420[2mms[22m[39m
2026-10-10T02:01:23.3794480Z        [33m[2m✓[22m[39m should be idempotent [33m 710[2mms[22m[39m
2026-10-10T02:01:23.3894460Z        [33m[2m✓[22m[39m should provide status after initialization [33m 707[2mms[22m[39m
2026-10-10T02:01:23.3997410Z        [33m[2m✓[22m[39m should detect satellite SIM [33m 707[2mms[22m[39m
2026-10-10T02:01:23.4067380Z        [33m[2m✓[22m[39m should sign Buffer data [33m 762[2mms[22m[39m
2026-10-10T02:01:23.4068460Z        [33m[2m✓[22m[39m should sign string data [33m 760[2mms[22m[39m
2026-10-10T02:01:23.4073390Z        [33m[2m✓[22m[39m should include transport mode in result [33m 764[2mms[22m[39m
2026-10-10T02:01:23.4074120Z        [33m[2m✓[22m[39m should return queued result when in queue mode [33m 1013[2mms[22m[39m
2026-10-10T02:01:23.4074800Z        [33m[2m✓[22m[39m should batch sign multiple data items [33m 763[2mms[22m[39m
2026-10-10T02:01:23.4075580Z        [33m[2m✓[22m[39m should include merkle proof for each item [33m 776[2mms[22m[39m
2026-10-10T02:01:23.4076230Z        [33m[2m✓[22m[39m should calculate savings percentage [33m 765[2mms[22m[39m
2026-10-10T02:01:23.4076820Z        [33m[2m✓[22m[39m should handle single item batch [33m 766[2mms[22m[39m
2026-10-10T02:01:23.4077420Z        [33m[2m✓[22m[39m should queue a sign request when in queue mode [33m 1414[2mms[22m[39m
2026-10-10T02:01:23.4078070Z        [33m[2m✓[22m[39m should process empty offline queue [33m 710[2mms[22m[39m
2026-10-10T02:01:23.4079570Z        [33m[2m✓[22m[39m should report queue size in status [33m 708[2mms[22m[39m
2026-10-10T02:01:23.4080630Z        [33m[2m✓[22m[39m should switch to terrestrial mode [33m 721[2mms[22m[39m
2026-10-10T02:01:23.4081260Z        [33m[2m✓[22m[39m should switch to satellite mode [33m 719[2mms[22m[39m
2026-10-10T02:01:23.4081880Z        [33m[2m✓[22m[39m should switch to hybrid mode [33m 706[2mms[22m[39m
2026-10-10T02:01:23.4082430Z        [33m[2m✓[22m[39m should emit transport-switched event [33m 709[2mms[22m[39m
2026-10-10T02:01:23.4083050Z        [33m[2m✓[22m[39m should update transport mode in status [33m 742[2mms[22m[39m
2026-10-10T02:01:23.4083730Z        [33m[2m✓[22m[39m should auto switch based on network availability [33m 708[2mms[22m[39m
2026-10-10T02:01:23.4084380Z        [33m[2m✓[22m[39m should not switch when autoSwitch is disabled [33m 1415[2mms[22m[39m
2026-10-10T02:01:23.4085080Z        [33m[2m✓[22m[39m should sign via Beidou SMS when enabled [33m 2711[2mms[22m[39m
2026-10-10T02:01:23.4085660Z        [33m[2m✓[22m[39m should throw when Beidou is disabled [33m 1417[2mms[22m[39m
2026-10-10T02:01:23.4086250Z        [33m[2m✓[22m[39m should sign string data [33m 2710[2mms[22m[39m
2026-10-10T02:01:23.4086890Z        [33m[2m✓[22m[39m should have TIANTONG system info [33m 708[2mms[22m[39m
2026-10-10T02:01:23.4087420Z        [33m[2m✓[22m[39m should have BEIDOU system info [33m 708[2mms[22m[39m
2026-10-10T02:01:23.4087970Z        [33m[2m✓[22m[39m should close without error [33m 709[2mms[22m[39m
2026-10-10T02:01:23.4088580Z        [33m[2m✓[22m[39m should set link state to LOST [33m 712[2mms[22m[39m
2026-10-10T02:01:24.0822800Z  [32m✓[39m src/main/blockchain/__tests__/cross-chain-bridge.test.js [2m([22m[2m23 tests[22m[2m)[22m[32m 29[2mms[22m[39m
2026-10-10T02:01:24.8335160Z  [32m✓[39m tests/unit/audit/dlp-policy.test.js [2m([22m[2m29 tests[22m[2m)[22m[32m 68[2mms[22m[39m
2026-10-10T02:01:25.5079170Z  [32m✓[39m src/main/ai-engine/knowledge/__tests__/enterprise-kg.test.js [2m([22m[2m29 tests[22m[2m)[22m[32m 70[2mms[22m[39m
2026-10-10T02:01:26.1392090Z  [32m✓[39m src/main/ipc/__tests__/ipc-sender-guard.test.js [2m([22m[2m27 tests[22m[2m)[22m[32m 31[2mms[22m[39m
2026-10-10T02:01:26.7793770Z  [32m✓[39m tests/unit/stores/nostrBridge.test.ts [2m([22m[2m25 tests[22m[2m)[22m[32m 42[2mms[22m[39m
2026-10-10T02:01:27.3730200Z  [32m✓[39m tests/unit/social/ap-content-sync.test.js [2m([22m[2m22 tests[22m[2m)[22m[32m 53[2mms[22m[39m
2026-10-10T02:01:28.0009590Z  [32m✓[39m src/main/federated/__tests__/gradient-aggregator.test.js [2m([22m[2m29 tests[22m[2m)[22m[32m 49[2mms[22m[39m
2026-10-10T02:01:28.6010320Z  [32m✓[39m src/main/browser/actions/__tests__/file-handler.test.js [2m([22m[2m27 tests[22m[2m)[22m[32m 32[2mms[22m[39m
2026-10-10T02:01:29.3307710Z  [32m✓[39m tests/unit/rag/reranker.test.js [2m([22m[2m37 tests[22m[2m)[22m[32m 229[2mms[22m[39m
2026-10-10T02:01:30.0019090Z  [32m✓[39m src/main/ai-engine/cowork/__tests__/proactive-agent-handler.test.js [2m([22m[2m20 tests[22m[2m)[22m[32m 58[2mms[22m[39m
2026-10-10T02:01:30.3228600Z  [32m✓[39m tests/unit/ukey/simkey-roaming.test.js [2m([22m[2m26 tests[22m[2m)[22m[33m 7894[2mms[22m[39m
2026-10-10T02:01:30.3331890Z        [33m[2m✓[22m[39m should establish a roaming session with a known carrier [33m 714[2mms[22m[39m
2026-10-10T02:01:30.3436250Z        [33m[2m✓[22m[39m should set state to ROAMING after session established [33m 711[2mms[22m[39m
2026-10-10T02:01:30.3609260Z        [33m[2m✓[22m[39m should include session info in status [33m 724[2mms[22m[39m
2026-10-10T02:01:30.3734920Z        [33m[2m✓[22m[39m should emit roaming-started event [33m 710[2mms[22m[39m
2026-10-10T02:01:30.3845110Z        [33m[2m✓[22m[39m should sign data via roaming network [33m 712[2mms[22m[39m
2026-10-10T02:01:30.3977690Z        [33m[2m✓[22m[39m should increment sign count [33m 710[2mms[22m[39m
2026-10-10T02:01:30.4093260Z        [33m[2m✓[22m[39m should reject when sign limit reached [33m 713[2mms[22m[39m
2026-10-10T02:01:30.4196560Z        [33m[2m✓[22m[39m should throw when not in roaming state [33m 712[2mms[22m[39m
2026-10-10T02:01:30.4371660Z        [33m[2m✓[22m[39m should verify a signature [33m 713[2mms[22m[39m
2026-10-10T02:01:30.4490360Z        [33m[2m✓[22m[39m should end the roaming session [33m 711[2mms[22m[39m
2026-10-10T02:01:30.4630110Z        [33m[2m✓[22m[39m should emit roaming-ended event [33m 711[2mms[22m[39m
2026-10-10T02:01:30.7102050Z  [32m✓[39m src/main/ai-engine/cowork/skills/__tests__/skill-outcome-db-authority.test.js [2m([22m[2m7 tests[22m[2m)[22m[32m 40[2mms[22m[39m
2026-10-10T02:01:31.1830640Z  [32m✓[39m src/main/federated/__tests__/model-parameter-sync-boundaries.test.js [2m([22m[2m12 tests[22m[2m)[22m[32m 181[2mms[22m[39m
2026-10-10T02:01:31.4579510Z  [32m✓[39m src/main/ai-engine/__tests__/followup-intent-classifier.test.js [2m([22m[2m20 tests[22m[2m)[22m[32m 70[2mms[22m[39m
2026-10-10T02:01:32.0079390Z  [32m✓[39m tests/unit/integration/code-executor.test.js [2m([22m[2m26 tests[22m[2m | [22m[33m4 skipped[39m[2m)[22m[32m 170[2mms[22m[39m
2026-10-10T02:01:32.1343140Z  [32m✓[39m tests/unit/ai-engine/sub-runtime-conflict-resolution.test.js [2m([22m[2m17 tests[22m[2m)[22m[32m 19[2mms[22m[39m
2026-10-10T02:01:32.6595760Z  [32m✓[39m src/main/evolution/__tests__/desktop-browser-vision-action.test.js [2m([22m[2m4 tests[22m[2m)[22m[32m 11[2mms[22m[39m
2026-10-10T02:01:32.8322630Z  [32m✓[39m src/main/knowledge/__tests__/evernote-importer.test.js [2m([22m[2m28 tests[22m[2m)[22m[32m 46[2mms[22m[39m
2026-10-10T02:01:33.6028600Z  [32m✓[39m tests/unit/scripts/build-win-with-deref.test.js [2m([22m[2m15 tests[22m[2m)[22m[32m 85[2mms[22m[39m
2026-10-10T02:01:33.7295010Z  [32m✓[39m src/main/ai-engine/cowork/skills/__tests__/pdh-im-collect.test.js [2m([22m[2m19 tests[22m[2m)[22m[32m 55[2mms[22m[39m
2026-10-10T02:01:34.4714670Z  [32m✓[39m tests/unit/remote/knowledge-handler.test.js [2m([22m[2m19 tests[22m[2m)[22m[32m 72[2mms[22m[39m
2026-10-10T02:01:34.5273200Z  [32m✓[39m src/main/browser/actions/__tests__/template-actions.test.js [2m([22m[2m33 tests[22m[2m)[22m[32m 63[2mms[22m[39m
2026-10-10T02:01:35.2970900Z  [32m✓[39m src/main/ai-engine/cowork/skills/__tests__/skill-retrieval-adapter.test.js [2m([22m[2m9 tests[22m[2m)[22m[32m 45[2mms[22m[39m
2026-10-10T02:01:35.9631820Z  [32m✓[39m src/renderer/stores/__tests__/blockchain.test.ts [2m([22m[2m13 tests[22m[2m)[22m[32m 24[2mms[22m[39m
2026-10-10T02:01:36.7324100Z  [2m[90m↓[39m[22m src/main/knowledge/__tests__/version-manager.test.js [2m([22m[2m16 tests[22m[2m | [22m[33m16 skipped[39m[2m)[22m
2026-10-10T02:01:37.3792700Z  [32m✓[39m tests/unit/project/file-cache-manager.test.js [2m([22m[2m15 tests[22m[2m)[22m[33m 2163[2mms[22m[39m
2026-10-10T02:01:37.3794950Z        [33m[2m✓[22m[39m 应该检测文件添加 [33m 1027[2mms[22m[39m
2026-10-10T02:01:37.3795710Z        [33m[2m✓[22m[39m 应该检测文件删除 [33m 1011[2mms[22m[39m
2026-10-10T02:01:37.5032340Z  [32m✓[39m tests/unit/audit/audit-ipc.test.js [2m([22m[2m23 tests[22m[2m)[22m[32m 123[2mms[22m[39m
2026-10-10T02:01:38.1131370Z  [32m✓[39m tests/unit/auth/sso-ipc-wiring.test.js [2m([22m[2m17 tests[22m[2m)[22m[32m 53[2mms[22m[39m
2026-10-10T02:01:38.2770020Z  [32m✓[39m tests/unit/ai-engine/code-agent/code-agent-ipc.test.js [2m([22m[2m25 tests[22m[2m)[22m[32m 74[2mms[22m[39m
2026-10-10T02:01:38.8342210Z  [32m✓[39m tests/unit/ai-engine/a2a/a2a-ipc.test.js [2m([22m[2m27 tests[22m[2m)[22m[32m 96[2mms[22m[39m
2026-10-10T02:01:38.9807990Z  [32m✓[39m tests/unit/mcp/mcp-function-executor.test.js [2m([22m[2m26 tests[22m[2m)[22m[32m 41[2mms[22m[39m
2026-10-10T02:01:39.5327130Z  [32m✓[39m tests/unit/ai-engine/autonomous/tech-learning-ipc.test.js [2m([22m[2m22 tests[22m[2m)[22m[32m 51[2mms[22m[39m
2026-10-10T02:01:39.6880970Z  [32m✓[39m src/main/file/__tests__/file-security-validator.test.js [2m([22m[2m33 tests[22m[2m)[22m[32m 35[2mms[22m[39m
2026-10-10T02:01:40.1551930Z  [32m✓[39m tests/unit/llm/token-tracker.test.js [2m([22m[2m27 tests[22m[2m)[22m[32m 81[2mms[22m[39m
2026-10-10T02:01:40.2640070Z  [32m✓[39m tests/unit/config/initial-setup-config.test.js [2m([22m[2m19 tests[22m[2m)[22m[32m 39[2mms[22m[39m
2026-10-10T02:01:40.8964190Z  [32m✓[39m src/main/utils/__tests__/progress-emitter.test.js [2m([22m[2m20 tests[22m[2m)[22m[32m 94[2mms[22m[39m
2026-10-10T02:01:41.0458820Z  [32m✓[39m tests/unit/components/OnlineStatusIndicator.test.ts [2m([22m[2m26 tests[22m[2m)[22m[32m 127[2mms[22m[39m
2026-10-10T02:01:41.7692130Z  [32m✓[39m src/main/ai-engine/code-agent/__tests__/workflow-session-ipc.test.js [2m([22m[2m18 tests[22m[2m)[22m[32m 121[2mms[22m[39m
2026-10-10T02:01:42.0772270Z  [32m✓[39m tests/unit/remote/browser-extension-handlers.smoke.test.js [2m([22m[2m5 tests[22m[2m)[22m[33m 436[2mms[22m[39m
2026-10-10T02:01:42.0875890Z      [33m[2m✓[22m[39m loads without import/syntax errors and exports a registry object [33m 416[2mms[22m[39m
2026-10-10T02:01:42.5466090Z  [32m✓[39m tests/unit/enterprise/scim-ipc.test.js [2m([22m[2m13 tests[22m[2m)[22m[32m 29[2mms[22m[39m
2026-10-10T02:01:42.9164600Z  [32m✓[39m tests/unit/crossorg/b2b-exchange-manager.test.js [2m([22m[2m9 tests[22m[2m)[22m[32m 39[2mms[22m[39m
2026-10-10T02:01:43.3079150Z  [32m✓[39m src/renderer/stores/__tests__/workflow-session.test.ts [2m([22m[2m13 tests[22m[2m)[22m[32m 21[2mms[22m[39m
2026-10-10T02:01:43.6010030Z  [32m✓[39m src/main/browser/actions/__tests__/screen-analyzer.test.js [2m([22m[2m24 tests[22m[2m)[22m[32m 34[2mms[22m[39m
2026-10-10T02:01:43.6312900Z  [32m✓[39m tests/unit/database/soft-delete.test.js [2m([22m[2m21 tests[22m[2m)[22m[32m 30[2mms[22m[39m
2026-10-10T02:01:44.3617430Z  [32m✓[39m src/main/browser/actions/__tests__/action-replay.test.js [2m([22m[2m33 tests[22m[2m)[22m[32m 76[2mms[22m[39m
2026-10-10T02:01:44.3886520Z  [32m✓[39m src/main/ipc/__tests__/phase-16-skill-metrics-wiring.test.js [2m([22m[2m2 tests[22m[2m)[22m[32m 27[2mms[22m[39m
2026-10-10T02:01:45.0960190Z  [32m✓[39m src/main/hooks/__tests__/governed-hook-loading.test.js [2m([22m[2m5 tests[22m[2m)[22m[32m 51[2mms[22m[39m
2026-10-10T02:01:45.1811710Z  [32m✓[39m tests/unit/file/file-ipc.test.js [2m([22m[2m29 tests[22m[2m)[22m[32m 202[2mms[22m[39m
2026-10-10T02:01:46.0822640Z  [32m✓[39m src/main/database/__tests__/index-optimizer.test.js [2m([22m[2m19 tests[22m[2m)[22m[32m 41[2mms[22m[39m
2026-10-10T02:01:46.4592070Z  [32m✓[39m src/renderer/components/__tests__/CodingAgentElicitationPanel.test.ts [2m([22m[2m5 tests[22m[2m)[22m[32m 120[2mms[22m[39m
2026-10-10T02:01:46.9048080Z  [32m✓[39m tests/unit/ai-engine/ai-engine-ipc.test.js [2m([22m[2m9 tests[22m[2m)[22m[32m 39[2mms[22m[39m
2026-10-10T02:01:47.2303540Z  [32m✓[39m src/main/browser/actions/__tests__/notification-manager.test.js [2m([22m[2m32 tests[22m[2m)[22m[32m 37[2mms[22m[39m
2026-10-10T02:01:47.7820390Z  [32m✓[39m tests/unit/ai-engine/multi-agent/index.test.js [2m([22m[2m23 tests[22m[2m)[22m[32m 184[2mms[22m[39m
2026-10-10T02:01:47.9317950Z  [32m✓[39m src/main/browser/actions/__tests__/computer-use-metrics.test.js [2m([22m[2m26 tests[22m[2m)[22m[32m 33[2mms[22m[39m
2026-10-10T02:01:48.8349590Z  [32m✓[39m src/main/browser/actions/__tests__/context-memory.test.js [2m([22m[2m29 tests[22m[2m)[22m[32m 237[2mms[22m[39m
2026-10-10T02:01:49.4222290Z  [32m✓[39m tests/unit/llm/permanent-memory-manager.test.js [2m([22m[2m21 tests[22m[2m)[22m[32m 180[2mms[22m[39m
2026-10-10T02:01:50.0508320Z  [32m✓[39m tests/unit/monitoring/error-monitor-boundary.test.js [2m([22m[2m11 tests[22m[2m)[22m[32m 54[2mms[22m[39m
2026-10-10T02:01:50.7291210Z  [32m✓[39m tests/unit/utils/ipc-error-handler.test.js [2m([22m[2m26 tests[22m[2m)[22m[32m 35[2mms[22m[39m
2026-10-10T02:01:51.1477200Z  [32m✓[39m tests/unit/p2p/p2p-enhancement.test.js [2m([22m[2m20 tests[22m[2m)[22m[33m 1605[2mms[22m[39m
2026-10-10T02:01:51.1605350Z        [33m[2m✓[22m[39m 应该触发健康检查事件 [33m 1106[2mms[22m[39m
2026-10-10T02:01:51.1714670Z        [33m[2m✓[22m[39m 应该在连接失败时触发重连 [33m 308[2mms[22m[39m
2026-10-10T02:01:51.2855110Z  [32m✓[39m tests/unit/ai-engine/autonomous/collaboration-governance-ipc.test.js [2m([22m[2m21 tests[22m[2m)[22m[32m 31[2mms[22m[39m
2026-10-10T02:01:51.8718020Z  [32m✓[39m src/main/ai-engine/workflow/__tests__/workflow-engine.test.js [2m([22m[2m23 tests[22m[2m)[22m[32m 63[2mms[22m[39m
2026-10-10T02:01:52.1579500Z  [32m✓[39m tests/unit/remote/browser-extension/content-state-bounds.test.js [2m([22m[2m7 tests[22m[2m)[22m[32m 65[2mms[22m[39m
2026-10-10T02:01:52.5205570Z  [32m✓[39m src/renderer/shell/helpers/__tests__/friendsHelpers.test.ts [2m([22m[2m33 tests[22m[2m)[22m[32m 40[2mms[22m[39m
2026-10-10T02:01:53.0341960Z  [32m✓[39m tests/unit/scripts/asar-surgery.test.js [2m([22m[2m8 tests[22m[2m)[22m[32m 254[2mms[22m[39m
2026-10-10T02:01:53.5900460Z  [32m✓[39m tests/unit/database/project-root-attestation.test.js [2m([22m[2m5 tests[22m[2m)[22m[33m 334[2mms[22m[39m
2026-10-10T02:01:53.7816780Z  [32m✓[39m src/renderer/shell/helpers/__tests__/chatPanelHelpers.test.ts [2m([22m[2m32 tests[22m[2m)[22m[32m 54[2mms[22m[39m
2026-10-10T02:01:54.2741460Z  [32m✓[39m tests/unit/utils/request-batcher.test.ts [2m([22m[2m14 tests[22m[2m)[22m[32m 33[2mms[22m[39m
2026-10-10T02:01:54.4016150Z  [32m✓[39m src/renderer/stores/__tests__/socialCollab.test.ts [2m([22m[2m14 tests[22m[2m)[22m[32m 29[2mms[22m[39m
2026-10-10T02:01:54.9451600Z  [32m✓[39m tests/unit/social/ap-webfinger.test.js [2m([22m[2m22 tests[22m[2m)[22m[32m 50[2mms[22m[39m
2026-10-10T02:01:55.0499360Z  [32m✓[39m src/main/ai-engine/code-agent/__tests__/coding-agent-permission-gate.test.js [2m([22m[2m14 tests[22m[2m)[22m[32m 47[2mms[22m[39m
2026-10-10T02:01:55.6498220Z  [32m✓[39m src/main/ai-engine/code-agent/__tests__/desktop-graph-execution-adapter.test.js [2m([22m[2m10 tests[22m[2m)[22m[32m 15[2mms[22m[39m
2026-10-10T02:01:55.8996140Z  [32m✓[39m src/renderer/components/projects/__tests__/project-task-description-journey.test.ts [2m([22m[2m5 tests[22m[2m)[22m[32m 228[2mms[22m[39m
2026-10-10T02:01:56.3534600Z  [32m✓[39m src/renderer/stores/__tests__/social.test.ts [2m([22m[2m14 tests[22m[2m)[22m[32m 33[2mms[22m[39m
2026-10-10T02:01:56.6140710Z  [32m✓[39m src/main/ai-engine/agents/__tests__/agent-coordinator-execution-contract.test.js [2m([22m[2m9 tests[22m[2m)[22m[32m 45[2mms[22m[39m
2026-10-10T02:01:57.0034720Z  [32m✓[39m src/renderer/stores/__tests__/collab.test.ts [2m([22m[2m15 tests[22m[2m)[22m[32m 42[2mms[22m[39m
2026-10-10T02:01:57.3130890Z  [32m✓[39m tests/unit/social/governance-ai.test.js [2m([22m[2m25 tests[22m[2m)[22m[32m 60[2mms[22m[39m
2026-10-10T02:01:57.8851330Z  [32m✓[39m src/main/crypto/__tests__/zkp-engine.test.js [2m([22m[2m19 tests[22m[2m)[22m[32m 65[2mms[22m[39m
2026-10-10T02:01:58.1061420Z  [32m✓[39m tests/unit/stores/recommendation.test.ts [2m([22m[2m21 tests[22m[2m)[22m[32m 64[2mms[22m[39m
2026-10-10T02:01:58.6886350Z  [32m✓[39m src/main/core/__tests__/shared-cache.test.js [2m([22m[2m28 tests[22m[2m)[22m[32m 42[2mms[22m[39m
2026-10-10T02:01:58.8126860Z  [32m✓[39m tests/unit/remote/browser-extension/handlers/network-bounds.test.js [2m([22m[2m7 tests[22m[2m)[22m[32m 23[2mms[22m[39m
2026-10-10T02:01:59.5118080Z  [32m✓[39m tests/unit/stores/siem.test.ts [2m([22m[2m22 tests[22m[2m)[22m[32m 32[2mms[22m[39m
2026-10-10T02:01:59.5518950Z  [32m✓[39m src/main/ai-engine/cowork/skills/__tests__/v1.2.0-summarizer.test.js [2m([22m[2m12 tests[22m[2m)[22m[32m 66[2mms[22m[39m
2026-10-10T02:02:00.2056090Z  [32m✓[39m src/main/crypto/__tests__/privacy-computing.test.js [2m([22m[2m19 tests[22m[2m)[22m[32m 27[2mms[22m[39m
2026-10-10T02:02:00.7178110Z  [32m✓[39m src/main/browser/actions/__tests__/smart-element-detector.test.js [2m([22m[2m20 tests[22m[2m)[22m[33m 534[2mms[22m[39m
2026-10-10T02:02:00.7293310Z        [33m[2m✓[22m[39m should timeout when element not found [33m 512[2mms[22m[39m
2026-10-10T02:02:00.9304100Z  [32m✓[39m tests/unit/project/project-git-ipc-simple.test.js [2m([22m[2m19 tests[22m[2m)[22m[32m 98[2mms[22m[39m
2026-10-10T02:02:01.3675690Z  [32m✓[39m tests/unit/ukey/pqc-migration-manager.test.js [2m([22m[2m27 tests[22m[2m)[22m[32m 46[2mms[22m[39m
2026-10-10T02:02:01.6301980Z  [32m✓[39m tests/unit/ai-engine/extended-tools-2.test.js [2m([22m[2m23 tests[22m[2m)[22m[32m 77[2mms[22m[39m
2026-10-10T02:02:02.0576300Z  [32m✓[39m src/main/ai-engine/a2a/__tests__/a2a-protocol-engine.test.js [2m([22m[2m24 tests[22m[2m)[22m[32m 56[2mms[22m[39m
2026-10-10T02:02:02.3407130Z  [32m✓[39m tests/unit/mcp/mcp-stdio-server-backpressure.test.js [2m([22m[2m12 tests[22m[2m)[22m[32m 39[2mms[22m[39m
2026-10-10T02:02:02.7341560Z  [32m✓[39m src/main/ai-engine/cowork/skills/__tests__/bundled-skill-local-service-broker.test.js [2m([22m[2m17 tests[22m[2m)[22m[32m 26[2mms[22m[39m
2026-10-10T02:02:03.1638140Z  [32m✓[39m tests/unit/components/GovernedSkillMarketplacePanel.test.ts [2m([22m[2m7 tests[22m[2m)[22m[32m 114[2mms[22m[39m
2026-10-10T02:02:03.3542590Z  [32m✓[39m tests/unit/stores/bleUkey.test.ts [2m([22m[2m22 tests[22m[2m)[22m[32m 43[2mms[22m[39m
2026-10-10T02:02:03.9044310Z  [32m✓[39m tests/unit/audit/soc2-compliance.test.js [2m([22m[2m22 tests[22m[2m)[22m[32m 44[2mms[22m[39m
2026-10-10T02:02:04.3237620Z  [32m✓[39m tests/unit/enterprise/terraform-manager.test.js [2m([22m[2m26 tests[22m[2m)[22m[32m 161[2mms[22m[39m
2026-10-10T02:02:04.9609690Z  [32m✓[39m src/main/browser/actions/__tests__/element-highlighter.test.js [2m([22m[2m29 tests[22m[2m)[22m[32m 36[2mms[22m[39m
2026-10-10T02:02:05.4694220Z  [32m✓[39m tests/unit/sync/sync-p1-fixes.test.js [2m([22m[2m18 tests[22m[2m)[22m[33m 777[2mms[22m[39m
2026-10-10T02:02:05.4796760Z      [33m[2m✓[22m[39m 应该在失败后重试直到成功 [33m 312[2mms[22m[39m
2026-10-10T02:02:05.8937130Z  [32m✓[39m src/main/bootstrap/__tests__/mtc-auto-bridge.integration.test.js [2m([22m[2m16 tests[22m[2m)[22m[32m 229[2mms[22m[39m
2026-10-10T02:02:06.2211190Z  [32m✓[39m src/main/browser/actions/__tests__/clipboard-manager.test.js [2m([22m[2m29 tests[22m[2m)[22m[32m 134[2mms[22m[39m
2026-10-10T02:02:06.5946850Z  [32m✓[39m tests/unit/remote/browser-extension/handlers/network-boundary.test.js [2m([22m[2m9 tests[22m[2m)[22m[32m 15[2mms[22m[39m
2026-10-10T02:02:06.9645560Z  [32m✓[39m tests/unit/mcp/community-registry-remote.test.js [2m([22m[2m14 tests[22m[2m)[22m[32m 69[2mms[22m[39m
2026-10-10T02:02:07.3133220Z  [32m✓[39m tests/unit/ai/skill-executor.test.js [2m([22m[2m23 tests[22m[2m)[22m[32m 68[2mms[22m[39m
2026-10-10T02:02:07.7490630Z  [32m✓[39m tests/unit/git/git-manager.test.js [2m([22m[2m10 tests[22m[2m)[22m[32m 24[2mms[22m[39m
2026-10-10T02:02:08.5186880Z  [32m✓[39m tests/unit/organization/organization-ipc.test.js [2m([22m[2m33 tests[22m[2m)[22m[32m 142[2mms[22m[39m
2026-10-10T02:02:09.1915360Z  [32m✓[39m src/main/bootstrap/__tests__/social-startup-policy.test.js [2m([22m[2m8 tests[22m[2m)[22m[32m 68[2mms[22m[39m
2026-10-10T02:02:10.0471930Z  [32m✓[39m src/main/ai-engine/code-agent/__tests__/intake-classifier.test.js [2m([22m[2m22 tests[22m[2m)[22m[32m 23[2mms[22m[39m
2026-10-10T02:02:10.1724440Z  [32m✓[39m src/renderer/components/__tests__/AppUpdateNotifier.test.ts [2m([22m[2m8 tests[22m[2m)[22m[32m 130[2mms[22m[39m
2026-10-10T02:02:10.7302680Z  [32m✓[39m src/renderer/stores/__tests__/callHistory.test.ts [2m([22m[2m15 tests[22m[2m)[22m[32m 25[2mms[22m[39m
2026-10-10T02:02:11.2731420Z  [32m✓[39m src/renderer/components/mtc/__tests__/MtcInclusionProofDrawer.test.ts [2m([22m[2m7 tests[22m[2m)[22m[32m 102[2mms[22m[39m
2026-10-10T02:02:11.3673970Z  [32m✓[39m src/main/ai-engine/code-agent/__tests__/code-generator-v2.test.js [2m([22m[2m26 tests[22m[2m)[22m[32m 36[2mms[22m[39m
2026-10-10T02:02:11.8953370Z  [32m✓[39m tests/unit/remote/browser-extension/handlers/webrtc-bounds.test.js [2m([22m[2m6 tests[22m[2m)[22m[32m 12[2mms[22m[39m
2026-10-10T02:02:12.0893120Z  [32m✓[39m src/renderer/components/graph/__tests__/GraphRunDebugger.test.ts [2m([22m[2m3 tests[22m[2m)[22m[32m 123[2mms[22m[39m
2026-10-10T02:02:12.7008520Z  [32m✓[39m src/renderer/shell/helpers/__tests__/memoryBankHelpers.test.ts [2m([22m[2m24 tests[22m[2m)[22m[32m 48[2mms[22m[39m
2026-10-10T02:02:12.9474060Z  [32m✓[39m src/renderer/components/projects/__tests__/project-goal-acceptance-panel.test.ts [2m([22m[2m8 tests[22m[2m)[22m[32m 143[2mms[22m[39m
2026-10-10T02:02:13.4281020Z  [32m✓[39m src/main/enterprise/low-code/__tests__/rest-connection-probe.test.js [2m([22m[2m21 tests[22m[2m)[22m[32m 165[2mms[22m[39m
2026-10-10T02:02:13.4980650Z  [32m✓[39m src/main/git/diff-sync/__tests__/packfile-optimizer.test.js [2m([22m[2m19 tests[22m[2m)[22m[32m 21[2mms[22m[39m
2026-10-10T02:02:14.1691880Z  [32m✓[39m src/renderer/components/projects/__tests__/project-risk-review-panel.test.ts [2m([22m[2m9 tests[22m[2m)[22m[32m 163[2mms[22m[39m
2026-10-10T02:02:14.3285710Z  [32m✓[39m src/renderer/components/projects/__tests__/project-goal-notification-drawer.test.ts [2m([22m[2m22 tests[22m[2m)[22m[32m 190[2mms[22m[39m
2026-10-10T02:02:14.9887790Z  [32m✓[39m src/main/ai-engine/cowork/skills/__tests__/v1.2.0-doc-coauthoring.test.js [2m([22m[2m17 tests[22m[2m)[22m[32m 101[2mms[22m[39m
2026-10-10T02:02:15.0639120Z  [32m✓[39m src/main/database/__tests__/legacy-rekey.test.js [2m([22m[2m10 tests[22m[2m)[22m[32m 33[2mms[22m[39m
2026-10-10T02:02:15.8209640Z  [32m✓[39m tests/unit/main/terminal/policy-aware-pty-manager.test.js [2m([22m[2m9 tests[22m[2m)[22m[32m 13[2mms[22m[39m
2026-10-10T02:02:15.8735070Z  [32m✓[39m tests/unit/llm/response-cache.test.js [2m([22m[2m23 tests[22m[2m | [22m[33m6 skipped[39m[2m)[22m[32m 65[2mms[22m[39m
2026-10-10T02:02:16.3373780Z  [32m✓[39m tests/unit/audit/compliance-ipc.test.js [2m([22m[2m16 tests[22m[2m)[22m[32m 32[2mms[22m[39m
2026-10-10T02:02:16.5045500Z  [32m✓[39m src/main/task/__tests__/project-goal-memory-ipc.test.js [2m([22m[2m17 tests[22m[2m)[22m[32m 135[2mms[22m[39m
2026-10-10T02:02:16.8089530Z  [32m✓[39m src/renderer/stores/__tests__/zkpCredentials.test.ts [2m([22m[2m12 tests[22m[2m)[22m[32m 17[2mms[22m[39m
2026-10-10T02:02:16.9925170Z  [32m✓[39m src/main/git/__tests__/p2p-git-sync.test.js [2m([22m[2m23 tests[22m[2m)[22m[32m 28[2mms[22m[39m
2026-10-10T02:02:17.2944700Z  [32m✓[39m tests/unit/project/checkpoint-manager.test.js [2m([22m[2m19 tests[22m[2m)[22m[32m 29[2mms[22m[39m
2026-10-10T02:02:17.4554730Z  [32m✓[39m tests/unit/components/graphRunDebuggerUtils.test.js [2m([22m[2m6 tests[22m[2m)[22m[32m 12[2mms[22m[39m
2026-10-10T02:02:18.1302240Z  [32m✓[39m src/main/ai-engine/cowork/skills/__tests__/v1.2.0-api-gateway.test.js [2m([22m[2m14 tests[22m[2m)[22m[32m 47[2mms[22m[39m
2026-10-10T02:02:18.2970140Z  [32m✓[39m tests/unit/api/email-ipc.test.js [2m([22m[2m7 tests[22m[2m)[22m[32m 24[2mms[22m[39m
2026-10-10T02:02:18.7636940Z  [32m✓[39m src/renderer/stores/__tests__/category.test.ts [2m([22m[2m13 tests[22m[2m)[22m[32m 24[2mms[22m[39m
2026-10-10T02:02:19.0454260Z  [32m✓[39m tests/unit/security/xss-sanitizer.test.js [2m([22m[2m27 tests[22m[2m)[22m[32m 34[2mms[22m[39m
2026-10-10T02:02:19.5887750Z  [32m✓[39m tests/unit/utils/accessibility.test.ts [2m([22m[2m12 tests[22m[2m)[22m[32m 113[2mms[22m[39m
2026-10-10T02:02:19.7087710Z  [32m✓[39m tests/unit/utils/advanced-analytics.test.ts [2m([22m[2m13 tests[22m[2m)[22m[32m 29[2mms[22m[39m
2026-10-10T02:02:20.3642160Z  [32m✓[39m src/renderer/stores/__tests__/agentNetwork.test.ts [2m([22m[2m11 tests[22m[2m)[22m[32m 32[2mms[22m[39m
2026-10-10T02:02:20.4626790Z  [32m✓[39m src/main/ai-engine/agents/__tests__/sub-agent-context.test.js [2m([22m[2m21 tests[22m[2m)[22m[32m 19[2mms[22m[39m
2026-10-10T02:02:21.2340120Z  [32m✓[39m src/main/auth/__tests__/auth-fail-closed.test.js [2m([22m[2m14 tests[22m[2m)[22m[32m 40[2mms[22m[39m
2026-10-10T02:02:21.8695920Z  [32m✓[39m src/main/auth/__tests__/sso-session-manager.test.js [2m([22m[2m11 tests[22m[2m)[22m[33m 361[2mms[22m[39m
2026-10-10T02:02:22.1531450Z  [32m✓[39m src/main/ai-engine/cowork/skills/__tests__/bundled-skill-environment-authority.test.js [2m([22m[2m6 tests[22m[2m)[22m[32m 45[2mms[22m[39m
2026-10-10T02:02:23.1589510Z  [32m✓[39m src/main/evolution/__tests__/desktop-browser-navigation-action.test.js [2m([22m[2m6 tests[22m[2m)[22m[32m 49[2mms[22m[39m
2026-10-10T02:02:23.3835820Z  [32m✓[39m src/main/analytics/__tests__/analytics-ipc.test.js [2m([22m[2m28 tests[22m[2m)[22m[32m 100[2mms[22m[39m
2026-10-10T02:02:23.9487290Z  [32m✓[39m src/main/database/__tests__/migration-manager.test.js [2m([22m[2m21 tests[22m[2m)[22m[32m 80[2mms[22m[39m
2026-10-10T02:02:24.1544690Z  [32m✓[39m src/main/ai-engine/workflow/__tests__/workflow-engine-resume.test.js [2m([22m[2m9 tests[22m[2m)[22m[32m 34[2mms[22m[39m
2026-10-10T02:02:24.6553550Z  [32m✓[39m src/renderer/stores/__tests__/template.test.ts [2m([22m[2m13 tests[22m[2m)[22m[32m 30[2mms[22m[39m
2026-10-10T02:02:24.9092610Z  [32m✓[39m tests/unit/social/matrix-bridge.test.js [2m([22m[2m26 tests[22m[2m)[22m[32m 55[2mms[22m[39m
2026-10-10T02:02:25.4288080Z (node:53348) ExperimentalWarning: SQLite is an experimental feature and might change at any time
2026-10-10T02:02:25.4314830Z (Use `node --trace-warnings ...` to show where the warning was created)
2026-10-10T02:02:25.5654010Z  [32m✓[39m tests/unit/audit/classification-policy.test.js [2m([22m[2m25 tests[22m[2m)[22m[32m 52[2mms[22m[39m
2026-10-10T02:02:25.5746430Z  [32m✓[39m src/main/collaboration/__tests__/collab-recovery-conformance.test.js [2m([22m[2m3 tests[22m[2m)[22m[32m 144[2mms[22m[39m
2026-10-10T02:02:26.3167070Z  [32m✓[39m src/main/collaboration/__tests__/collab-retained-state.test.js [2m([22m[2m11 tests[22m[2m)[22m[32m 30[2mms[22m[39m
2026-10-10T02:02:26.5121670Z  [32m✓[39m src/main/task/__tests__/organization-project-transfer-ipc.test.js [2m([22m[2m8 tests[22m[2m)[22m[32m 244[2mms[22m[39m
2026-10-10T02:02:27.0679800Z  [32m✓[39m src/main/git/__tests__/hosting.test.js [2m([22m[2m26 tests[22m[2m)[22m[32m 60[2mms[22m[39m
2026-10-10T02:02:27.2919750Z  [32m✓[39m src/main/ai-engine/cowork/__tests__/tavily-search-handler.test.js [2m([22m[2m13 tests[22m[2m)[22m[32m 91[2mms[22m[39m
2026-10-10T02:02:27.9486490Z  [32m✓[39m tests/unit/ai/builtin-skills.test.js [2m([22m[2m27 tests[22m[2m)[22m[32m 86[2mms[22m[39m
2026-10-10T02:02:28.0832620Z  [32m✓[39m src/main/ai-engine/cowork/skills/__tests__/bundled-skill-filesystem-authority.test.js [2m([22m[2m7 tests[22m[2m)[22m[32m 52[2mms[22m[39m
2026-10-10T02:02:28.9109250Z  [32m✓[39m tests/unit/mcp/mcp-ipc.test.js [2m([22m[2m7 tests[22m[2m)[22m[32m 96[2mms[22m[39m
2026-10-10T02:02:29.6063140Z  [32m✓[39m src/main/browser/workflow/__tests__/control-flow.test.js [2m([22m[2m19 tests[22m[2m)[22m[32m 22[2mms[22m[39m
2026-10-10T02:02:30.3606590Z  [32m✓[39m src/main/browser/actions/__tests__/browser-actions-edge-cases.test.js [2m([22m[2m12 tests[22m[2m)[22m[32m 110[2mms[22m[39m
2026-10-10T02:02:31.0001760Z  [32m✓[39m tests/unit/ukey/webusb-fallback.test.js [2m([22m[2m21 tests[22m[2m)[22m[32m 30[2mms[22m[39m
2026-10-10T02:02:31.7011620Z  [32m✓[39m src/main/ai-engine/cowork/skills/__tests__/v1.2.0-humanizer.test.js [2m([22m[2m17 tests[22m[2m)[22m[32m 29[2mms[22m[39m
2026-10-10T02:02:31.7766290Z  [32m✓[39m src/main/browser/actions/__tests__/error-recovery-manager.test.js [2m([22m[2m21 tests[22m[2m)[22m[33m 2874[2mms[22m[39m
2026-10-10T02:02:31.7868260Z        [33m[2m✓[22m[39m should fail after max retries [33m 307[2mms[22m[39m
2026-10-10T02:02:31.7979930Z        [33m[2m✓[22m[39m should classify errors correctly [33m 307[2mms[22m[39m
2026-10-10T02:02:31.8110030Z        [33m[2m✓[22m[39m should classify element not found errors [33m 1108[2mms[22m[39m
2026-10-10T02:02:31.8210250Z        [33m[2m✓[22m[39m should classify network errors [33m 607[2mms[22m[39m
2026-10-10T02:02:32.5755720Z  [32m✓[39m src/renderer/stores/__tests__/call.test.ts [2m([22m[2m14 tests[22m[2m)[22m[32m 35[2mms[22m[39m
2026-10-10T02:02:33.3193750Z  [32m✓[39m tests/unit/pages/PlanningView.test.js [2m([22m[2m15 tests[22m[2m)[22m[32m 225[2mms[22m[39m
2026-10-10T02:02:33.5138940Z  [32m✓[39m tests/unit/ukey/usb-transport.test.js [2m([22m[2m18 tests[22m[2m)[22m[32m 83[2mms[22m[39m
2026-10-10T02:02:34.7161220Z  [32m✓[39m tests/unit/utils/safe-open.test.js [2m([22m[2m21 tests[22m[2m)[22m[32m 43[2mms[22m[39m
2026-10-10T02:02:34.7843250Z  [32m✓[39m src/main/ai-engine/cowork/__tests__/agent-did.test.js [2m([22m[2m23 tests[22m[2m)[22m[32m 101[2mms[22m[39m
2026-10-10T02:02:35.7807620Z  [32m✓[39m src/renderer/stores/__tests__/sessionCore.test.ts [2m([22m[2m10 tests[22m[2m)[22m[32m 30[2mms[22m[39m
2026-10-10T02:02:35.7912390Z  [32m✓[39m src/renderer/stores/__tests__/trade.test.ts [2m([22m[2m9 tests[22m[2m)[22m[32m 33[2mms[22m[39m
2026-10-10T02:02:36.6441310Z  [32m✓[39m tests/unit/utils/worker-scheduler.test.ts [2m([22m[2m13 tests[22m[2m)[22m[32m 45[2mms[22m[39m
2026-10-10T02:02:36.6659790Z  [32m✓[39m tests/unit/performance/performance-baseline.test.js [2m([22m[2m21 tests[22m[2m)[22m[32m 68[2mms[22m[39m
2026-10-10T02:02:37.5005230Z  [32m✓[39m src/main/utils/__tests__/http-optimizer.test.js [2m([22m[2m15 tests[22m[2m)[22m[32m 40[2mms[22m[39m
2026-10-10T02:02:37.5110180Z  [32m✓[39m tests/unit/mcp/mcp-http-server-backpressure.test.js [2m([22m[2m7 tests[22m[2m)[22m[32m 39[2mms[22m[39m
2026-10-10T02:02:38.9268940Z  [32m✓[39m src/main/ai-engine/cowork/skills/__tests__/v1.2.0-notion.test.js [2m([22m[2m10 tests[22m[2m)[22m[32m 131[2mms[22m[39m
2026-10-10T02:02:38.9682390Z  [32m✓[39m tests/unit/mcp/community-registry-lifecycle.test.js [2m([22m[2m8 tests[22m[2m)[22m[33m 305[2mms[22m[39m
2026-10-10T02:02:40.7417120Z  [32m✓[39m src/main/browser/actions/__tests__/coordinate-action.test.js [2m([22m[2m19 tests[22m[2m)[22m[33m 800[2mms[22m[39m
2026-10-10T02:02:40.7448250Z        [33m[2m✓[22m[39m should execute swipe up gesture [33m 342[2mms[22m[39m
2026-10-10T02:02:40.7589760Z        [33m[2m✓[22m[39m should execute swipe down gesture [33m 336[2mms[22m[39m
2026-10-10T02:02:41.4633480Z  [32m✓[39m tests/unit/scripts/phase1.4-path-math.test.js [2m([22m[2m8 tests[22m[2m)[22m[33m 1537[2mms[22m[39m
2026-10-10T02:02:42.6108590Z  [32m✓[39m src/main/ipc/__tests__/personal-data-hub-open-web-window.test.js [2m([22m[2m10 tests[22m[2m)[22m[32m 56[2mms[22m[39m
2026-10-10T02:02:42.8507800Z  [32m✓[39m src/main/ai-engine/cowork/skills/__tests__/v1.2.0-free-model-manager.test.js [2m([22m[2m13 tests[22m[2m)[22m[32m 52[2mms[22m[39m
2026-10-10T02:02:44.0249780Z  [32m✓[39m tests/unit/monitoring/performance-monitor-boundary.test.js [2m([22m[2m8 tests[22m[2m)[22m[32m 41[2mms[22m[39m
2026-10-10T02:02:44.0627030Z  [32m✓[39m src/main/knowledge-graph/__tests__/entity-extraction.test.js [2m([22m[2m18 tests[22m[2m)[22m[32m 71[2mms[22m[39m
2026-10-10T02:02:44.9311190Z  [32m✓[39m tests/unit/config/read-settings-sync.test.js [2m([22m[2m14 tests[22m[2m)[22m[32m 65[2mms[22m[39m
2026-10-10T02:02:45.0078990Z  [32m✓[39m src/main/ai-engine/cowork/__tests__/auto-remediator.test.js [2m([22m[2m19 tests[22m[2m)[22m[32m 69[2mms[22m[39m
2026-10-10T02:02:45.7773440Z  [32m✓[39m tests/unit/trade/asset-escrow-transfer.test.js [2m([22m[2m8 tests[22m[2m)[22m[32m 38[2mms[22m[39m
2026-10-10T02:02:46.1199550Z  [32m✓[39m tests/unit/crossorg/shared-workspace-manager.test.js [2m([22m[2m7 tests[22m[2m)[22m[32m 64[2mms[22m[39m
2026-10-10T02:02:47.3450710Z  [32m✓[39m src/main/ai-engine/cowork/skills/__tests__/v1.2.0-obsidian.test.js [2m([22m[2m11 tests[22m[2m)[22m[32m 70[2mms[22m[39m
2026-10-10T02:02:48.6162410Z  [32m✓[39m tests/unit/ukey/firmware-ota-manager.test.js [2m([22m[2m22 tests[22m[2m)[22m[32m 106[2mms[22m[39m
2026-10-10T02:02:49.6717120Z  [32m✓[39m src/main/core/__tests__/service-container.test.js [2m([22m[2m24 tests[22m[2m)[22m[32m 103[2mms[22m[39m
2026-10-10T02:02:50.5646400Z  [32m✓[39m tests/unit/remote/browser-extension/handlers/console-capture-bounds.test.js [2m([22m[2m6 tests[22m[2m)[22m[32m 14[2mms[22m[39m
2026-10-10T02:02:51.6702070Z  [32m✓[39m src/main/defi/__tests__/insurance-pool-manager-atomicity.test.js [2m([22m[2m5 tests[22m[2m)[22m[32m 99[2mms[22m[39m
2026-10-10T02:02:53.2645680Z  [32m✓[39m src/main/ipc/__tests__/lazy-phase-loader.test.js [2m([22m[2m21 tests[22m[2m)[22m[32m 97[2mms[22m[39m
2026-10-10T02:02:54.4099770Z  [32m✓[39m src/main/ai-engine/__tests__/unified-tool-registry.test.js [2m([22m[2m4 tests[22m[2m)[22m[32m 36[2mms[22m[39m
2026-10-10T02:02:55.4449680Z  [32m✓[39m tests/unit/autonomous/collaboration-governance.test.js [2m([22m[2m22 tests[22m[2m)[22m[32m 55[2mms[22m[39m
2026-10-10T02:02:56.4280340Z  [32m✓[39m src/main/evolution/__tests__/desktop-browser-tab-open-action.test.js [2m([22m[2m3 tests[22m[2m)[22m[32m 14[2mms[22m[39m
2026-10-10T02:02:57.5539380Z  [32m✓[39m tests/unit/config/database-config.test.js [2m([22m[2m9 tests[22m[2m)[22m[32m 81[2mms[22m[39m
2026-10-10T02:02:58.5997930Z  [32m✓[39m tests/unit/utils/followup-intent-helper.test.js [2m([22m[2m21 tests[22m[2m)[22m[32m 47[2mms[22m[39m
2026-10-10T02:03:00.2929580Z  [32m✓[39m src/renderer/stores/__tests__/timeMachine.test.ts [2m([22m[2m12 tests[22m[2m)[22m[32m 81[2mms[22m[39m
2026-10-10T02:03:01.6420710Z  [32m✓[39m src/main/ai-engine/cowork/skills/__tests__/v1.2.0-github-manager.test.js [2m([22m[2m9 tests[22m[2m)[22m[32m 20[2mms[22m[39m
2026-10-10T02:03:01.9812230Z  [32m✓[39m tests/unit/renderer/shell/AppShell.interaction.test.ts [2m([22m[2m4 tests[22m[2m)[22m[33m 1015[2mms[22m[39m
2026-10-10T02:03:01.9914810Z      [33m[2m✓[22m[39m Ctrl+Shift+A 打开 AdminConsole [33m 502[2mms[22m[39m
2026-10-10T02:03:02.6612310Z  [32m✓[39m src/renderer/components/projects/__tests__/project-goal-actions-panel.test.ts [2m([22m[2m7 tests[22m[2m)[22m[32m 158[2mms[22m[39m
2026-10-10T02:03:02.7518420Z  [32m✓[39m src/main/knowledge-graph/__tests__/graph-analytics.test.js [2m([22m[2m17 tests[22m[2m)[22m[32m 36[2mms[22m[39m
2026-10-10T02:03:03.6838160Z  [32m✓[39m src/main/enterprise/__tests__/profile-packager.test.js [2m([22m[2m8 tests[22m[2m)[22m[32m 77[2mms[22m[39m
2026-10-10T02:03:03.7318100Z  [32m✓[39m tests/unit/crossorg/resource-sharing-manager.test.js [2m([22m[2m7 tests[22m[2m)[22m[32m 48[2mms[22m[39m
2026-10-10T02:03:04.6922910Z  [32m✓[39m src/renderer/stores/__tests__/thresholdSecurity.test.ts [2m([22m[2m8 tests[22m[2m)[22m[32m 30[2mms[22m[39m
2026-10-10T02:03:04.7249110Z  [32m✓[39m src/main/ipc/__tests__/ipc-middleware.test.js [2m([22m[2m20 tests[22m[2m)[22m[32m 35[2mms[22m[39m
2026-10-10T02:03:05.5982470Z  [32m✓[39m tests/unit/video/video-editing-ipc.test.js [2m([22m[2m13 tests[22m[2m)[22m[32m 74[2mms[22m[39m
2026-10-10T02:03:06.6554580Z  [32m✓[39m src/main/ai-engine/cowork/__tests__/find-skills-handler.test.js [2m([22m[2m16 tests[22m[2m)[22m[32m 136[2mms[22m[39m
2026-10-10T02:03:07.6176370Z  [32m✓[39m src/main/evolution/__tests__/desktop-pm-pre-run-seal.test.js [2m([22m[2m6 tests[22m[2m)[22m[32m 107[2mms[22m[39m
2026-10-10T02:03:08.4687330Z  [32m✓[39m src/renderer/stores/__tests__/webauthn.test.ts [2m([22m[2m10 tests[22m[2m)[22m[32m 27[2mms[22m[39m
2026-10-10T02:03:09.3540920Z  [32m✓[39m src/main/git/__tests__/p2p-git-transport.test.js [2m([22m[2m18 tests[22m[2m)[22m[32m 33[2mms[22m[39m
2026-10-10T02:03:09.6008390Z  [32m✓[39m tests/unit/scripts/prepare-web-shell-vendor.test.js [2m([22m[2m7 tests[22m[2m)[22m[33m 3987[2mms[22m[39m
2026-10-10T02:03:09.6110800Z      [33m[2m✓[22m[39m real run materialises the expected vendor layout [33m 1253[2mms[22m[39m
2026-10-10T02:03:09.6255010Z      [33m[2m✓[22m[39m excludes the assets/web-panel duplicate from the cli vendor [33m 823[2mms[22m[39m
2026-10-10T02:03:09.6357120Z      [33m[2m✓[22m[39m excludes any __tests__ subtree if one ever sneaks into cli/src [33m 715[2mms[22m[39m
2026-10-10T02:03:09.6465190Z      [33m[2m✓[22m[39m is idempotent — second run overwrites without error [33m 1128[2mms[22m[39m
2026-10-10T02:03:10.1794290Z  [32m✓[39m src/renderer/components/chat/governed-knowledge-revocation-utils.test.js [2m([22m[2m5 tests[22m[2m)[22m[32m 83[2mms[22m[39m
2026-10-10T02:03:10.3936300Z  [32m✓[39m src/main/sync/__tests__/sync-conflict-notifier.test.js [2m([22m[2m14 tests[22m[2m)[22m[32m 31[2mms[22m[39m
2026-10-10T02:03:10.9777380Z  [32m✓[39m src/renderer/stores/__tests__/hardening.test.ts [2m([22m[2m9 tests[22m[2m)[22m[32m 18[2mms[22m[39m
2026-10-10T02:03:11.2112070Z  [32m✓[39m src/renderer/stores/__tests__/skill-pipeline.test.ts [2m([22m[2m11 tests[22m[2m)[22m[32m 42[2mms[22m[39m
2026-10-10T02:03:11.8979580Z  [32m✓[39m tests/unit/sync/syncScheduler.test.ts [2m([22m[2m16 tests[22m[2m)[22m[32m 30[2mms[22m[39m
2026-10-10T02:03:12.2102150Z  [32m✓[39m src/main/task/__tests__/project-goal-completion-ipc.test.js [2m([22m[2m14 tests[22m[2m)[22m[32m 144[2mms[22m[39m
2026-10-10T02:03:12.7381380Z  [32m✓[39m tests/unit/remote/browser-extension/handlers/websocket-debug-registry.test.js [2m([22m[2m7 tests[22m[2m)[22m[32m 29[2mms[22m[39m
2026-10-10T02:03:12.9698790Z  [32m✓[39m tests/unit/remote/browser-extension/handlers/compression-bounds.test.js [2m([22m[2m8 tests[22m[2m)[22m[32m 29[2mms[22m[39m
2026-10-10T02:03:13.5484290Z  [32m✓[39m src/main/ai-engine/cowork/skills/__tests__/v1.2.0-self-improving-agent.test.js [2m([22m[2m12 tests[22m[2m)[22m[32m 41[2mms[22m[39m
2026-10-10T02:03:13.8208930Z  [32m✓[39m src/main/ai-engine/perception/__tests__/perception-engine.test.js [2m([22m[2m21 tests[22m[2m)[22m[32m 73[2mms[22m[39m
2026-10-10T02:03:14.3883910Z  [32m✓[39m src/main/sync/__tests__/sync-credentials.test.js [2m([22m[2m18 tests[22m[2m)[22m[32m 48[2mms[22m[39m
2026-10-10T02:03:14.5759760Z  [32m✓[39m src/renderer/stores/__tests__/community.test.ts [2m([22m[2m9 tests[22m[2m)[22m[32m 28[2mms[22m[39m
2026-10-10T02:03:15.1192120Z  [32m✓[39m src/main/ai-engine/cowork/skills/__tests__/skill-loader.test.js [2m([22m[2m11 tests[22m[2m)[22m[32m 34[2mms[22m[39m
2026-10-10T02:03:15.2648430Z  [32m✓[39m src/renderer/stores/__tests__/identity.test.ts [2m([22m[2m9 tests[22m[2m)[22m[32m 50[2mms[22m[39m
2026-10-10T02:03:15.9887580Z  [32m✓[39m src/main/utils/__tests__/ipc-validator.test.js [2m([22m[2m15 tests[22m[2m)[22m[32m 31[2mms[22m[39m
2026-10-10T02:03:16.0412110Z  [32m✓[39m src/main/ai-engine/cowork/skills/__tests__/skill-workflow-ipc.test.js [2m([22m[2m13 tests[22m[2m)[22m[32m 33[2mms[22m[39m
2026-10-10T02:03:16.6574110Z  [32m✓[39m tests/unit/components/ScreenshotImportDialog.test.ts [2m([22m[2m4 tests[22m[2m)[22m[32m 116[2mms[22m[39m
2026-10-10T02:03:16.6582660Z  [32m✓[39m tests/unit/llm/llm-manager-media-categories.test.js [2m([22m[2m25 tests[22m[2m)[22m[32m 27[2mms[22m[39m
2026-10-10T02:03:17.2140800Z  [32m✓[39m src/main/ipfs/__tests__/filecoin-storage.test.js [2m([22m[2m11 tests[22m[2m)[22m[32m 10[2mms[22m[39m
2026-10-10T02:03:17.2405100Z  [32m✓[39m src/main/ai-engine/cowork/skills/__tests__/bundled-skill-process-authority.test.js [2m([22m[2m5 tests[22m[2m)[22m[32m 18[2mms[22m[39m
2026-10-10T02:03:17.8986250Z  [32m✓[39m src/main/web-shell/__tests__/notification-settings-handlers.test.js [2m([22m[2m11 tests[22m[2m)[22m[32m 24[2mms[22m[39m
2026-10-10T02:03:18.0873790Z  [32m✓[39m tests/unit/api/email-client.test.js [2m([22m[2m15 tests[22m[2m)[22m[32m 22[2mms[22m[39m
2026-10-10T02:03:18.5188830Z  [32m✓[39m src/renderer/stores/__tests__/encryption.test.ts [2m([22m[2m12 tests[22m[2m)[22m[32m 18[2mms[22m[39m
2026-10-10T02:03:18.7399630Z  [32m✓[39m src/main/sync/__tests__/db-sync-manager-project-root-boundary.test.js [2m([22m[2m4 tests[22m[2m)[22m[32m 103[2mms[22m[39m
2026-10-10T02:03:19.2164820Z  [32m✓[39m src/renderer/stores/__tests__/team.test.ts [2m([22m[2m13 tests[22m[2m)[22m[32m 29[2mms[22m[39m
2026-10-10T02:03:19.4671470Z  [32m✓[39m src/main/core/__tests__/event-bus.test.js [2m([22m[2m23 tests[22m[2m)[22m[32m 34[2mms[22m[39m
2026-10-10T02:03:19.8399110Z  [32m✓[39m src/main/evolution/__tests__/desktop-browser-keyboard-action.test.js [2m([22m[2m7 tests[22m[2m)[22m[32m 14[2mms[22m[39m
2026-10-10T02:03:20.0398390Z  [32m✓[39m src/renderer/stores/__tests__/compliance.test.ts [2m([22m[2m9 tests[22m[2m)[22m[32m 18[2mms[22m[39m
2026-10-10T02:03:20.4407970Z  [32m✓[39m src/renderer/stores/__tests__/slaManager.test.ts [2m([22m[2m9 tests[22m[2m)[22m[32m 20[2mms[22m[39m
2026-10-10T02:03:20.7858290Z  [32m✓[39m src/main/ai-engine/code-agent/__tests__/workflow-hook-runner.test.js [2m([22m[2m16 tests[22m[2m)[22m[32m 159[2mms[22m[39m
2026-10-10T02:03:21.0995030Z  [32m✓[39m src/renderer/stores/__tests__/governance.test.ts [2m([22m[2m8 tests[22m[2m)[22m[32m 13[2mms[22m[39m
2026-10-10T02:03:21.4551670Z  [32m✓[39m src/renderer/stores/__tests__/sso.test.ts [2m([22m[2m9 tests[22m[2m)[22m[32m 24[2mms[22m[39m
2026-10-10T02:03:21.7686780Z  [32m✓[39m src/renderer/stores/__tests__/terraform.test.ts [2m([22m[2m8 tests[22m[2m)[22m[32m 18[2mms[22m[39m
2026-10-10T02:03:22.1046990Z  [32m✓[39m src/renderer/stores/__tests__/pqcMigration.test.ts [2m([22m[2m8 tests[22m[2m)[22m[32m 21[2mms[22m[39m
2026-10-10T02:03:22.4346910Z  [32m✓[39m src/main/ai-engine/cowork/skills/__tests__/v1.2.0-api-design.test.js [2m([22m[2m13 tests[22m[2m)[22m[32m 69[2mms[22m[39m
2026-10-10T02:03:22.7788760Z  [32m✓[39m src/main/ai-engine/cowork/skills/__tests__/v1.2.0-youtube-summarizer.test.js [2m([22m[2m12 tests[22m[2m)[22m[32m 16[2mms[22m[39m
2026-10-10T02:03:23.1164550Z  [32m✓[39m src/main/mtc/__tests__/archive-provider-factory.test.js [2m([22m[2m11 tests[22m[2m)[22m[32m 24[2mms[22m[39m
2026-10-10T02:03:23.1351450Z  [32m✓[39m src/renderer/stores/__tests__/collaborationGovernance.test.ts [2m([22m[2m9 tests[22m[2m)[22m[32m 28[2mms[22m[39m
2026-10-10T02:03:23.7896310Z  [32m✓[39m src/main/ai-engine/cowork/skills/__tests__/v1.2.0-google-workspace.test.js [2m([22m[2m8 tests[22m[2m)[22m[32m 19[2mms[22m[39m
2026-10-10T02:03:23.8361140Z  [32m✓[39m src/main/ai-engine/cowork/__tests__/agent-reputation.test.js [2m([22m[2m17 tests[22m[2m)[22m[32m 42[2mms[22m[39m
2026-10-10T02:03:24.5212880Z  [32m✓[39m src/renderer/stores/__tests__/multimodal.test.ts [2m([22m[2m10 tests[22m[2m)[22m[32m 39[2mms[22m[39m
2026-10-10T02:03:24.6123410Z  [32m✓[39m src/main/ai-engine/cowork/skills/__tests__/bundled-skill-network-authority.test.js [2m([22m[2m7 tests[22m[2m)[22m[32m 64[2mms[22m[39m
2026-10-10T02:03:25.3886310Z  [32m✓[39m src/main/ai-engine/cowork/skills/__tests__/markdown-skill.test.js [2m([22m[2m11 tests[22m[2m)[22m[32m 16[2mms[22m[39m
2026-10-10T02:03:25.3988480Z  [32m✓[39m src/main/ai-engine/cowork/skills/__tests__/v1.2.0-weather.test.js [2m([22m[2m9 tests[22m[2m)[22m[32m 21[2mms[22m[39m
2026-10-10T02:03:26.1431700Z  [32m✓[39m tests/unit/crossorg/partnership-manager.test.js [2m([22m[2m6 tests[22m[2m)[22m[32m 20[2mms[22m[39m
2026-10-10T02:03:26.2014760Z  [32m✓[39m tests/unit/remote/browser-extension/handlers/performance-trace-bounds.test.js [2m([22m[2m7 tests[22m[2m)[22m[32m 19[2mms[22m[39m
2026-10-10T02:03:26.8560310Z  [32m✓[39m src/main/plugins/__tests__/plugin-sandbox-error-boundary.test.js [2m([22m[2m5 tests[22m[2m)[22m[32m 36[2mms[22m[39m
2026-10-10T02:03:26.8807240Z  [32m✓[39m src/renderer/stores/__tests__/albums.test.ts [2m([22m[2m10 tests[22m[2m)[22m[32m 21[2mms[22m[39m
2026-10-10T02:03:27.4392120Z  [32m✓[39m tests/unit/main/terminal/terminal-ipc.test.js [2m([22m[2m12 tests[22m[2m)[22m[32m 21[2mms[22m[39m
2026-10-10T02:03:27.4501720Z  [32m✓[39m tests/unit/utils/offlineManager.test.ts [2m([22m[2m10 tests[22m[2m)[22m[32m 48[2mms[22m[39m
2026-10-10T02:03:28.0150690Z  [32m✓[39m tests/unit/ai-engine/ai-engine-ipc-output.test.js [2m([22m[2m10 tests[22m[2m)[22m[32m 35[2mms[22m[39m
2026-10-10T02:03:28.0324280Z  [32m✓[39m src/main/ai-engine/cowork/skills/__tests__/v1.2.0-k8s-deployer.test.js [2m([22m[2m16 tests[22m[2m)[22m[32m 16[2mms[22m[39m
2026-10-10T02:03:28.7667290Z  [32m✓[39m src/main/ai-engine/cowork/skills/__tests__/bundled-skill-specialized-network.test.js [2m([22m[2m4 tests[22m[2m)[22m[32m 48[2mms[22m[39m
2026-10-10T02:03:29.0331750Z  [32m✓[39m src/main/ai-engine/cowork/skills/__tests__/skill-gating.test.js [2m([22m[2m19 tests[22m[2m)[22m[32m 300[2mms[22m[39m
2026-10-10T02:03:29.0973380Z  [32m✓[39m tests/unit/p2p/standalone-signaling-server-bounds.test.js [2m([22m[2m8 tests[22m[2m)[22m[32m 10[2mms[22m[39m
2026-10-10T02:03:29.9084820Z  [32m✓[39m src/main/remote/__tests__/mobile-approval-transport.test.js [2m([22m[2m10 tests[22m[2m)[22m[32m 24[2mms[22m[39m
2026-10-10T02:03:29.9705400Z  [32m✓[39m tests/unit/autonomous/tech-learning-engine.test.js [2m([22m[2m18 tests[22m[2m)[22m[32m 63[2mms[22m[39m
2026-10-10T02:03:30.7888470Z  [32m✓[39m src/renderer/stores/__tests__/ipfs-storage.test.ts [2m([22m[2m10 tests[22m[2m)[22m[32m 30[2mms[22m[39m
2026-10-10T02:03:30.8269150Z  [32m✓[39m src/renderer/stores/__tests__/firmwareOta.test.ts [2m([22m[2m8 tests[22m[2m)[22m[32m 23[2mms[22m[39m
2026-10-10T02:03:31.6434950Z  [32m✓[39m tests/unit/monitoring/analytics-manager-bounds.test.js [2m([22m[2m6 tests[22m[2m)[22m[32m 52[2mms[22m[39m
2026-10-10T02:03:31.7308090Z  [32m✓[39m src/main/social/__tests__/collab-engine-boundaries.test.js [2m([22m[2m7 tests[22m[2m)[22m[32m 91[2mms[22m[39m
2026-10-10T02:03:32.7137710Z  [32m✓[39m src/renderer/stores/__tests__/skill-metrics.test.ts [2m([22m[2m7 tests[22m[2m)[22m[32m 18[2mms[22m[39m
2026-10-10T02:03:32.7345690Z  [32m✓[39m src/renderer/stores/__tests__/artifacts.test.ts [2m([22m[2m12 tests[22m[2m)[22m[32m 41[2mms[22m[39m
2026-10-10T02:03:33.7004550Z  [32m✓[39m src/main/web-shell/__tests__/git-config-handlers.test.js [2m([22m[2m11 tests[22m[2m)[22m[32m 15[2mms[22m[39m
2026-10-10T02:03:33.7691070Z  [32m✓[39m src/main/web-shell/__tests__/mtc-status-handlers.test.js [2m([22m[2m7 tests[22m[2m)[22m[32m 157[2mms[22m[39m
2026-10-10T02:03:34.3958630Z  [32m✓[39m src/main/evolution/__tests__/desktop-browser-download-artifact-disposal.test.js [2m([22m[2m3 tests[22m[2m)[22m[32m 18[2mms[22m[39m
2026-10-10T02:03:34.5650930Z  [32m✓[39m src/main/ai-engine/cowork/skills/__tests__/v1.2.0-pr-reviewer.test.js [2m([22m[2m11 tests[22m[2m)[22m[32m 28[2mms[22m[39m
2026-10-10T02:03:35.2509590Z  [32m✓[39m src/renderer/stores/__tests__/nlProgram.test.ts [2m([22m[2m10 tests[22m[2m)[22m[32m 17[2mms[22m[39m
2026-10-10T02:03:35.8790460Z  [32m✓[39m src/renderer/stores/__tests__/autonomousDev.test.ts [2m([22m[2m8 tests[22m[2m)[22m[32m 18[2mms[22m[39m
2026-10-10T02:03:36.6726390Z  [32m✓[39m src/main/browser/actions/__tests__/coordinate-mapping.test.js [2m([22m[2m15 tests[22m[2m)[22m[32m 17[2mms[22m[39m
2026-10-10T02:03:37.2830410Z  [32m✓[39m tests/unit/remote/browser-extension/handlers/devtools-debug-websocket-bounds.test.js [2m([22m[2m4 tests[22m[2m)[22m[32m 11[2mms[22m[39m
2026-10-10T02:03:37.4531730Z  [32m✓[39m src/main/p2p/__tests__/p2p-gossip-roundtrip.test.js [2m([22m[2m3 tests[22m[2m)[22m[33m 2621[2mms[22m[39m
2026-10-10T02:03:37.4543260Z      [33m[2m✓[22m[39m A → B sendMessage round-trip emits message:typed on the receiver [33m 921[2mms[22m[39m
2026-10-10T02:03:37.4666960Z      [33m[2m✓[22m[39m A.broadcast(community) is received by B's gossip layer [33m 611[2mms[22m[39m
2026-10-10T02:03:37.9281710Z  [32m✓[39m tests/unit/utils/errorHandler.test.ts [2m([22m[2m10 tests[22m[2m)[22m[32m 23[2mms[22m[39m
2026-10-10T02:03:38.0434210Z  [32m✓[39m tests/unit/autonomous/autonomous-developer.test.js [2m([22m[2m19 tests[22m[2m)[22m[32m 32[2mms[22m[39m
2026-10-10T02:03:38.4723880Z  [32m✓[39m src/renderer/stores/__tests__/recommendation.test.ts [2m([22m[2m8 tests[22m[2m)[22m[32m 11[2mms[22m[39m
2026-10-10T02:03:38.6383890Z  [32m✓[39m src/main/core/__tests__/resource-pool.test.js [2m([22m[2m20 tests[22m[2m)[22m[32m 43[2mms[22m[39m
2026-10-10T02:03:39.3882370Z  [32m✓[39m src/main/family-guard/__tests__/child-event-query.test.js [2m([22m[2m6 tests[22m[2m)[22m[32m 100[2mms[22m[39m
2026-10-10T02:03:39.6540230Z  [32m✓[39m src/main/task/__tests__/organization-project-goal-periodic-host.test.js [2m([22m[2m5 tests[22m[2m)[22m[33m 380[2mms[22m[39m
2026-10-10T02:03:40.0020770Z  [32m✓[39m src/main/git/__tests__/git-credential-store.test.js [2m([22m[2m6 tests[22m[2m)[22m[32m 17[2mms[22m[39m
2026-10-10T02:03:40.2717090Z  [32m✓[39m src/renderer/stores/__tests__/dbPerformance.test.ts [2m([22m[2m13 tests[22m[2m)[22m[32m 18[2mms[22m[39m
2026-10-10T02:03:40.6301920Z  [32m✓[39m src/main/ai-engine/cowork/skills/__tests__/skill-md-parser.test.js [2m([22m[2m13 tests[22m[2m)[22m[32m 24[2mms[22m[39m
2026-10-10T02:03:40.7588060Z  [32m✓[39m src/renderer/stores/__tests__/matrixBridge.test.ts [2m([22m[2m8 tests[22m[2m)[22m[32m 11[2mms[22m[39m
2026-10-10T02:03:41.1791610Z  [32m✓[39m tests/unit/window-registry.test.js [2m([22m[2m17 tests[22m[2m)[22m[32m 24[2mms[22m[39m
2026-10-10T02:03:41.4096270Z  [32m✓[39m src/main/ai-engine/cowork/skills/__tests__/v1.2.0-planning-files.test.js [2m([22m[2m13 tests[22m[2m)[22m[32m 70[2mms[22m[39m
2026-10-10T02:03:41.8757530Z  [32m✓[39m tests/unit/trade/contract-engine-system-cancel.test.js [2m([22m[2m4 tests[22m[2m)[22m[32m 20[2mms[22m[39m
2026-10-10T02:03:42.1180180Z  [32m✓[39m src/main/ai-engine/cowork/__tests__/federated-agent-registry.test.js [2m([22m[2m17 tests[22m[2m)[22m[32m 67[2mms[22m[39m
2026-10-10T02:03:42.4752630Z  [32m✓[39m src/main/workflow/__tests__/workflow-state-machine.test.js [2m([22m[2m13 tests[22m[2m)[22m[32m 20[2mms[22m[39m
2026-10-10T02:03:42.7458480Z  [32m✓[39m tests/unit/social/protocol-fusion-bridge.test.js [2m([22m[2m19 tests[22m[2m)[22m[32m 52[2mms[22m[39m
2026-10-10T02:03:43.3639720Z  [32m✓[39m src/main/sync/__tests__/incremental-walker.test.js [2m([22m[2m12 tests[22m[2m)[22m[32m 85[2mms[22m[39m
2026-10-10T02:03:43.5610590Z  [32m✓[39m tests/unit/monitoring/crash-reporter-privacy.test.js [2m([22m[2m3 tests[22m[2m)[22m[32m 22[2mms[22m[39m
2026-10-10T02:03:44.2000170Z  [32m✓[39m src/renderer/stores/__tests__/reputationOptimizer.test.ts [2m([22m[2m8 tests[22m[2m)[22m[32m 22[2mms[22m[39m
2026-10-10T02:03:44.4471860Z  [32m✓[39m src/renderer/stores/__tests__/autonomous-agent.test.ts [2m([22m[2m9 tests[22m[2m)[22m[32m 25[2mms[22m[39m
2026-10-10T02:03:45.0430880Z  [32m✓[39m tests/unit/evomap/evomap-federation.test.js [2m([22m[2m17 tests[22m[2m)[22m[32m 52[2mms[22m[39m
2026-10-10T02:03:45.1445800Z  [32m✓[39m src/renderer/stores/__tests__/graph.test.ts [2m([22m[2m9 tests[22m[2m)[22m[32m 24[2mms[22m[39m
2026-10-10T02:03:45.8301440Z  [32m✓[39m tests/unit/permission/approval-workflow-manager.test.js [2m([22m[2m6 tests[22m[2m)[22m[32m 18[2mms[22m[39m
2026-10-10T02:03:46.5092890Z  [32m✓[39m tests/unit/cowork/federation-hardening.test.js [2m([22m[2m18 tests[22m[2m)[22m[32m 31[2mms[22m[39m
2026-10-10T02:03:47.2280720Z  [32m✓[39m tests/unit/pages/SyncSettings.test.ts [2m([22m[2m4 tests[22m[2m)[22m[32m 122[2mms[22m[39m
2026-10-10T02:03:47.3398470Z  [32m✓[39m tests/unit/scripts/forge-vendor-runtime-import.test.js [2m([22m[2m2 tests[22m[2m)[22m[33m 1694[2mms[22m[39m
2026-10-10T02:03:47.3513100Z      [33m[2m✓[22m[39m imports the real Plugin-bin collector from the staged Resources layout [33m 1691[2mms[22m[39m
2026-10-10T02:03:47.9842520Z  [32m✓[39m src/main/llm/__tests__/gemini-client.test.js [2m([22m[2m10 tests[22m[2m)[22m[32m 24[2mms[22m[39m
2026-10-10T02:03:48.5285320Z  [32m✓[39m src/main/llm/__tests__/secure-config-backup-retention.test.js [2m([22m[2m8 tests[22m[2m)[22m[33m 577[2mms[22m[39m
2026-10-10T02:03:48.6752500Z  [32m✓[39m src/main/ai-engine/cowork/__tests__/postmortem-generator.test.js [2m([22m[2m14 tests[22m[2m)[22m[32m 34[2mms[22m[39m
2026-10-10T02:03:49.1659020Z  [32m✓[39m src/main/utils/__tests__/file-integrity.test.js [2m([22m[2m14 tests[22m[2m)[22m[32m 68[2mms[22m[39m
2026-10-10T02:03:49.2398450Z  [32m✓[39m src/main/database/__tests__/encrypted-migration.test.js [2m([22m[2m5 tests[22m[2m)[22m[32m 9[2mms[22m[39m
2026-10-10T02:03:49.6700000Z  [32m✓[39m src/main/llm/__tests__/anthropic-client.test.js [2m([22m[2m14 tests[22m[2m)[22m[32m 23[2mms[22m[39m
2026-10-10T02:03:49.7529760Z  [32m✓[39m src/main/p2p/__tests__/signaling-message-queue.test.js [2m([22m[2m14 tests[22m[2m)[22m[32m 12[2mms[22m[39m
2026-10-10T02:03:50.2027540Z  [32m✓[39m src/renderer/stores/__tests__/techLearning.test.ts [2m([22m[2m7 tests[22m[2m)[22m[32m 23[2mms[22m[39m
2026-10-10T02:03:50.4622440Z  [32m✓[39m src/main/ai-engine/cowork/__tests__/rollback-manager.test.js [2m([22m[2m16 tests[22m[2m)[22m[32m 29[2mms[22m[39m
2026-10-10T02:03:50.7980440Z  [32m✓[39m tests/unit/knowledge/knowledge-ipc.test.js [2m([22m[2m19 tests[22m[2m)[22m[32m 63[2mms[22m[39m
2026-10-10T02:03:51.1880450Z  [32m✓[39m src/renderer/stores/__tests__/llmPerformance.test.ts [2m([22m[2m11 tests[22m[2m)[22m[32m 15[2mms[22m[39m
2026-10-10T02:03:51.5124410Z  [32m✓[39m tests/unit/components/ClipboardImportDialog.test.ts [2m([22m[2m4 tests[22m[2m)[22m[32m 88[2mms[22m[39m
2026-10-10T02:03:51.8090530Z  [32m✓[39m src/main/ai-engine/cowork/skills/__tests__/v1.2.0-remotion-video.test.js [2m([22m[2m16 tests[22m[2m)[22m[32m 63[2mms[22m[39m
2026-10-10T02:03:52.1373920Z  [32m✓[39m src/renderer/stores/__tests__/tool.test.ts [2m([22m[2m10 tests[22m[2m)[22m[32m 22[2mms[22m[39m
2026-10-10T02:03:52.3842680Z  [32m✓[39m tests/unit/utils/loading-manager.test.js [2m([22m[2m13 tests[22m[2m)[22m[32m 16[2mms[22m[39m
2026-10-10T02:03:52.6491380Z  [32m✓[39m src/main/database/__tests__/database-optimizer.test.js [2m([22m[2m15 tests[22m[2m)[22m[32m 21[2mms[22m[39m
2026-10-10T02:03:52.9338970Z  [32m✓[39m tests/unit/security/file-validator.test.js [2m([22m[2m14 tests[22m[2m)[22m[32m 23[2mms[22m[39m
2026-10-10T02:03:53.1801500Z  [32m✓[39m src/main/llm/__tests__/llm-ipc-alert-authorization.test.js [2m([22m[2m3 tests[22m[2m)[22m[32m 13[2mms[22m[39m
2026-10-10T02:03:53.5126550Z  [32m✓[39m tests/unit/evomap/evomap-dao.test.js [2m([22m[2m18 tests[22m[2m)[22m[32m 46[2mms[22m[39m
2026-10-10T02:03:53.7868030Z  [32m✓[39m src/main/workflow/__tests__/quality-gate-manager.test.js [2m([22m[2m12 tests[22m[2m)[22m[32m 40[2mms[22m[39m
2026-10-10T02:03:54.0564020Z  [32m✓[39m src/main/ai-engine/cowork/skills/__tests__/v1.2.0-brainstorming.test.js [2m([22m[2m13 tests[22m[2m)[22m[32m 15[2mms[22m[39m
2026-10-10T02:03:54.3254570Z  [32m✓[39m tests/unit/remote/browser-extension/handlers/devtools-inspect-profiling-bounds.test.js [2m([22m[2m5 tests[22m[2m)[22m[32m 14[2mms[22m[39m
2026-10-10T02:03:54.6136560Z  [32m✓[39m src/renderer/stores/__tests__/bleUkey.test.ts [2m([22m[2m9 tests[22m[2m)[22m[32m 26[2mms[22m[39m
2026-10-10T02:03:54.9824410Z  [32m✓[39m src/renderer/stores/__tests__/inferenceNetwork.test.ts [2m([22m[2m7 tests[22m[2m)[22m[32m 13[2mms[22m[39m
2026-10-10T02:03:55.5088160Z  [32m✓[39m src/renderer/stores/__tests__/federationHardening.test.ts [2m([22m[2m8 tests[22m[2m)[22m[32m 14[2mms[22m[39m
2026-10-10T02:03:55.7369400Z  [32m✓[39m src/main/evolution/__tests__/model-egress-inventory.test.js [2m([22m[2m2 tests[22m[2m)[22m[33m 548[2mms[22m[39m
2026-10-10T02:03:55.7370870Z      [33m[2m✓[22m[39m registers every actual Desktop Tesseract inference call [33m 519[2mms[22m[39m
2026-10-10T02:03:56.0627320Z  [32m✓[39m src/main/ai-engine/cowork/__tests__/alert-manager.test.js [2m([22m[2m15 tests[22m[2m)[22m[32m 20[2mms[22m[39m
2026-10-10T02:03:56.2706920Z  [32m✓[39m src/main/p2p/__tests__/p2p-stream-boundaries.test.js [2m([22m[2m7 tests[22m[2m)[22m[32m 20[2mms[22m[39m
2026-10-10T02:03:56.6061460Z  [32m✓[39m src/main/utils/__tests__/database-concurrency.test.js [2m([22m[2m15 tests[22m[2m)[22m[32m 63[2mms[22m[39m
2026-10-10T02:03:56.7868330Z  [32m✓[39m src/main/web-shell/__tests__/knowledge-handlers.test.js [2m([22m[2m12 tests[22m[2m)[22m[32m 16[2mms[22m[39m
2026-10-10T02:03:57.2148320Z  [32m✓[39m src/main/utils/__tests__/ipc-error-handler.test.js [2m([22m[2m23 tests[22m[2m)[22m[32m 25[2mms[22m[39m
2026-10-10T02:03:57.3590030Z  [32m✓[39m src/renderer/stores/__tests__/siem.test.ts [2m([22m[2m8 tests[22m[2m)[22m[32m 11[2mms[22m[39m
2026-10-10T02:03:57.7926910Z  [32m✓[39m src/main/utils/__tests__/transaction-manager.test.js [2m([22m[2m11 tests[22m[2m)[22m[32m 39[2mms[22m[39m
2026-10-10T02:03:58.0135850Z  [32m✓[39m src/renderer/stores/__tests__/crossOrg.test.ts [2m([22m[2m9 tests[22m[2m)[22m[32m 20[2mms[22m[39m
2026-10-10T02:03:58.4066280Z  [32m✓[39m src/renderer/stores/__tests__/video-editing.test.ts [2m([22m[2m13 tests[22m[2m)[22m[32m 23[2mms[22m[39m
2026-10-10T02:03:58.5687330Z  [32m✓[39m src/main/llm/__tests__/llm-ipc-retention-authorization.test.js [2m([22m[2m3 tests[22m[2m)[22m[32m 27[2mms[22m[39m
2026-10-10T02:03:59.2127820Z  [32m✓[39m tests/unit/ai-engine/intent-fusion.test.js [2m([22m[2m13 tests[22m[2m)[22m[32m 133[2mms[22m[39m
2026-10-10T02:03:59.2800570Z  [32m✓[39m src/main/bootstrap/__tests__/core-initializer-rekey.test.js [2m([22m[2m8 tests[22m[2m)[22m[32m 26[2mms[22m[39m
2026-10-10T02:04:00.1671350Z  [32m✓[39m src/main/llm/__tests__/provider-log-privacy.test.js [2m([22m[2m6 tests[22m[2m)[22m[32m 54[2mms[22m[39m
2026-10-10T02:04:00.1876550Z  [32m✓[39m src/renderer/stores/__tests__/skillService.test.ts [2m([22m[2m8 tests[22m[2m)[22m[32m 40[2mms[22m[39m
2026-10-10T02:04:00.8991870Z  [32m✓[39m src/main/ai-engine/cowork/skills/__tests__/bundled-skill-environment-broker.test.js [2m([22m[2m10 tests[22m[2m)[22m[32m 16[2mms[22m[39m
2026-10-10T02:04:01.0145000Z  [32m✓[39m src/main/utils/__tests__/message-aggregator.test.js [2m([22m[2m12 tests[22m[2m)[22m[32m 30[2mms[22m[39m
2026-10-10T02:04:01.5796750Z  [32m✓[39m tests/unit/stores/matrixBridge.test.ts [2m([22m[2m16 tests[22m[2m)[22m[32m 20[2mms[22m[39m
2026-10-10T02:04:01.6248330Z  [32m✓[39m tests/unit/remote/browser-extension/handlers/input-recording-bounds.test.js [2m([22m[2m4 tests[22m[2m)[22m[32m 9[2mms[22m[39m
2026-10-10T02:04:02.1073340Z  [32m✓[39m src/renderer/stores/__tests__/rag.test.ts [2m([22m[2m12 tests[22m[2m)[22m[32m 16[2mms[22m[39m
2026-10-10T02:04:02.1769890Z  [32m✓[39m src/main/social/__tests__/mesh-social-boundaries.test.js [2m([22m[2m7 tests[22m[2m)[22m[32m 24[2mms[22m[39m
2026-10-10T02:04:02.6443870Z  [32m✓[39m src/main/ai-engine/cowork/skills/__tests__/v1.2.0-create-pr.test.js [2m([22m[2m14 tests[22m[2m)[22m[32m 20[2mms[22m[39m
2026-10-10T02:04:02.6768260Z  [32m✓[39m src/renderer/composables/__tests__/useMessageEnvelope.test.ts [2m([22m[2m10 tests[22m[2m)[22m[32m 10[2mms[22m[39m
2026-10-10T02:04:03.2181440Z  [32m✓[39m tests/unit/cowork/sla-manager.test.js [2m([22m[2m16 tests[22m[2m)[22m[32m 30[2mms[22m[39m
2026-10-10T02:04:03.6676760Z  [32m✓[39m tests/unit/blockchain/bridge-security.test.js [2m([22m[2m9 tests[22m[2m)[22m[32m 127[2mms[22m[39m
2026-10-10T02:04:03.9595690Z  [32m✓[39m tests/unit/remote/browser-extension/handlers/broadcast-bounds.test.js [2m([22m[2m6 tests[22m[2m)[22m[32m 14[2mms[22m[39m
2026-10-10T02:04:04.4679920Z  [2m[90m↓[39m[22m src/renderer/services/__tests__/api.test.js [2m([22m[2m1 test[22m[2m | [22m[33m1 skipped[39m[2m)[22m
2026-10-10T02:04:04.6664010Z  [32m✓[39m src/main/ai-engine/cowork/skills/__tests__/skill-invocation-receipt.test.js [2m([22m[2m3 tests[22m[2m)[22m[32m 25[2mms[22m[39m
2026-10-10T02:04:05.1990450Z  [32m✓[39m tests/unit/remote/browser-extension/handlers/events-monitor-bounds.test.js [2m([22m[2m4 tests[22m[2m)[22m[32m 10[2mms[22m[39m
2026-10-10T02:04:05.4232680Z  [32m✓[39m src/main/system/__tests__/deep-link-handler-lifecycle.test.js [2m([22m[2m6 tests[22m[2m)[22m[32m 15[2mms[22m[39m
2026-10-10T02:04:05.7664070Z  [32m✓[39m tests/unit/database/sqljs-transactions.test.js [2m([22m[2m7 tests[22m[2m)[22m[32m 76[2mms[22m[39m
2026-10-10T02:04:05.8382280Z  [32m✓[39m tests/unit/ai-engine/ai-engine-ipc-input.test.js [2m([22m[2m18 tests[22m[2m)[22m[32m 20[2mms[22m[39m
2026-10-10T02:04:06.4337190Z  [32m✓[39m src/renderer/stores/__tests__/stressTest.test.ts [2m([22m[2m8 tests[22m[2m)[22m[32m 19[2mms[22m[39m
2026-10-10T02:04:06.4797680Z  [32m✓[39m src/main/ai-engine/cowork/skills/__tests__/v1.2.0-database-query.test.js [2m([22m[2m13 tests[22m[2m)[22m[32m 29[2mms[22m[39m
2026-10-10T02:04:07.0717630Z  [32m✓[39m src/main/llm/__tests__/llm-manager-privacy.test.js [2m([22m[2m7 tests[22m[2m)[22m[32m 30[2mms[22m[39m
2026-10-10T02:04:07.1046940Z  [32m✓[39m src/main/ai-engine/cowork/skills/__tests__/v1.2.0-frontend-design.test.js [2m([22m[2m12 tests[22m[2m)[22m[32m 43[2mms[22m[39m
2026-10-10T02:04:07.7167650Z  [32m✓[39m src/renderer/stores/__tests__/tokenIncentive.test.ts [2m([22m[2m8 tests[22m[2m)[22m[32m 24[2mms[22m[39m
2026-10-10T02:04:07.7273730Z  [32m✓[39m src/main/ai-engine/cowork/skills/__tests__/bundled-skill-media-process-handlers.test.js [2m([22m[2m5 tests[22m[2m)[22m[32m 29[2mms[22m[39m
2026-10-10T02:04:08.1631360Z  [32m✓[39m src/main/marketplace/__tests__/plugin-persisted-error-migration.test.js [2m([22m[2m2 tests[22m[2m)[22m[32m 31[2mms[22m[39m
2026-10-10T02:04:08.5205770Z  [32m✓[39m tests/unit/stores/governance.test.ts [2m([22m[2m14 tests[22m[2m)[22m[32m 20[2mms[22m[39m
2026-10-10T02:04:08.7808990Z  [32m✓[39m tests/unit/ukey/hsm-adapter-manager.test.js [2m([22m[2m17 tests[22m[2m)[22m[32m 44[2mms[22m[39m
2026-10-10T02:04:09.0732610Z  [32m✓[39m src/renderer/stores/__tests__/identityStore.test.ts [2m([22m[2m8 tests[22m[2m)[22m[32m 20[2mms[22m[39m
2026-10-10T02:04:09.3400520Z  [32m✓[39m src/renderer/stores/__tests__/wallet.test.ts [2m([22m[2m13 tests[22m[2m)[22m[32m 24[2mms[22m[39m
2026-10-10T02:04:09.6134310Z  [32m✓[39m src/main/llm/__tests__/llm-runtime-privacy.test.js [2m([22m[2m7 tests[22m[2m)[22m[32m 14[2mms[22m[39m
2026-10-10T02:04:09.9638290Z  [32m✓[39m tests/unit/remote/browser-extension/handlers/devtools-inspect-heap-snapshot.test.js [2m([22m[2m5 tests[22m[2m)[22m[32m 14[2mms[22m[39m
2026-10-10T02:04:10.2459060Z  [32m✓[39m src/main/__tests__/database-wrapper-passthrough.test.js [2m([22m[2m10 tests[22m[2m)[22m[32m 16[2mms[22m[39m
2026-10-10T02:04:10.6547540Z  [32m✓[39m src/main/ai-engine/cowork/skills/__tests__/v1.2.0-ultrathink.test.js [2m([22m[2m14 tests[22m[2m)[22m[32m 13[2mms[22m[39m
2026-10-10T02:04:11.0409500Z  [32m✓[39m src/main/task/__tests__/organization-project-goal-host.test.js [2m([22m[2m9 tests[22m[2m)[22m[32m 112[2mms[22m[39m
2026-10-10T02:04:11.2168070Z  [32m✓[39m src/main/ai-engine/cowork/__tests__/requirement-parser.test.js [2m([22m[2m16 tests[22m[2m)[22m[32m 35[2mms[22m[39m
2026-10-10T02:04:11.6021630Z  [32m✓[39m src/main/utils/__tests__/resumable-processor.test.js [2m([22m[2m8 tests[22m[2m)[22m[32m 39[2mms[22m[39m
2026-10-10T02:04:11.8403760Z  [32m✓[39m src/main/browser/workflow/__tests__/workflow-variables.test.js [2m([22m[2m17 tests[22m[2m)[22m[32m 31[2mms[22m[39m
2026-10-10T02:04:12.3339180Z  [32m✓[39m src/main/trade/__tests__/contract-engine-atomicity.test.js [2m([22m[2m4 tests[22m[2m)[22m[32m 27[2mms[22m[39m
2026-10-10T02:04:12.6466470Z  [32m✓[39m src/preload/__tests__/legacy-ipc-policy.test.js [2m([22m[2m6 tests[22m[2m)[22m[32m 58[2mms[22m[39m
2026-10-10T02:04:13.1634380Z  [32m✓[39m tests/unit/utils/message-types.test.js [2m([22m[2m15 tests[22m[2m)[22m[32m 32[2mms[22m[39m
2026-10-10T02:04:13.5066380Z  [32m✓[39m src/main/ai-engine/cowork/__tests__/multi-search-engine-handler.test.js [2m([22m[2m16 tests[22m[2m)[22m[32m 34[2mms[22m[39m
2026-10-10T02:04:13.8884080Z  [32m✓[39m src/renderer/stores/__tests__/videoEditing.test.ts [2m([22m[2m12 tests[22m[2m)[22m[32m 28[2mms[22m[39m
2026-10-10T02:04:14.1285310Z  [32m✓[39m src/main/ai-engine/__tests__/followup-intent-ipc.test.js [2m([22m[2m5 tests[22m[2m)[22m[32m 26[2mms[22m[39m
2026-10-10T02:04:14.5058070Z  [32m✓[39m tests/unit/stores/terraform.test.ts [2m([22m[2m14 tests[22m[2m)[22m[32m 21[2mms[22m[39m
2026-10-10T02:04:14.7686630Z  [32m✓[39m src/main/system/__tests__/enhanced-tray-manager.test.js [2m([22m[2m10 tests[22m[2m)[22m[32m 16[2mms[22m[39m
2026-10-10T02:04:15.1558530Z  [32m✓[39m src/main/p2p/__tests__/webrtc-quality-monitor.test.js [2m([22m[2m10 tests[22m[2m)[22m[32m 10[2mms[22m[39m
2026-10-10T02:04:15.3932310Z  [32m✓[39m tests/unit/utils/performance-tracker.test.ts [2m([22m[2m13 tests[22m[2m)[22m[32m 32[2mms[22m[39m
2026-10-10T02:04:15.9566640Z  [32m✓[39m src/main/ai-engine/cowork/skills/__tests__/v1.2.0-docker-compose.test.js [2m([22m[2m15 tests[22m[2m)[22m[32m 34[2mms[22m[39m
2026-10-10T02:04:16.0696790Z  [32m✓[39m tests/unit/stores/pqcMigration.test.ts [2m([22m[2m14 tests[22m[2m)[22m[32m 20[2mms[22m[39m
2026-10-10T02:04:16.3769630Z  [32m✓[39m tests/unit/sync/sync-p0-fixes.test.js [2m([22m[2m9 tests[22m[2m)[22m[32m 18[2mms[22m[39m
2026-10-10T02:04:16.6996340Z  [32m✓[39m src/main/collaboration/__tests__/collab-boundaries.test.js [2m([22m[2m6 tests[22m[2m)[22m[32m 32[2mms[22m[39m
2026-10-10T02:04:17.1537480Z  [32m✓[39m src/main/did/__tests__/did-manager-keystore.test.js [2m([22m[2m3 tests[22m[2m)[22m[32m 84[2mms[22m[39m
2026-10-10T02:04:17.3812490Z  [32m✓[39m src/main/evolution/__tests__/desktop-browser-vision-observation.test.js [2m([22m[2m3 tests[22m[2m)[22m[32m 14[2mms[22m[39m
2026-10-10T02:04:17.8392400Z  [32m✓[39m tests/unit/security/anti-censorship-manager.test.js [2m([22m[2m15 tests[22m[2m)[22m[32m 21[2mms[22m[39m
2026-10-10T02:04:18.0678880Z  [32m✓[39m src/renderer/stores/__tests__/hsmAdapter.test.ts [2m([22m[2m7 tests[22m[2m)[22m[32m 24[2mms[22m[39m
2026-10-10T02:04:18.8280120Z  [32m✓[39m tests/unit/ai-engine/ml-task-scheduler.test.js [2m([22m[2m14 tests[22m[2m)[22m[32m 38[2mms[22m[39m
2026-10-10T02:04:19.5910200Z  [32m✓[39m src/main/llm/__tests__/llm-ipc-budgets-authorization.test.js [2m([22m[2m3 tests[22m[2m)[22m[32m 14[2mms[22m[39m
2026-10-10T02:04:20.3096240Z  [32m✓[39m tests/unit/llm/llm-service.test.js [2m([22m[2m9 tests[22m[2m)[22m[32m 74[2mms[22m[39m
2026-10-10T02:04:20.7624860Z  [32m✓[39m src/renderer/shell-preview/widgets/__tests__/mtc-status-widget.test.ts [2m([22m[2m6 tests[22m[2m)[22m[32m 106[2mms[22m[39m
2026-10-10T02:04:21.0382410Z  [32m✓[39m tests/unit/ai-engine/load-balancer.test.js [2m([22m[2m14 tests[22m[2m)[22m[32m 53[2mms[22m[39m
2026-10-10T02:04:21.6940420Z  [32m✓[39m src/main/llm/__tests__/secure-storage-ipc-authorization.test.js [2m([22m[2m7 tests[22m[2m)[22m[32m 16[2mms[22m[39m
2026-10-10T02:04:22.4298270Z  [32m✓[39m tests/unit/composables/plugin-extensions.test.ts [2m([22m[2m6 tests[22m[2m)[22m[32m 20[2mms[22m[39m
2026-10-10T02:04:23.0032410Z  [32m✓[39m tests/unit/scripts/verify-release-artifacts.test.js [2m([22m[2m10 tests[22m[2m)[22m[32m 40[2mms[22m[39m
2026-10-10T02:04:23.6339240Z  [32m✓[39m src/renderer/stores/__tests__/protocolFusion.test.ts [2m([22m[2m7 tests[22m[2m)[22m[32m 14[2mms[22m[39m
2026-10-10T02:04:23.7051630Z  [32m✓[39m src/renderer/components/chat/evolution-workbench-utils.test.js [2m([22m[2m7 tests[22m[2m)[22m[32m 15[2mms[22m[39m
2026-10-10T02:04:24.4524960Z  [32m✓[39m src/main/bootstrap/__tests__/core-initializer-ukey-escrow.test.js [2m([22m[2m9 tests[22m[2m)[22m[32m 18[2mms[22m[39m
2026-10-10T02:04:24.6335910Z  [32m✓[39m src/main/llm/__tests__/volcengine-tools-privacy.test.js [2m([22m[2m5 tests[22m[2m)[22m[32m 36[2mms[22m[39m
2026-10-10T02:04:25.1843440Z  [32m✓[39m src/main/web-shell/__tests__/mobile-pair-handlers.test.js [2m([22m[2m9 tests[22m[2m)[22m[32m 12[2mms[22m[39m
2026-10-10T02:04:25.2865510Z  [32m✓[39m tests/unit/audit/security-auditor.test.js [2m([22m[2m15 tests[22m[2m)[22m[32m 36[2mms[22m[39m
2026-10-10T02:04:25.7970220Z  [32m✓[39m tests/unit/ukey/trust-root-manager.test.js [2m([22m[2m15 tests[22m[2m)[22m[32m 21[2mms[22m[39m
2026-10-10T02:04:25.8174430Z  [32m✓[39m tests/unit/cowork/federation-stress-tester.test.js [2m([22m[2m14 tests[22m[2m)[22m[32m 29[2mms[22m[39m
2026-10-10T02:04:26.4354470Z  [32m✓[39m tests/unit/remote/streams/bounded-poll-stream-registry.test.js [2m([22m[2m7 tests[22m[2m)[22m[32m 11[2mms[22m[39m
2026-10-10T02:04:26.5490040Z  [32m✓[39m tests/unit/remote/remote-command-audit-redaction.test.js [2m([22m[2m5 tests[22m[2m)[22m[32m 51[2mms[22m[39m
2026-10-10T02:04:27.1111930Z  [32m✓[39m tests/unit/stores/firmwareOta.test.ts [2m([22m[2m14 tests[22m[2m)[22m[32m 35[2mms[22m[39m
2026-10-10T02:04:27.4472060Z  [32m✓[39m src/main/llm/__tests__/governed-vision-model-client.test.js [2m([22m[2m3 tests[22m[2m)[22m[32m 15[2mms[22m[39m
2026-10-10T02:04:27.7445590Z  [32m✓[39m src/main/llm/__tests__/volcengine-ipc-authorization.test.js [2m([22m[2m7 tests[22m[2m)[22m[32m 9[2mms[22m[39m
2026-10-10T02:04:28.0115690Z  [32m✓[39m src/main/ai-engine/cowork/skills/__tests__/v1.2.0-content-publisher.test.js [2m([22m[2m12 tests[22m[2m)[22m[32m 17[2mms[22m[39m
2026-10-10T02:04:28.2711740Z  [32m✓[39m tests/unit/cowork/reputation-optimizer.test.js [2m([22m[2m13 tests[22m[2m)[22m[32m 28[2mms[22m[39m
2026-10-10T02:04:28.4596570Z  [32m✓[39m src/main/bootstrap/__tests__/core-initializer-db-password.test.js [2m([22m[2m8 tests[22m[2m)[22m[32m 10[2mms[22m[39m
2026-10-10T02:04:28.7309680Z  [32m✓[39m src/main/web-shell/__tests__/ukey-sign-handler.test.js [2m([22m[2m11 tests[22m[2m)[22m[32m 11[2mms[22m[39m
2026-10-10T02:04:29.1824410Z  [32m✓[39m src/main/ai-engine/agents/__tests__/agent-coordinator-parallel.test.js [2m([22m[2m7 tests[22m[2m)[22m[32m 19[2mms[22m[39m
2026-10-10T02:04:29.3853870Z  [32m✓[39m src/main/ai-engine/code-agent/__tests__/artifact-workbench-client.test.js [2m([22m[2m4 tests[22m[2m)[22m[32m 21[2mms[22m[39m
2026-10-10T02:04:29.9055920Z  [32m✓[39m src/renderer/stores/__tests__/evoMapFederation.test.ts [2m([22m[2m7 tests[22m[2m)[22m[32m 25[2mms[22m[39m
2026-10-10T02:04:30.1107860Z  [32m✓[39m src/main/ai-engine/cowork/skills/__tests__/v1.2.0-terraform-iac.test.js [2m([22m[2m13 tests[22m[2m)[22m[32m 23[2mms[22m[39m
2026-10-10T02:04:30.7248230Z  [32m✓[39m tests/unit/utils/activity-manager.test.js [2m([22m[2m13 tests[22m[2m)[22m[32m 23[2mms[22m[39m
2026-10-10T02:04:30.8884020Z  [32m✓[39m tests/unit/ai-engine/history-memory-optimization.test.js [2m([22m[2m10 tests[22m[2m)[22m[32m 45[2mms[22m[39m
2026-10-10T02:04:31.4892430Z  [32m✓[39m tests/unit/ai-engine/ai-engine-ipc-authorization.test.js [2m([22m[2m7 tests[22m[2m)[22m[32m 15[2mms[22m[39m
2026-10-10T02:04:31.5800990Z  [32m✓[39m tests/unit/utils/file-utils.test.ts [2m([22m[2m9 tests[22m[2m)[22m[32m 18[2mms[22m[39m
2026-10-10T02:04:32.3208050Z  [32m✓[39m src/renderer/stores/__tests__/p2pMessaging.test.ts [2m([22m[2m7 tests[22m[2m)[22m[32m 21[2mms[22m[39m
2026-10-10T02:04:32.3513620Z  [32m✓[39m src/main/database/__tests__/db-secret-provider.test.js [2m([22m[2m7 tests[22m[2m)[22m[32m 18[2mms[22m[39m
2026-10-10T02:04:32.7501150Z  [32m✓[39m src/main/ai-engine/cowork/skills/__tests__/bundled-skill-archive-codec.test.js [2m([22m[2m4 tests[22m[2m)[22m[32m 93[2mms[22m[39m
2026-10-10T02:04:33.1971810Z  [32m✓[39m tests/unit/utils/chat-helpers.test.js [2m([22m[2m15 tests[22m[2m)[22m[32m 54[2mms[22m[39m
2026-10-10T02:04:33.5742950Z  [32m✓[39m src/main/defi/__tests__/lending-manager-atomicity.test.js [2m([22m[2m3 tests[22m[2m)[22m[32m 25[2mms[22m[39m
2026-10-10T02:04:34.2570820Z  [32m✓[39m src/main/trade/__tests__/group-buying-manager-atomicity.test.js [2m([22m[2m3 tests[22m[2m)[22m[32m 27[2mms[22m[39m
2026-10-10T02:04:34.4126570Z  [32m✓[39m src/renderer/shell-preview/widgets/__tests__/bridge-mtc-status-widget.test.ts [2m([22m[2m5 tests[22m[2m)[22m[32m 81[2mms[22m[39m
2026-10-10T02:04:34.9095670Z  [32m✓[39m src/main/trade/__tests__/installment-manager-atomicity.test.js [2m([22m[2m3 tests[22m[2m)[22m[32m 60[2mms[22m[39m
2026-10-10T02:04:35.0867990Z  [32m✓[39m src/main/ai-engine/cowork/skills/__tests__/v1.2.0-api-docs-gen.test.js [2m([22m[2m8 tests[22m[2m)[22m[32m 31[2mms[22m[39m
2026-10-10T02:04:35.6378840Z  [32m✓[39m src/main/ai-engine/cowork/skills/__tests__/v1.2.0-cron-scheduler.test.js [2m([22m[2m10 tests[22m[2m)[22m[32m 50[2mms[22m[39m
2026-10-10T02:04:35.7887760Z  [32m✓[39m src/renderer/stores/__tests__/organizations.test.ts [2m([22m[2m10 tests[22m[2m)[22m[32m 22[2mms[22m[39m
2026-10-10T02:04:36.6776830Z  [32m✓[39m src/main/web-shell/__tests__/family-guard-handlers.test.js [2m([22m[2m4 tests[22m[2m)[22m[32m 85[2mms[22m[39m
2026-10-10T02:04:36.7294060Z  [32m✓[39m tests/unit/ai-engine/autonomous-agent-concurrency.test.js [2m([22m[2m3 tests[22m[2m)[22m[32m 83[2mms[22m[39m
2026-10-10T02:04:37.6335320Z  [32m✓[39m src/renderer/stores/__tests__/antiCensorship.test.ts [2m([22m[2m7 tests[22m[2m)[22m[32m 26[2mms[22m[39m
2026-10-10T02:04:37.6676490Z  [32m✓[39m src/main/bootstrap/__tests__/coding-agent-bootstrap.test.js [2m([22m[2m5 tests[22m[2m)[22m[32m 29[2mms[22m[39m
2026-10-10T02:04:38.8730320Z  [32m✓[39m src/main/browser/__tests__/browser-log-redaction.test.js [2m([22m[2m6 tests[22m[2m)[22m[32m 18[2mms[22m[39m
2026-10-10T02:04:38.9031250Z  [32m✓[39m src/main/web-shell/__tests__/ws-bridge.test.js [2m([22m[2m6 tests[22m[2m)[22m[32m 40[2mms[22m[39m
2026-10-10T02:04:39.7206670Z  [32m✓[39m src/renderer/stores/__tests__/evoMapGovernance.test.ts [2m([22m[2m6 tests[22m[2m)[22m[32m 14[2mms[22m[39m
2026-10-10T02:04:39.7432860Z  [32m✓[39m src/main/ai-engine/cowork/skills/__tests__/v1.2.0-proactive-agent.test.js [2m([22m[2m10 tests[22m[2m)[22m[32m 44[2mms[22m[39m
2026-10-10T02:04:40.7341690Z  [32m✓[39m tests/unit/utils/incremental-sync.test.ts [2m([22m[2m7 tests[22m[2m)[22m[32m 31[2mms[22m[39m
2026-10-10T02:04:40.8054420Z  [32m✓[39m tests/unit/security/satellite-comm.test.js [2m([22m[2m14 tests[22m[2m)[22m[32m 46[2mms[22m[39m
2026-10-10T02:04:41.4779000Z  [32m✓[39m tests/unit/api/rss-ipc.test.js [2m([22m[2m5 tests[22m[2m)[22m[32m 21[2mms[22m[39m
2026-10-10T02:04:41.5693850Z  [32m✓[39m tests/unit/utils/global-search-manager.test.js [2m([22m[2m11 tests[22m[2m)[22m[32m 14[2mms[22m[39m
2026-10-10T02:04:42.2937550Z  [32m✓[39m src/main/database/__tests__/database-performance-ipc.test.js [2m([22m[2m6 tests[22m[2m)[22m[32m 17[2mms[22m[39m
2026-10-10T02:04:42.4839940Z  [32m✓[39m src/main/p2p/__tests__/device-sync-boundaries.test.js [2m([22m[2m5 tests[22m[2m)[22m[32m 34[2mms[22m[39m
2026-10-10T02:04:43.2248310Z  [32m✓[39m src/main/permission/__tests__/current-user-context.test.js [2m([22m[2m13 tests[22m[2m)[22m[32m 23[2mms[22m[39m
2026-10-10T02:04:43.3262880Z  [32m✓[39m tests/unit/api/notification-manager.test.js [2m([22m[2m5 tests[22m[2m)[22m[32m 15[2mms[22m[39m
2026-10-10T02:04:43.9933080Z  [32m✓[39m src/main/marketplace/__tests__/token-ledger.test.js [2m([22m[2m9 tests[22m[2m)[22m[32m 16[2mms[22m[39m
2026-10-10T02:04:44.0600950Z  [32m✓[39m src/renderer/stores/__tests__/satellite.test.ts [2m([22m[2m7 tests[22m[2m)[22m[32m 17[2mms[22m[39m
2026-10-10T02:04:44.7643340Z  [32m✓[39m src/main/context-memory/__tests__/permanent-memory-adapter.test.js [2m([22m[2m4 tests[22m[2m)[22m[32m 20[2mms[22m[39m
2026-10-10T02:04:44.7758980Z  [32m✓[39m tests/unit/remote/remote-log-redaction.test.js [2m([22m[2m5 tests[22m[2m)[22m[32m 48[2mms[22m[39m
2026-10-10T02:04:45.7485760Z  [32m✓[39m tests/unit/utils/logger.test.js [2m([22m[2m3 tests[22m[2m)[22m[32m 19[2mms[22m[39m
2026-10-10T02:04:45.8052730Z  [32m✓[39m tests/unit/ukey/pqc-ecosystem-manager.test.js [2m([22m[2m13 tests[22m[2m)[22m[32m 77[2mms[22m[39m
2026-10-10T02:04:46.4039710Z  [32m✓[39m tests/unit/utils/lru-cache.test.ts [2m([22m[2m10 tests[22m[2m)[22m[32m 12[2mms[22m[39m
2026-10-10T02:04:46.4441890Z  [32m✓[39m src/main/ai-engine/workflow/__tests__/workflow-engine-cyclic-guard.test.js [2m([22m[2m4 tests[22m[2m)[22m[32m 11[2mms[22m[39m
2026-10-10T02:04:46.7386280Z  [32m✓[39m tests/unit/p2p/signaling-server-bounds.test.js [2m([22m[2m6 tests[22m[2m)[22m[32m 12[2mms[22m[39m
2026-10-10T02:04:46.9305360Z  [32m✓[39m tests/unit/ai-engine/knowledge-distillation.test.js [2m([22m[2m9 tests[22m[2m)[22m[32m 27[2mms[22m[39m
2026-10-10T02:04:47.2024800Z  [32m✓[39m src/main/ipc/__tests__/phase-34-collab-wiring.test.js [2m([22m[2m4 tests[22m[2m)[22m[32m 10[2mms[22m[39m
2026-10-10T02:04:47.4086660Z  [32m✓[39m src/main/utils/__tests__/file-cache.test.js [2m([22m[2m10 tests[22m[2m)[22m[32m 10[2mms[22m[39m
2026-10-10T02:04:47.7106700Z  [32m✓[39m tests/unit/social/realtime-translator.test.js [2m([22m[2m13 tests[22m[2m)[22m[32m 24[2mms[22m[39m
2026-10-10T02:04:48.0170670Z  [32m✓[39m src/renderer/stores/__tests__/trustRoot.test.ts [2m([22m[2m7 tests[22m[2m)[22m[32m 24[2mms[22m[39m
2026-10-10T02:04:48.3957580Z  [32m✓[39m src/main/ai-engine/cowork/skills/__tests__/bundled-skill-credential-ipc.test.js [2m([22m[2m3 tests[22m[2m)[22m[32m 7[2mms[22m[39m
2026-10-10T02:04:48.6276720Z  [32m✓[39m src/main/did/__tests__/did-keystore.test.js [2m([22m[2m11 tests[22m[2m)[22m[32m 21[2mms[22m[39m
2026-10-10T02:04:49.0300340Z  [32m✓[39m tests/unit/renderer/commands/desktop-command-registry.test.ts [2m([22m[2m5 tests[22m[2m)[22m[32m 9[2mms[22m[39m
2026-10-10T02:04:49.4674070Z  [32m✓[39m src/main/ai-engine/cowork/skills/__tests__/v1.2.0-agent-browser.test.js [2m([22m[2m13 tests[22m[2m)[22m[32m 43[2mms[22m[39m
2026-10-10T02:04:49.7735630Z  [32m✓[39m src/main/llm/__tests__/llm-ipc-record-success-privacy.test.js [2m([22m[2m3 tests[22m[2m)[22m[32m 6[2mms[22m[39m
2026-10-10T02:04:50.1182550Z  [32m✓[39m src/main/system/__tests__/auto-updater.test.js [2m([22m[2m8 tests[22m[2m)[22m[32m 6[2mms[22m[39m
2026-10-10T02:04:50.3423790Z  [32m✓[39m tests/unit/stores/collaborationGovernance.test.ts [2m([22m[2m12 tests[22m[2m)[22m[32m 26[2mms[22m[39m
2026-10-10T02:04:50.6795680Z  [32m✓[39m src/main/permission/__tests__/team-manager-setlead-atomicity.test.js [2m([22m[2m2 tests[22m[2m)[22m[32m 15[2mms[22m[39m
2026-10-10T02:04:50.8512310Z  [32m✓[39m src/main/web-shell/__tests__/skill-list-handler.test.js [2m([22m[2m8 tests[22m[2m)[22m[32m 8[2mms[22m[39m
2026-10-10T02:04:51.2928150Z  [32m✓[39m src/renderer/stores/__tests__/social-ai.test.ts [2m([22m[2m9 tests[22m[2m)[22m[32m 19[2mms[22m[39m
2026-10-10T02:04:51.4389530Z  [32m✓[39m src/renderer/stores/__tests__/decentralizedStorage.test.ts [2m([22m[2m6 tests[22m[2m)[22m[32m 10[2mms[22m[39m
2026-10-10T02:04:51.8743920Z  [32m✓[39m src/main/ai-engine/evolution/__tests__/structured-memory-post-compact-hook.test.js [2m([22m[2m5 tests[22m[2m)[22m[32m 13[2mms[22m[39m
2026-10-10T02:04:51.9772530Z  [32m✓[39m tests/unit/evomap/gene-ip-manager.test.js [2m([22m[2m13 tests[22m[2m)[22m[32m 21[2mms[22m[39m
2026-10-10T02:04:52.3512540Z  [32m✓[39m tests/unit/llm/stream-controller-registry.test.js [2m([22m[2m6 tests[22m[2m)[22m[32m 8[2mms[22m[39m
2026-10-10T02:04:52.4651900Z  [32m✓[39m src/renderer/stores/__tests__/pqcEcosystem.test.ts [2m([22m[2m6 tests[22m[2m)[22m[32m 10[2mms[22m[39m
2026-10-10T02:04:52.8436490Z  [32m✓[39m src/main/ai-engine/cowork/skills/__tests__/v1.2.0-deep-research.test.js [2m([22m[2m11 tests[22m[2m)[22m[32m 15[2mms[22m[39m
2026-10-10T02:04:52.9995450Z  [32m✓[39m tests/unit/prompt-template/prompt-template-ipc.test.js [2m([22m[2m13 tests[22m[2m)[22m[32m 41[2mms[22m[39m
2026-10-10T02:04:53.4166540Z  [32m✓[39m src/main/collaboration/__tests__/collaboration-manager-lifecycle.test.js [2m([22m[2m6 tests[22m[2m)[22m[32m 92[2mms[22m[39m
2026-10-10T02:04:53.6424240Z  [32m✓[39m tests/unit/utils/shortcutManager.test.ts [2m([22m[2m9 tests[22m[2m)[22m[32m 23[2mms[22m[39m
2026-10-10T02:04:54.0675750Z  [32m✓[39m src/main/evolution/__tests__/desktop-pm-workspace-snapshot.test.js [2m([22m[2m3 tests[22m[2m)[22m[32m 31[2mms[22m[39m
2026-10-10T02:04:54.2243090Z  [32m✓[39m src/main/trade/__tests__/auction-manager-atomicity.test.js [2m([22m[2m2 tests[22m[2m)[22m[32m 9[2mms[22m[39m
2026-10-10T02:04:54.5441500Z  [32m✓[39m src/main/sub-runtime/__tests__/sub-runtime-entry.test.js [2m([22m[2m6 tests[22m[2m)[22m[32m 34[2mms[22m[39m
2026-10-10T02:04:54.7620100Z  [32m✓[39m tests/unit/remote/browser-extension/handlers/page-css-boundary.test.js [2m([22m[2m4 tests[22m[2m)[22m[32m 9[2mms[22m[39m
2026-10-10T02:04:55.0727630Z  [32m✓[39m src/main/browser/workflow/__tests__/workflow-engine-cancellation.test.js [2m([22m[2m3 tests[22m[2m)[22m[32m 65[2mms[22m[39m
2026-10-10T02:04:55.2652550Z  [32m✓[39m src/main/ai-engine/cowork/skills/__tests__/v1.2.0-git-worktree.test.js [2m([22m[2m9 tests[22m[2m)[22m[32m 29[2mms[22m[39m
2026-10-10T02:04:55.6881050Z  [32m✓[39m tests/unit/remote/browser-extension/handlers/console-capture-registry.test.js [2m([22m[2m5 tests[22m[2m)[22m[32m 13[2mms[22m[39m
2026-10-10T02:04:55.9810910Z  [32m✓[39m src/main/social/__tests__/owned-source-listeners.test.js [2m([22m[2m6 tests[22m[2m)[22m[32m 25[2mms[22m[39m
2026-10-10T02:04:56.2094450Z  [32m✓[39m src/main/p2p/__tests__/signaling-peer-registry.test.js [2m([22m[2m9 tests[22m[2m)[22m[32m 12[2mms[22m[39m
2026-10-10T02:04:56.4584540Z  [32m✓[39m src/main/ipc/__tests__/logger-ipc.test.js [2m([22m[2m5 tests[22m[2m)[22m[32m 10[2mms[22m[39m
2026-10-10T02:04:56.8754640Z  [32m✓[39m tests/unit/p2p/voice-video-manager-simple.test.js [2m([22m[2m6 tests[22m[2m)[22m[32m 117[2mms[22m[39m
2026-10-10T02:04:57.0670670Z  [32m✓[39m src/renderer/stores/__tests__/autonomous-ops.test.ts [2m([22m[2m9 tests[22m[2m)[22m[32m 13[2mms[22m[39m
2026-10-10T02:04:57.4469490Z  [32m✓[39m tests/unit/components/invitationManagerUtils.test.js [2m([22m[2m14 tests[22m[2m)[22m[32m 30[2mms[22m[39m
2026-10-10T02:04:57.9394040Z  [32m✓[39m src/renderer/shell/__tests__/slash-dispatch.test.ts [2m([22m[2m8 tests[22m[2m)[22m[32m 14[2mms[22m[39m
2026-10-10T02:04:58.4423200Z  [32m✓[39m src/main/task/__tests__/project-goal-ipc.test.js [2m([22m[2m5 tests[22m[2m)[22m[32m 37[2mms[22m[39m
2026-10-10T02:04:58.5499150Z  [32m✓[39m src/renderer/stores/__tests__/family-guard.test.ts [2m([22m[2m9 tests[22m[2m)[22m[32m 13[2mms[22m[39m
2026-10-10T02:04:58.9200230Z  [32m✓[39m src/main/ai-engine/cowork/skills/__tests__/v1.2.0-cursor-rules.test.js [2m([22m[2m7 tests[22m[2m)[22m[32m 31[2mms[22m[39m
2026-10-10T02:04:58.9932010Z  [32m✓[39m tests/unit/remote/handlers/ai-handler-stream-bounds.test.js [2m([22m[2m4 tests[22m[2m)[22m[32m 9[2mms[22m[39m
2026-10-10T02:04:59.2143120Z  [32m✓[39m src/main/plugins/__tests__/plugin-registry.test.js [2m([22m[2m6 tests[22m[2m)[22m[32m 22[2mms[22m[39m
2026-10-10T02:04:59.7605800Z  [32m✓[39m src/renderer/components/common/__tests__/goal-notification-list.test.ts [2m([22m[2m5 tests[22m[2m)[22m[32m 96[2mms[22m[39m
2026-10-10T02:04:59.9673850Z  [32m✓[39m src/renderer/utils/__tests__/yjs-ipc-provider.test.ts [2m([22m[2m2 tests[22m[2m)[22m[32m 11[2mms[22m[39m
2026-10-10T02:05:00.5503790Z  [32m✓[39m tests/unit/database/database-migrations-ops-playbook.test.js [2m([22m[2m5 tests[22m[2m)[22m[32m 6[2mms[22m[39m
2026-10-10T02:05:00.7181630Z  [32m✓[39m tests/unit/composables/p2p-call.test.ts [2m([22m[2m8 tests[22m[2m)[22m[32m 27[2mms[22m[39m
2026-10-10T02:05:01.1099440Z (node:58920) ExperimentalWarning: SQLite is an experimental feature and might change at any time
2026-10-10T02:05:01.1200970Z (Use `node --trace-warnings ...` to show where the warning was created)
2026-10-10T02:05:01.1420360Z  [32m✓[39m tests/unit/llm/response-cache-identity.test.js [2m([22m[2m3 tests[22m[2m)[22m[32m 25[2mms[22m[39m
2026-10-10T02:05:01.2866940Z  [32m✓[39m src/main/utils/__tests__/safe-open.test.js [2m([22m[2m11 tests[22m[2m)[22m[32m 14[2mms[22m[39m
2026-10-10T02:05:01.6947860Z  [32m✓[39m src/main/blockchain/__tests__/order-export.test.js [2m([22m[2m10 tests[22m[2m)[22m[32m 31[2mms[22m[39m
2026-10-10T02:05:01.9818780Z  [32m✓[39m tests/unit/components/GraphRunDebugger.smoke.test.js [2m([22m[2m1 test[22m[2m)[22m[32m 110[2mms[22m[39m
2026-10-10T02:05:02.4137700Z  [32m✓[39m tests/unit/remote/browser-extension/handlers/heap-snapshot-boundary.test.js [2m([22m[2m5 tests[22m[2m)[22m[32m 8[2mms[22m[39m
2026-10-10T02:05:02.6787840Z  [32m✓[39m tests/unit/database/soft-delete-stats.test.js [2m([22m[2m4 tests[22m[2m)[22m[32m 15[2mms[22m[39m
2026-10-10T02:05:03.2517100Z  [32m✓[39m tests/unit/shell/communityDetailsDrawerUtils.test.js [2m([22m[2m12 tests[22m[2m)[22m[32m 36[2mms[22m[39m
2026-10-10T02:05:03.7965090Z  [32m✓[39m tests/unit/utils/memory-optimization.test.ts [2m([22m[2m7 tests[22m[2m)[22m[32m 12[2mms[22m[39m
2026-10-10T02:05:04.2729600Z  [32m✓[39m tests/unit/utils/themeManager.test.ts [2m([22m[2m8 tests[22m[2m)[22m[32m 47[2mms[22m[39m
2026-10-10T02:05:05.1005130Z  [32m✓[39m tests/unit/utils/dragUploadManager.test.ts [2m([22m[2m5 tests[22m[2m)[22m[32m 29[2mms[22m[39m
2026-10-10T02:05:06.6137560Z  [32m✓[39m src/main/web-shell/__tests__/web-ui-loader.test.js [2m([22m[2m5 tests[22m[2m)[22m[33m 945[2mms[22m[39m
2026-10-10T02:05:07.1583130Z  [32m✓[39m tests/unit/remote/browser-extension/handlers/performance-trace-registry.test.js [2m([22m[2m5 tests[22m[2m)[22m[32m 7[2mms[22m[39m
2026-10-10T02:05:07.6027330Z  [32m✓[39m src/main/context-memory/__tests__/permanent-memory-ipc-cutover.test.js [2m([22m[2m3 tests[22m[2m)[22m[32m 9[2mms[22m[39m
2026-10-10T02:05:08.0004280Z  [32m✓[39m tests/unit/renderer/shell/AppShell.languageSwitcher.test.ts [2m([22m[2m1 test[22m[2m)[22m[33m 556[2mms[22m[39m
2026-10-10T02:05:08.0106800Z      [33m[2m✓[22m[39m renders LanguageSwitcher inside the shell header [33m 554[2mms[22m[39m
2026-10-10T02:05:08.2623210Z  [32m✓[39m tests/unit/remote/browser-extension/handlers/injected-style-registry.test.js [2m([22m[2m5 tests[22m[2m)[22m[32m 6[2mms[22m[39m
2026-10-10T02:05:08.5724190Z  [32m✓[39m tests/unit/config/write-settings-sync.test.js [2m([22m[2m7 tests[22m[2m)[22m[32m 17[2mms[22m[39m
2026-10-10T02:05:08.8152310Z  [32m✓[39m src/main/web-shell/__tests__/shell-switch-handler.test.js [2m([22m[2m8 tests[22m[2m)[22m[32m 17[2mms[22m[39m
2026-10-10T02:05:09.5118190Z  [32m✓[39m src/main/image/__tests__/ocr-model-egress.test.js [2m([22m[2m6 tests[22m[2m)[22m[32m 19[2mms[22m[39m
2026-10-10T02:05:09.5662350Z  [32m✓[39m src/main/ukey/__tests__/shamir-split.test.js [2m([22m[2m15 tests[22m[2m)[22m[32m 22[2mms[22m[39m
2026-10-10T02:05:09.8947000Z  [32m✓[39m src/main/p2p/__tests__/file-transfer-manager.test.js [2m([22m[2m3 tests[22m[2m)[22m[32m 13[2mms[22m[39m
2026-10-10T02:05:10.2422290Z  [32m✓[39m tests/unit/composables/multimedia-theme.test.ts [2m([22m[2m8 tests[22m[2m)[22m[32m 28[2mms[22m[39m
2026-10-10T02:05:10.5548110Z  [32m✓[39m src/main/web-shell/__tests__/project-handlers.test.js [2m([22m[2m7 tests[22m[2m)[22m[32m 13[2mms[22m[39m
2026-10-10T02:05:10.8284980Z  [32m✓[39m tests/unit/marketplace/skill-service-protocol.test.js [2m([22m[2m11 tests[22m[2m)[22m[32m 23[2mms[22m[39m
2026-10-10T02:05:11.5103920Z  [32m✓[39m src/main/llm/__tests__/llm-config-projection.test.js [2m([22m[2m3 tests[22m[2m)[22m[32m 7[2mms[22m[39m
2026-10-10T02:05:11.9076290Z  [32m✓[39m src/main/ukey/__tests__/backup-encryptor.test.js [2m([22m[2m10 tests[22m[2m)[22m[33m 810[2mms[22m[39m
2026-10-10T02:05:12.0018520Z  [32m✓[39m src/renderer/stores/__tests__/auth.test.ts [2m([22m[2m6 tests[22m[2m)[22m[32m 13[2mms[22m[39m
2026-10-10T02:05:12.8512660Z  [32m✓[39m src/main/sync/__tests__/markdown-renderer.test.js [2m([22m[2m14 tests[22m[2m)[22m[32m 25[2mms[22m[39m
2026-10-10T02:05:13.0155510Z  [32m✓[39m tests/unit/ipfs/content-distributor.test.js [2m([22m[2m11 tests[22m[2m)[22m[32m 74[2mms[22m[39m
2026-10-10T02:05:13.7554790Z  [32m✓[39m src/main/browser/workflow/__tests__/workflow-storage-reads.test.js [2m([22m[2m4 tests[22m[2m)[22m[32m 16[2mms[22m[39m
2026-10-10T02:05:13.8940340Z  [32m✓[39m src/renderer/shell-preview/components/__tests__/TaskProgressPanel.test.ts [2m([22m[2m8 tests[22m[2m)[22m[32m 67[2mms[22m[39m
2026-10-10T02:05:14.4905490Z  [32m✓[39m src/main/ai-engine/cowork/skills/builtin/code-runner/__tests__/code-runner-security.test.js [2m([22m[2m2 tests[22m[2m)[22m[32m 33[2mms[22m[39m
2026-10-10T02:05:14.5827380Z  [32m✓[39m src/renderer/components/chat/artifact-workbench-utils.test.js [2m([22m[2m3 tests[22m[2m)[22m[32m 11[2mms[22m[39m
2026-10-10T02:05:15.2617340Z  [32m✓[39m tests/unit/ai-engine/computer-use-tools.test.js [2m([22m[2m6 tests[22m[2m)[22m[32m 10[2mms[22m[39m
2026-10-10T02:05:15.2955320Z  [32m✓[39m src/main/ai-engine/cowork/skills/__tests__/bundled-skill-git-process-handlers.test.js [2m([22m[2m17 tests[22m[2m)[22m[32m 104[2mms[22m[39m
2026-10-10T02:05:15.8972440Z  [32m✓[39m src/main/ipc/__tests__/advanced-features-ipc-sanitize.test.js [2m([22m[2m9 tests[22m[2m)[22m[32m 36[2mms[22m[39m
2026-10-10T02:05:16.0100560Z  [32m✓[39m tests/unit/mcp/brokered-stdio-client-transport.test.js [2m([22m[2m4 tests[22m[2m)[22m[32m 10[2mms[22m[39m
2026-10-10T02:05:16.4420900Z  [32m✓[39m tests/unit/config/config-ipc.test.js [2m([22m[2m6 tests[22m[2m)[22m[32m 25[2mms[22m[39m
2026-10-10T02:05:16.5699080Z  [32m✓[39m tests/unit/utils/editor-pool.test.ts [2m([22m[2m6 tests[22m[2m)[22m[32m 9[2mms[22m[39m
2026-10-10T02:05:16.9640240Z  [32m✓[39m src/main/knowledge-graph/__tests__/graph-exporter.test.js [2m([22m[2m10 tests[22m[2m)[22m[32m 11[2mms[22m[39m
2026-10-10T02:05:17.1629660Z  [32m✓[39m src/main/ai-engine/__tests__/real-implementations-reminder.test.js [2m([22m[2m5 tests[22m[2m)[22m[32m 26[2mms[22m[39m
2026-10-10T02:05:17.5944650Z  [32m✓[39m tests/unit/rag/advanced-memory-search.test.js [2m([22m[2m9 tests[22m[2m)[22m[32m 29[2mms[22m[39m
2026-10-10T02:05:17.8088760Z  [32m✓[39m tests/unit/stores/autonomousDev.test.ts [2m([22m[2m10 tests[22m[2m)[22m[32m 16[2mms[22m[39m
2026-10-10T02:05:18.2431560Z  [32m✓[39m tests/unit/remote/browser-extension/handlers/page-monitor-boundary.test.js [2m([22m[2m5 tests[22m[2m)[22m[32m 24[2mms[22m[39m
2026-10-10T02:05:18.4370020Z  [32m✓[39m tests/unit/stores/slaManager.test.ts [2m([22m[2m10 tests[22m[2m)[22m[32m 26[2mms[22m[39m
2026-10-10T02:05:18.8152680Z  [32m✓[39m tests/unit/social/content-quality-assessor.test.js [2m([22m[2m10 tests[22m[2m)[22m[32m 16[2mms[22m[39m
2026-10-10T02:05:19.0636050Z  [32m✓[39m tests/unit/components/SkillCard.test.ts [2m([22m[2m7 tests[22m[2m)[22m[32m 72[2mms[22m[39m
2026-10-10T02:05:19.3882480Z  [32m✓[39m src/renderer/shell/helpers/__tests__/dbPerformanceHelpers.test.ts [2m([22m[2m13 tests[22m[2m)[22m[32m 37[2mms[22m[39m
2026-10-10T02:05:19.6750990Z  [32m✓[39m src/renderer/stores/__tests__/unified-tools.test.ts [2m([22m[2m2 tests[22m[2m)[22m[32m 8[2mms[22m[39m
2026-10-10T02:05:20.5155850Z  [32m✓[39m tests/unit/composables/theme.test.ts [2m([22m[2m8 tests[22m[2m)[22m[32m 17[2mms[22m[39m
2026-10-10T02:05:21.1153730Z  [32m✓[39m src/main/__tests__/signed-desktop-launch-probe.test.js [2m([22m[2m4 tests[22m[2m)[22m[32m 16[2mms[22m[39m
2026-10-10T02:05:21.2470660Z  [32m✓[39m src/main/ai-engine/cowork/skills/__tests__/bundled-skill-capability-catalog.test.js [2m([22m[2m5 tests[22m[2m)[22m[33m 1243[2mms[22m[39m
2026-10-10T02:05:21.2472700Z      [33m[2m✓[22m[39m matches every checked-in manifest, handler digest, and audited host surface [33m 1150[2mms[22m[39m
2026-10-10T02:05:21.7962520Z  [32m✓[39m tests/unit/renderer/shell/slash-dispatch.test.ts [2m([22m[2m7 tests[22m[2m)[22m[32m 17[2mms[22m[39m
2026-10-10T02:05:21.8734350Z  [32m✓[39m src/main/system/__tests__/update-window-visibility.test.js [2m([22m[2m8 tests[22m[2m)[22m[32m 6[2mms[22m[39m
2026-10-10T02:05:22.3832560Z  [32m✓[39m tests/unit/utils/project-detail-optimizations.test.js [2m([22m[2m8 tests[22m[2m)[22m[32m 23[2mms[22m[39m
2026-10-10T02:05:22.5924900Z  [32m✓[39m tests/unit/ai-engine/agents/agent-coordinator-select.test.js [2m([22m[2m3 tests[22m[2m)[22m[32m 14[2mms[22m[39m
2026-10-10T02:05:22.9215540Z  [32m✓[39m src/main/browser/__tests__/storage-tag-like-escape.test.js [2m([22m[2m2 tests[22m[2m)[22m[32m 18[2mms[22m[39m
2026-10-10T02:05:23.1407340Z  [32m✓[39m src/main/knowledge/__tests__/version-diff-stats.test.js [2m([22m[2m11 tests[22m[2m)[22m[32m 14[2mms[22m[39m
2026-10-10T02:05:23.1538330Z  [32m✓[39m src/renderer/shell/helpers/__tests__/desktopContextCenter.test.ts [2m([22m[2m7 tests[22m[2m)[22m[32m 19[2mms[22m[39m
2026-10-10T02:05:23.7139980Z  [32m✓[39m tests/unit/utils/main-log-listener.test.ts [2m([22m[2m5 tests[22m[2m)[22m[32m 20[2mms[22m[39m
2026-10-10T02:05:23.7644430Z  [32m✓[39m src/renderer/shell/helpers/__tests__/llmPerformanceHelpers.test.ts [2m([22m[2m12 tests[22m[2m)[22m[32m 14[2mms[22m[39m
2026-10-10T02:05:24.3183440Z  [32m✓[39m tests/unit/utils/predictive-prefetcher.test.ts [2m([22m[2m6 tests[22m[2m)[22m[32m 13[2mms[22m[39m
2026-10-10T02:05:24.6270820Z  [32m✓[39m tests/unit/ai-engine/ai-engine-output-engine-integration.test.js [2m([22m[2m2 tests[22m[2m)[22m[32m 125[2mms[22m[39m
2026-10-10T02:05:25.1503720Z  [32m✓[39m src/main/ai-engine/cowork/skills/__tests__/v1.2.0-find-skills.test.js [2m([22m[2m10 tests[22m[2m)[22m[32m 70[2mms[22m[39m
2026-10-10T02:05:25.3859910Z  [32m✓[39m tests/unit/stores/hardening.test.ts [2m([22m[2m10 tests[22m[2m)[22m[32m 14[2mms[22m[39m
2026-10-10T02:05:26.2571640Z  [32m✓[39m src/main/browser/__tests__/legacy-agent-mutation-governance.test.js [2m([22m[2m22 tests[22m[2m)[22m[32m 44[2mms[22m[39m
2026-10-10T02:05:26.7366830Z  [32m✓[39m src/main/ai-engine/code-agent/__tests__/workflow-command-parser.test.js [2m([22m[2m13 tests[22m[2m)[22m[32m 11[2mms[22m[39m
2026-10-10T02:05:27.3113130Z  [32m✓[39m tests/unit/utils/resource-hints.test.ts [2m([22m[2m6 tests[22m[2m)[22m[32m 20[2mms[22m[39m
2026-10-10T02:05:27.7910510Z  [32m✓[39m src/main/ai-engine/code-agent/__tests__/desktop-graph-production-surface.test.js [2m([22m[2m4 tests[22m[2m)[22m[32m 20[2mms[22m[39m
2026-10-10T02:05:28.3934940Z  [32m✓[39m tests/unit/utils/ipc-shim.test.ts [2m([22m[2m7 tests[22m[2m)[22m[32m 17[2mms[22m[39m
2026-10-10T02:05:28.8944220Z  [32m✓[39m tests/unit/stores/techLearning.test.ts [2m([22m[2m9 tests[22m[2m)[22m[32m 11[2mms[22m[39m
2026-10-10T02:05:28.9017530Z  [32m✓[39m src/main/utils/__tests__/file-handler-batch.test.js [2m([22m[2m4 tests[22m[2m)[22m[33m 3190[2mms[22m[39m
2026-10-10T02:05:28.9019780Z      [33m[2m✓[22m[39m 处理器抛错的文件归入 errors，其余仍成功 [33m 3103[2mms[22m[39m
2026-10-10T02:05:29.4740100Z  [32m✓[39m src/main/ai-engine/code-agent/__tests__/workflow-command-runner.test.js [2m([22m[2m4 tests[22m[2m)[22m[32m 49[2mms[22m[39m
2026-10-10T02:05:29.4943810Z  [32m✓[39m src/main/mtc/__tests__/mtc-runtime-boundaries.test.js [2m([22m[2m6 tests[22m[2m)[22m[32m 13[2mms[22m[39m
2026-10-10T02:05:30.2546850Z  [32m✓[39m tests/unit/main/terminal/confirmation-dialog.test.js [2m([22m[2m5 tests[22m[2m)[22m[32m 11[2mms[22m[39m
2026-10-10T02:05:30.2648890Z  [32m✓[39m tests/unit/utils/data-compression.test.ts [2m([22m[2m6 tests[22m[2m)[22m[32m 22[2mms[22m[39m
2026-10-10T02:05:30.5519360Z  [32m✓[39m src/main/speech/__tests__/whisper-client.test.js [2m([22m[2m8 tests[22m[2m)[22m[32m 13[2mms[22m[39m
2026-10-10T02:05:30.8208090Z  [32m✓[39m src/main/system/__tests__/menu-manager.test.js [2m([22m[2m5 tests[22m[2m)[22m[32m 10[2mms[22m[39m
2026-10-10T02:05:31.0696530Z  [32m✓[39m src/renderer/stores/__tests__/theme-preview.test.ts [2m([22m[2m10 tests[22m[2m)[22m[32m 12[2mms[22m[39m
2026-10-10T02:05:31.3766160Z  [32m✓[39m tests/unit/components/conversationSearchPanelUtils.test.js [2m([22m[2m11 tests[22m[2m)[22m[32m 23[2mms[22m[39m
2026-10-10T02:05:31.6381820Z  [32m✓[39m src/renderer/shell/helpers/__tests__/settingsHelpers.test.ts [2m([22m[2m13 tests[22m[2m)[22m[32m 22[2mms[22m[39m
2026-10-10T02:05:31.9077820Z  [32m✓[39m src/main/ai-engine/cowork/skills/__tests__/bundled-skill-credential-store.test.js [2m([22m[2m4 tests[22m[2m)[22m[32m 10[2mms[22m[39m
2026-10-10T02:05:32.1306490Z  [32m✓[39m tests/unit/remote/browser-extension/handlers/dom-mutation-bounds.test.js [2m([22m[2m2 tests[22m[2m)[22m[32m 7[2mms[22m[39m
2026-10-10T02:05:32.3846210Z  [32m✓[39m tests/unit/p2p/signal-driver-official.test.js [2m([22m[2m3 tests[22m[2m)[22m[32m 15[2mms[22m[39m
2026-10-10T02:05:32.7173490Z  [32m✓[39m src/main/project/__tests__/project-rag-like-escape.test.js [2m([22m[2m1 test[22m[2m)[22m[32m 10[2mms[22m[39m
2026-10-10T02:05:33.0532180Z  [32m✓[39m src/main/ipfs/__tests__/ipfs-content-runtime.test.js [2m([22m[2m4 tests[22m[2m)[22m[32m 18[2mms[22m[39m
2026-10-10T02:05:33.3070420Z  [32m✓[39m src/main/sync/__tests__/p2p-sync-engine-lifecycle.test.js [2m([22m[2m3 tests[22m[2m)[22m[32m 9[2mms[22m[39m
2026-10-10T02:05:33.5728340Z  [32m✓[39m tests/unit/main/terminal/database-project-binding-resolver.test.js [2m([22m[2m4 tests[22m[2m)[22m[32m 11[2mms[22m[39m
2026-10-10T02:05:34.1881550Z  [32m✓[39m tests/unit/llm/desktop-workflow-admission.test.js [2m([22m[2m5 tests[22m[2m)[22m[32m 7[2mms[22m[39m
2026-10-10T02:05:34.7703580Z (node:60016) [MODULE_TYPELESS_PACKAGE_JSON] Warning: Module type of file:///Users/runner/work/chainlesschain/chainlesschain/desktop-app-vue/src/main/utils/logger.js is not specified and it doesn't parse as CommonJS.
2026-10-10T02:05:34.7705190Z Reparsing as ES module because module syntax was detected. This incurs a performance overhead.
2026-10-10T02:05:34.7706530Z To eliminate this warning, add "type": "module" to /Users/runner/work/chainlesschain/chainlesschain/desktop-app-vue/package.json.
2026-10-10T02:05:34.7707420Z (Use `node --trace-warnings ...` to show where the warning was created)
2026-10-10T02:05:34.7864710Z  [32m✓[39m src/main/ukey/__tests__/unified-key-manager-setprimary-atomicity.test.js [2m([22m[2m2 tests[22m[2m)[22m[32m 13[2mms[22m[39m
2026-10-10T02:05:35.2409470Z  [32m✓[39m tests/unit/renderer/shell-preview/AppShellPreview.languageSwitcher.test.ts [2m([22m[2m1 test[22m[2m)[22m[32m 60[2mms[22m[39m
2026-10-10T02:05:35.3001410Z  [32m✓[39m src/renderer/stores/__tests__/network.test.ts [2m([22m[2m4 tests[22m[2m)[22m[32m 7[2mms[22m[39m
2026-10-10T02:05:35.9012380Z  [32m✓[39m tests/unit/utils/content-visibility.test.ts [2m([22m[2m6 tests[22m[2m)[22m[32m 40[2mms[22m[39m
2026-10-10T02:05:35.9305100Z  [32m✓[39m src/main/ai-engine/cowork/skills/__tests__/v1.2.0-webapp-testing.test.js [2m([22m[2m8 tests[22m[2m)[22m[32m 33[2mms[22m[39m
2026-10-10T02:05:36.7303960Z  [32m✓[39m src/main/collaboration/__tests__/yjs-collab-loaddocument.test.js [2m([22m[2m3 tests[22m[2m)[22m[32m 17[2mms[22m[39m
2026-10-10T02:05:37.0983750Z  [32m✓[39m src/renderer/shell-preview/components/__tests__/ToolInvocationCard.test.ts [2m([22m[2m7 tests[22m[2m)[22m[32m 83[2mms[22m[39m
2026-10-10T02:05:37.6089730Z  [32m✓[39m src/main/blockchain/__tests__/rpc-manager.test.js [2m([22m[2m7 tests[22m[2m)[22m[32m 9[2mms[22m[39m
2026-10-10T02:05:38.0499670Z  [32m✓[39m src/main/social/__tests__/channel-manager-sign-failclosed.test.js [2m([22m[2m5 tests[22m[2m)[22m[32m 8[2mms[22m[39m
2026-10-10T02:05:38.4766040Z  [32m✓[39m src/renderer/stores/__tests__/taskBoard.reports.test.ts [2m([22m[2m5 tests[22m[2m)[22m[32m 13[2mms[22m[39m
2026-10-10T02:05:38.4970000Z  [32m✓[39m src/main/ai-engine/cowork/skills/__tests__/v1.2.0-news-monitor.test.js [2m([22m[2m9 tests[22m[2m)[22m[33m 789[2mms[22m[39m
2026-10-10T02:05:38.4971850Z        [33m[2m✓[22m[39m should attempt to fetch news (may fail without network) [33m 782[2mms[22m[39m
2026-10-10T02:05:39.0276090Z  [32m✓[39m src/main/remote/handlers/__tests__/application-handler-injection.test.js [2m([22m[2m6 tests[22m[2m)[22m[32m 18[2mms[22m[39m
2026-10-10T02:05:39.0937780Z  [32m✓[39m tests/unit/composables/keyboard-shortcuts.test.ts [2m([22m[2m5 tests[22m[2m)[22m[32m 37[2mms[22m[39m
2026-10-10T02:05:39.6454570Z  [32m✓[39m tests/unit/api/email-credential-store.test.js [2m([22m[2m4 tests[22m[2m)[22m[32m 15[2mms[22m[39m
2026-10-10T02:05:39.7336800Z  [32m✓[39m src/main/blockchain/__tests__/transaction-monitor-reentrancy.test.js [2m([22m[2m3 tests[22m[2m)[22m[32m 7[2mms[22m[39m
2026-10-10T02:05:40.2228860Z  [32m✓[39m tests/unit/ai-engine/extended-tools-vision.test.js [2m([22m[2m5 tests[22m[2m | [22m[33m1 skipped[39m[2m)[22m[32m 23[2mms[22m[39m
2026-10-10T02:05:40.3058910Z  [32m✓[39m src/main/p2p/__tests__/signaling-handlers.test.js [2m([22m[2m4 tests[22m[2m)[22m[32m 8[2mms[22m[39m
2026-10-10T02:05:40.7177100Z  [32m✓[39m src/main/database/__tests__/db-encryption-flag.test.js [2m([22m[2m7 tests[22m[2m)[22m[32m 10[2mms[22m[39m
2026-10-10T02:05:40.8238890Z  [32m✓[39m src/main/personal-data-hub/__tests__/sync-result.test.js [2m([22m[2m6 tests[22m[2m)[22m[32m 7[2mms[22m[39m
2026-10-10T02:05:41.2780100Z  [32m✓[39m tests/unit/utils/speech-optimizer.test.ts [2m([22m[2m6 tests[22m[2m)[22m[32m 7[2mms[22m[39m
2026-10-10T02:05:41.3778640Z  [32m✓[39m src/main/organization/__tests__/org-p2p-network-lifecycle.test.js [2m([22m[2m2 tests[22m[2m)[22m[32m 10[2mms[22m[39m
2026-10-10T02:05:42.0026710Z  [32m✓[39m tests/unit/components/transactionTimelineUtils.test.js [2m([22m[2m9 tests[22m[2m)[22m[32m 41[2mms[22m[39m
2026-10-10T02:05:42.1829130Z  [32m✓[39m tests/unit/utils/code-splitting.test.ts [2m([22m[2m6 tests[22m[2m)[22m[32m 55[2mms[22m[39m
2026-10-10T02:05:42.6354070Z  [32m✓[39m src/renderer/shell-preview/services/__tests__/flatToTree.test.ts [2m([22m[2m8 tests[22m[2m)[22m[32m 17[2mms[22m[39m
2026-10-10T02:05:42.7646400Z  [32m✓[39m tests/unit/composables/responsive.test.ts [2m([22m[2m5 tests[22m[2m)[22m[32m 25[2mms[22m[39m
2026-10-10T02:05:43.0901500Z  [32m✓[39m src/main/llm/__tests__/volcengine-tool-success-projection.test.js [2m([22m[2m4 tests[22m[2m)[22m[32m 5[2mms[22m[39m
2026-10-10T02:05:43.2141250Z  [32m✓[39m tests/unit/composables/multimedia-i18n.test.ts [2m([22m[2m9 tests[22m[2m)[22m[32m 7[2mms[22m[39m
2026-10-10T02:05:43.5153370Z  [32m✓[39m tests/unit/components/mcpSettingsUtils.test.js [2m([22m[2m8 tests[22m[2m)[22m[32m 6[2mms[22m[39m
2026-10-10T02:05:43.6869070Z  [32m✓[39m tests/unit/components/tradeTransactionListUtils.test.js [2m([22m[2m17 tests[22m[2m)[22m[32m 30[2mms[22m[39m
2026-10-10T02:05:43.9635750Z  [32m✓[39m tests/unit/security/security-latent-fixes.test.js [2m([22m[2m3 tests[22m[2m)[22m[32m 5[2mms[22m[39m
2026-10-10T02:05:44.0949080Z  [32m✓[39m tests/unit/ai-engine/multi-agent/multi-agent-ipc.test.js [2m([22m[2m3 tests[22m[2m)[22m[32m 5[2mms[22m[39m
2026-10-10T02:05:44.4007590Z  [32m✓[39m tests/unit/components/invitationLinkManagerUtils.test.js [2m([22m[2m8 tests[22m[2m)[22m[32m 7[2mms[22m[39m
2026-10-10T02:05:44.5675920Z  [32m✓[39m tests/unit/web-shell/pair-ack-injection-guard.test.js [2m([22m[2m5 tests[22m[2m)[22m[32m 5[2mms[22m[39m
2026-10-10T02:05:44.9380830Z  [32m✓[39m tests/unit/pages/marketPageUtils.test.js [2m([22m[2m9 tests[22m[2m)[22m[32m 10[2mms[22m[39m
2026-10-10T02:05:45.0868250Z  [32m✓[39m tests/unit/plugins/plugin-log-redaction.test.js [2m([22m[2m3 tests[22m[2m)[22m[32m 16[2mms[22m[39m
2026-10-10T02:05:45.5906420Z  [32m✓[39m tests/unit/enterprise/capability-ipc.test.js [2m([22m[2m2 tests[22m[2m)[22m[32m 9[2mms[22m[39m
2026-10-10T02:05:46.1771800Z  [32m✓[39m src/main/organization/__tests__/did-invitation-manager-lifecycle.test.js [2m([22m[2m3 tests[22m[2m)[22m[32m 9[2mms[22m[39m
2026-10-10T02:05:46.5005580Z  [32m✓[39m src/renderer/components/chat/governed-knowledge-review-utils.test.js [2m([22m[2m4 tests[22m[2m)[22m[32m 6[2mms[22m[39m
2026-10-10T02:05:46.7940290Z  [32m✓[39m src/main/ai-engine/agents/__tests__/agents-ipc-registry-contract.test.js [2m([22m[2m3 tests[22m[2m)[22m[32m 35[2mms[22m[39m
2026-10-10T02:05:47.0268050Z  [32m✓[39m tests/unit/components/assetHistoryUtils.test.js [2m([22m[2m7 tests[22m[2m)[22m[32m 18[2mms[22m[39m
2026-10-10T02:05:47.2651990Z  [32m✓[39m src/main/plugins/__tests__/plugin-api-model-egress.test.js [2m([22m[2m9 tests[22m[2m)[22m[32m 12[2mms[22m[39m
2026-10-10T02:05:47.4762940Z  [32m✓[39m src/main/ai-engine/cowork/__tests__/federation-hardening-circuit.test.js [2m([22m[2m5 tests[22m[2m)[22m[32m 7[2mms[22m[39m
2026-10-10T02:05:47.7046580Z  [32m✓[39m src/main/ai-engine/cowork/skills/__tests__/v1.2.0-tavily-search.test.js [2m([22m[2m6 tests[22m[2m)[22m[32m 15[2mms[22m[39m
2026-10-10T02:05:48.0241010Z  [32m✓[39m src/main/browser/__tests__/browser-compat-log-redaction.test.js [2m([22m[2m2 tests[22m[2m)[22m[32m 39[2mms[22m[39m
2026-10-10T02:05:48.3152940Z  [32m✓[39m tests/unit/api/email-ipc-boundaries.test.js [2m([22m[2m4 tests[22m[2m)[22m[32m 7[2mms[22m[39m
2026-10-10T02:05:48.5689490Z  [32m✓[39m src/main/audit/__tests__/data-classifier.test.js [2m([22m[2m7 tests[22m[2m)[22m[32m 7[2mms[22m[39m
2026-10-10T02:05:48.8580180Z  [32m✓[39m tests/unit/components/recordingPanelUtils.test.js [2m([22m[2m8 tests[22m[2m)[22m[32m 29[2mms[22m[39m
2026-10-10T02:05:49.4904540Z  [32m✓[39m tests/unit/utils/image-optimization.test.ts [2m([22m[2m4 tests[22m[2m)[22m[32m 281[2mms[22m[39m
2026-10-10T02:05:49.5029960Z  [32m✓[39m src/main/project/__tests__/stats-collector.test.js [2m([22m[2m6 tests[22m[2m)[22m[32m 28[2mms[22m[39m
2026-10-10T02:05:50.1939320Z  [32m✓[39m src/main/ipc/__tests__/degraded-registry.test.js [2m([22m[2m6 tests[22m[2m)[22m[32m 15[2mms[22m[39m
2026-10-10T02:05:50.2439240Z  [32m✓[39m src/main/plugins/__tests__/update-manager-error-boundary.test.js [2m([22m[2m3 tests[22m[2m)[22m[32m 10[2mms[22m[39m
2026-10-10T02:05:50.9550610Z  [32m✓[39m tests/unit/ai-engine/humanizer-handler.test.js [2m([22m[2m6 tests[22m[2m)[22m[32m 36[2mms[22m[39m
2026-10-10T02:05:50.9737880Z  [32m✓[39m src/main/quantization/__tests__/quantizer-process-broker.test.js [2m([22m[2m2 tests[22m[2m)[22m[32m 9[2mms[22m[39m
2026-10-10T02:05:51.6254120Z  [32m✓[39m tests/unit/main/terminal/RingBuffer.test.js [2m([22m[2m7 tests[22m[2m)[22m[32m 12[2mms[22m[39m
2026-10-10T02:05:51.6379780Z  [32m✓[39m src/main/marketplace/__tests__/plugin-updater-compare.test.js [2m([22m[2m5 tests[22m[2m)[22m[32m 24[2mms[22m[39m
2026-10-10T02:05:52.3787210Z  [32m✓[39m src/renderer/pages/__tests__/aiChatPageWorktreeUtils.test.js [2m([22m[2m6 tests[22m[2m)[22m[32m 10[2mms[22m[39m
2026-10-10T02:05:52.4551960Z  [32m✓[39m tests/unit/ai-engine/extended-tools-addtime.test.js [2m([22m[2m8 tests[22m[2m)[22m[32m 6[2mms[22m[39m
2026-10-10T02:05:53.1288310Z  [32m✓[39m tests/unit/ai-engine/multi-model-router-handler.test.js [2m([22m[2m6 tests[22m[2m)[22m[32m 50[2mms[22m[39m
2026-10-10T02:05:53.1849320Z  [32m✓[39m tests/unit/ai-engine/cron-scheduler-handler.test.js [2m([22m[2m8 tests[22m[2m)[22m[32m 37[2mms[22m[39m
2026-10-10T02:05:53.8343220Z  [32m✓[39m src/main/git/conflict-resolution/__tests__/conflict-resolver-learn-cache.test.js [2m([22m[2m2 tests[22m[2m)[22m[32m 13[2mms[22m[39m
2026-10-10T02:05:53.9245460Z  [32m✓[39m src/main/audit/__tests__/enterprise-audit-logger-preview.test.js [2m([22m[2m2 tests[22m[2m)[22m[32m 6[2mms[22m[39m
2026-10-10T02:05:54.6665720Z  [32m✓[39m tests/unit/components/transactionDetailModalUtils.test.js [2m([22m[2m8 tests[22m[2m)[22m[32m 27[2mms[22m[39m
2026-10-10T02:05:54.7329810Z  [32m✓[39m tests/unit/remote/browser-extension/handlers/lifecycle-log-bounds.test.js [2m([22m[2m2 tests[22m[2m)[22m[32m 7[2mms[22m[39m
2026-10-10T02:05:55.3047960Z  [32m✓[39m src/main/ai-engine/code-agent/__tests__/coding-agent-production-surface.test.js [2m([22m[2m2 tests[22m[2m)[22m[32m 6[2mms[22m[39m
2026-10-10T02:05:55.4328560Z  [32m✓[39m tests/unit/utils/performance-benchmark.test.ts [2m([22m[2m6 tests[22m[2m)[22m[32m 7[2mms[22m[39m
2026-10-10T02:05:56.0581730Z  [32m✓[39m tests/unit/stores/reputationOptimizer.test.ts [2m([22m[2m7 tests[22m[2m)[22m[32m 20[2mms[22m[39m
2026-10-10T02:05:56.2244970Z  [32m✓[39m src/main/memory/__tests__/usage-report-generator.test.js [2m([22m[2m4 tests[22m[2m)[22m[32m 28[2mms[22m[39m
2026-10-10T02:05:56.9277570Z  [32m✓[39m src/renderer/router/__tests__/v6-shell-default.test.ts [2m([22m[2m9 tests[22m[2m)[22m[32m 10[2mms[22m[39m
2026-10-10T02:05:57.0147470Z  [32m✓[39m src/main/context-memory/__tests__/authority.test.js [2m([22m[2m3 tests[22m[2m)[22m[32m 8[2mms[22m[39m
2026-10-10T02:05:57.4625880Z  [32m✓[39m tests/unit/pages/organizationMembersPageUtils.test.js [2m([22m[2m9 tests[22m[2m)[22m[32m 33[2mms[22m[39m
2026-10-10T02:05:57.4935760Z  [32m✓[39m tests/unit/stores/stressTest.test.ts [2m([22m[2m7 tests[22m[2m)[22m[32m 12[2mms[22m[39m
2026-10-10T02:05:58.0035470Z  [32m✓[39m tests/unit/ai-engine/cowork/pr-reviewer-injection.test.js [2m([22m[2m4 tests[22m[2m)[22m[32m 8[2mms[22m[39m
2026-10-10T02:05:58.0238200Z  [32m✓[39m tests/unit/monitoring/chromium-log-privacy.test.js [2m([22m[2m3 tests[22m[2m)[22m[32m 7[2mms[22m[39m
2026-10-10T02:05:58.2512520Z  [32m✓[39m src/main/audit/__tests__/dlp-policy.test.js [2m([22m[2m3 tests[22m[2m)[22m[32m 5[2mms[22m[39m
2026-10-10T02:05:58.5624820Z  [32m✓[39m src/main/ai-engine/workflow/__tests__/workflow-engine-eviction.test.js [2m([22m[2m4 tests[22m[2m)[22m[32m 10[2mms[22m[39m
2026-10-10T02:05:58.7328860Z  [32m✓[39m tests/unit/api/rss-bounded-text-fetcher.test.js [2m([22m[2m2 tests[22m[2m)[22m[32m 13[2mms[22m[39m
2026-10-10T02:05:59.0391280Z  [32m✓[39m src/main/ai-engine/cowork/__tests__/prompt-active-release-ipc.test.js [2m([22m[2m2 tests[22m[2m)[22m[32m 7[2mms[22m[39m
2026-10-10T02:05:59.1847960Z  [32m✓[39m src/main/p2p/__tests__/mobile-command-log.test.js [2m([22m[2m3 tests[22m[2m)[22m[32m 7[2mms[22m[39m
2026-10-10T02:05:59.5176160Z  [32m✓[39m tests/unit/stores/aiSocialEnhancement.test.ts [2m([22m[2m4 tests[22m[2m)[22m[32m 12[2mms[22m[39m
2026-10-10T02:05:59.7633640Z  [32m✓[39m tests/unit/marketplace/token-ledger.test.js [2m([22m[2m8 tests[22m[2m)[22m[32m 27[2mms[22m[39m
2026-10-10T02:06:00.2319450Z  [32m✓[39m src/main/memory/__tests__/auto-backup-manager-schedule.test.js [2m([22m[2m3 tests[22m[2m)[22m[32m 10[2mms[22m[39m
2026-10-10T02:06:00.4948240Z  [32m✓[39m tests/unit/remote/remote-error-disclosure-boundary.test.js [2m([22m[2m3 tests[22m[2m)[22m[32m 17[2mms[22m[39m
2026-10-10T02:06:00.8500420Z  [32m✓[39m src/main/ai-engine/__tests__/extended-tools-model-egress.test.js [2m([22m[2m3 tests[22m[2m)[22m[32m 8[2mms[22m[39m
2026-10-10T02:06:01.0086640Z  [32m✓[39m tests/unit/plugins/permission-dialog-backpressure.test.js [2m([22m[2m3 tests[22m[2m)[22m[32m 15[2mms[22m[39m
2026-10-10T02:06:01.3234730Z  [32m✓[39m src/main/image-gen/__tests__/image-gen-evolution-ingress.test.js [2m([22m[2m2 tests[22m[2m)[22m[32m 8[2mms[22m[39m
2026-10-10T02:06:01.6894550Z  [32m✓[39m src/main/ai-engine/__tests__/extended-tools-datascience-process-broker.test.js [2m([22m[2m2 tests[22m[2m)[22m[32m 60[2mms[22m[39m
2026-10-10T02:06:01.9822640Z  [32m✓[39m src/main/ai-engine/code-agent/__tests__/desktop-packaged-graph-fixture.test.js [2m([22m[2m2 tests[22m[2m)[22m[32m 7[2mms[22m[39m
2026-10-10T02:06:02.1889550Z  [32m✓[39m tests/unit/ai-engine/cowork/k8s-deployer-injection.test.js [2m([22m[2m4 tests[22m[2m)[22m[32m 6[2mms[22m[39m
2026-10-10T02:06:02.5223630Z  [32m✓[39m tests/unit/stores/evoMapGovernance.test.ts [2m([22m[2m4 tests[22m[2m)[22m[32m 9[2mms[22m[39m
2026-10-10T02:06:02.9468350Z  [32m✓[39m src/main/rag/__tests__/memory-analytics.test.js [2m([22m[2m2 tests[22m[2m)[22m[32m 27[2mms[22m[39m
2026-10-10T02:06:04.3789270Z  [32m✓[39m src/main/ipc/__tests__/personal-data-hub-evolution-ingress.test.js [2m([22m[2m2 tests[22m[2m)[22m[32m 17[2mms[22m[39m
2026-10-10T02:06:04.6711220Z  [32m✓[39m tests/unit/components/AdditionalToolsStats.smoke.test.js [2m([22m[2m1 test[22m[2m)[22m[32m 49[2mms[22m[39m
2026-10-10T02:06:04.9696010Z  [32m✓[39m tests/unit/stores/protocolFusion.test.ts [2m([22m[2m4 tests[22m[2m)[22m[32m 8[2mms[22m[39m
2026-10-10T02:06:05.1393030Z  [32m✓[39m src/main/bootstrap/__tests__/social-manager-lifecycle.test.js [2m([22m[2m3 tests[22m[2m)[22m[32m 14[2mms[22m[39m
2026-10-10T02:06:05.4325140Z  [32m✓[39m tests/unit/components/imageUploadUtils.test.js [2m([22m[2m9 tests[22m[2m)[22m[32m 23[2mms[22m[39m
2026-10-10T02:06:05.6116960Z  [32m✓[39m tests/unit/components/taskCardUtils.test.js [2m([22m[2m9 tests[22m[2m)[22m[32m 28[2mms[22m[39m
2026-10-10T02:06:05.9095160Z  [32m✓[39m tests/unit/stores/federationHardening.test.ts [2m([22m[2m6 tests[22m[2m)[22m[32m 8[2mms[22m[39m
2026-10-10T02:06:06.0577520Z  [32m✓[39m src/main/browser/__tests__/browser-diagnostic-log-wiring.test.js [2m([22m[2m2 tests[22m[2m)[22m[32m 9[2mms[22m[39m
2026-10-10T02:06:06.3627220Z  [32m✓[39m tests/unit/stores/hsmAdapter.test.ts [2m([22m[2m4 tests[22m[2m)[22m[32m 10[2mms[22m[39m
2026-10-10T02:06:06.6193860Z  [32m✓[39m src/main/bootstrap/__tests__/hooks-initializer.test.js [2m([22m[2m2 tests[22m[2m)[22m[32m 5[2mms[22m[39m
2026-10-10T02:06:06.8604770Z  [32m✓[39m tests/unit/auth/sso-session-cache-eviction.test.js [2m([22m[2m3 tests[22m[2m)[22m[32m 6[2mms[22m[39m
2026-10-10T02:06:07.1027590Z  [32m✓[39m tests/unit/remote/remote-ipc-error-boundary.test.js [2m([22m[2m3 tests[22m[2m)[22m[32m 11[2mms[22m[39m
2026-10-10T02:06:07.3461780Z  [32m✓[39m tests/unit/pages/commandLogsPageUtils.test.js [2m([22m[2m10 tests[22m[2m)[22m[32m 8[2mms[22m[39m
2026-10-10T02:06:07.6077720Z  [32m✓[39m src/main/project/__tests__/project-config-path-security.test.js [2m([22m[2m4 tests[22m[2m)[22m[32m 9[2mms[22m[39m
2026-10-10T02:06:07.9079550Z  [32m✓[39m tests/unit/components/taskDetailUtils.test.js [2m([22m[2m6 tests[22m[2m)[22m[32m 21[2mms[22m[39m
2026-10-10T02:06:08.1381020Z  [32m✓[39m tests/unit/ai-engine/color-picker-handler.test.js [2m([22m[2m6 tests[22m[2m)[22m[32m 28[2mms[22m[39m
2026-10-10T02:06:08.3967710Z  [32m✓[39m tests/unit/components/contractDetailUtils.test.js [2m([22m[2m7 tests[22m[2m)[22m[32m 20[2mms[22m[39m
2026-10-10T02:06:08.6139570Z  [32m✓[39m tests/unit/ai-engine/inference-node-registry.test.js [2m([22m[2m7 tests[22m[2m)[22m[32m 15[2mms[22m[39m
2026-10-10T02:06:08.8814100Z  [32m✓[39m tests/unit/pages/enterpriseDashboardUtils.test.js [2m([22m[2m8 tests[22m[2m)[22m[32m 22[2mms[22m[39m
2026-10-10T02:06:09.0999390Z  [32m✓[39m src/main/p2p/__tests__/knowledge-sync-progress.test.js [2m([22m[2m3 tests[22m[2m)[22m[32m 6[2mms[22m[39m
2026-10-10T02:06:09.1105250Z  [32m✓[39m src/main/p2p/__tests__/message-manager.test.js [2m([22m[2m3 tests[22m[2m)[22m[32m 7[2mms[22m[39m
2026-10-10T02:06:09.7304250Z  [32m✓[39m tests/unit/stores/pqcEcosystem.test.ts [2m([22m[2m4 tests[22m[2m)[22m[32m 9[2mms[22m[39m
2026-10-10T02:06:09.7406490Z  [32m✓[39m tests/unit/pages/organizationActivityLogPageUtils.test.js [2m([22m[2m7 tests[22m[2m)[22m[32m 10[2mms[22m[39m
2026-10-10T02:06:10.2659520Z  [32m✓[39m src/main/ipfs/__tests__/ipfs-boundaries.test.js [2m([22m[2m4 tests[22m[2m)[22m[32m 6[2mms[22m[39m
2026-10-10T02:06:10.5610720Z  [32m✓[39m src/renderer/shell-preview/widgets/__tests__/widget-registry.test.ts [2m([22m[2m5 tests[22m[2m)[22m[32m 5[2mms[22m[39m
2026-10-10T02:06:10.7576490Z  [32m✓[39m tests/unit/stores/antiCensorship.test.ts [2m([22m[2m4 tests[22m[2m)[22m[32m 9[2mms[22m[39m
2026-10-10T02:06:11.0520210Z  [32m✓[39m src/main/engines/__tests__/code-executor-process-broker.test.js [2m([22m[2m2 tests[22m[2m)[22m[32m 7[2mms[22m[39m
2026-10-10T02:06:11.2506280Z  [32m✓[39m src/main/speech/__tests__/edge-tts-client.test.js [2m([22m[2m3 tests[22m[2m)[22m[32m 7[2mms[22m[39m
2026-10-10T02:06:11.5268290Z  [32m✓[39m src/main/collaboration/__tests__/insert-comment-markers.test.js [2m([22m[2m6 tests[22m[2m)[22m[32m 6[2mms[22m[39m
2026-10-10T02:06:11.7480200Z  [32m✓[39m tests/unit/components/additionalToolsStatsUtils.test.js [2m([22m[2m8 tests[22m[2m)[22m[32m 8[2mms[22m[39m
2026-10-10T02:06:12.1593190Z  [32m✓[39m src/main/config/__tests__/settings-manager-watcher.test.js [2m([22m[2m3 tests[22m[2m)[22m[32m 11[2mms[22m[39m
2026-10-10T02:06:12.2800790Z  [32m✓[39m src/main/remote/handlers/__tests__/power-handler-delay-injection.test.js [2m([22m[2m2 tests[22m[2m)[22m[32m 5[2mms[22m[39m
2026-10-10T02:06:12.7313480Z  [32m✓[39m tests/unit/components/taskExecutionMonitorUtils.test.js [2m([22m[2m7 tests[22m[2m)[22m[32m 32[2mms[22m[39m
2026-10-10T02:06:12.8115440Z  [32m✓[39m tests/unit/pages/toolManagementUtils.test.js [2m([22m[2m7 tests[22m[2m)[22m[32m 7[2mms[22m[39m
2026-10-10T02:06:13.3498660Z  [32m✓[39m src/main/permission/__tests__/permission-engine-cache.test.js [2m([22m[2m5 tests[22m[2m)[22m[32m 12[2mms[22m[39m
2026-10-10T02:06:13.3610940Z  [32m✓[39m src/main/ai-engine/cowork/__tests__/screen-recorder-cache.test.js [2m([22m[2m4 tests[22m[2m)[22m[32m 9[2mms[22m[39m
2026-10-10T02:06:13.8767830Z  [32m✓[39m src/main/mcp/__tests__/mcp-security-policy-path-match.test.js [2m([22m[2m4 tests[22m[2m)[22m[32m 11[2mms[22m[39m
2026-10-10T02:06:13.9276090Z  [32m✓[39m src/main/rag/__tests__/rag-manager-dedup.test.js [2m([22m[2m5 tests[22m[2m)[22m[32m 5[2mms[22m[39m
2026-10-10T02:06:14.4227340Z  [32m✓[39m src/main/speech/__tests__/local-tts-process-broker.test.js [2m([22m[2m2 tests[22m[2m)[22m[32m 7[2mms[22m[39m
2026-10-10T02:06:14.4338850Z  [32m✓[39m tests/unit/pages/useAiChatHarnessGraph.test.js [2m([22m[2m2 tests[22m[2m)[22m[32m 4[2mms[22m[39m
2026-10-10T02:06:14.9212600Z  [32m✓[39m src/renderer/utils/__tests__/sanitizeHtml.test.ts [2m([22m[2m11 tests[22m[2m)[22m[32m 32[2mms[22m[39m
2026-10-10T02:06:14.9720050Z  [32m✓[39m src/main/ai-engine/agents/__tests__/agent-coordinator-eviction.test.js [2m([22m[2m4 tests[22m[2m)[22m[32m 8[2mms[22m[39m
2026-10-10T02:06:15.3441560Z  [32m✓[39m src/main/ai-engine/cowork/__tests__/webhook-manager.test.js [2m([22m[2m2 tests[22m[2m)[22m[32m 8[2mms[22m[39m
2026-10-10T02:06:15.4934310Z  [32m✓[39m src/main/collaboration/__tests__/collaboration-manager-release-doc.test.js [2m([22m[2m4 tests[22m[2m)[22m[32m 5[2mms[22m[39m
2026-10-10T02:06:15.7838750Z  [32m✓[39m tests/unit/api/rss-email-production-wiring.test.js [2m([22m[2m3 tests[22m[2m)[22m[32m 9[2mms[22m[39m
2026-10-10T02:06:15.9577140Z  [32m✓[39m tests/unit/components/knowledgeVersionHistoryUtils.test.js [2m([22m[2m8 tests[22m[2m)[22m[32m 37[2mms[22m[39m
2026-10-10T02:06:16.2900170Z  [32m✓[39m tests/unit/p2p/knowledge-sync-order-by-injection.test.js [2m([22m[2m2 tests[22m[2m)[22m[32m 6[2mms[22m[39m
2026-10-10T02:06:16.4492890Z  [32m✓[39m tests/unit/shell/enterpriseAuditPanelUtils.test.js [2m([22m[2m7 tests[22m[2m)[22m[32m 6[2mms[22m[39m
2026-10-10T02:06:16.6596790Z  [32m✓[39m tests/unit/video/volcengine-video.test.js [2m([22m[2m2 tests[22m[2m)[22m[32m 6[2mms[22m[39m
2026-10-10T02:06:16.7671510Z  [32m✓[39m tests/unit/mcp/mcp-egress-policy.test.js [2m([22m[2m11 tests[22m[2m)[22m[32m 13[2mms[22m[39m
2026-10-10T02:06:17.1349780Z  [32m✓[39m tests/unit/stores/trustRoot.test.ts [2m([22m[2m4 tests[22m[2m)[22m[32m 7[2mms[22m[39m
2026-10-10T02:06:17.2207180Z  [32m✓[39m tests/unit/components/workflowProgressUtils.test.js [2m([22m[2m9 tests[22m[2m)[22m[32m 6[2mms[22m[39m
2026-10-10T02:06:17.6325520Z  [32m✓[39m src/main/ai-engine/__tests__/response-parser-path-boundary.test.js [2m([22m[2m3 tests[22m[2m)[22m[32m 6[2mms[22m[39m
2026-10-10T02:06:17.7665900Z  [32m✓[39m src/main/p2p/__tests__/signaling-ipc.test.js [2m([22m[2m2 tests[22m[2m)[22m[32m 10[2mms[22m[39m
2026-10-10T02:06:18.1703900Z  [32m✓[39m src/main/cowork/integrations/__tests__/llm-integration.test.js [2m([22m[2m5 tests[22m[2m)[22m[32m 9[2mms[22m[39m
2026-10-10T02:06:18.2713360Z  [32m✓[39m tests/unit/stores/evoMapFederation.test.ts [2m([22m[2m3 tests[22m[2m)[22m[32m 8[2mms[22m[39m
2026-10-10T02:06:18.6320900Z  [32m✓[39m src/main/evolution/__tests__/artifact-lifecycle-ipc.test.js [2m([22m[2m3 tests[22m[2m)[22m[32m 6[2mms[22m[39m
2026-10-10T02:06:18.7804210Z  [32m✓[39m src/main/ai-engine/agents/__tests__/agent-coordinator-sessions-eviction.test.js [2m([22m[2m3 tests[22m[2m)[22m[32m 6[2mms[22m[39m
2026-10-10T02:06:19.0564950Z  [32m✓[39m src/main/ai-engine/code-agent/__tests__/desktop-graph-run-registry.test.js [2m([22m[2m2 tests[22m[2m)[22m[32m 5[2mms[22m[39m
2026-10-10T02:06:19.2981800Z  [32m✓[39m src/renderer/stores/__tests__/activeContext.test.ts [2m([22m[2m4 tests[22m[2m)[22m[32m 7[2mms[22m[39m
2026-10-10T02:06:19.5186000Z  [32m✓[39m tests/unit/ai-engine/cowork/git-worktree-injection.test.js [2m([22m[2m3 tests[22m[2m)[22m[32m 6[2mms[22m[39m
2026-10-10T02:06:19.7235840Z  [32m✓[39m tests/unit/mcp/mcp-stdio-transport-boundary.test.js [2m([22m[2m3 tests[22m[2m)[22m[32m 10[2mms[22m[39m
2026-10-10T02:06:19.9762200Z  [32m✓[39m tests/unit/components/escrowDetailUtils.test.js [2m([22m[2m5 tests[22m[2m)[22m[32m 24[2mms[22m[39m
2026-10-10T02:06:20.1746200Z  [32m✓[39m tests/unit/components/assetDetailUtils.test.js [2m([22m[2m5 tests[22m[2m)[22m[32m 5[2mms[22m[39m
2026-10-10T02:06:20.4554130Z  [32m✓[39m tests/unit/components/vcManagementUtils.test.js [2m([22m[2m8 tests[22m[2m)[22m[32m 20[2mms[22m[39m
2026-10-10T02:06:20.9026000Z  [32m✓[39m tests/unit/components/teamDetailPanelUtils.test.js [2m([22m[2m6 tests[22m[2m)[22m[32m 6[2mms[22m[39m
2026-10-10T02:06:20.9770920Z  [32m✓[39m src/main/social/__tests__/group-chat-manager-membercount.test.js [2m([22m[2m1 test[22m[2m)[22m[32m 7[2mms[22m[39m
2026-10-10T02:06:21.4411740Z  [32m✓[39m tests/unit/api/notification-manager-boundaries.test.js [2m([22m[2m3 tests[22m[2m)[22m[32m 10[2mms[22m[39m
2026-10-10T02:06:21.4814630Z  [32m✓[39m tests/unit/components/memberListUtils.test.js [2m([22m[2m6 tests[22m[2m)[22m[32m 20[2mms[22m[39m
2026-10-10T02:06:22.0509730Z  [32m✓[39m tests/unit/ai-engine/skill-metrics-collector-listener-cleanup.test.js [2m([22m[2m1 test[22m[2m)[22m[32m 4[2mms[22m[39m
2026-10-10T02:06:22.0612310Z  [32m✓[39m tests/unit/components/contractCardUtils.test.js [2m([22m[2m6 tests[22m[2m)[22m[32m 24[2mms[22m[39m
2026-10-10T02:06:22.5484550Z  [32m✓[39m tests/unit/stores/decentralizedStorage.test.ts [2m([22m[2m3 tests[22m[2m)[22m[32m 12[2mms[22m[39m
2026-10-10T02:06:22.5596200Z  [32m✓[39m tests/unit/components/orderDetailUtils.test.js [2m([22m[2m5 tests[22m[2m)[22m[32m 22[2mms[22m[39m
2026-10-10T02:06:23.0067500Z  [32m✓[39m tests/unit/security/file-validator-svg-xss.test.js [2m([22m[2m2 tests[22m[2m)[22m[32m 14[2mms[22m[39m
2026-10-10T02:06:23.0269700Z  [32m✓[39m tests/unit/shell/complianceDashboardPanelUtils.test.js [2m([22m[2m7 tests[22m[2m)[22m[32m 18[2mms[22m[39m
2026-10-10T02:06:23.4732760Z  [32m✓[39m src/main/llm/__tests__/volcengine-models-privacy.test.js [2m([22m[2m2 tests[22m[2m)[22m[32m 18[2mms[22m[39m
2026-10-10T02:06:23.5036760Z  [32m✓[39m tests/unit/components/stageDetailUtils.test.js [2m([22m[2m7 tests[22m[2m)[22m[32m 8[2mms[22m[39m
2026-10-10T02:06:23.9836410Z  [32m✓[39m src/main/ai-engine/__tests__/intent-classifier-keyword-escape.test.js [2m([22m[2m3 tests[22m[2m)[22m[32m 4[2mms[22m[39m
2026-10-10T02:06:23.9941010Z  [32m✓[39m src/main/llm/__tests__/llm-selector-privacy.test.js [2m([22m[2m2 tests[22m[2m)[22m[32m 6[2mms[22m[39m
2026-10-10T02:06:24.5666220Z  [32m✓[39m tests/unit/api/rss-ipc-boundaries.test.js [2m([22m[2m3 tests[22m[2m)[22m[32m 5[2mms[22m[39m
2026-10-10T02:06:24.6329550Z  [32m✓[39m tests/unit/pages/projectDetailPageUtils.test.js [2m([22m[2m6 tests[22m[2m)[22m[32m 21[2mms[22m[39m
2026-10-10T02:06:25.1721110Z  [32m✓[39m tests/unit/components/transactionListUtils.test.js [2m([22m[2m4 tests[22m[2m)[22m[32m 20[2mms[22m[39m
2026-10-10T02:06:25.2725520Z  [32m✓[39m tests/unit/components/taskDetailPanelUtils.test.js [2m([22m[2m5 tests[22m[2m)[22m[32m 7[2mms[22m[39m
2026-10-10T02:06:25.7010410Z  [32m✓[39m tests/unit/components/enhancedFileTreeUtils.test.js [2m([22m[2m7 tests[22m[2m)[22m[32m 6[2mms[22m[39m
2026-10-10T02:06:26.0104240Z  [32m✓[39m tests/unit/ai-engine/extended-tools-office.test.js [2m([22m[2m4 tests[22m[2m | [22m[33m1 skipped[39m[2m)[22m[33m 409[2mms[22m[39m
2026-10-10T02:06:26.0106160Z        [33m[2m✓[22m[39m 应该正确初始化 [33m 407[2mms[22m[39m
2026-10-10T02:06:26.1588860Z  [32m✓[39m tests/unit/p2p/media-stream-bridge-backpressure.test.js [2m([22m[2m2 tests[22m[2m)[22m[32m 6[2mms[22m[39m
2026-10-10T02:06:26.4796420Z  [32m✓[39m tests/unit/utils/categoryMap.test.ts [2m([22m[2m5 tests[22m[2m)[22m[32m 5[2mms[22m[39m
2026-10-10T02:06:26.5883440Z  [32m✓[39m tests/unit/llm/instinct-order-by-injection.test.js [2m([22m[2m3 tests[22m[2m)[22m[32m 4[2mms[22m[39m
2026-10-10T02:06:26.8933590Z  [32m✓[39m tests/unit/p2p/connection-health-listener-cleanup.test.js [2m([22m[2m1 test[22m[2m)[22m[32m 4[2mms[22m[39m
2026-10-10T02:06:27.0367080Z  [32m✓[39m tests/unit/stores/satellite.test.ts [2m([22m[2m3 tests[22m[2m)[22m[32m 7[2mms[22m[39m
2026-10-10T02:06:27.3529160Z  [32m✓[39m tests/unit/utils/safe-date.test.js [2m([22m[2m4 tests[22m[2m)[22m[32m 6[2mms[22m[39m
2026-10-10T02:06:27.5025410Z  [32m✓[39m src/main/llm/__tests__/openai-client.test.js [2m([22m[2m2 tests[22m[2m)[22m[32m 5[2mms[22m[39m
2026-10-10T02:06:27.8832490Z  [32m✓[39m src/main/plugins/__tests__/marketplace-api-error-boundary.test.js [2m([22m[2m3 tests[22m[2m)[22m[32m 9[2mms[22m[39m
2026-10-10T02:06:28.0031500Z  [32m✓[39m tests/unit/utils/sql-order-by.test.js [2m([22m[2m4 tests[22m[2m)[22m[32m 5[2mms[22m[39m
2026-10-10T02:06:28.4126220Z  [32m✓[39m tests/unit/marketplace/contribution-tracker.test.js [2m([22m[2m6 tests[22m[2m)[22m[32m 14[2mms[22m[39m
2026-10-10T02:06:28.4560660Z  [32m✓[39m src/main/utils/__tests__/path-boundary.test.js [2m([22m[2m6 tests[22m[2m)[22m[32m 7[2mms[22m[39m
2026-10-10T02:06:28.9205500Z  [32m✓[39m src/renderer/composables/__tests__/useResponsive.test.ts [2m([22m[2m5 tests[22m[2m)[22m[32m 7[2mms[22m[39m
2026-10-10T02:06:28.9386260Z  [32m✓[39m tests/unit/renderer/safe-json-parse.test.js [2m([22m[2m5 tests[22m[2m)[22m[32m 7[2mms[22m[39m
2026-10-10T02:06:29.3842930Z  [32m✓[39m src/main/web-shell/handlers/__tests__/screenshot-handlers.test.js [2m([22m[2m1 test[22m[2m)[22m[32m 4[2mms[22m[39m
2026-10-10T02:06:29.4298770Z  [32m✓[39m tests/unit/ai-engine/inference-scheduler.test.js [2m([22m[2m7 tests[22m[2m)[22m[32m 14[2mms[22m[39m
2026-10-10T02:06:29.8410130Z  [32m✓[39m src/main/organization/__tests__/organization-manager-lifecycle.test.js [2m([22m[2m1 test[22m[2m)[22m[32m 12[2mms[22m[39m
2026-10-10T02:06:29.8990310Z  [32m✓[39m tests/unit/p2p/connection-pool-reacquire-active.test.js [2m([22m[2m1 test[22m[2m)[22m[32m 4[2mms[22m[39m
2026-10-10T02:06:30.3103440Z  [32m✓[39m tests/unit/marketplace/skill-invoker.test.js [2m([22m[2m6 tests[22m[2m)[22m[32m 12[2mms[22m[39m
2026-10-10T02:06:30.3517560Z  [32m✓[39m tests/unit/remote/p2p-command-adapter-backpressure.test.js [2m([22m[2m2 tests[22m[2m)[22m[32m 6[2mms[22m[39m
2026-10-10T02:06:30.7638770Z  [32m✓[39m tests/unit/api/rss-feed-normalizer.test.js [2m([22m[2m2 tests[22m[2m)[22m[32m 4[2mms[22m[39m
2026-10-10T02:06:30.7660310Z  [32m✓[39m tests/unit/monitoring/health-check-optional-docker.test.js [2m([22m[2m3 tests[22m[2m)[22m[32m 5[2mms[22m[39m
2026-10-10T02:06:31.1897950Z  [32m✓[39m tests/unit/p2p/device-sync-overflow-status-cleanup.test.js [2m([22m[2m1 test[22m[2m)[22m[32m 5[2mms[22m[39m
2026-10-10T02:06:31.2037050Z  [32m✓[39m tests/unit/ai-engine/cowork/backup-manager-traversal.test.js [2m([22m[2m2 tests[22m[2m)[22m[32m 3[2mms[22m[39m
2026-10-10T02:06:31.6250710Z  [32m✓[39m tests/unit/ai-engine/computer-use-bridge.test.js [2m([22m[2m1 test[22m[2m)[22m[32m 16[2mms[22m[39m
2026-10-10T02:06:31.6352550Z  [32m✓[39m src/main/mcp/transports/__tests__/jsonrpc-id.test.js [2m([22m[2m6 tests[22m[2m)[22m[32m 5[2mms[22m[39m
2026-10-10T02:06:32.0937630Z  [32m✓[39m tests/unit/components/orderCardUtils.test.js [2m([22m[2m5 tests[22m[2m)[22m[32m 17[2mms[22m[39m
2026-10-10T02:06:32.4869910Z  [32m✓[39m tests/unit/components/gitHistoryDialogUtils.test.js [2m([22m[2m5 tests[22m[2m)[22m[32m 6[2mms[22m[39m
2026-10-10T02:06:32.5872910Z  [32m✓[39m tests/unit/p2p/p2p-signal-driver-routing.test.js [2m([22m[2m3 tests[22m[2m)[22m[32m 5[2mms[22m[39m
2026-10-10T02:06:32.9578130Z  [32m✓[39m tests/unit/pages/organizationKnowledgePageUtils.test.js [2m([22m[2m7 tests[22m[2m)[22m[32m 10[2mms[22m[39m
2026-10-10T02:06:33.0675140Z  [32m✓[39m src/renderer/composables/__tests__/useMultimediaI18n.test.ts [2m([22m[2m5 tests[22m[2m)[22m[32m 4[2mms[22m[39m
2026-10-10T02:06:33.3882190Z  [32m✓[39m tests/unit/ai-engine/cowork/env-file-manager-traversal.test.js [2m([22m[2m3 tests[22m[2m)[22m[32m 4[2mms[22m[39m
2026-10-10T02:06:33.5245650Z  [32m✓[39m tests/unit/pages/taskMonitorUtils.test.js [2m([22m[2m5 tests[22m[2m)[22m[32m 6[2mms[22m[39m
2026-10-10T02:06:33.9019210Z  [32m✓[39m tests/unit/ai-engine/cowork/agent-pool.test.js [2m([22m[2m2 tests[22m[2m)[22m[32m 54[2mms[22m[39m
2026-10-10T02:06:33.9875210Z  [32m✓[39m src/main/social/__tests__/friend-manager-persist.test.js [2m([22m[2m2 tests[22m[2m)[22m[32m 5[2mms[22m[39m
2026-10-10T02:06:34.3837870Z  [32m✓[39m tests/unit/pages/externalDeviceBrowserUtils.test.js [2m([22m[2m6 tests[22m[2m)[22m[32m 6[2mms[22m[39m
2026-10-10T02:06:34.4822540Z  [32m✓[39m src/main/llm/__tests__/mistral-client.test.js [2m([22m[2m5 tests[22m[2m)[22m[32m 5[2mms[22m[39m
2026-10-10T02:06:34.9068350Z  [32m✓[39m tests/unit/components/virtualFileTreeUtils.test.js [2m([22m[2m5 tests[22m[2m)[22m[32m 5[2mms[22m[39m
2026-10-10T02:06:35.0452450Z  [32m✓[39m src/main/mcp/__tests__/mcp-client-manager-latency.test.js [2m([22m[2m4 tests[22m[2m)[22m[32m 7[2mms[22m[39m
2026-10-10T02:06:35.3720920Z  [32m✓[39m tests/unit/stores/tokenIncentive.test.ts [2m([22m[2m3 tests[22m[2m)[22m[32m 8[2mms[22m[39m
2026-10-10T02:06:35.5765230Z  [32m✓[39m tests/unit/pages/fileTransferPageUtils.test.js [2m([22m[2m4 tests[22m[2m)[22m[32m 18[2mms[22m[39m
2026-10-10T02:06:35.8931100Z  [32m✓[39m src/main/workflow/__tests__/workflow-ipc-graph-history.test.js [2m([22m[2m1 test[22m[2m)[22m[32m 5[2mms[22m[39m
2026-10-10T02:06:36.1032680Z  [32m✓[39m tests/unit/project/project-ai-ingress-governance.test.js [2m([22m[2m2 tests[22m[2m)[22m[32m 5[2mms[22m[39m
2026-10-10T02:06:36.4251020Z  [32m✓[39m tests/unit/remote/knowledge-workflow-handler-log-boundary.test.js [2m([22m[2m2 tests[22m[2m)[22m[32m 6[2mms[22m[39m
2026-10-10T02:06:36.6333350Z  [32m✓[39m tests/unit/stores/inferenceNetwork.test.ts [2m([22m[2m3 tests[22m[2m)[22m[32m 7[2mms[22m[39m
2026-10-10T02:06:36.9211080Z  [32m✓[39m src/main/crypto/__tests__/advanced-crypto-manager-cache.test.js [2m([22m[2m3 tests[22m[2m)[22m[32m 4[2mms[22m[39m
2026-10-10T02:06:37.0814480Z  [32m✓[39m tests/unit/ai-engine/cowork/create-pr-injection.test.js [2m([22m[2m2 tests[22m[2m)[22m[32m 5[2mms[22m[39m
2026-10-10T02:06:37.3593250Z  [32m✓[39m src/main/organization/__tests__/organization-manager-activity.test.js [2m([22m[2m1 test[22m[2m)[22m[32m 3[2mms[22m[39m
2026-10-10T02:06:37.5602700Z  [32m✓[39m tests/unit/pages/errorMonitorPageUtils.test.js [2m([22m[2m4 tests[22m[2m)[22m[32m 18[2mms[22m[39m
2026-10-10T02:06:37.8338410Z  [32m✓[39m src/renderer/utils/__tests__/chatHelpers.test.ts [2m([22m[2m6 tests[22m[2m)[22m[32m 26[2mms[22m[39m
2026-10-10T02:06:37.9882590Z  [32m✓[39m tests/unit/components/messageQueuePageUtils.test.js [2m([22m[2m5 tests[22m[2m)[22m[32m 24[2mms[22m[39m
2026-10-10T02:06:38.3397950Z  [32m✓[39m tests/unit/stores/skillService.test.ts [2m([22m[2m3 tests[22m[2m)[22m[32m 13[2mms[22m[39m
2026-10-10T02:06:38.5403970Z  [32m✓[39m src/main/p2p/__tests__/signaling-boundaries.test.js [2m([22m[2m3 tests[22m[2m)[22m[32m 5[2mms[22m[39m
2026-10-10T02:06:39.1814370Z  [32m✓[39m tests/unit/ipfs/ipfs-production-wiring.test.js [2m([22m[2m2 tests[22m[2m)[22m[32m 11[2mms[22m[39m
2026-10-10T02:06:39.4518730Z  [32m✓[39m tests/unit/renderer/shell/AdminShortcut.test.ts [2m([22m[2m2 tests[22m[2m)[22m[32m 37[2mms[22m[39m
2026-10-10T02:06:39.9043820Z  [32m✓[39m src/main/ai-engine/cowork/skills/__tests__/skills-ipc-surface.test.js [2m([22m[2m1 test[22m[2m)[22m[32m 9[2mms[22m[39m
2026-10-10T02:06:40.0763260Z  [32m✓[39m tests/unit/pages/projectManagementPageUtils.test.js [2m([22m[2m4 tests[22m[2m)[22m[32m 24[2mms[22m[39m
2026-10-10T02:06:40.3973740Z  [32m✓[39m src/main/runtime/__tests__/universal-runtime-cache.test.js [2m([22m[2m3 tests[22m[2m)[22m[32m 5[2mms[22m[39m
2026-10-10T02:06:40.5979530Z  [32m✓[39m src/main/browser/__tests__/element-locator-first.test.js [2m([22m[2m1 test[22m[2m)[22m[32m 3[2mms[22m[39m
2026-10-10T02:06:40.8814730Z  [32m✓[39m src/main/git/__tests__/ai-commit-message.test.js [2m([22m[2m2 tests[22m[2m)[22m[32m 5[2mms[22m[39m
2026-10-10T02:06:41.0574280Z  [32m✓[39m src/main/mcp/__tests__/mcp-performance-monitor-empty.test.js [2m([22m[2m2 tests[22m[2m)[22m[32m 5[2mms[22m[39m
2026-10-10T02:06:41.3560140Z  [32m✓[39m tests/unit/components/bridgeHistoryUtils.test.js [2m([22m[2m3 tests[22m[2m)[22m[32m 17[2mms[22m[39m
2026-10-10T02:06:41.5887670Z  [32m✓[39m tests/unit/pages/systemSettingsUtils.test.js [2m([22m[2m6 tests[22m[2m)[22m[32m 8[2mms[22m[39m
2026-10-10T02:06:41.9615020Z  [32m✓[39m src/main/project/__tests__/python-bridge.test.js [2m([22m[2m1 test[22m[2m)[22m[32m 14[2mms[22m[39m
2026-10-10T02:06:42.1416380Z  [32m✓[39m tests/unit/remote/system-handler-log-boundary.test.js [2m([22m[2m2 tests[22m[2m)[22m[32m 6[2mms[22m[39m
2026-10-10T02:06:42.4880760Z  [32m✓[39m src/main/memory/__tests__/behavior-tracker-ensuretables.test.js [2m([22m[2m1 test[22m[2m)[22m[32m 5[2mms[22m[39m
2026-10-10T02:06:42.6240670Z  [32m✓[39m src/main/remote/handlers/__tests__/android-file-handler-chunkindex.test.js [2m([22m[2m2 tests[22m[2m)[22m[32m 4[2mms[22m[39m
2026-10-10T02:06:43.0212090Z  [32m✓[39m tests/unit/components/recordingTimelineUtils.test.js [2m([22m[2m5 tests[22m[2m)[22m[32m 6[2mms[22m[39m
2026-10-10T02:06:43.1467370Z  [32m✓[39m tests/unit/components/graphDebugHistoryCrossProduct.test.js [2m([22m[2m1 test[22m[2m)[22m[32m 5[2mms[22m[39m
2026-10-10T02:06:43.4680350Z  [32m✓[39m tests/unit/api/rss-fetcher-boundaries.test.js [2m([22m[2m3 tests[22m[2m)[22m[32m 5[2mms[22m[39m
2026-10-10T02:06:43.5956360Z  [32m✓[39m tests/unit/renderer/shell/widget-registry.test.ts [2m([22m[2m5 tests[22m[2m)[22m[32m 5[2mms[22m[39m
2026-10-10T02:06:43.9551770Z  [32m✓[39m tests/unit/ai-engine/extended-tools-datascience.test.js [2m([22m[2m3 tests[22m[2m | [22m[33m1 skipped[39m[2m)[22m[32m 15[2mms[22m[39m
2026-10-10T02:06:44.0778450Z  [32m✓[39m tests/unit/collaboration/realtime-collab-destroy.test.js [2m([22m[2m1 test[22m[2m)[22m[32m 3[2mms[22m[39m
2026-10-10T02:06:44.4053810Z  [32m✓[39m tests/unit/components/p2pMessagingUtils.test.js [2m([22m[2m5 tests[22m[2m)[22m[32m 17[2mms[22m[39m
2026-10-10T02:06:44.5004200Z  [32m✓[39m src/main/remote/handlers/__tests__/media-handler-playsound-injection.test.js [2m([22m[2m2 tests[22m[2m)[22m[32m 5[2mms[22m[39m
2026-10-10T02:06:44.8443330Z  [32m✓[39m tests/unit/components/GraphRunDebugger.wiring.test.js [2m([22m[2m4 tests[22m[2m)[22m[32m 9[2mms[22m[39m
2026-10-10T02:06:44.9450880Z  [32m✓[39m tests/unit/mcp/mcp-security-audit-store.test.js [2m([22m[2m1 test[22m[2m)[22m[32m 5[2mms[22m[39m
2026-10-10T02:06:45.2859460Z  [32m✓[39m src/main/system/__tests__/menu-manager-process-broker.test.js [2m([22m[2m1 test[22m[2m)[22m[32m 5[2mms[22m[39m
2026-10-10T02:06:45.3688250Z  [32m✓[39m src/main/permission/__tests__/permission-engine-check-shape.test.js [2m([22m[2m2 tests[22m[2m)[22m[32m 3[2mms[22m[39m
2026-10-10T02:06:45.8027260Z  [32m✓[39m tests/unit/remote/browser-extension/extension-static-console-boundary.test.js [2m([22m[2m2 tests[22m[2m)[22m[32m 8[2mms[22m[39m
2026-10-10T02:06:45.9344970Z  [32m✓[39m src/main/project/__tests__/automation-manager-process-broker.test.js [2m([22m[2m1 test[22m[2m)[22m[32m 5[2mms[22m[39m
2026-10-10T02:06:46.1894840Z  [32m✓[39m tests/unit/media/vision-manager-governance.test.js [2m([22m[2m2 tests[22m[2m)[22m[32m 5[2mms[22m[39m
2026-10-10T02:06:46.3526180Z  [32m✓[39m src/main/sync/__tests__/field-mapper-knowledge-items.test.js [2m([22m[2m1 test[22m[2m)[22m[32m 6[2mms[22m[39m
2026-10-10T02:06:46.8992080Z  [32m✓[39m tests/unit/remote/browser-extension/background-webrtc-extraction.test.js [2m([22m[2m1 test[22m[2m)[22m[32m 4[2mms[22m[39m
2026-10-10T02:06:47.0201590Z  [32m✓[39m tests/unit/pages/collaborationPageUtils.test.js [2m([22m[2m4 tests[22m[2m)[22m[32m 5[2mms[22m[39m
2026-10-10T02:06:47.4126340Z  [32m✓[39m tests/unit/sync/group-chat-sync-cleanup-timer.test.js [2m([22m[2m1 test[22m[2m)[22m[32m 5[2mms[22m[39m
2026-10-10T02:06:47.5396700Z  [32m✓[39m tests/unit/remote/browser-extension/background-broadcast-extraction.test.js [2m([22m[2m1 test[22m[2m)[22m[32m 3[2mms[22m[39m
2026-10-10T02:06:47.9369650Z  [32m✓[39m tests/unit/remote/browser-extension/browser-extension-server-log-boundary.test.js [2m([22m[2m2 tests[22m[2m)[22m[32m 5[2mms[22m[39m
2026-10-10T02:06:48.0743640Z  [32m✓[39m tests/unit/knowledge/collaboration-session-cleanup-timer.test.js [2m([22m[2m1 test[22m[2m)[22m[32m 4[2mms[22m[39m
2026-10-10T02:06:48.4255290Z  [32m✓[39m tests/unit/remote/user-browser-handler-log-boundary.test.js [2m([22m[2m2 tests[22m[2m)[22m[32m 5[2mms[22m[39m
2026-10-10T02:06:48.5638190Z  [32m✓[39m tests/unit/remote/storage-handler-log-boundary.test.js [2m([22m[2m2 tests[22m[2m)[22m[32m 5[2mms[22m[39m
2026-10-10T02:06:48.8885970Z  [32m✓[39m tests/unit/remote/p2p-command-adapter-log-boundary.test.js [2m([22m[2m2 tests[22m[2m)[22m[32m 4[2mms[22m[39m
2026-10-10T02:06:49.0014420Z  [32m✓[39m tests/unit/mcp/http-sse-transport-backpressure.test.js [2m([22m[2m1 test[22m[2m)[22m[32m 8[2mms[22m[39m
2026-10-10T02:06:49.3254440Z  [32m✓[39m tests/unit/pages/emailReaderUtils.test.js [2m([22m[2m4 tests[22m[2m)[22m[32m 5[2mms[22m[39m
2026-10-10T02:06:49.4182960Z  [32m✓[39m tests/unit/remote/command-router-log-boundary.test.js [2m([22m[2m2 tests[22m[2m)[22m[32m 4[2mms[22m[39m
2026-10-10T02:06:49.7643380Z  [32m✓[39m tests/unit/remote/remote-gateway-log-boundary.test.js [2m([22m[2m2 tests[22m[2m)[22m[32m 4[2mms[22m[39m
2026-10-10T02:06:49.8748520Z  [32m✓[39m tests/unit/remote/permission-gate-log-boundary.test.js [2m([22m[2m2 tests[22m[2m)[22m[32m 4[2mms[22m[39m
2026-10-10T02:06:50.2569460Z  [32m✓[39m tests/unit/components/permissionManagerUtils.test.js [2m([22m[2m4 tests[22m[2m)[22m[32m 22[2mms[22m[39m
2026-10-10T02:06:50.3879650Z  [32m✓[39m tests/unit/p2p/message-manager-cleanup-timer.test.js [2m([22m[2m1 test[22m[2m)[22m[32m 5[2mms[22m[39m
2026-10-10T02:06:51.8150160Z  [32m✓[39m tests/unit/components/P2PMessaging.smoke.test.js [2m([22m[2m1 test[22m[2m)[22m[32m 66[2mms[22m[39m
2026-10-10T02:06:51.8181200Z  [32m✓[39m tests/unit/components/TaskExecutionMonitor.smoke.test.js [2m([22m[2m1 test[22m[2m)[22m[32m 25[2mms[22m[39m
2026-10-10T02:06:52.3946270Z  [32m✓[39m tests/unit/media/dalle-client-governance.test.js [2m([22m[2m3 tests[22m[2m)[22m[32m 6[2mms[22m[39m
2026-10-10T02:06:53.2114570Z  [32m✓[39m tests/unit/components/EnhancedFileTree.smoke.test.js [2m([22m[2m1 test[22m[2m)[22m[32m 26[2mms[22m[39m
2026-10-10T02:06:53.6479840Z  [32m✓[39m tests/unit/main/terminal/terminal-create-request.test.js [2m([22m[2m1 test[22m[2m)[22m[32m 4[2mms[22m[39m
2026-10-10T02:06:54.0771130Z  [32m✓[39m tests/unit/document/document-backend-ingress-governance.test.js [2m([22m[2m5 tests[22m[2m)[22m[32m 7[2mms[22m[39m
2026-10-10T02:06:54.4944330Z  [32m✓[39m src/main/hooks/__tests__/hook-environment.test.js [2m([22m[2m2 tests[22m[2m)[22m[32m 3[2mms[22m[39m
2026-10-10T02:06:56.2401280Z  [32m✓[39m tests/unit/shell/CommunityDetailsDrawer.smoke.test.js [2m([22m[2m1 test[22m[2m)[22m[32m 3[2mms[22m[39m
2026-10-10T02:06:56.5387690Z  [32m✓[39m tests/unit/pages/ProjectDetailPage.smoke.test.js [2m([22m[2m1 test[22m[2m)[22m[32m 3[2mms[22m[39m
2026-10-10T02:06:56.8028470Z  [32m✓[39m tests/unit/media/llava-client-governance.test.js [2m([22m[2m3 tests[22m[2m)[22m[32m 10[2mms[22m[39m
2026-10-10T02:06:57.3744060Z  [32m✓[39m src/main/preview/__tests__/preview-manager.test.js [2m([22m[2m1 test[22m[2m)[22m[32m 6[2mms[22m[39m
2026-10-10T02:06:57.5970580Z  [32m✓[39m tests/unit/pages/ExternalDeviceBrowser.smoke.test.js [2m([22m[2m1 test[22m[2m)[22m[32m 3[2mms[22m[39m
2026-10-10T02:06:57.7996480Z  [32m✓[39m tests/unit/media/sd-client-governance.test.js [2m([22m[2m4 tests[22m[2m)[22m[32m 7[2mms[22m[39m
2026-10-10T02:06:58.2551680Z  [32m✓[39m src/main/remote/handlers/__tests__/knowledge-handler.test.js [2m([22m[2m1 test[22m[2m)[22m[32m 3[2mms[22m[39m
2026-10-10T02:06:59.9670520Z  [32m✓[39m tests/unit/pages/ErrorMonitorPage.smoke.test.js [2m([22m[2m1 test[22m[2m)[22m[32m 3[2mms[22m[39m
2026-10-10T02:06:59.9743570Z  [32m✓[39m tests/unit/pages/TaskMonitor.smoke.test.js [2m([22m[2m1 test[22m[2m)[22m[32m 3[2mms[22m[39m
2026-10-10T02:07:00.6953320Z  [32m✓[39m tests/unit/components/RecordingTimeline.smoke.test.js [2m([22m[2m1 test[22m[2m)[22m[32m 2[2mms[22m[39m
2026-10-10T02:07:01.3410620Z  [32m✓[39m tests/unit/pages/OrganizationActivityLogPage.smoke.test.js [2m([22m[2m1 test[22m[2m)[22m[32m 3[2mms[22m[39m
2026-10-10T02:07:01.7827620Z  [32m✓[39m tests/unit/remote/browser-extension/background-compression-extraction.test.js [2m([22m[2m1 test[22m[2m)[22m[32m 3[2mms[22m[39m
2026-10-10T02:07:02.0872790Z  [32m✓[39m tests/unit/components/KnowledgeVersionHistory.smoke.test.js [2m([22m[2m1 test[22m[2m)[22m[32m 2[2mms[22m[39m
2026-10-10T02:07:02.2289440Z  [32m✓[39m tests/unit/llm/stream-controller-ipc-bounds.test.js [2m([22m[2m1 test[22m[2m)[22m[32m 3[2mms[22m[39m
2026-10-10T02:07:02.5442440Z  [32m✓[39m tests/unit/simple.test.js [2m([22m[2m3 tests[22m[2m)[22m[32m 3[2mms[22m[39m
2026-10-10T02:07:02.6903050Z  [32m✓[39m tests/unit/ai-engine/extended-tools-9-backpressure.test.js [2m([22m[2m1 test[22m[2m)[22m[32m 5[2mms[22m[39m
2026-10-10T02:07:03.4564240Z  [32m✓[39m tests/unit/components/ConversationSearchPanel.smoke.test.js [2m([22m[2m1 test[22m[2m)[22m[32m 3[2mms[22m[39m
2026-10-10T02:07:04.5840130Z  [32m✓[39m tests/unit/pages/SystemSettings.smoke.test.js [2m([22m[2m1 test[22m[2m)[22m[32m 7[2mms[22m[39m
2026-10-10T02:07:05.1448160Z  [32m✓[39m tests/unit/components/InvitationLinkManager.smoke.test.js [2m([22m[2m1 test[22m[2m)[22m[32m 2[2mms[22m[39m
2026-10-10T02:07:06.2059480Z  [32m✓[39m tests/unit/components/PermissionManager.smoke.test.js [2m([22m[2m1 test[22m[2m)[22m[32m 3[2mms[22m[39m
2026-10-10T02:07:06.8626550Z  [32m✓[39m tests/unit/components/WorkflowProgress.smoke.test.js [2m([22m[2m1 test[22m[2m)[22m[32m 3[2mms[22m[39m
2026-10-10T02:07:07.7585280Z  [32m✓[39m tests/unit/pages/FileTransferPage.smoke.test.js [2m([22m[2m1 test[22m[2m)[22m[32m 2[2mms[22m[39m
2026-10-10T02:07:08.1668610Z  [32m✓[39m tests/unit/components/TaskCard.smoke.test.js [2m([22m[2m1 test[22m[2m)[22m[32m 2[2mms[22m[39m
2026-10-10T02:07:08.6754320Z  [32m✓[39m src/main/llm/__tests__/volcengine-tools-evolution-ingress.test.js [2m([22m[2m1 test[22m[2m)[22m[32m 3[2mms[22m[39m
2026-10-10T02:07:09.0050660Z  [32m✓[39m tests/unit/components/TransactionTimeline.smoke.test.js [2m([22m[2m1 test[22m[2m)[22m[32m 3[2mms[22m[39m
2026-10-10T02:07:09.9074890Z  [32m✓[39m tests/unit/components/MessageQueuePage.smoke.test.js [2m([22m[2m1 test[22m[2m)[22m[32m 3[2mms[22m[39m
2026-10-10T02:07:10.6891050Z  [32m✓[39m tests/unit/components/GitHistoryDialog.smoke.test.js [2m([22m[2m1 test[22m[2m)[22m[32m 3[2mms[22m[39m
2026-10-10T02:07:11.5387800Z  [32m✓[39m tests/unit/components/TransactionDetailModal.smoke.test.js [2m([22m[2m1 test[22m[2m)[22m[32m 3[2mms[22m[39m
2026-10-10T02:07:12.2136210Z  [32m✓[39m tests/unit/shell/ComplianceDashboardPanel.smoke.test.js [2m([22m[2m1 test[22m[2m)[22m[32m 3[2mms[22m[39m
2026-10-10T02:07:12.6829850Z  [32m✓[39m tests/unit/remote/browser-extension/background-console-boundary.test.js [2m([22m[2m1 test[22m[2m)[22m[32m 4[2mms[22m[39m
2026-10-10T02:07:13.1281530Z  [32m✓[39m tests/unit/components/TradeTransactionList.smoke.test.js [2m([22m[2m1 test[22m[2m)[22m[32m 3[2mms[22m[39m
2026-10-10T02:07:14.2272550Z  [32m✓[39m tests/unit/components/TransactionList.smoke.test.js [2m([22m[2m1 test[22m[2m)[22m[32m 3[2mms[22m[39m
2026-10-10T02:07:14.5354490Z  [32m✓[39m tests/unit/components/VirtualFileTree.smoke.test.js [2m([22m[2m1 test[22m[2m)[22m[32m 3[2mms[22m[39m
2026-10-10T02:07:15.0256930Z  [32m✓[39m tests/unit/api/network-interceptor-retirement.test.js [2m([22m[2m1 test[22m[2m)[22m[32m 4[2mms[22m[39m
2026-10-10T02:07:15.5136990Z  [32m✓[39m tests/unit/shell/EnterpriseAuditPanel.smoke.test.js [2m([22m[2m1 test[22m[2m)[22m[32m 3[2mms[22m[39m
2026-10-10T02:07:16.2377880Z  [32m✓[39m tests/unit/pages/OrganizationMembersPage.smoke.test.js [2m([22m[2m1 test[22m[2m)[22m[32m 3[2mms[22m[39m
2026-10-10T02:07:16.9017410Z  [32m✓[39m tests/unit/components/TeamDetailPanel.smoke.test.js [2m([22m[2m1 test[22m[2m)[22m[32m 2[2mms[22m[39m
2026-10-10T02:07:17.8305640Z  [32m✓[39m tests/unit/pages/ProjectManagementPage.smoke.test.js [2m([22m[2m1 test[22m[2m)[22m[32m 2[2mms[22m[39m
2026-10-10T02:07:18.1258410Z  [32m✓[39m tests/unit/components/BridgeHistory.smoke.test.js [2m([22m[2m1 test[22m[2m)[22m[32m 2[2mms[22m[39m
2026-10-10T02:07:19.1180810Z  [32m✓[39m tests/unit/components/ContractDetail.smoke.test.js [2m([22m[2m1 test[22m[2m)[22m[32m 2[2mms[22m[39m
2026-10-10T02:07:19.6906810Z  [32m✓[39m tests/unit/pages/CommandLogsPage.smoke.test.js [2m([22m[2m1 test[22m[2m)[22m[32m 2[2mms[22m[39m
2026-10-10T02:07:19.7896530Z  [32m✓[39m tests/unit/components/ContractCard.smoke.test.js [2m([22m[2m1 test[22m[2m)[22m[32m 2[2mms[22m[39m
2026-10-10T02:07:21.0533590Z  [32m✓[39m tests/unit/components/VCManagement.smoke.test.js [2m([22m[2m1 test[22m[2m)[22m[32m 3[2mms[22m[39m
2026-10-10T02:07:21.0977760Z  [32m✓[39m tests/unit/components/AssetHistory.smoke.test.js [2m([22m[2m1 test[22m[2m)[22m[32m 2[2mms[22m[39m
2026-10-10T02:07:22.3866370Z  [32m✓[39m tests/unit/components/EscrowDetail.smoke.test.js [2m([22m[2m1 test[22m[2m)[22m[32m 3[2mms[22m[39m
2026-10-10T02:07:22.5779900Z  [32m✓[39m tests/unit/components/AssetDetail.smoke.test.js [2m([22m[2m1 test[22m[2m)[22m[32m 3[2mms[22m[39m
2026-10-10T02:07:23.9317500Z  [32m✓[39m tests/unit/components/ContractList.smoke.test.js [2m([22m[2m1 test[22m[2m)[22m[32m 3[2mms[22m[39m
2026-10-10T02:07:24.0364770Z  [32m✓[39m tests/unit/components/InvitationManager.smoke.test.js [2m([22m[2m1 test[22m[2m)[22m[32m 2[2mms[22m[39m
2026-10-10T02:07:25.2699410Z  [32m✓[39m tests/unit/components/MemberList.smoke.test.js [2m([22m[2m1 test[22m[2m)[22m[32m 12[2mms[22m[39m
2026-10-10T02:07:25.4771870Z  [32m✓[39m tests/unit/components/TaskDetailPanel.smoke.test.js [2m([22m[2m1 test[22m[2m)[22m[32m 2[2mms[22m[39m
2026-10-10T02:07:26.0247600Z  [32m✓[39m tests/unit/components/OrderCard.smoke.test.js [2m([22m[2m1 test[22m[2m)[22m[32m 2[2mms[22m[39m
2026-10-10T02:07:26.5287440Z  [32m✓[39m src/main/rag/__tests__/bge-reranker-governance.test.js [2m([22m[2m1 test[22m[2m)[22m[32m 5[2mms[22m[39m
2026-10-10T02:07:26.6936930Z  [32m✓[39m tests/unit/components/RecordingPanel.smoke.test.js [2m([22m[2m1 test[22m[2m)[22m[32m 3[2mms[22m[39m
2026-10-10T02:07:27.3760010Z  [32m✓[39m tests/unit/components/StageDetail.smoke.test.js [2m([22m[2m1 test[22m[2m)[22m[32m 3[2mms[22m[39m
2026-10-10T02:07:28.4730320Z  [32m✓[39m tests/unit/pages/ToolManagement.smoke.test.js [2m([22m[2m1 test[22m[2m)[22m[32m 3[2mms[22m[39m
2026-10-10T02:07:28.7784240Z  [32m✓[39m tests/unit/components/OrderDetail.smoke.test.js [2m([22m[2m1 test[22m[2m)[22m[32m 3[2mms[22m[39m
2026-10-10T02:07:29.7506410Z  [32m✓[39m tests/unit/components/ImageUpload.smoke.test.js [2m([22m[2m1 test[22m[2m)[22m[32m 2[2mms[22m[39m
2026-10-10T02:07:30.0380880Z  [32m✓[39m tests/unit/components/TaskDetail.smoke.test.js [2m([22m[2m1 test[22m[2m)[22m[32m 2[2mms[22m[39m
2026-10-10T02:07:30.2769760Z  [32m✓[39m tests/unit/remote/browser-extension/handlers/index-console-registry.test.js [2m([22m[2m1 test[22m[2m)[22m[32m 2[2mms[22m[39m
2026-10-10T02:07:30.4554010Z  [32m✓[39m tests/unit/remote/browser-extension/handlers/page-console-boundary.test.js [2m([22m[2m1 test[22m[2m)[22m[32m 3[2mms[22m[39m
2026-10-10T02:07:30.6864160Z  [32m✓[39m tests/unit/remote/browser-extension/handlers/index-compression-registry.test.js [2m([22m[2m4 tests[22m[2m)[22m[32m 3[2mms[22m[39m
2026-10-10T02:07:30.7850100Z 
2026-10-10T02:07:30.7960200Z [2m Test Files [22m [1m[32m1565 passed[39m[22m[2m | [22m[33m9 skipped[39m[90m (1574)[39m
2026-10-10T02:07:30.8267590Z [2m      Tests [22m [1m[32m30501 passed[39m[22m[2m | [22m[33m472 skipped[39m[90m (30973)[39m
2026-10-10T02:07:30.8369290Z [2m   Start at [22m 01:52:48
2026-10-10T02:07:30.8471890Z [2m   Duration [22m 882.23s[2m (transform 39.42s, setup 173.00s, import 144.33s, tests 759.44s, environment 499.25s)[22m
2026-10-10T02:07:30.8600220Z 
2026-10-10T02:07:31.2516680Z ##[group]Run node -e "const selector=process.env.SELECTOR_OUTCOME; const mode=process.env.SELECTOR_MODE; const fallback=process.env.FALLBACK_OUTCOME; const passed=selector==='success'||(selector==='failure'&&mode==='fail-closed'&&fallback==='success'); console.log('selector='+selector+', mode='+mode+', fallback='+fallback); if(!passed){console.error('Selected tests failed, or fail-closed fallback did not pass.'); process.exit(1)}"
2026-10-10T02:07:31.2519190Z [36;1mnode -e "const selector=process.env.SELECTOR_OUTCOME; const mode=process.env.SELECTOR_MODE; const fallback=process.env.FALLBACK_OUTCOME; const passed=selector==='success'||(selector==='failure'&&mode==='fail-closed'&&fallback==='success'); console.log('selector='+selector+', mode='+mode+', fallback='+fallback); if(!passed){console.error('Selected tests failed, or fail-closed fallback did not pass.'); process.exit(1)}"[0m
2026-10-10T02:07:31.2868740Z shell: /bin/bash -e {0}
2026-10-10T02:07:31.2869070Z env:
2026-10-10T02:07:31.2869610Z   SOURCE_SHA: da91e730d802b7c9dcdc075b222ecc257021e552
2026-10-10T02:07:31.2870040Z   SELECTOR_OUTCOME: failure
2026-10-10T02:07:31.2870290Z   SELECTOR_MODE: fail-closed
2026-10-10T02:07:31.2870660Z   FALLBACK_OUTCOME: success
2026-10-10T02:07:31.2870970Z ##[endgroup]
2026-10-10T02:07:31.3774910Z selector=failure, mode=fail-closed, fallback=success
2026-10-10T02:07:31.3840490Z ##[group]Run echo "### Unit Tests (macos-latest)" >> $GITHUB_STEP_SUMMARY
2026-10-10T02:07:31.3841030Z [36;1mecho "### Unit Tests (macos-latest)" >> $GITHUB_STEP_SUMMARY[0m
2026-10-10T02:07:31.3841470Z [36;1mif [ "$SELECTOR_OUTCOME" == "success" ]; then[0m
2026-10-10T02:07:31.3841880Z [36;1m  echo "✅ Intelligent test selection passed" >> $GITHUB_STEP_SUMMARY[0m
2026-10-10T02:07:31.3842430Z [36;1melif [ "$SELECTOR_MODE" == "fail-closed" ] && [ "$FALLBACK_OUTCOME" == "success" ]; then[0m
2026-10-10T02:07:31.3842900Z [36;1m  echo "✅ Fail-closed stable fallback passed" >> $GITHUB_STEP_SUMMARY[0m
2026-10-10T02:07:31.3843340Z [36;1melse[0m
2026-10-10T02:07:31.3843710Z [36;1m  echo "❌ Unit-test gate failed" >> $GITHUB_STEP_SUMMARY[0m
2026-10-10T02:07:31.3844040Z [36;1mfi[0m
2026-10-10T02:07:31.3878560Z shell: /bin/bash --noprofile --norc -e -o pipefail {0}
2026-10-10T02:07:31.3878990Z env:
2026-10-10T02:07:31.3879450Z   SOURCE_SHA: da91e730d802b7c9dcdc075b222ecc257021e552
2026-10-10T02:07:31.3879770Z   SELECTOR_OUTCOME: failure
2026-10-10T02:07:31.3880080Z   SELECTOR_MODE: fail-closed
2026-10-10T02:07:31.3880360Z   FALLBACK_OUTCOME: success
2026-10-10T02:07:31.3880690Z ##[endgroup]
2026-10-10T02:07:31.4659180Z Post job cleanup.
2026-10-10T02:07:31.9385920Z (node:64759) [DEP0040] DeprecationWarning: The `punycode` module is deprecated. Please use a userland alternative instead.
2026-10-10T02:07:31.9398240Z (Use `node --trace-deprecation ...` to show where the warning was created)
2026-10-10T02:07:31.9399370Z Cache hit occurred on the primary key node-cache-macOS-arm64-npm-e6cb04f390af8ddea9ee566ae5b89428bb428baab2cec58dce4ec96439473b93, not saving cache.
2026-10-10T02:07:31.9581280Z Post job cleanup.
2026-10-10T02:07:32.0846250Z [command]/opt/homebrew/bin/git version
2026-10-10T02:07:32.1089210Z git version 2.55.0
2026-10-10T02:07:32.1108480Z Copying '/Users/runner/.gitconfig' to '/Users/runner/work/_temp/eebf017e-c2f8-4a8a-be46-143dcd60b05e/.gitconfig'
2026-10-10T02:07:32.1116600Z Temporarily overriding HOME='/Users/runner/work/_temp/eebf017e-c2f8-4a8a-be46-143dcd60b05e' before making global git config changes
2026-10-10T02:07:32.1117670Z Adding repository directory to the temporary git global config as a safe directory
2026-10-10T02:07:32.1120700Z [command]/opt/homebrew/bin/git config --global --add safe.directory /Users/runner/work/chainlesschain/chainlesschain
2026-10-10T02:07:32.1308900Z [command]/opt/homebrew/bin/git config --local --name-only --get-regexp core\.sshCommand
2026-10-10T02:07:32.1383360Z [command]/opt/homebrew/bin/git submodule foreach --recursive sh -c "git config --local --name-only --get-regexp 'core\.sshCommand' && git config --local --unset-all 'core.sshCommand' || :"
2026-10-10T02:07:32.2834490Z [command]/opt/homebrew/bin/git config --local --name-only --get-regexp http\.https\:\/\/github\.com\/\.extraheader
2026-10-10T02:07:32.2890330Z http.https://github.com/.extraheader
2026-10-10T02:07:32.2904850Z [command]/opt/homebrew/bin/git config --local --unset-all http.https://github.com/.extraheader
2026-10-10T02:07:32.2968690Z [command]/opt/homebrew/bin/git submodule foreach --recursive sh -c "git config --local --name-only --get-regexp 'http\.https\:\/\/github\.com\/\.extraheader' && git config --local --unset-all 'http.https://github.com/.extraheader' || :"
2026-10-10T02:07:32.4035310Z [command]/opt/homebrew/bin/git config --local --name-only --get-regexp ^includeIf\.gitdir:
2026-10-10T02:07:32.4113440Z [command]/opt/homebrew/bin/git submodule foreach --recursive git config --local --show-origin --name-only --get-regexp remote.origin.url
2026-10-10T02:07:32.6246230Z Cleaning up orphan processes
2026-10-10T02:07:33.4167140Z Terminate orphan process: pid (47896) (adb)
