2026-10-10T01:14:25.5244620Z Current runner version: '2.337.0'
2026-10-10T01:14:25.5263876Z ##[group]Runner Image Provisioner
2026-10-10T01:14:25.5264523Z Hosted Compute Agent
2026-10-10T01:14:25.5265020Z Version: 20261002.596
2026-10-10T01:14:25.5265434Z Commit: c3d12f3313a95f25162a1503be624f3b0617f8c0
2026-10-10T01:14:25.5265994Z Build Date: 2026-10-02T22:28:27Z
2026-10-10T01:14:25.5266566Z Worker ID: {0515c74d-9046-4620-8190-001228d7a209}
2026-10-10T01:14:25.5266996Z Region: centralus
2026-10-10T01:14:25.5267379Z Cloud: Azure
2026-10-10T01:14:25.5267752Z ##[endgroup]
2026-10-10T01:14:25.5268902Z ##[group]Operating System
2026-10-10T01:14:25.5269381Z Ubuntu
2026-10-10T01:14:25.5269726Z 24.04.5
2026-10-10T01:14:25.5270085Z LTS
2026-10-10T01:14:25.5270406Z ##[endgroup]
2026-10-10T01:14:25.5270771Z ##[group]Runner Image
2026-10-10T01:14:25.5271209Z Image: ubuntu-24.04
2026-10-10T01:14:25.5271564Z Version: 20261004.327.1
2026-10-10T01:14:25.5272405Z Included Software: https://github.com/actions/runner-images/blob/ubuntu24/20261004.327/images/ubuntu/Ubuntu2404-Readme.md
2026-10-10T01:14:25.5273356Z Image Release: https://github.com/actions/runner-images/releases/tag/ubuntu24%2F20261004.327
2026-10-10T01:14:25.5273982Z ##[endgroup]
2026-10-10T01:14:25.5275750Z ##[group]GITHUB_TOKEN Permissions
2026-10-10T01:14:25.5277381Z Actions: write
2026-10-10T01:14:25.5277779Z ArtifactMetadata: write
2026-10-10T01:14:25.5278211Z Attestations: write
2026-10-10T01:14:25.5278570Z Checks: write
2026-10-10T01:14:25.5278900Z CodeQuality: write
2026-10-10T01:14:25.5279309Z Contents: write
2026-10-10T01:14:25.5279693Z CopilotRequests: write
2026-10-10T01:14:25.5280081Z Deployments: write
2026-10-10T01:14:25.5280443Z Discussions: write
2026-10-10T01:14:25.5280803Z Drives: write
2026-10-10T01:14:25.5281181Z Issues: write
2026-10-10T01:14:25.5281610Z Metadata: read
2026-10-10T01:14:25.5281972Z Models: read
2026-10-10T01:14:25.5282318Z Packages: write
2026-10-10T01:14:25.5282660Z Pages: write
2026-10-10T01:14:25.5283042Z PullRequests: write
2026-10-10T01:14:25.5283441Z RepositoryProjects: write
2026-10-10T01:14:25.5283873Z SecurityEvents: write
2026-10-10T01:14:25.5284245Z Statuses: write
2026-10-10T01:14:25.5284595Z VulnerabilityAlerts: read
2026-10-10T01:14:25.5284998Z ##[endgroup]
2026-10-10T01:14:25.5286547Z Secret source: Actions
2026-10-10T01:14:25.5287368Z Cache mode: write
2026-10-10T01:14:25.5287883Z Prepare workflow directory
2026-10-10T01:14:25.5639547Z Prepare all required actions
2026-10-10T01:14:25.5672148Z Getting action download info
2026-10-10T01:14:25.7870472Z Download action repository 'actions/checkout@v5' (SHA:fbc6f3992d24b796d5a048ff273f7fcc4a7b6c09)
2026-10-10T01:14:25.8740621Z Download action repository 'actions/setup-node@v5' (SHA:a0853c24544627f65ddf259abe73b1d18a591444)
2026-10-10T01:14:26.0564530Z Complete job name: Unit Tests (ubuntu-latest, 22.x)
2026-10-10T01:14:26.1045733Z ##[group]Run actions/checkout@v5
2026-10-10T01:14:26.1046162Z with:
2026-10-10T01:14:26.1046544Z   fetch-depth: 0
2026-10-10T01:14:26.1046824Z   ref: da91e730d802b7c9dcdc075b222ecc257021e552
2026-10-10T01:14:26.1047197Z   repository: chainlesschain/chainlesschain
2026-10-10T01:14:26.1049315Z   token: ***
2026-10-10T01:14:26.1049546Z   ssh-strict: true
2026-10-10T01:14:26.1049781Z   ssh-user: git
2026-10-10T01:14:26.1050045Z   persist-credentials: true
2026-10-10T01:14:26.1050310Z   clean: true
2026-10-10T01:14:26.1050558Z   sparse-checkout-cone-mode: true
2026-10-10T01:14:26.1050847Z   fetch-tags: false
2026-10-10T01:14:26.1051094Z   show-progress: true
2026-10-10T01:14:26.1051338Z   lfs: false
2026-10-10T01:14:26.1051567Z   submodules: false
2026-10-10T01:14:26.1051815Z   set-safe-directory: true
2026-10-10T01:14:26.1052093Z   allow-unsafe-pr-checkout: false
2026-10-10T01:14:26.1052452Z env:
2026-10-10T01:14:26.1052721Z   SOURCE_SHA: da91e730d802b7c9dcdc075b222ecc257021e552
2026-10-10T01:14:26.1053084Z ##[endgroup]
2026-10-10T01:14:26.1711216Z Syncing repository: chainlesschain/chainlesschain
2026-10-10T01:14:26.1712312Z ##[group]Getting Git version info
2026-10-10T01:14:26.1713370Z Working directory is '/home/runner/work/chainlesschain/chainlesschain'
2026-10-10T01:14:26.1714424Z [command]/usr/bin/git version
2026-10-10T01:14:26.1790714Z git version 2.55.0
2026-10-10T01:14:26.1805383Z ##[endgroup]
2026-10-10T01:14:26.1818477Z Temporarily overriding HOME='/home/runner/work/_temp/447f30bb-90af-4aca-8713-f63216bb9df6' before making global git config changes
2026-10-10T01:14:26.1819708Z Adding repository directory to the temporary git global config as a safe directory
2026-10-10T01:14:26.1822316Z [command]/usr/bin/git config --global --add safe.directory /home/runner/work/chainlesschain/chainlesschain
2026-10-10T01:14:26.1870752Z Deleting the contents of '/home/runner/work/chainlesschain/chainlesschain'
2026-10-10T01:14:26.1878062Z ##[group]Initializing the repository
2026-10-10T01:14:26.1879135Z [command]/usr/bin/git init /home/runner/work/chainlesschain/chainlesschain
2026-10-10T01:14:26.1992585Z hint: Using 'master' as the name for the initial branch. This default branch name
2026-10-10T01:14:26.1993878Z hint: will change to "main" in Git 3.0. To configure the initial branch name
2026-10-10T01:14:26.1994820Z hint: to use in all of your new repositories, which will suppress this warning,
2026-10-10T01:14:26.1995448Z hint: call:
2026-10-10T01:14:26.1995784Z hint:
2026-10-10T01:14:26.1996234Z hint: 	git config --global init.defaultBranch <name>
2026-10-10T01:14:26.2004555Z hint:
2026-10-10T01:14:26.2005111Z hint: Names commonly chosen instead of 'master' are 'main', 'trunk' and
2026-10-10T01:14:26.2005942Z hint: 'development'. The just-created branch can be renamed via this command:
2026-10-10T01:14:26.2006724Z hint:
2026-10-10T01:14:26.2007103Z hint: 	git branch -m <name>
2026-10-10T01:14:26.2007514Z hint:
2026-10-10T01:14:26.2008116Z hint: Disable this message with "git config set advice.defaultBranchName false"
2026-10-10T01:14:26.2009621Z Initialized empty Git repository in /home/runner/work/chainlesschain/chainlesschain/.git/
2026-10-10T01:14:26.2011837Z [command]/usr/bin/git remote add origin https://github.com/chainlesschain/chainlesschain
2026-10-10T01:14:26.2211037Z ##[endgroup]
2026-10-10T01:14:26.2211769Z ##[group]Disabling automatic garbage collection
2026-10-10T01:14:26.2214170Z [command]/usr/bin/git config --local gc.auto 0
2026-10-10T01:14:26.2248353Z ##[endgroup]
2026-10-10T01:14:26.2249005Z ##[group]Setting up auth
2026-10-10T01:14:26.2253541Z [command]/usr/bin/git config --local --name-only --get-regexp core\.sshCommand
2026-10-10T01:14:26.2284847Z [command]/usr/bin/git submodule foreach --recursive sh -c "git config --local --name-only --get-regexp 'core\.sshCommand' && git config --local --unset-all 'core.sshCommand' || :"
2026-10-10T01:14:26.2583963Z [command]/usr/bin/git config --local --name-only --get-regexp http\.https\:\/\/github\.com\/\.extraheader
2026-10-10T01:14:26.2614745Z [command]/usr/bin/git submodule foreach --recursive sh -c "git config --local --name-only --get-regexp 'http\.https\:\/\/github\.com\/\.extraheader' && git config --local --unset-all 'http.https://github.com/.extraheader' || :"
2026-10-10T01:14:26.2798963Z [command]/usr/bin/git config --local --name-only --get-regexp ^includeIf\.gitdir:
2026-10-10T01:14:26.2830963Z [command]/usr/bin/git submodule foreach --recursive git config --local --show-origin --name-only --get-regexp remote.origin.url
2026-10-10T01:14:26.3016660Z [command]/usr/bin/git config --local http.https://github.com/.extraheader AUTHORIZATION: basic ***
2026-10-10T01:14:26.3053291Z ##[endgroup]
2026-10-10T01:14:26.3053985Z ##[group]Fetching the repository
2026-10-10T01:14:26.3060707Z [command]/usr/bin/git -c protocol.version=2 fetch --prune --no-recurse-submodules origin +refs/heads/*:refs/remotes/origin/* +refs/tags/*:refs/tags/*
2026-10-10T01:14:52.6520680Z From https://github.com/chainlesschain/chainlesschain
2026-10-10T01:14:52.6521682Z  * [new branch]            feature/cli-ide-gap-completion-20261009 -> origin/feature/cli-ide-gap-completion-20261009
2026-10-10T01:14:52.6522499Z  * [new branch]            feature/cli-ide-gap-continuation-20261008 -> origin/feature/cli-ide-gap-continuation-20261008
2026-10-10T01:14:52.6523473Z  * [new branch]            main                       -> origin/main
2026-10-10T01:14:52.6523944Z  * [new tag]               agent-protocol-oidc-v0.1.0 -> agent-protocol-oidc-v0.1.0
2026-10-10T01:14:52.6524484Z  * [new tag]               agent-protocol-oidc-v0.1.1 -> agent-protocol-oidc-v0.1.1
2026-10-10T01:14:52.6524989Z  * [new tag]               agent-protocol-oidc-v0.1.2 -> agent-protocol-oidc-v0.1.2
2026-10-10T01:14:52.6525485Z  * [new tag]               agent-protocol-oidc-v0.1.3 -> agent-protocol-oidc-v0.1.3
2026-10-10T01:14:52.6525988Z  * [new tag]               agent-protocol-oidc-v0.1.4 -> agent-protocol-oidc-v0.1.4
2026-10-10T01:14:52.6526705Z  * [new tag]               agent-protocol-oidc-v0.1.5 -> agent-protocol-oidc-v0.1.5
2026-10-10T01:14:52.6527198Z  * [new tag]               agent-protocol-v0.1.0      -> agent-protocol-v0.1.0
2026-10-10T01:14:52.6527678Z  * [new tag]               agent-protocol-v0.1.7      -> agent-protocol-v0.1.7
2026-10-10T01:14:52.6528164Z  * [new tag]               agent-sdk-oidc-v0.2.2      -> agent-sdk-oidc-v0.2.2
2026-10-10T01:14:52.6528632Z  * [new tag]               android-v0.37.0            -> android-v0.37.0
2026-10-10T01:14:52.6529086Z  * [new tag]               android-v1.0.0             -> android-v1.0.0
2026-10-10T01:14:52.6529523Z  * [new tag]               android-v1.0.0-mirror      -> android-v1.0.0-mirror
2026-10-10T01:14:52.6529820Z  * [new tag]               ci-release-22a9857004      -> ci-release-22a9857004
2026-10-10T01:14:52.6530092Z  * [new tag]               ci-release-3b3d4b12ef      -> ci-release-3b3d4b12ef
2026-10-10T01:14:52.6530369Z  * [new tag]               ci-release-c9d04c03f2      -> ci-release-c9d04c03f2
2026-10-10T01:14:52.6530645Z  * [new tag]               ci-release-e812a89952      -> ci-release-e812a89952
2026-10-10T01:14:52.6530914Z  * [new tag]               ide-jetbrains-v0.1.2       -> ide-jetbrains-v0.1.2
2026-10-10T01:14:52.6531189Z  * [new tag]               ide-jetbrains-v0.4.0       -> ide-jetbrains-v0.4.0
2026-10-10T01:14:52.6531453Z  * [new tag]               ide-jetbrains-v0.4.1       -> ide-jetbrains-v0.4.1
2026-10-10T01:14:52.6531727Z  * [new tag]               ide-jetbrains-v0.4.10      -> ide-jetbrains-v0.4.10
2026-10-10T01:14:52.6532027Z  * [new tag]               ide-jetbrains-v0.4.100     -> ide-jetbrains-v0.4.100
2026-10-10T01:14:52.6532310Z  * [new tag]               ide-jetbrains-v0.4.101     -> ide-jetbrains-v0.4.101
2026-10-10T01:14:52.6532612Z  * [new tag]               ide-jetbrains-v0.4.102     -> ide-jetbrains-v0.4.102
2026-10-10T01:14:52.6532884Z  * [new tag]               ide-jetbrains-v0.4.103     -> ide-jetbrains-v0.4.103
2026-10-10T01:14:52.6533290Z  * [new tag]               ide-jetbrains-v0.4.104     -> ide-jetbrains-v0.4.104
2026-10-10T01:14:52.6533637Z  * [new tag]               ide-jetbrains-v0.4.105     -> ide-jetbrains-v0.4.105
2026-10-10T01:14:52.6533972Z  * [new tag]               ide-jetbrains-v0.4.106     -> ide-jetbrains-v0.4.106
2026-10-10T01:14:52.6534262Z  * [new tag]               ide-jetbrains-v0.4.107     -> ide-jetbrains-v0.4.107
2026-10-10T01:14:52.6534531Z  * [new tag]               ide-jetbrains-v0.4.108     -> ide-jetbrains-v0.4.108
2026-10-10T01:14:52.6534800Z  * [new tag]               ide-jetbrains-v0.4.109     -> ide-jetbrains-v0.4.109
2026-10-10T01:14:52.6535524Z  * [new tag]               ide-jetbrains-v0.4.11      -> ide-jetbrains-v0.4.11
2026-10-10T01:14:52.6535974Z  * [new tag]               ide-jetbrains-v0.4.110     -> ide-jetbrains-v0.4.110
2026-10-10T01:14:52.6536536Z  * [new tag]               ide-jetbrains-v0.4.111     -> ide-jetbrains-v0.4.111
2026-10-10T01:14:52.6536956Z  * [new tag]               ide-jetbrains-v0.4.112     -> ide-jetbrains-v0.4.112
2026-10-10T01:14:52.6537420Z  * [new tag]               ide-jetbrains-v0.4.113     -> ide-jetbrains-v0.4.113
2026-10-10T01:14:52.6537826Z  * [new tag]               ide-jetbrains-v0.4.114     -> ide-jetbrains-v0.4.114
2026-10-10T01:14:52.6538379Z  * [new tag]               ide-jetbrains-v0.4.115     -> ide-jetbrains-v0.4.115
2026-10-10T01:14:52.6538829Z  * [new tag]               ide-jetbrains-v0.4.118     -> ide-jetbrains-v0.4.118
2026-10-10T01:14:52.6539250Z  * [new tag]               ide-jetbrains-v0.4.119     -> ide-jetbrains-v0.4.119
2026-10-10T01:14:52.6539769Z  * [new tag]               ide-jetbrains-v0.4.12      -> ide-jetbrains-v0.4.12
2026-10-10T01:14:52.6540066Z  * [new tag]               ide-jetbrains-v0.4.120     -> ide-jetbrains-v0.4.120
2026-10-10T01:14:52.6540336Z  * [new tag]               ide-jetbrains-v0.4.121     -> ide-jetbrains-v0.4.121
2026-10-10T01:14:52.6540606Z  * [new tag]               ide-jetbrains-v0.4.122     -> ide-jetbrains-v0.4.122
2026-10-10T01:14:52.6540874Z  * [new tag]               ide-jetbrains-v0.4.123     -> ide-jetbrains-v0.4.123
2026-10-10T01:14:52.6541140Z  * [new tag]               ide-jetbrains-v0.4.124     -> ide-jetbrains-v0.4.124
2026-10-10T01:14:52.6541406Z  * [new tag]               ide-jetbrains-v0.4.125     -> ide-jetbrains-v0.4.125
2026-10-10T01:14:52.6541676Z  * [new tag]               ide-jetbrains-v0.4.126     -> ide-jetbrains-v0.4.126
2026-10-10T01:14:52.6541941Z  * [new tag]               ide-jetbrains-v0.4.127     -> ide-jetbrains-v0.4.127
2026-10-10T01:14:52.6542203Z  * [new tag]               ide-jetbrains-v0.4.128     -> ide-jetbrains-v0.4.128
2026-10-10T01:14:52.6542466Z  * [new tag]               ide-jetbrains-v0.4.129     -> ide-jetbrains-v0.4.129
2026-10-10T01:14:52.6542728Z  * [new tag]               ide-jetbrains-v0.4.13      -> ide-jetbrains-v0.4.13
2026-10-10T01:14:52.6542991Z  * [new tag]               ide-jetbrains-v0.4.130     -> ide-jetbrains-v0.4.130
2026-10-10T01:14:52.6543256Z  * [new tag]               ide-jetbrains-v0.4.131     -> ide-jetbrains-v0.4.131
2026-10-10T01:14:52.6543523Z  * [new tag]               ide-jetbrains-v0.4.132     -> ide-jetbrains-v0.4.132
2026-10-10T01:14:52.6543785Z  * [new tag]               ide-jetbrains-v0.4.133     -> ide-jetbrains-v0.4.133
2026-10-10T01:14:52.6544052Z  * [new tag]               ide-jetbrains-v0.4.134     -> ide-jetbrains-v0.4.134
2026-10-10T01:14:52.6544322Z  * [new tag]               ide-jetbrains-v0.4.135     -> ide-jetbrains-v0.4.135
2026-10-10T01:14:52.6544585Z  * [new tag]               ide-jetbrains-v0.4.137     -> ide-jetbrains-v0.4.137
2026-10-10T01:14:52.6544848Z  * [new tag]               ide-jetbrains-v0.4.138     -> ide-jetbrains-v0.4.138
2026-10-10T01:14:52.6545111Z  * [new tag]               ide-jetbrains-v0.4.139     -> ide-jetbrains-v0.4.139
2026-10-10T01:14:52.6545375Z  * [new tag]               ide-jetbrains-v0.4.14      -> ide-jetbrains-v0.4.14
2026-10-10T01:14:52.6545655Z  * [new tag]               ide-jetbrains-v0.4.140     -> ide-jetbrains-v0.4.140
2026-10-10T01:14:52.6546053Z  * [new tag]               ide-jetbrains-v0.4.141     -> ide-jetbrains-v0.4.141
2026-10-10T01:14:52.6546318Z  * [new tag]               ide-jetbrains-v0.4.143     -> ide-jetbrains-v0.4.143
2026-10-10T01:14:52.6548486Z  * [new tag]               ide-jetbrains-v0.4.144     -> ide-jetbrains-v0.4.144
2026-10-10T01:14:52.6548758Z  * [new tag]               ide-jetbrains-v0.4.145     -> ide-jetbrains-v0.4.145
2026-10-10T01:14:52.6549023Z  * [new tag]               ide-jetbrains-v0.4.146     -> ide-jetbrains-v0.4.146
2026-10-10T01:14:52.6549291Z  * [new tag]               ide-jetbrains-v0.4.147     -> ide-jetbrains-v0.4.147
2026-10-10T01:14:52.6549555Z  * [new tag]               ide-jetbrains-v0.4.149     -> ide-jetbrains-v0.4.149
2026-10-10T01:14:52.6549822Z  * [new tag]               ide-jetbrains-v0.4.15      -> ide-jetbrains-v0.4.15
2026-10-10T01:14:52.6550088Z  * [new tag]               ide-jetbrains-v0.4.150     -> ide-jetbrains-v0.4.150
2026-10-10T01:14:52.6550374Z  * [new tag]               ide-jetbrains-v0.4.151     -> ide-jetbrains-v0.4.151
2026-10-10T01:14:52.6551101Z  * [new tag]               ide-jetbrains-v0.4.152     -> ide-jetbrains-v0.4.152
2026-10-10T01:14:52.6551687Z  * [new tag]               ide-jetbrains-v0.4.153     -> ide-jetbrains-v0.4.153
2026-10-10T01:14:52.6552222Z  * [new tag]               ide-jetbrains-v0.4.154     -> ide-jetbrains-v0.4.154
2026-10-10T01:14:52.6552579Z  * [new tag]               ide-jetbrains-v0.4.155     -> ide-jetbrains-v0.4.155
2026-10-10T01:14:52.6552844Z  * [new tag]               ide-jetbrains-v0.4.156     -> ide-jetbrains-v0.4.156
2026-10-10T01:14:52.6553270Z  * [new tag]               ide-jetbrains-v0.4.157     -> ide-jetbrains-v0.4.157
2026-10-10T01:14:52.6553712Z  * [new tag]               ide-jetbrains-v0.4.16      -> ide-jetbrains-v0.4.16
2026-10-10T01:14:52.6554127Z  * [new tag]               ide-jetbrains-v0.4.17      -> ide-jetbrains-v0.4.17
2026-10-10T01:14:52.6554546Z  * [new tag]               ide-jetbrains-v0.4.18      -> ide-jetbrains-v0.4.18
2026-10-10T01:14:52.6554988Z  * [new tag]               ide-jetbrains-v0.4.19      -> ide-jetbrains-v0.4.19
2026-10-10T01:14:52.6555426Z  * [new tag]               ide-jetbrains-v0.4.2       -> ide-jetbrains-v0.4.2
2026-10-10T01:14:52.6555879Z  * [new tag]               ide-jetbrains-v0.4.21      -> ide-jetbrains-v0.4.21
2026-10-10T01:14:52.6556325Z  * [new tag]               ide-jetbrains-v0.4.23      -> ide-jetbrains-v0.4.23
2026-10-10T01:14:52.6557108Z  * [new tag]               ide-jetbrains-v0.4.25      -> ide-jetbrains-v0.4.25
2026-10-10T01:14:52.6557522Z  * [new tag]               ide-jetbrains-v0.4.26      -> ide-jetbrains-v0.4.26
2026-10-10T01:14:52.6557940Z  * [new tag]               ide-jetbrains-v0.4.27      -> ide-jetbrains-v0.4.27
2026-10-10T01:14:52.6558356Z  * [new tag]               ide-jetbrains-v0.4.28      -> ide-jetbrains-v0.4.28
2026-10-10T01:14:52.6558784Z  * [new tag]               ide-jetbrains-v0.4.29      -> ide-jetbrains-v0.4.29
2026-10-10T01:14:52.6559213Z  * [new tag]               ide-jetbrains-v0.4.3       -> ide-jetbrains-v0.4.3
2026-10-10T01:14:52.6559676Z  * [new tag]               ide-jetbrains-v0.4.30      -> ide-jetbrains-v0.4.30
2026-10-10T01:14:52.6560095Z  * [new tag]               ide-jetbrains-v0.4.31      -> ide-jetbrains-v0.4.31
2026-10-10T01:14:52.6560519Z  * [new tag]               ide-jetbrains-v0.4.32      -> ide-jetbrains-v0.4.32
2026-10-10T01:14:52.6560934Z  * [new tag]               ide-jetbrains-v0.4.33      -> ide-jetbrains-v0.4.33
2026-10-10T01:14:52.6561351Z  * [new tag]               ide-jetbrains-v0.4.34      -> ide-jetbrains-v0.4.34
2026-10-10T01:14:52.6561769Z  * [new tag]               ide-jetbrains-v0.4.35      -> ide-jetbrains-v0.4.35
2026-10-10T01:14:52.6562185Z  * [new tag]               ide-jetbrains-v0.4.37      -> ide-jetbrains-v0.4.37
2026-10-10T01:14:52.6562604Z  * [new tag]               ide-jetbrains-v0.4.38      -> ide-jetbrains-v0.4.38
2026-10-10T01:14:52.6563022Z  * [new tag]               ide-jetbrains-v0.4.39      -> ide-jetbrains-v0.4.39
2026-10-10T01:14:52.6563588Z  * [new tag]               ide-jetbrains-v0.4.4       -> ide-jetbrains-v0.4.4
2026-10-10T01:14:52.6564006Z  * [new tag]               ide-jetbrains-v0.4.40      -> ide-jetbrains-v0.4.40
2026-10-10T01:14:52.6564429Z  * [new tag]               ide-jetbrains-v0.4.41      -> ide-jetbrains-v0.4.41
2026-10-10T01:14:52.6564847Z  * [new tag]               ide-jetbrains-v0.4.44      -> ide-jetbrains-v0.4.44
2026-10-10T01:14:52.6565265Z  * [new tag]               ide-jetbrains-v0.4.45      -> ide-jetbrains-v0.4.45
2026-10-10T01:14:52.6565685Z  * [new tag]               ide-jetbrains-v0.4.46      -> ide-jetbrains-v0.4.46
2026-10-10T01:14:52.6566105Z  * [new tag]               ide-jetbrains-v0.4.47      -> ide-jetbrains-v0.4.47
2026-10-10T01:14:52.6566652Z  * [new tag]               ide-jetbrains-v0.4.48      -> ide-jetbrains-v0.4.48
2026-10-10T01:14:52.6566925Z  * [new tag]               ide-jetbrains-v0.4.49      -> ide-jetbrains-v0.4.49
2026-10-10T01:14:52.6567199Z  * [new tag]               ide-jetbrains-v0.4.5       -> ide-jetbrains-v0.4.5
2026-10-10T01:14:52.6567463Z  * [new tag]               ide-jetbrains-v0.4.50      -> ide-jetbrains-v0.4.50
2026-10-10T01:14:52.6567727Z  * [new tag]               ide-jetbrains-v0.4.51      -> ide-jetbrains-v0.4.51
2026-10-10T01:14:52.6568084Z  * [new tag]               ide-jetbrains-v0.4.52      -> ide-jetbrains-v0.4.52
2026-10-10T01:14:52.6568346Z  * [new tag]               ide-jetbrains-v0.4.53      -> ide-jetbrains-v0.4.53
2026-10-10T01:14:52.6568632Z  * [new tag]               ide-jetbrains-v0.4.54      -> ide-jetbrains-v0.4.54
2026-10-10T01:14:52.6568924Z  * [new tag]               ide-jetbrains-v0.4.55      -> ide-jetbrains-v0.4.55
2026-10-10T01:14:52.6569258Z  * [new tag]               ide-jetbrains-v0.4.56      -> ide-jetbrains-v0.4.56
2026-10-10T01:14:52.6569545Z  * [new tag]               ide-jetbrains-v0.4.57      -> ide-jetbrains-v0.4.57
2026-10-10T01:14:52.6569807Z  * [new tag]               ide-jetbrains-v0.4.58      -> ide-jetbrains-v0.4.58
2026-10-10T01:14:52.6570076Z  * [new tag]               ide-jetbrains-v0.4.59      -> ide-jetbrains-v0.4.59
2026-10-10T01:14:52.6570337Z  * [new tag]               ide-jetbrains-v0.4.6       -> ide-jetbrains-v0.4.6
2026-10-10T01:14:52.6570603Z  * [new tag]               ide-jetbrains-v0.4.60      -> ide-jetbrains-v0.4.60
2026-10-10T01:14:52.6570864Z  * [new tag]               ide-jetbrains-v0.4.61      -> ide-jetbrains-v0.4.61
2026-10-10T01:14:52.6571130Z  * [new tag]               ide-jetbrains-v0.4.62      -> ide-jetbrains-v0.4.62
2026-10-10T01:14:52.6571391Z  * [new tag]               ide-jetbrains-v0.4.63      -> ide-jetbrains-v0.4.63
2026-10-10T01:14:52.6571653Z  * [new tag]               ide-jetbrains-v0.4.7       -> ide-jetbrains-v0.4.7
2026-10-10T01:14:52.6571913Z  * [new tag]               ide-jetbrains-v0.4.70      -> ide-jetbrains-v0.4.70
2026-10-10T01:14:52.6572173Z  * [new tag]               ide-jetbrains-v0.4.73      -> ide-jetbrains-v0.4.73
2026-10-10T01:14:52.6572438Z  * [new tag]               ide-jetbrains-v0.4.74      -> ide-jetbrains-v0.4.74
2026-10-10T01:14:52.6572699Z  * [new tag]               ide-jetbrains-v0.4.75      -> ide-jetbrains-v0.4.75
2026-10-10T01:14:52.6572963Z  * [new tag]               ide-jetbrains-v0.4.76      -> ide-jetbrains-v0.4.76
2026-10-10T01:14:52.6573228Z  * [new tag]               ide-jetbrains-v0.4.77      -> ide-jetbrains-v0.4.77
2026-10-10T01:14:52.6573488Z  * [new tag]               ide-jetbrains-v0.4.78      -> ide-jetbrains-v0.4.78
2026-10-10T01:14:52.6573748Z  * [new tag]               ide-jetbrains-v0.4.79      -> ide-jetbrains-v0.4.79
2026-10-10T01:14:52.6574009Z  * [new tag]               ide-jetbrains-v0.4.8       -> ide-jetbrains-v0.4.8
2026-10-10T01:14:52.6574270Z  * [new tag]               ide-jetbrains-v0.4.81      -> ide-jetbrains-v0.4.81
2026-10-10T01:14:52.6574531Z  * [new tag]               ide-jetbrains-v0.4.82      -> ide-jetbrains-v0.4.82
2026-10-10T01:14:52.6574792Z  * [new tag]               ide-jetbrains-v0.4.83      -> ide-jetbrains-v0.4.83
2026-10-10T01:14:52.6575151Z  * [new tag]               ide-jetbrains-v0.4.84      -> ide-jetbrains-v0.4.84
2026-10-10T01:14:52.6575415Z  * [new tag]               ide-jetbrains-v0.4.85      -> ide-jetbrains-v0.4.85
2026-10-10T01:14:52.6575677Z  * [new tag]               ide-jetbrains-v0.4.86      -> ide-jetbrains-v0.4.86
2026-10-10T01:14:52.6575939Z  * [new tag]               ide-jetbrains-v0.4.87      -> ide-jetbrains-v0.4.87
2026-10-10T01:14:52.6576201Z  * [new tag]               ide-jetbrains-v0.4.88      -> ide-jetbrains-v0.4.88
2026-10-10T01:14:52.6576620Z  * [new tag]               ide-jetbrains-v0.4.89      -> ide-jetbrains-v0.4.89
2026-10-10T01:14:52.6576884Z  * [new tag]               ide-jetbrains-v0.4.9       -> ide-jetbrains-v0.4.9
2026-10-10T01:14:52.6577146Z  * [new tag]               ide-jetbrains-v0.4.90      -> ide-jetbrains-v0.4.90
2026-10-10T01:14:52.6577409Z  * [new tag]               ide-jetbrains-v0.4.91      -> ide-jetbrains-v0.4.91
2026-10-10T01:14:52.6577674Z  * [new tag]               ide-jetbrains-v0.4.92      -> ide-jetbrains-v0.4.92
2026-10-10T01:14:52.6577934Z  * [new tag]               ide-jetbrains-v0.4.93      -> ide-jetbrains-v0.4.93
2026-10-10T01:14:52.6578192Z  * [new tag]               ide-jetbrains-v0.4.94      -> ide-jetbrains-v0.4.94
2026-10-10T01:14:52.6578542Z  * [new tag]               ide-jetbrains-v0.4.95      -> ide-jetbrains-v0.4.95
2026-10-10T01:14:52.6578804Z  * [new tag]               ide-jetbrains-v0.4.96      -> ide-jetbrains-v0.4.96
2026-10-10T01:14:52.6579065Z  * [new tag]               ide-jetbrains-v0.4.97      -> ide-jetbrains-v0.4.97
2026-10-10T01:14:52.6579326Z  * [new tag]               ide-jetbrains-v0.4.98      -> ide-jetbrains-v0.4.98
2026-10-10T01:14:52.6579589Z  * [new tag]               ide-jetbrains-v0.4.99      -> ide-jetbrains-v0.4.99
2026-10-10T01:14:52.6579849Z  * [new tag]               ide-vscode-v0.20.0         -> ide-vscode-v0.20.0
2026-10-10T01:14:52.6580110Z  * [new tag]               ide-vscode-v0.21.0         -> ide-vscode-v0.21.0
2026-10-10T01:14:52.6580364Z  * [new tag]               ide-vscode-v0.22.0         -> ide-vscode-v0.22.0
2026-10-10T01:14:52.6580615Z  * [new tag]               ide-vscode-v0.22.1         -> ide-vscode-v0.22.1
2026-10-10T01:14:52.6580870Z  * [new tag]               ide-vscode-v0.23.0         -> ide-vscode-v0.23.0
2026-10-10T01:14:52.6581120Z  * [new tag]               ide-vscode-v0.24.0         -> ide-vscode-v0.24.0
2026-10-10T01:14:52.6581370Z  * [new tag]               ide-vscode-v0.25.0         -> ide-vscode-v0.25.0
2026-10-10T01:14:52.6581623Z  * [new tag]               ide-vscode-v0.26.0         -> ide-vscode-v0.26.0
2026-10-10T01:14:52.6581875Z  * [new tag]               ide-vscode-v0.27.0         -> ide-vscode-v0.27.0
2026-10-10T01:14:52.6582125Z  * [new tag]               ide-vscode-v0.28.0         -> ide-vscode-v0.28.0
2026-10-10T01:14:52.6582375Z  * [new tag]               ide-vscode-v0.29.0         -> ide-vscode-v0.29.0
2026-10-10T01:14:52.6582625Z  * [new tag]               ide-vscode-v0.30.0         -> ide-vscode-v0.30.0
2026-10-10T01:14:52.6582879Z  * [new tag]               ide-vscode-v0.30.1         -> ide-vscode-v0.30.1
2026-10-10T01:14:52.6583128Z  * [new tag]               ide-vscode-v0.31.0         -> ide-vscode-v0.31.0
2026-10-10T01:14:52.6583383Z  * [new tag]               ide-vscode-v0.31.1         -> ide-vscode-v0.31.1
2026-10-10T01:14:52.6583639Z  * [new tag]               ide-vscode-v0.32.0         -> ide-vscode-v0.32.0
2026-10-10T01:14:52.6583890Z  * [new tag]               ide-vscode-v0.32.1         -> ide-vscode-v0.32.1
2026-10-10T01:14:52.6584140Z  * [new tag]               ide-vscode-v0.33.0         -> ide-vscode-v0.33.0
2026-10-10T01:14:52.6584391Z  * [new tag]               ide-vscode-v0.33.1         -> ide-vscode-v0.33.1
2026-10-10T01:14:52.6584639Z  * [new tag]               ide-vscode-v0.33.2         -> ide-vscode-v0.33.2
2026-10-10T01:14:52.6584888Z  * [new tag]               ide-vscode-v0.33.3         -> ide-vscode-v0.33.3
2026-10-10T01:14:52.6585231Z  * [new tag]               ide-vscode-v0.33.5         -> ide-vscode-v0.33.5
2026-10-10T01:14:52.6585484Z  * [new tag]               ide-vscode-v0.33.7         -> ide-vscode-v0.33.7
2026-10-10T01:14:52.6585736Z  * [new tag]               ide-vscode-v0.33.8         -> ide-vscode-v0.33.8
2026-10-10T01:14:52.6585991Z  * [new tag]               ide-vscode-v0.33.9         -> ide-vscode-v0.33.9
2026-10-10T01:14:52.6586240Z  * [new tag]               ide-vscode-v0.34.0         -> ide-vscode-v0.34.0
2026-10-10T01:14:52.6586610Z  * [new tag]               ide-vscode-v0.35.0         -> ide-vscode-v0.35.0
2026-10-10T01:14:52.6586859Z  * [new tag]               ide-vscode-v0.36.0         -> ide-vscode-v0.36.0
2026-10-10T01:14:52.6587107Z  * [new tag]               ide-vscode-v0.36.1         -> ide-vscode-v0.36.1
2026-10-10T01:14:52.6587367Z  * [new tag]               ide-vscode-v0.36.10        -> ide-vscode-v0.36.10
2026-10-10T01:14:52.6587632Z  * [new tag]               ide-vscode-v0.36.11        -> ide-vscode-v0.36.11
2026-10-10T01:14:52.6587894Z  * [new tag]               ide-vscode-v0.36.12        -> ide-vscode-v0.36.12
2026-10-10T01:14:52.6588150Z  * [new tag]               ide-vscode-v0.36.13        -> ide-vscode-v0.36.13
2026-10-10T01:14:52.6588403Z  * [new tag]               ide-vscode-v0.36.14        -> ide-vscode-v0.36.14
2026-10-10T01:14:52.6588821Z  * [new tag]               ide-vscode-v0.36.15        -> ide-vscode-v0.36.15
2026-10-10T01:14:52.6589077Z  * [new tag]               ide-vscode-v0.36.16        -> ide-vscode-v0.36.16
2026-10-10T01:14:52.6589333Z  * [new tag]               ide-vscode-v0.36.2         -> ide-vscode-v0.36.2
2026-10-10T01:14:52.6589588Z  * [new tag]               ide-vscode-v0.36.3         -> ide-vscode-v0.36.3
2026-10-10T01:14:52.6589943Z  * [new tag]               ide-vscode-v0.36.4         -> ide-vscode-v0.36.4
2026-10-10T01:14:52.6590340Z  * [new tag]               ide-vscode-v0.36.6         -> ide-vscode-v0.36.6
2026-10-10T01:14:52.6590737Z  * [new tag]               ide-vscode-v0.36.9         -> ide-vscode-v0.36.9
2026-10-10T01:14:52.6591143Z  * [new tag]               ide-vscode-v0.37.0         -> ide-vscode-v0.37.0
2026-10-10T01:14:52.6591540Z  * [new tag]               ide-vscode-v0.37.1         -> ide-vscode-v0.37.1
2026-10-10T01:14:52.6591946Z  * [new tag]               ide-vscode-v0.37.10        -> ide-vscode-v0.37.10
2026-10-10T01:14:52.6592357Z  * [new tag]               ide-vscode-v0.37.100       -> ide-vscode-v0.37.100
2026-10-10T01:14:52.6592771Z  * [new tag]               ide-vscode-v0.37.101       -> ide-vscode-v0.37.101
2026-10-10T01:14:52.6593090Z  * [new tag]               ide-vscode-v0.37.103       -> ide-vscode-v0.37.103
2026-10-10T01:14:52.6593352Z  * [new tag]               ide-vscode-v0.37.104       -> ide-vscode-v0.37.104
2026-10-10T01:14:52.6593644Z  * [new tag]               ide-vscode-v0.37.105       -> ide-vscode-v0.37.105
2026-10-10T01:14:52.6594066Z  * [new tag]               ide-vscode-v0.37.106       -> ide-vscode-v0.37.106
2026-10-10T01:14:52.6594480Z  * [new tag]               ide-vscode-v0.37.107       -> ide-vscode-v0.37.107
2026-10-10T01:14:52.6594890Z  * [new tag]               ide-vscode-v0.37.108       -> ide-vscode-v0.37.108
2026-10-10T01:14:52.6595298Z  * [new tag]               ide-vscode-v0.37.109       -> ide-vscode-v0.37.109
2026-10-10T01:14:52.6595716Z  * [new tag]               ide-vscode-v0.37.11        -> ide-vscode-v0.37.11
2026-10-10T01:14:52.6596123Z  * [new tag]               ide-vscode-v0.37.110       -> ide-vscode-v0.37.110
2026-10-10T01:14:52.6596628Z  * [new tag]               ide-vscode-v0.37.111       -> ide-vscode-v0.37.111
2026-10-10T01:14:52.6597033Z  * [new tag]               ide-vscode-v0.37.112       -> ide-vscode-v0.37.112
2026-10-10T01:14:52.6597442Z  * [new tag]               ide-vscode-v0.37.113       -> ide-vscode-v0.37.113
2026-10-10T01:14:52.6597849Z  * [new tag]               ide-vscode-v0.37.114       -> ide-vscode-v0.37.114
2026-10-10T01:14:52.6598254Z  * [new tag]               ide-vscode-v0.37.116       -> ide-vscode-v0.37.116
2026-10-10T01:14:52.6598780Z  * [new tag]               ide-vscode-v0.37.117       -> ide-vscode-v0.37.117
2026-10-10T01:14:52.6599187Z  * [new tag]               ide-vscode-v0.37.118       -> ide-vscode-v0.37.118
2026-10-10T01:14:52.6599594Z  * [new tag]               ide-vscode-v0.37.119       -> ide-vscode-v0.37.119
2026-10-10T01:14:52.6600006Z  * [new tag]               ide-vscode-v0.37.12        -> ide-vscode-v0.37.12
2026-10-10T01:14:52.6600417Z  * [new tag]               ide-vscode-v0.37.120       -> ide-vscode-v0.37.120
2026-10-10T01:14:52.6600825Z  * [new tag]               ide-vscode-v0.37.121       -> ide-vscode-v0.37.121
2026-10-10T01:14:52.6601230Z  * [new tag]               ide-vscode-v0.37.123       -> ide-vscode-v0.37.123
2026-10-10T01:14:52.6601640Z  * [new tag]               ide-vscode-v0.37.124       -> ide-vscode-v0.37.124
2026-10-10T01:14:52.6602046Z  * [new tag]               ide-vscode-v0.37.125       -> ide-vscode-v0.37.125
2026-10-10T01:14:52.6602366Z  * [new tag]               ide-vscode-v0.37.126       -> ide-vscode-v0.37.126
2026-10-10T01:14:52.6602620Z  * [new tag]               ide-vscode-v0.37.127       -> ide-vscode-v0.37.127
2026-10-10T01:14:52.6602876Z  * [new tag]               ide-vscode-v0.37.128       -> ide-vscode-v0.37.128
2026-10-10T01:14:52.6603222Z  * [new tag]               ide-vscode-v0.37.13        -> ide-vscode-v0.37.13
2026-10-10T01:14:52.6603476Z  * [new tag]               ide-vscode-v0.37.130       -> ide-vscode-v0.37.130
2026-10-10T01:14:52.6603731Z  * [new tag]               ide-vscode-v0.37.131       -> ide-vscode-v0.37.131
2026-10-10T01:14:52.6603986Z  * [new tag]               ide-vscode-v0.37.132       -> ide-vscode-v0.37.132
2026-10-10T01:14:52.6604241Z  * [new tag]               ide-vscode-v0.37.133       -> ide-vscode-v0.37.133
2026-10-10T01:14:52.6604496Z  * [new tag]               ide-vscode-v0.37.134       -> ide-vscode-v0.37.134
2026-10-10T01:14:52.6604749Z  * [new tag]               ide-vscode-v0.37.135       -> ide-vscode-v0.37.135
2026-10-10T01:14:52.6605008Z  * [new tag]               ide-vscode-v0.37.136       -> ide-vscode-v0.37.136
2026-10-10T01:14:52.6605263Z  * [new tag]               ide-vscode-v0.37.137       -> ide-vscode-v0.37.137
2026-10-10T01:14:52.6605517Z  * [new tag]               ide-vscode-v0.37.138       -> ide-vscode-v0.37.138
2026-10-10T01:14:52.6605795Z  * [new tag]               ide-vscode-v0.37.139       -> ide-vscode-v0.37.139
2026-10-10T01:14:52.6606094Z  * [new tag]               ide-vscode-v0.37.14        -> ide-vscode-v0.37.14
2026-10-10T01:14:52.6606618Z  * [new tag]               ide-vscode-v0.37.15        -> ide-vscode-v0.37.15
2026-10-10T01:14:52.6606880Z  * [new tag]               ide-vscode-v0.37.16        -> ide-vscode-v0.37.16
2026-10-10T01:14:52.6607133Z  * [new tag]               ide-vscode-v0.37.17        -> ide-vscode-v0.37.17
2026-10-10T01:14:52.6607387Z  * [new tag]               ide-vscode-v0.37.18        -> ide-vscode-v0.37.18
2026-10-10T01:14:52.6607644Z  * [new tag]               ide-vscode-v0.37.2         -> ide-vscode-v0.37.2
2026-10-10T01:14:52.6607898Z  * [new tag]               ide-vscode-v0.37.20        -> ide-vscode-v0.37.20
2026-10-10T01:14:52.6608150Z  * [new tag]               ide-vscode-v0.37.3         -> ide-vscode-v0.37.3
2026-10-10T01:14:52.6608406Z  * [new tag]               ide-vscode-v0.37.30        -> ide-vscode-v0.37.30
2026-10-10T01:14:52.6608659Z  * [new tag]               ide-vscode-v0.37.31        -> ide-vscode-v0.37.31
2026-10-10T01:14:52.6608910Z  * [new tag]               ide-vscode-v0.37.33        -> ide-vscode-v0.37.33
2026-10-10T01:14:52.6609161Z  * [new tag]               ide-vscode-v0.37.34        -> ide-vscode-v0.37.34
2026-10-10T01:14:52.6609416Z  * [new tag]               ide-vscode-v0.37.35        -> ide-vscode-v0.37.35
2026-10-10T01:14:52.6609667Z  * [new tag]               ide-vscode-v0.37.36        -> ide-vscode-v0.37.36
2026-10-10T01:14:52.6609918Z  * [new tag]               ide-vscode-v0.37.37        -> ide-vscode-v0.37.37
2026-10-10T01:14:52.6610267Z  * [new tag]               ide-vscode-v0.37.38        -> ide-vscode-v0.37.38
2026-10-10T01:14:52.6610519Z  * [new tag]               ide-vscode-v0.37.39        -> ide-vscode-v0.37.39
2026-10-10T01:14:52.6610771Z  * [new tag]               ide-vscode-v0.37.4         -> ide-vscode-v0.37.4
2026-10-10T01:14:52.6611025Z  * [new tag]               ide-vscode-v0.37.42        -> ide-vscode-v0.37.42
2026-10-10T01:14:52.6611277Z  * [new tag]               ide-vscode-v0.37.44        -> ide-vscode-v0.37.44
2026-10-10T01:14:52.6611531Z  * [new tag]               ide-vscode-v0.37.45        -> ide-vscode-v0.37.45
2026-10-10T01:14:52.6611783Z  * [new tag]               ide-vscode-v0.37.46        -> ide-vscode-v0.37.46
2026-10-10T01:14:52.6612033Z  * [new tag]               ide-vscode-v0.37.47        -> ide-vscode-v0.37.47
2026-10-10T01:14:52.6612283Z  * [new tag]               ide-vscode-v0.37.48        -> ide-vscode-v0.37.48
2026-10-10T01:14:52.6612534Z  * [new tag]               ide-vscode-v0.37.49        -> ide-vscode-v0.37.49
2026-10-10T01:14:52.6612790Z  * [new tag]               ide-vscode-v0.37.5         -> ide-vscode-v0.37.5
2026-10-10T01:14:52.6613043Z  * [new tag]               ide-vscode-v0.37.50        -> ide-vscode-v0.37.50
2026-10-10T01:14:52.6613293Z  * [new tag]               ide-vscode-v0.37.51        -> ide-vscode-v0.37.51
2026-10-10T01:14:52.6613667Z  * [new tag]               ide-vscode-v0.37.52        -> ide-vscode-v0.37.52
2026-10-10T01:14:52.6613918Z  * [new tag]               ide-vscode-v0.37.53        -> ide-vscode-v0.37.53
2026-10-10T01:14:52.6614170Z  * [new tag]               ide-vscode-v0.37.54        -> ide-vscode-v0.37.54
2026-10-10T01:14:52.6614423Z  * [new tag]               ide-vscode-v0.37.55        -> ide-vscode-v0.37.55
2026-10-10T01:14:52.6614674Z  * [new tag]               ide-vscode-v0.37.56        -> ide-vscode-v0.37.56
2026-10-10T01:14:52.6614925Z  * [new tag]               ide-vscode-v0.37.57        -> ide-vscode-v0.37.57
2026-10-10T01:14:52.6615175Z  * [new tag]               ide-vscode-v0.37.58        -> ide-vscode-v0.37.58
2026-10-10T01:14:52.6615430Z  * [new tag]               ide-vscode-v0.37.59        -> ide-vscode-v0.37.59
2026-10-10T01:14:52.6615687Z  * [new tag]               ide-vscode-v0.37.6         -> ide-vscode-v0.37.6
2026-10-10T01:14:52.6615943Z  * [new tag]               ide-vscode-v0.37.60        -> ide-vscode-v0.37.60
2026-10-10T01:14:52.6616194Z  * [new tag]               ide-vscode-v0.37.61        -> ide-vscode-v0.37.61
2026-10-10T01:14:52.6616587Z  * [new tag]               ide-vscode-v0.37.63        -> ide-vscode-v0.37.63
2026-10-10T01:14:52.6616868Z  * [new tag]               ide-vscode-v0.37.64        -> ide-vscode-v0.37.64
2026-10-10T01:14:52.6617119Z  * [new tag]               ide-vscode-v0.37.65        -> ide-vscode-v0.37.65
2026-10-10T01:14:52.6617370Z  * [new tag]               ide-vscode-v0.37.66        -> ide-vscode-v0.37.66
2026-10-10T01:14:52.6617624Z  * [new tag]               ide-vscode-v0.37.67        -> ide-vscode-v0.37.67
2026-10-10T01:14:52.6617884Z  * [new tag]               ide-vscode-v0.37.68        -> ide-vscode-v0.37.68
2026-10-10T01:14:52.6618134Z  * [new tag]               ide-vscode-v0.37.69        -> ide-vscode-v0.37.69
2026-10-10T01:14:52.6618388Z  * [new tag]               ide-vscode-v0.37.7         -> ide-vscode-v0.37.7
2026-10-10T01:14:52.6618645Z  * [new tag]               ide-vscode-v0.37.70        -> ide-vscode-v0.37.70
2026-10-10T01:14:52.6618895Z  * [new tag]               ide-vscode-v0.37.71        -> ide-vscode-v0.37.71
2026-10-10T01:14:52.6619147Z  * [new tag]               ide-vscode-v0.37.72        -> ide-vscode-v0.37.72
2026-10-10T01:14:52.6619398Z  * [new tag]               ide-vscode-v0.37.73        -> ide-vscode-v0.37.73
2026-10-10T01:14:52.6619650Z  * [new tag]               ide-vscode-v0.37.75        -> ide-vscode-v0.37.75
2026-10-10T01:14:52.6619904Z  * [new tag]               ide-vscode-v0.37.76        -> ide-vscode-v0.37.76
2026-10-10T01:14:52.6620153Z  * [new tag]               ide-vscode-v0.37.77        -> ide-vscode-v0.37.77
2026-10-10T01:14:52.6620500Z  * [new tag]               ide-vscode-v0.37.78        -> ide-vscode-v0.37.78
2026-10-10T01:14:52.6620751Z  * [new tag]               ide-vscode-v0.37.79        -> ide-vscode-v0.37.79
2026-10-10T01:14:52.6621005Z  * [new tag]               ide-vscode-v0.37.8         -> ide-vscode-v0.37.8
2026-10-10T01:14:52.6621258Z  * [new tag]               ide-vscode-v0.37.80        -> ide-vscode-v0.37.80
2026-10-10T01:14:52.6621509Z  * [new tag]               ide-vscode-v0.37.81        -> ide-vscode-v0.37.81
2026-10-10T01:14:52.6621761Z  * [new tag]               ide-vscode-v0.37.82        -> ide-vscode-v0.37.82
2026-10-10T01:14:52.6622010Z  * [new tag]               ide-vscode-v0.37.83        -> ide-vscode-v0.37.83
2026-10-10T01:14:52.6622261Z  * [new tag]               ide-vscode-v0.37.84        -> ide-vscode-v0.37.84
2026-10-10T01:14:52.6622513Z  * [new tag]               ide-vscode-v0.37.85        -> ide-vscode-v0.37.85
2026-10-10T01:14:52.6622763Z  * [new tag]               ide-vscode-v0.37.86        -> ide-vscode-v0.37.86
2026-10-10T01:14:52.6623018Z  * [new tag]               ide-vscode-v0.37.87        -> ide-vscode-v0.37.87
2026-10-10T01:14:52.6623270Z  * [new tag]               ide-vscode-v0.37.88        -> ide-vscode-v0.37.88
2026-10-10T01:14:52.6623605Z  * [new tag]               ide-vscode-v0.37.89        -> ide-vscode-v0.37.89
2026-10-10T01:14:52.6623862Z  * [new tag]               ide-vscode-v0.37.9         -> ide-vscode-v0.37.9
2026-10-10T01:14:52.6624112Z  * [new tag]               ide-vscode-v0.37.91        -> ide-vscode-v0.37.91
2026-10-10T01:14:52.6624388Z  * [new tag]               ide-vscode-v0.37.92        -> ide-vscode-v0.37.92
2026-10-10T01:14:52.6624639Z  * [new tag]               ide-vscode-v0.37.93        -> ide-vscode-v0.37.93
2026-10-10T01:14:52.6624890Z  * [new tag]               ide-vscode-v0.37.94        -> ide-vscode-v0.37.94
2026-10-10T01:14:52.6625140Z  * [new tag]               ide-vscode-v0.37.95        -> ide-vscode-v0.37.95
2026-10-10T01:14:52.6625394Z  * [new tag]               ide-vscode-v0.37.96        -> ide-vscode-v0.37.96
2026-10-10T01:14:52.6625645Z  * [new tag]               ide-vscode-v0.37.97        -> ide-vscode-v0.37.97
2026-10-10T01:14:52.6625900Z  * [new tag]               ide-vscode-v0.37.98        -> ide-vscode-v0.37.98
2026-10-10T01:14:52.6626156Z  * [new tag]               ide-vscode-v0.37.99        -> ide-vscode-v0.37.99
2026-10-10T01:14:52.6626595Z  * [new tag]               ide-vscode-v0.9.0          -> ide-vscode-v0.9.0
2026-10-10T01:14:52.6626970Z  * [new tag]               internal-binaries-android-v20260614b -> internal-binaries-android-v20260614b
2026-10-10T01:14:52.6627365Z  * [new tag]               internal-binaries-android-v20260614c -> internal-binaries-android-v20260614c
2026-10-10T01:14:52.6627744Z  * [new tag]               internal-binaries-android-v20260615 -> internal-binaries-android-v20260615
2026-10-10T01:14:52.6628121Z  * [new tag]               internal-binaries-android-v20260615b -> internal-binaries-android-v20260615b
2026-10-10T01:14:52.6628504Z  * [new tag]               internal-binaries-android-v20260615c -> internal-binaries-android-v20260615c
2026-10-10T01:14:52.6628876Z  * [new tag]               internal-binaries-android-v20260615d -> internal-binaries-android-v20260615d
2026-10-10T01:14:52.6629253Z  * [new tag]               internal-binaries-android-v20260617 -> internal-binaries-android-v20260617
2026-10-10T01:14:52.6629625Z  * [new tag]               internal-binaries-android-v20260617b -> internal-binaries-android-v20260617b
2026-10-10T01:14:52.6630000Z  * [new tag]               internal-binaries-android-v20260617c -> internal-binaries-android-v20260617c
2026-10-10T01:14:52.6630373Z  * [new tag]               internal-binaries-android-v20260619 -> internal-binaries-android-v20260619
2026-10-10T01:14:52.6630743Z  * [new tag]               internal-binaries-android-v20260620 -> internal-binaries-android-v20260620
2026-10-10T01:14:52.6631113Z  * [new tag]               internal-binaries-android-v20260622 -> internal-binaries-android-v20260622
2026-10-10T01:14:52.6631582Z  * [new tag]               internal-binaries-android-v20260622b -> internal-binaries-android-v20260622b
2026-10-10T01:14:52.6631958Z  * [new tag]               internal-binaries-android-v20260622c -> internal-binaries-android-v20260622c
2026-10-10T01:14:52.6632334Z  * [new tag]               internal-binaries-android-v20260622d -> internal-binaries-android-v20260622d
2026-10-10T01:14:52.6632708Z  * [new tag]               internal-binaries-android-v20260622e -> internal-binaries-android-v20260622e
2026-10-10T01:14:52.6633080Z  * [new tag]               internal-binaries-android-v20260623 -> internal-binaries-android-v20260623
2026-10-10T01:14:52.6633572Z  * [new tag]               internal-binaries-android-v20260623b -> internal-binaries-android-v20260623b
2026-10-10T01:14:52.6634174Z  * [new tag]               internal-binaries-android-v20260624 -> internal-binaries-android-v20260624
2026-10-10T01:14:52.6634793Z  * [new tag]               internal-binaries-android-v20260628 -> internal-binaries-android-v20260628
2026-10-10T01:14:52.6635401Z  * [new tag]               internal-binaries-android-v20260628b -> internal-binaries-android-v20260628b
2026-10-10T01:14:52.6636012Z  * [new tag]               internal-binaries-android-v20260628c -> internal-binaries-android-v20260628c
2026-10-10T01:14:52.6636915Z  * [new tag]               internal-binaries-android-v20260628d -> internal-binaries-android-v20260628d
2026-10-10T01:14:52.6637523Z  * [new tag]               internal-binaries-android-v20260628e -> internal-binaries-android-v20260628e
2026-10-10T01:14:52.6638163Z  * [new tag]               internal-binaries-android-v20260629b -> internal-binaries-android-v20260629b
2026-10-10T01:14:52.6638785Z  * [new tag]               internal-binaries-android-v20260629c -> internal-binaries-android-v20260629c
2026-10-10T01:14:52.6639414Z  * [new tag]               internal-binaries-android-v20260629d -> internal-binaries-android-v20260629d
2026-10-10T01:14:52.6640032Z  * [new tag]               internal-binaries-android-v20260629e -> internal-binaries-android-v20260629e
2026-10-10T01:14:52.6640650Z  * [new tag]               internal-binaries-android-v20260629f -> internal-binaries-android-v20260629f
2026-10-10T01:14:52.6641265Z  * [new tag]               internal-binaries-android-v20260629g -> internal-binaries-android-v20260629g
2026-10-10T01:14:52.6641876Z  * [new tag]               internal-binaries-android-v20260629h -> internal-binaries-android-v20260629h
2026-10-10T01:14:52.6642505Z  * [new tag]               internal-binaries-android-v20260629i -> internal-binaries-android-v20260629i
2026-10-10T01:14:52.6643116Z  * [new tag]               internal-binaries-android-v20260703 -> internal-binaries-android-v20260703
2026-10-10T01:14:52.6643720Z  * [new tag]               internal-binaries-android-v20260711 -> internal-binaries-android-v20260711
2026-10-10T01:14:52.6644324Z  * [new tag]               internal-binaries-android-v20261008 -> internal-binaries-android-v20261008
2026-10-10T01:14:52.6644888Z  * [new tag]               python-agent-sdk-v0.1.0    -> python-agent-sdk-v0.1.0
2026-10-10T01:14:52.6645347Z  * [new tag]               python-agent-sdk-v0.2.0    -> python-agent-sdk-v0.2.0
2026-10-10T01:14:52.6645801Z  * [new tag]               python-agent-sdk-v0.2.1    -> python-agent-sdk-v0.2.1
2026-10-10T01:14:52.6646257Z  * [new tag]               python-agent-sdk-v0.2.2    -> python-agent-sdk-v0.2.2
2026-10-10T01:14:52.6646850Z  * [new tag]               python-agent-sdk-v0.2.3    -> python-agent-sdk-v0.2.3
2026-10-10T01:14:52.6647293Z  * [new tag]               python-agent-sdk-v0.2.4    -> python-agent-sdk-v0.2.4
2026-10-10T01:14:52.6647739Z  * [new tag]               python-agent-sdk-v0.2.5    -> python-agent-sdk-v0.2.5
2026-10-10T01:14:52.6648189Z  * [new tag]               python-agent-sdk-v0.2.6    -> python-agent-sdk-v0.2.6
2026-10-10T01:14:52.6648817Z  * [new tag]               python-agent-sdk-v0.2.7    -> python-agent-sdk-v0.2.7
2026-10-10T01:14:52.6649358Z  * [new tag]               python-agent-sdk-v0.2.8    -> python-agent-sdk-v0.2.8
2026-10-10T01:14:52.6649636Z  * [new tag]               python-agent-sdk-v0.2.9    -> python-agent-sdk-v0.2.9
2026-10-10T01:14:52.6649957Z  * [new tag]               release-candidate-cli-v0.166.11 -> release-candidate-cli-v0.166.11
2026-10-10T01:14:52.6650330Z  * [new tag]               release-candidate-cli-v0.166.11-rc2 -> release-candidate-cli-v0.166.11-rc2
2026-10-10T01:14:52.6650686Z  * [new tag]               v-npm-0-162-172            -> v-npm-0-162-172
2026-10-10T01:14:52.6650939Z  * [new tag]               v-npm-0-162-172b           -> v-npm-0-162-172b
2026-10-10T01:14:52.6651192Z  * [new tag]               v-npm-0-162-180            -> v-npm-0-162-180
2026-10-10T01:14:52.6651433Z  * [new tag]               v-npm-0-162-181            -> v-npm-0-162-181
2026-10-10T01:14:52.6651673Z  * [new tag]               v-npm-0-162-182            -> v-npm-0-162-182
2026-10-10T01:14:52.6651912Z  * [new tag]               v-npm-0-162-183            -> v-npm-0-162-183
2026-10-10T01:14:52.6652160Z  * [new tag]               v-npm-0-162-184            -> v-npm-0-162-184
2026-10-10T01:14:52.6652398Z  * [new tag]               v-npm-0-162-185            -> v-npm-0-162-185
2026-10-10T01:14:52.6652725Z  * [new tag]               v-npm-0-162-187            -> v-npm-0-162-187
2026-10-10T01:14:52.6652964Z  * [new tag]               v-npm-0-162-188            -> v-npm-0-162-188
2026-10-10T01:14:52.6653203Z  * [new tag]               v-npm-0-162-189            -> v-npm-0-162-189
2026-10-10T01:14:52.6653441Z  * [new tag]               v-npm-0-162-190            -> v-npm-0-162-190
2026-10-10T01:14:52.6653679Z  * [new tag]               v-npm-0-162-191            -> v-npm-0-162-191
2026-10-10T01:14:52.6653917Z  * [new tag]               v-npm-0-162-192            -> v-npm-0-162-192
2026-10-10T01:14:52.6654156Z  * [new tag]               v-npm-0-162-194            -> v-npm-0-162-194
2026-10-10T01:14:52.6654393Z  * [new tag]               v-npm-0-162-195            -> v-npm-0-162-195
2026-10-10T01:14:52.6654635Z  * [new tag]               v-npm-0-162-196            -> v-npm-0-162-196
2026-10-10T01:14:52.6654875Z  * [new tag]               v-npm-0-162-197            -> v-npm-0-162-197
2026-10-10T01:14:52.6655115Z  * [new tag]               v-npm-0-162-198            -> v-npm-0-162-198
2026-10-10T01:14:52.6655352Z  * [new tag]               v-npm-0-162-199            -> v-npm-0-162-199
2026-10-10T01:14:52.6655590Z  * [new tag]               v-npm-0-162-200            -> v-npm-0-162-200
2026-10-10T01:14:52.6655833Z  * [new tag]               v-npm-0-163-0              -> v-npm-0-163-0
2026-10-10T01:14:52.6656080Z  * [new tag]               v-npm-0-163-1              -> v-npm-0-163-1
2026-10-10T01:14:52.6656316Z  * [new tag]               v-npm-0-163-2              -> v-npm-0-163-2
2026-10-10T01:14:52.6656786Z  * [new tag]               v-npm-0-163-3              -> v-npm-0-163-3
2026-10-10T01:14:52.6657157Z  * [new tag]               v-npm-0-163-4              -> v-npm-0-163-4
2026-10-10T01:14:52.6657526Z  * [new tag]               v-npm-0-163-5              -> v-npm-0-163-5
2026-10-10T01:14:52.6657900Z  * [new tag]               v-npm-0-163-6              -> v-npm-0-163-6
2026-10-10T01:14:52.6658271Z  * [new tag]               v-npm-0-163-7              -> v-npm-0-163-7
2026-10-10T01:14:52.6658709Z  * [new tag]               v-npm-0-163-8              -> v-npm-0-163-8
2026-10-10T01:14:52.6659068Z  * [new tag]               v-npm-0-164-0              -> v-npm-0-164-0
2026-10-10T01:14:52.6659505Z  * [new tag]               v-npm-0-165-0              -> v-npm-0-165-0
2026-10-10T01:14:52.6659885Z  * [new tag]               v-npm-0-165-1              -> v-npm-0-165-1
2026-10-10T01:14:52.6660276Z  * [new tag]               v-npm-0-165-10             -> v-npm-0-165-10
2026-10-10T01:14:52.6660662Z  * [new tag]               v-npm-0-165-2              -> v-npm-0-165-2
2026-10-10T01:14:52.6661044Z  * [new tag]               v-npm-0-165-3              -> v-npm-0-165-3
2026-10-10T01:14:52.6661566Z  * [new tag]               v-npm-0-165-4              -> v-npm-0-165-4
2026-10-10T01:14:52.6661947Z  * [new tag]               v-npm-0-165-5              -> v-npm-0-165-5
2026-10-10T01:14:52.6662334Z  * [new tag]               v-npm-0-165-6              -> v-npm-0-165-6
2026-10-10T01:14:52.6662729Z  * [new tag]               v-npm-0-165-7              -> v-npm-0-165-7
2026-10-10T01:14:52.6663111Z  * [new tag]               v-npm-0-165-8              -> v-npm-0-165-8
2026-10-10T01:14:52.6663487Z  * [new tag]               v-npm-0-165-9              -> v-npm-0-165-9
2026-10-10T01:14:52.6663849Z  * [new tag]               v-npm-0-166-0              -> v-npm-0-166-0
2026-10-10T01:14:52.6664213Z  * [new tag]               v-npm-0-166-1              -> v-npm-0-166-1
2026-10-10T01:14:52.6664476Z  * [new tag]               v-npm-0-166-10             -> v-npm-0-166-10
2026-10-10T01:14:52.6664717Z  * [new tag]               v-npm-0-166-11             -> v-npm-0-166-11
2026-10-10T01:14:52.6664964Z  * [new tag]               v-npm-0-166-13             -> v-npm-0-166-13
2026-10-10T01:14:52.6665199Z  * [new tag]               v-npm-0-166-14             -> v-npm-0-166-14
2026-10-10T01:14:52.6665434Z  * [new tag]               v-npm-0-166-15             -> v-npm-0-166-15
2026-10-10T01:14:52.6665773Z  * [new tag]               v-npm-0-166-16             -> v-npm-0-166-16
2026-10-10T01:14:52.6666010Z  * [new tag]               v-npm-0-166-17             -> v-npm-0-166-17
2026-10-10T01:14:52.6666244Z  * [new tag]               v-npm-0-166-18             -> v-npm-0-166-18
2026-10-10T01:14:52.6666653Z  * [new tag]               v-npm-0-166-19             -> v-npm-0-166-19
2026-10-10T01:14:52.6666891Z  * [new tag]               v-npm-0-166-2              -> v-npm-0-166-2
2026-10-10T01:14:52.6667131Z  * [new tag]               v-npm-0-166-20             -> v-npm-0-166-20
2026-10-10T01:14:52.6667366Z  * [new tag]               v-npm-0-166-21             -> v-npm-0-166-21
2026-10-10T01:14:52.6667603Z  * [new tag]               v-npm-0-166-22             -> v-npm-0-166-22
2026-10-10T01:14:52.6667842Z  * [new tag]               v-npm-0-166-23             -> v-npm-0-166-23
2026-10-10T01:14:52.6668077Z  * [new tag]               v-npm-0-166-24             -> v-npm-0-166-24
2026-10-10T01:14:52.6668316Z  * [new tag]               v-npm-0-166-25             -> v-npm-0-166-25
2026-10-10T01:14:52.6668551Z  * [new tag]               v-npm-0-166-26             -> v-npm-0-166-26
2026-10-10T01:14:52.6668786Z  * [new tag]               v-npm-0-166-27             -> v-npm-0-166-27
2026-10-10T01:14:52.6669134Z  * [new tag]               v-npm-0-166-28             -> v-npm-0-166-28
2026-10-10T01:14:52.6669506Z  * [new tag]               v-npm-0-166-29             -> v-npm-0-166-29
2026-10-10T01:14:52.6669884Z  * [new tag]               v-npm-0-166-3              -> v-npm-0-166-3
2026-10-10T01:14:52.6670275Z  * [new tag]               v-npm-0-166-30             -> v-npm-0-166-30
2026-10-10T01:14:52.6670678Z  * [new tag]               v-npm-0-166-31             -> v-npm-0-166-31
2026-10-10T01:14:52.6671067Z  * [new tag]               v-npm-0-166-32             -> v-npm-0-166-32
2026-10-10T01:14:52.6671440Z  * [new tag]               v-npm-0-166-33             -> v-npm-0-166-33
2026-10-10T01:14:52.6671819Z  * [new tag]               v-npm-0-166-34             -> v-npm-0-166-34
2026-10-10T01:14:52.6672197Z  * [new tag]               v-npm-0-166-36             -> v-npm-0-166-36
2026-10-10T01:14:52.6672581Z  * [new tag]               v-npm-0-166-37             -> v-npm-0-166-37
2026-10-10T01:14:52.6672970Z  * [new tag]               v-npm-0-166-38             -> v-npm-0-166-38
2026-10-10T01:14:52.6673362Z  * [new tag]               v-npm-0-166-39             -> v-npm-0-166-39
2026-10-10T01:14:52.6673757Z  * [new tag]               v-npm-0-166-4              -> v-npm-0-166-4
2026-10-10T01:14:52.6674151Z  * [new tag]               v-npm-0-166-40             -> v-npm-0-166-40
2026-10-10T01:14:52.6674528Z  * [new tag]               v-npm-0-166-41             -> v-npm-0-166-41
2026-10-10T01:14:52.6675100Z  * [new tag]               v-npm-0-166-42             -> v-npm-0-166-42
2026-10-10T01:14:52.6675496Z  * [new tag]               v-npm-0-166-43             -> v-npm-0-166-43
2026-10-10T01:14:52.6675881Z  * [new tag]               v-npm-0-166-44             -> v-npm-0-166-44
2026-10-10T01:14:52.6676275Z  * [new tag]               v-npm-0-166-45             -> v-npm-0-166-45
2026-10-10T01:14:52.6676847Z  * [new tag]               v-npm-0-166-46             -> v-npm-0-166-46
2026-10-10T01:14:52.6677225Z  * [new tag]               v-npm-0-166-47             -> v-npm-0-166-47
2026-10-10T01:14:52.6677605Z  * [new tag]               v-npm-0-166-48             -> v-npm-0-166-48
2026-10-10T01:14:52.6677982Z  * [new tag]               v-npm-0-166-49             -> v-npm-0-166-49
2026-10-10T01:14:52.6678367Z  * [new tag]               v-npm-0-166-5              -> v-npm-0-166-5
2026-10-10T01:14:52.6678749Z  * [new tag]               v-npm-0-166-50             -> v-npm-0-166-50
2026-10-10T01:14:52.6679138Z  * [new tag]               v-npm-0-166-51             -> v-npm-0-166-51
2026-10-10T01:14:52.6679513Z  * [new tag]               v-npm-0-166-52             -> v-npm-0-166-52
2026-10-10T01:14:52.6679889Z  * [new tag]               v-npm-0-166-53             -> v-npm-0-166-53
2026-10-10T01:14:52.6680399Z  * [new tag]               v-npm-0-166-54             -> v-npm-0-166-54
2026-10-10T01:14:52.6680775Z  * [new tag]               v-npm-0-166-55             -> v-npm-0-166-55
2026-10-10T01:14:52.6681154Z  * [new tag]               v-npm-0-166-56             -> v-npm-0-166-56
2026-10-10T01:14:52.6681540Z  * [new tag]               v-npm-0-166-57             -> v-npm-0-166-57
2026-10-10T01:14:52.6681918Z  * [new tag]               v-npm-0-166-58             -> v-npm-0-166-58
2026-10-10T01:14:52.6682343Z  * [new tag]               v-npm-0-166-59             -> v-npm-0-166-59
2026-10-10T01:14:52.6682864Z  * [new tag]               v-npm-0-166-6              -> v-npm-0-166-6
2026-10-10T01:14:52.6683256Z  * [new tag]               v-npm-0-166-60             -> v-npm-0-166-60
2026-10-10T01:14:52.6683495Z  * [new tag]               v-npm-0-166-62             -> v-npm-0-166-62
2026-10-10T01:14:52.6683735Z  * [new tag]               v-npm-0-166-63             -> v-npm-0-166-63
2026-10-10T01:14:52.6683979Z  * [new tag]               v-npm-0-166-64             -> v-npm-0-166-64
2026-10-10T01:14:52.6684219Z  * [new tag]               v-npm-0-166-65             -> v-npm-0-166-65
2026-10-10T01:14:52.6684453Z  * [new tag]               v-npm-0-166-66             -> v-npm-0-166-66
2026-10-10T01:14:52.6684686Z  * [new tag]               v-npm-0-166-67             -> v-npm-0-166-67
2026-10-10T01:14:52.6684921Z  * [new tag]               v-npm-0-166-68             -> v-npm-0-166-68
2026-10-10T01:14:52.6685154Z  * [new tag]               v-npm-0-166-69             -> v-npm-0-166-69
2026-10-10T01:14:52.6685413Z  * [new tag]               v-npm-0-166-7              -> v-npm-0-166-7
2026-10-10T01:14:52.6685655Z  * [new tag]               v-npm-0-166-70             -> v-npm-0-166-70
2026-10-10T01:14:52.6685890Z  * [new tag]               v-npm-0-166-71             -> v-npm-0-166-71
2026-10-10T01:14:52.6686125Z  * [new tag]               v-npm-0-166-72             -> v-npm-0-166-72
2026-10-10T01:14:52.6686364Z  * [new tag]               v-npm-0-166-74             -> v-npm-0-166-74
2026-10-10T01:14:52.6686772Z  * [new tag]               v-npm-0-166-75             -> v-npm-0-166-75
2026-10-10T01:14:52.6687006Z  * [new tag]               v-npm-0-166-76             -> v-npm-0-166-76
2026-10-10T01:14:52.6687239Z  * [new tag]               v-npm-0-166-77             -> v-npm-0-166-77
2026-10-10T01:14:52.6687473Z  * [new tag]               v-npm-0-166-78             -> v-npm-0-166-78
2026-10-10T01:14:52.6687709Z  * [new tag]               v-npm-0-166-79             -> v-npm-0-166-79
2026-10-10T01:14:52.6687943Z  * [new tag]               v-npm-0-166-80             -> v-npm-0-166-80
2026-10-10T01:14:52.6688281Z  * [new tag]               v-npm-0-166-81             -> v-npm-0-166-81
2026-10-10T01:14:52.6688515Z  * [new tag]               v-npm-0-166-82             -> v-npm-0-166-82
2026-10-10T01:14:52.6688750Z  * [new tag]               v-npm-0-166-83             -> v-npm-0-166-83
2026-10-10T01:14:52.6688987Z  * [new tag]               v-npm-0-166-84             -> v-npm-0-166-84
2026-10-10T01:14:52.6689222Z  * [new tag]               v-npm-0-166-85             -> v-npm-0-166-85
2026-10-10T01:14:52.6689457Z  * [new tag]               v-npm-0-166-86             -> v-npm-0-166-86
2026-10-10T01:14:52.6689690Z  * [new tag]               v-npm-0-166-87             -> v-npm-0-166-87
2026-10-10T01:14:52.6689926Z  * [new tag]               v-npm-0-166-88             -> v-npm-0-166-88
2026-10-10T01:14:52.6690162Z  * [new tag]               v-npm-0-166-89             -> v-npm-0-166-89
2026-10-10T01:14:52.6690396Z  * [new tag]               v-npm-0-166-9              -> v-npm-0-166-9
2026-10-10T01:14:52.6690632Z  * [new tag]               v-npm-0-166-90             -> v-npm-0-166-90
2026-10-10T01:14:52.6690973Z  * [new tag]               v-npm-0-166-91             -> v-npm-0-166-91
2026-10-10T01:14:52.6691344Z  * [new tag]               v-npm-0-166-92             -> v-npm-0-166-92
2026-10-10T01:14:52.6691823Z  * [new tag]               v-npm-0-166-93             -> v-npm-0-166-93
2026-10-10T01:14:52.6692188Z  * [new tag]               v-npm-0-166-94             -> v-npm-0-166-94
2026-10-10T01:14:52.6692575Z  * [new tag]               v-npm-0-166-95             -> v-npm-0-166-95
2026-10-10T01:14:52.6692929Z  * [new tag]               v0.158.0                   -> v0.158.0
2026-10-10T01:14:52.6693162Z  * [new tag]               v0.159.0                   -> v0.159.0
2026-10-10T01:14:52.6693382Z  * [new tag]               v0.160.0                   -> v0.160.0
2026-10-10T01:14:52.6693636Z  * [new tag]               v0.162.172                 -> v0.162.172
2026-10-10T01:14:52.6693864Z  * [new tag]               v0.162.173                 -> v0.162.173
2026-10-10T01:14:52.6694097Z  * [new tag]               v0.162.192                 -> v0.162.192
2026-10-10T01:14:52.6694324Z  * [new tag]               v0.2.0                     -> v0.2.0
2026-10-10T01:14:52.6694547Z  * [new tag]               v0.20.0                    -> v0.20.0
2026-10-10T01:14:52.6694782Z  * [new tag]               v0.21.0                    -> v0.21.0
2026-10-10T01:14:52.6695004Z  * [new tag]               v0.22.0                    -> v0.22.0
2026-10-10T01:14:52.6695222Z  * [new tag]               v0.26.1                    -> v0.26.1
2026-10-10T01:14:52.6695439Z  * [new tag]               v0.26.2                    -> v0.26.2
2026-10-10T01:14:52.6695654Z  * [new tag]               v0.34.0                    -> v0.34.0
2026-10-10T01:14:52.6695871Z  * [new tag]               v0.34.10                   -> v0.34.10
2026-10-10T01:14:52.6696089Z  * [new tag]               v0.34.7                    -> v0.34.7
2026-10-10T01:14:52.6696304Z  * [new tag]               v0.34.8                    -> v0.34.8
2026-10-10T01:14:52.6696676Z  * [new tag]               v0.34.9                    -> v0.34.9
2026-10-10T01:14:52.6696894Z  * [new tag]               v0.35.0                    -> v0.35.0
2026-10-10T01:14:52.6697107Z  * [new tag]               v0.35.1                    -> v0.35.1
2026-10-10T01:14:52.6697323Z  * [new tag]               v0.35.2                    -> v0.35.2
2026-10-10T01:14:52.6697535Z  * [new tag]               v0.35.3                    -> v0.35.3
2026-10-10T01:14:52.6697749Z  * [new tag]               v0.35.4                    -> v0.35.4
2026-10-10T01:14:52.6697966Z  * [new tag]               v0.37.10                   -> v0.37.10
2026-10-10T01:14:52.6698189Z  * [new tag]               v0.37.11                   -> v0.37.11
2026-10-10T01:14:52.6698405Z  * [new tag]               v0.37.12                   -> v0.37.12
2026-10-10T01:14:52.6698625Z  * [new tag]               v0.37.8                    -> v0.37.8
2026-10-10T01:14:52.6698841Z  * [new tag]               v0.37.9                    -> v0.37.9
2026-10-10T01:14:52.6699166Z  * [new tag]               v0.38.0                    -> v0.38.0
2026-10-10T01:14:52.6699382Z  * [new tag]               v0.38.1                    -> v0.38.1
2026-10-10T01:14:52.6699596Z  * [new tag]               v0.40.0                    -> v0.40.0
2026-10-10T01:14:52.6699813Z  * [new tag]               v0.40.1                    -> v0.40.1
2026-10-10T01:14:52.6700025Z  * [new tag]               v0.40.2                    -> v0.40.2
2026-10-10T01:14:52.6700237Z  * [new tag]               v0.40.3                    -> v0.40.3
2026-10-10T01:14:52.6700449Z  * [new tag]               v0.41.0                    -> v0.41.0
2026-10-10T01:14:52.6700669Z  * [new tag]               v0.41.1                    -> v0.41.1
2026-10-10T01:14:52.6700881Z  * [new tag]               v0.42.1                    -> v0.42.1
2026-10-10T01:14:52.6701094Z  * [new tag]               v0.42.2                    -> v0.42.2
2026-10-10T01:14:52.6701307Z  * [new tag]               v0.42.3                    -> v0.42.3
2026-10-10T01:14:52.6701525Z  * [new tag]               v0.43.0                    -> v0.43.0
2026-10-10T01:14:52.6701739Z  * [new tag]               v0.43.1                    -> v0.43.1
2026-10-10T01:14:52.6702034Z  * [new tag]               v0.43.2                    -> v0.43.2
2026-10-10T01:14:52.6702248Z  * [new tag]               v0.43.3                    -> v0.43.3
2026-10-10T01:14:52.6702465Z  * [new tag]               v0.43.4                    -> v0.43.4
2026-10-10T01:14:52.6702825Z  * [new tag]               v0.44.0                    -> v0.44.0
2026-10-10T01:14:52.6703041Z  * [new tag]               v0.45.0                    -> v0.45.0
2026-10-10T01:14:52.6703256Z  * [new tag]               v0.45.1                    -> v0.45.1
2026-10-10T01:14:52.6703515Z  * [new tag]               v0.45.12                   -> v0.45.12
2026-10-10T01:14:52.6703775Z  * [new tag]               v0.45.13                   -> v0.45.13
2026-10-10T01:14:52.6703996Z  * [new tag]               v0.45.14                   -> v0.45.14
2026-10-10T01:14:52.6704213Z  * [new tag]               v0.45.15                   -> v0.45.15
2026-10-10T01:14:52.6704509Z  * [new tag]               v0.45.16                   -> v0.45.16
2026-10-10T01:14:52.6704733Z  * [new tag]               v0.45.17                   -> v0.45.17
2026-10-10T01:14:52.6704949Z  * [new tag]               v0.45.18                   -> v0.45.18
2026-10-10T01:14:52.6705234Z  * [new tag]               v0.45.19                   -> v0.45.19
2026-10-10T01:14:52.6705486Z  * [new tag]               v0.45.2                    -> v0.45.2
2026-10-10T01:14:52.6705708Z  * [new tag]               v0.45.20                   -> v0.45.20
2026-10-10T01:14:52.6705987Z  * [new tag]               v0.45.21                   -> v0.45.21
2026-10-10T01:14:52.6706206Z  * [new tag]               v0.45.22                   -> v0.45.22
2026-10-10T01:14:52.6706555Z  * [new tag]               v0.45.23                   -> v0.45.23
2026-10-10T01:14:52.6706798Z  * [new tag]               v0.45.24                   -> v0.45.24
2026-10-10T01:14:52.6707013Z  * [new tag]               v0.45.25                   -> v0.45.25
2026-10-10T01:14:52.6707305Z  * [new tag]               v0.45.26                   -> v0.45.26
2026-10-10T01:14:52.6707830Z  * [new tag]               v0.45.27                   -> v0.45.27
2026-10-10T01:14:52.6708412Z  * [new tag]               v0.45.28                   -> v0.45.28
2026-10-10T01:14:52.6708970Z  * [new tag]               v0.45.29                   -> v0.45.29
2026-10-10T01:14:52.6709539Z  * [new tag]               v0.45.3                    -> v0.45.3
2026-10-10T01:14:52.6710124Z  * [new tag]               v0.45.30                   -> v0.45.30
2026-10-10T01:14:52.6710659Z  * [new tag]               v0.45.31                   -> v0.45.31
2026-10-10T01:14:52.6711119Z  * [new tag]               v0.45.32                   -> v0.45.32
2026-10-10T01:14:52.6711568Z  * [new tag]               v0.45.33                   -> v0.45.33
2026-10-10T01:14:52.6712357Z  * [new tag]               v0.45.4                    -> v0.45.4
2026-10-10T01:14:52.6712921Z  * [new tag]               v0.45.5                    -> v0.45.5
2026-10-10T01:14:52.6713378Z  * [new tag]               v0.45.6                    -> v0.45.6
2026-10-10T01:14:52.6713851Z  * [new tag]               v0.45.62                   -> v0.45.62
2026-10-10T01:14:52.6714340Z  * [new tag]               v0.45.63                   -> v0.45.63
2026-10-10T01:14:52.6714764Z  * [new tag]               v0.45.64                   -> v0.45.64
2026-10-10T01:14:52.6715110Z  * [new tag]               v0.45.65                   -> v0.45.65
2026-10-10T01:14:52.6715471Z  * [new tag]               v0.45.66                   -> v0.45.66
2026-10-10T01:14:52.6715821Z  * [new tag]               v0.45.67                   -> v0.45.67
2026-10-10T01:14:52.6716175Z  * [new tag]               v0.45.68                   -> v0.45.68
2026-10-10T01:14:52.6716646Z  * [new tag]               v0.45.69                   -> v0.45.69
2026-10-10T01:14:52.6717021Z  * [new tag]               v0.45.7                    -> v0.45.7
2026-10-10T01:14:52.6717376Z  * [new tag]               v0.45.70                   -> v0.45.70
2026-10-10T01:14:52.6717726Z  * [new tag]               v0.45.71                   -> v0.45.71
2026-10-10T01:14:52.6718248Z  * [new tag]               v0.45.72                   -> v0.45.72
2026-10-10T01:14:52.6718608Z  * [new tag]               v0.45.8                    -> v0.45.8
2026-10-10T01:14:52.6718959Z  * [new tag]               v0.45.9                    -> v0.45.9
2026-10-10T01:14:52.6719319Z  * [new tag]               v0.47.0                    -> v0.47.0
2026-10-10T01:14:52.6719669Z  * [new tag]               v0.47.2                    -> v0.47.2
2026-10-10T01:14:52.6720038Z  * [new tag]               v0.47.4                    -> v0.47.4
2026-10-10T01:14:52.6720404Z  * [new tag]               v0.47.5                    -> v0.47.5
2026-10-10T01:14:52.6720758Z  * [new tag]               v0.47.7                    -> v0.47.7
2026-10-10T01:14:52.6721118Z  * [new tag]               v0.47.8                    -> v0.47.8
2026-10-10T01:14:52.6721477Z  * [new tag]               v1.0.0                     -> v1.0.0
2026-10-10T01:14:52.6721854Z  * [new tag]               v5.0.2.11                  -> v5.0.2.11
2026-10-10T01:14:52.6722238Z  * [new tag]               v5.0.2.12                  -> v5.0.2.12
2026-10-10T01:14:52.6722607Z  * [new tag]               v5.0.2.13                  -> v5.0.2.13
2026-10-10T01:14:52.6722982Z  * [new tag]               v5.0.2.14                  -> v5.0.2.14
2026-10-10T01:14:52.6723361Z  * [new tag]               v5.0.2.15                  -> v5.0.2.15
2026-10-10T01:14:52.6723758Z  * [new tag]               v5.0.2.17                  -> v5.0.2.17
2026-10-10T01:14:52.6724137Z  * [new tag]               v5.0.2.18                  -> v5.0.2.18
2026-10-10T01:14:52.6724510Z  * [new tag]               v5.0.2.19                  -> v5.0.2.19
2026-10-10T01:14:52.6724888Z  * [new tag]               v5.0.2.20                  -> v5.0.2.20
2026-10-10T01:14:52.6725127Z  * [new tag]               v5.0.2.21                  -> v5.0.2.21
2026-10-10T01:14:52.6725359Z  * [new tag]               v5.0.2.22                  -> v5.0.2.22
2026-10-10T01:14:52.6725671Z  * [new tag]               v5.0.2.23                  -> v5.0.2.23
2026-10-10T01:14:52.6725904Z  * [new tag]               v5.0.2.24                  -> v5.0.2.24
2026-10-10T01:14:52.6726136Z  * [new tag]               v5.0.2.25                  -> v5.0.2.25
2026-10-10T01:14:52.6726569Z  * [new tag]               v5.0.2.26                  -> v5.0.2.26
2026-10-10T01:14:52.6727050Z  * [new tag]               v5.0.2.27                  -> v5.0.2.27
2026-10-10T01:14:52.6727362Z  * [new tag]               v5.0.2.28                  -> v5.0.2.28
2026-10-10T01:14:52.6727686Z  * [new tag]               v5.0.2.29                  -> v5.0.2.29
2026-10-10T01:14:52.6727960Z  * [new tag]               v5.0.2.30                  -> v5.0.2.30
2026-10-10T01:14:52.6728370Z  * [new tag]               v5.0.2.31                  -> v5.0.2.31
2026-10-10T01:14:52.6728601Z  * [new tag]               v5.0.2.32                  -> v5.0.2.32
2026-10-10T01:14:52.6728828Z  * [new tag]               v5.0.2.33                  -> v5.0.2.33
2026-10-10T01:14:52.6729236Z  * [new tag]               v5.0.2.34                  -> v5.0.2.34
2026-10-10T01:14:52.6729470Z  * [new tag]               v5.0.2.35                  -> v5.0.2.35
2026-10-10T01:14:52.6729734Z  * [new tag]               v5.0.2.36                  -> v5.0.2.36
2026-10-10T01:14:52.6730000Z  * [new tag]               v5.0.2.37                  -> v5.0.2.37
2026-10-10T01:14:52.6730230Z  * [new tag]               v5.0.2.38                  -> v5.0.2.38
2026-10-10T01:14:52.6730457Z  * [new tag]               v5.0.2.39                  -> v5.0.2.39
2026-10-10T01:14:52.6730845Z  * [new tag]               v5.0.2.40                  -> v5.0.2.40
2026-10-10T01:14:52.6731071Z  * [new tag]               v5.0.2.41                  -> v5.0.2.41
2026-10-10T01:14:52.6731354Z  * [new tag]               v5.0.2.42                  -> v5.0.2.42
2026-10-10T01:14:52.6731613Z  * [new tag]               v5.0.2.43                  -> v5.0.2.43
2026-10-10T01:14:52.6731846Z  * [new tag]               v5.0.2.44                  -> v5.0.2.44
2026-10-10T01:14:52.6732273Z  * [new tag]               v5.0.2.47                  -> v5.0.2.47
2026-10-10T01:14:52.6732514Z  * [new tag]               v5.0.2.48                  -> v5.0.2.48
2026-10-10T01:14:52.6732800Z  * [new tag]               v5.0.2.49                  -> v5.0.2.49
2026-10-10T01:14:52.6733095Z  * [new tag]               v5.0.2.50                  -> v5.0.2.50
2026-10-10T01:14:52.6733322Z  * [new tag]               v5.0.2.52                  -> v5.0.2.52
2026-10-10T01:14:52.6733550Z  * [new tag]               v5.0.2.53                  -> v5.0.2.53
2026-10-10T01:14:52.6733869Z  * [new tag]               v5.0.2.54                  -> v5.0.2.54
2026-10-10T01:14:52.6734126Z  * [new tag]               v5.0.2.55                  -> v5.0.2.55
2026-10-10T01:14:52.6734359Z  * [new tag]               v5.0.2.7                   -> v5.0.2.7
2026-10-10T01:14:52.6734699Z  * [new tag]               v5.0.2.8                   -> v5.0.2.8
2026-10-10T01:14:52.6752489Z  * [new tag]               v5.0.2.9                   -> v5.0.2.9
2026-10-10T01:14:52.6752766Z  * [new tag]               v5.0.3.0                   -> v5.0.3.0
2026-10-10T01:14:52.6752997Z  * [new tag]               v5.0.3.1                   -> v5.0.3.1
2026-10-10T01:14:52.6753338Z  * [new tag]               v5.0.3.10                  -> v5.0.3.10
2026-10-10T01:14:52.6753577Z  * [new tag]               v5.0.3.100                 -> v5.0.3.100
2026-10-10T01:14:52.6753814Z  * [new tag]               v5.0.3.101                 -> v5.0.3.101
2026-10-10T01:14:52.6754104Z  * [new tag]               v5.0.3.102                 -> v5.0.3.102
2026-10-10T01:14:52.6754333Z  * [new tag]               v5.0.3.103                 -> v5.0.3.103
2026-10-10T01:14:52.6754573Z  * [new tag]               v5.0.3.104                 -> v5.0.3.104
2026-10-10T01:14:52.6754876Z  * [new tag]               v5.0.3.105                 -> v5.0.3.105
2026-10-10T01:14:52.6755145Z  * [new tag]               v5.0.3.106                 -> v5.0.3.106
2026-10-10T01:14:52.6755378Z  * [new tag]               v5.0.3.107                 -> v5.0.3.107
2026-10-10T01:14:52.6755628Z  * [new tag]               v5.0.3.108                 -> v5.0.3.108
2026-10-10T01:14:52.6755902Z  * [new tag]               v5.0.3.109                 -> v5.0.3.109
2026-10-10T01:14:52.6756134Z  * [new tag]               v5.0.3.11                  -> v5.0.3.11
2026-10-10T01:14:52.6756379Z  * [new tag]               v5.0.3.110                 -> v5.0.3.110
2026-10-10T01:14:52.6756853Z  * [new tag]               v5.0.3.111                 -> v5.0.3.111
2026-10-10T01:14:52.6757221Z  * [new tag]               v5.0.3.112                 -> v5.0.3.112
2026-10-10T01:14:52.6757589Z  * [new tag]               v5.0.3.113                 -> v5.0.3.113
2026-10-10T01:14:52.6758129Z  * [new tag]               v5.0.3.114                 -> v5.0.3.114
2026-10-10T01:14:52.6758498Z  * [new tag]               v5.0.3.115                 -> v5.0.3.115
2026-10-10T01:14:52.6758874Z  * [new tag]               v5.0.3.116                 -> v5.0.3.116
2026-10-10T01:14:52.6759240Z  * [new tag]               v5.0.3.117                 -> v5.0.3.117
2026-10-10T01:14:52.6759652Z  * [new tag]               v5.0.3.118                 -> v5.0.3.118
2026-10-10T01:14:52.6760016Z  * [new tag]               v5.0.3.119                 -> v5.0.3.119
2026-10-10T01:14:52.6760384Z  * [new tag]               v5.0.3.12                  -> v5.0.3.12
2026-10-10T01:14:52.6760908Z  * [new tag]               v5.0.3.120                 -> v5.0.3.120
2026-10-10T01:14:52.6761473Z  * [new tag]               v5.0.3.121                 -> v5.0.3.121
2026-10-10T01:14:52.6762044Z  * [new tag]               v5.0.3.122                 -> v5.0.3.122
2026-10-10T01:14:52.6762556Z  * [new tag]               v5.0.3.123                 -> v5.0.3.123
2026-10-10T01:14:52.6762924Z  * [new tag]               v5.0.3.124                 -> v5.0.3.124
2026-10-10T01:14:52.6763295Z  * [new tag]               v5.0.3.125                 -> v5.0.3.125
2026-10-10T01:14:52.6763779Z  * [new tag]               v5.0.3.126                 -> v5.0.3.126
2026-10-10T01:14:52.6764144Z  * [new tag]               v5.0.3.127                 -> v5.0.3.127
2026-10-10T01:14:52.6764511Z  * [new tag]               v5.0.3.128                 -> v5.0.3.128
2026-10-10T01:14:52.6764880Z  * [new tag]               v5.0.3.129                 -> v5.0.3.129
2026-10-10T01:14:52.6765250Z  * [new tag]               v5.0.3.13                  -> v5.0.3.13
2026-10-10T01:14:52.6765622Z  * [new tag]               v5.0.3.130                 -> v5.0.3.130
2026-10-10T01:14:52.6765993Z  * [new tag]               v5.0.3.131                 -> v5.0.3.131
2026-10-10T01:14:52.6766363Z  * [new tag]               v5.0.3.132                 -> v5.0.3.132
2026-10-10T01:14:52.6766845Z  * [new tag]               v5.0.3.133                 -> v5.0.3.133
2026-10-10T01:14:52.6767214Z  * [new tag]               v5.0.3.134                 -> v5.0.3.134
2026-10-10T01:14:52.6767580Z  * [new tag]               v5.0.3.135                 -> v5.0.3.135
2026-10-10T01:14:52.6767952Z  * [new tag]               v5.0.3.136                 -> v5.0.3.136
2026-10-10T01:14:52.6768315Z  * [new tag]               v5.0.3.137                 -> v5.0.3.137
2026-10-10T01:14:52.6768680Z  * [new tag]               v5.0.3.138                 -> v5.0.3.138
2026-10-10T01:14:52.6769052Z  * [new tag]               v5.0.3.139                 -> v5.0.3.139
2026-10-10T01:14:52.6769419Z  * [new tag]               v5.0.3.14                  -> v5.0.3.14
2026-10-10T01:14:52.6769791Z  * [new tag]               v5.0.3.140                 -> v5.0.3.140
2026-10-10T01:14:52.6770161Z  * [new tag]               v5.0.3.16                  -> v5.0.3.16
2026-10-10T01:14:52.6770533Z  * [new tag]               v5.0.3.17                  -> v5.0.3.17
2026-10-10T01:14:52.6770902Z  * [new tag]               v5.0.3.18                  -> v5.0.3.18
2026-10-10T01:14:52.6771272Z  * [new tag]               v5.0.3.19                  -> v5.0.3.19
2026-10-10T01:14:52.6771638Z  * [new tag]               v5.0.3.20                  -> v5.0.3.20
2026-10-10T01:14:52.6772004Z  * [new tag]               v5.0.3.21                  -> v5.0.3.21
2026-10-10T01:14:52.6772369Z  * [new tag]               v5.0.3.22                  -> v5.0.3.22
2026-10-10T01:14:52.6772737Z  * [new tag]               v5.0.3.23                  -> v5.0.3.23
2026-10-10T01:14:52.6773102Z  * [new tag]               v5.0.3.24                  -> v5.0.3.24
2026-10-10T01:14:52.6773465Z  * [new tag]               v5.0.3.25                  -> v5.0.3.25
2026-10-10T01:14:52.6773831Z  * [new tag]               v5.0.3.26                  -> v5.0.3.26
2026-10-10T01:14:52.6774195Z  * [new tag]               v5.0.3.27                  -> v5.0.3.27
2026-10-10T01:14:52.6774674Z  * [new tag]               v5.0.3.28                  -> v5.0.3.28
2026-10-10T01:14:52.6775040Z  * [new tag]               v5.0.3.29                  -> v5.0.3.29
2026-10-10T01:14:52.6775412Z  * [new tag]               v5.0.3.3                   -> v5.0.3.3
2026-10-10T01:14:52.6775785Z  * [new tag]               v5.0.3.30                  -> v5.0.3.30
2026-10-10T01:14:52.6776152Z  * [new tag]               v5.0.3.31                  -> v5.0.3.31
2026-10-10T01:14:52.6776618Z  * [new tag]               v5.0.3.32                  -> v5.0.3.32
2026-10-10T01:14:52.6776982Z  * [new tag]               v5.0.3.33                  -> v5.0.3.33
2026-10-10T01:14:52.6777345Z  * [new tag]               v5.0.3.34                  -> v5.0.3.34
2026-10-10T01:14:52.6777707Z  * [new tag]               v5.0.3.35                  -> v5.0.3.35
2026-10-10T01:14:52.6778076Z  * [new tag]               v5.0.3.36                  -> v5.0.3.36
2026-10-10T01:14:52.6778441Z  * [new tag]               v5.0.3.37                  -> v5.0.3.37
2026-10-10T01:14:52.6778810Z  * [new tag]               v5.0.3.38                  -> v5.0.3.38
2026-10-10T01:14:52.6779174Z  * [new tag]               v5.0.3.39                  -> v5.0.3.39
2026-10-10T01:14:52.6779539Z  * [new tag]               v5.0.3.4                   -> v5.0.3.4
2026-10-10T01:14:52.6780019Z  * [new tag]               v5.0.3.40                  -> v5.0.3.40
2026-10-10T01:14:52.6780380Z  * [new tag]               v5.0.3.41                  -> v5.0.3.41
2026-10-10T01:14:52.6780739Z  * [new tag]               v5.0.3.43                  -> v5.0.3.43
2026-10-10T01:14:52.6781103Z  * [new tag]               v5.0.3.44                  -> v5.0.3.44
2026-10-10T01:14:52.6781487Z  * [new tag]               v5.0.3.45                  -> v5.0.3.45
2026-10-10T01:14:52.6781885Z  * [new tag]               v5.0.3.46                  -> v5.0.3.46
2026-10-10T01:14:52.6782268Z  * [new tag]               v5.0.3.47                  -> v5.0.3.47
2026-10-10T01:14:52.6782649Z  * [new tag]               v5.0.3.48                  -> v5.0.3.48
2026-10-10T01:14:52.6783026Z  * [new tag]               v5.0.3.49                  -> v5.0.3.49
2026-10-10T01:14:52.6783389Z  * [new tag]               v5.0.3.5                   -> v5.0.3.5
2026-10-10T01:14:52.6783767Z  * [new tag]               v5.0.3.50                  -> v5.0.3.50
2026-10-10T01:14:52.6784135Z  * [new tag]               v5.0.3.51                  -> v5.0.3.51
2026-10-10T01:14:52.6784508Z  * [new tag]               v5.0.3.52                  -> v5.0.3.52
2026-10-10T01:14:52.6784876Z  * [new tag]               v5.0.3.53                  -> v5.0.3.53
2026-10-10T01:14:52.6785248Z  * [new tag]               v5.0.3.54                  -> v5.0.3.54
2026-10-10T01:14:52.6785589Z  * [new tag]               v5.0.3.55                  -> v5.0.3.55
2026-10-10T01:14:52.6785952Z  * [new tag]               v5.0.3.56                  -> v5.0.3.56
2026-10-10T01:14:52.6786317Z  * [new tag]               v5.0.3.57                  -> v5.0.3.57
2026-10-10T01:14:52.6786779Z  * [new tag]               v5.0.3.58                  -> v5.0.3.58
2026-10-10T01:14:52.6787131Z  * [new tag]               v5.0.3.59                  -> v5.0.3.59
2026-10-10T01:14:52.6787479Z  * [new tag]               v5.0.3.6                   -> v5.0.3.6
2026-10-10T01:14:52.6787825Z  * [new tag]               v5.0.3.60                  -> v5.0.3.60
2026-10-10T01:14:52.6788167Z  * [new tag]               v5.0.3.61                  -> v5.0.3.61
2026-10-10T01:14:52.6788530Z  * [new tag]               v5.0.3.62                  -> v5.0.3.62
2026-10-10T01:14:52.6788872Z  * [new tag]               v5.0.3.63                  -> v5.0.3.63
2026-10-10T01:14:52.6789214Z  * [new tag]               v5.0.3.64                  -> v5.0.3.64
2026-10-10T01:14:52.6789554Z  * [new tag]               v5.0.3.65                  -> v5.0.3.65
2026-10-10T01:14:52.6789899Z  * [new tag]               v5.0.3.66                  -> v5.0.3.66
2026-10-10T01:14:52.6790243Z  * [new tag]               v5.0.3.67                  -> v5.0.3.67
2026-10-10T01:14:52.6790701Z  * [new tag]               v5.0.3.68                  -> v5.0.3.68
2026-10-10T01:14:52.6791043Z  * [new tag]               v5.0.3.69                  -> v5.0.3.69
2026-10-10T01:14:52.6791384Z  * [new tag]               v5.0.3.7                   -> v5.0.3.7
2026-10-10T01:14:52.6791730Z  * [new tag]               v5.0.3.70                  -> v5.0.3.70
2026-10-10T01:14:52.6792074Z  * [new tag]               v5.0.3.71                  -> v5.0.3.71
2026-10-10T01:14:52.6792414Z  * [new tag]               v5.0.3.72                  -> v5.0.3.72
2026-10-10T01:14:52.6792755Z  * [new tag]               v5.0.3.73                  -> v5.0.3.73
2026-10-10T01:14:52.6793102Z  * [new tag]               v5.0.3.74                  -> v5.0.3.74
2026-10-10T01:14:52.6793445Z  * [new tag]               v5.0.3.75                  -> v5.0.3.75
2026-10-10T01:14:52.6793790Z  * [new tag]               v5.0.3.76                  -> v5.0.3.76
2026-10-10T01:14:52.6794140Z  * [new tag]               v5.0.3.78                  -> v5.0.3.78
2026-10-10T01:14:52.6794486Z  * [new tag]               v5.0.3.79                  -> v5.0.3.79
2026-10-10T01:14:52.6794830Z  * [new tag]               v5.0.3.8                   -> v5.0.3.8
2026-10-10T01:14:52.6795270Z  * [new tag]               v5.0.3.80                  -> v5.0.3.80
2026-10-10T01:14:52.6795613Z  * [new tag]               v5.0.3.81                  -> v5.0.3.81
2026-10-10T01:14:52.6795958Z  * [new tag]               v5.0.3.82                  -> v5.0.3.82
2026-10-10T01:14:52.6796306Z  * [new tag]               v5.0.3.83                  -> v5.0.3.83
2026-10-10T01:14:52.6796753Z  * [new tag]               v5.0.3.84                  -> v5.0.3.84
2026-10-10T01:14:52.6797098Z  * [new tag]               v5.0.3.85                  -> v5.0.3.85
2026-10-10T01:14:52.6797445Z  * [new tag]               v5.0.3.87                  -> v5.0.3.87
2026-10-10T01:14:52.6797791Z  * [new tag]               v5.0.3.88                  -> v5.0.3.88
2026-10-10T01:14:52.6798144Z  * [new tag]               v5.0.3.89                  -> v5.0.3.89
2026-10-10T01:14:52.6798492Z  * [new tag]               v5.0.3.9                   -> v5.0.3.9
2026-10-10T01:14:52.6798834Z  * [new tag]               v5.0.3.90                  -> v5.0.3.90
2026-10-10T01:14:52.6799189Z  * [new tag]               v5.0.3.91                  -> v5.0.3.91
2026-10-10T01:14:52.6799534Z  * [new tag]               v5.0.3.92                  -> v5.0.3.92
2026-10-10T01:14:52.6799879Z  * [new tag]               v5.0.3.93                  -> v5.0.3.93
2026-10-10T01:14:52.6800231Z  * [new tag]               v5.0.3.94                  -> v5.0.3.94
2026-10-10T01:14:52.6800578Z  * [new tag]               v5.0.3.95                  -> v5.0.3.95
2026-10-10T01:14:52.6800928Z  * [new tag]               v5.0.3.96                  -> v5.0.3.96
2026-10-10T01:14:52.6801294Z  * [new tag]               v5.0.3.97                  -> v5.0.3.97
2026-10-10T01:14:52.6801644Z  * [new tag]               v5.0.3.98                  -> v5.0.3.98
2026-10-10T01:14:52.6801997Z  * [new tag]               v5.0.3.99                  -> v5.0.3.99
2026-10-10T01:14:52.6803865Z [command]/usr/bin/git rev-parse --verify --quiet da91e730d802b7c9dcdc075b222ecc257021e552^{object}
2026-10-10T01:14:52.6804350Z da91e730d802b7c9dcdc075b222ecc257021e552
2026-10-10T01:14:52.6805153Z ##[endgroup]
2026-10-10T01:14:52.6805564Z ##[group]Determining the checkout info
2026-10-10T01:14:52.6806018Z ##[endgroup]
2026-10-10T01:14:52.6806276Z [command]/usr/bin/git sparse-checkout disable
2026-10-10T01:14:52.6807087Z [command]/usr/bin/git config --local --unset-all extensions.worktreeConfig
2026-10-10T01:14:52.6807991Z ##[group]Checking out the ref
2026-10-10T01:14:52.6808413Z [command]/usr/bin/git checkout --progress --force da91e730d802b7c9dcdc075b222ecc257021e552
2026-10-10T01:14:53.8336059Z Updating files:  54% (12849/23576)
2026-10-10T01:14:54.1818219Z Updating files:  55% (12967/23576)
2026-10-10T01:14:54.4569304Z Updating files:  56% (13203/23576)
2026-10-10T01:14:54.5103499Z Updating files:  57% (13439/23576)
2026-10-10T01:14:54.5322138Z Updating files:  58% (13675/23576)
2026-10-10T01:14:54.5542800Z Updating files:  59% (13910/23576)
2026-10-10T01:14:54.5735200Z Updating files:  60% (14146/23576)
2026-10-10T01:14:54.5933969Z Updating files:  61% (14382/23576)
2026-10-10T01:14:54.6202094Z Updating files:  62% (14618/23576)
2026-10-10T01:14:54.6586333Z Updating files:  63% (14853/23576)
2026-10-10T01:14:54.6753379Z Updating files:  64% (15089/23576)
2026-10-10T01:14:54.6866919Z Updating files:  65% (15325/23576)
2026-10-10T01:14:54.6936876Z Updating files:  66% (15561/23576)
2026-10-10T01:14:54.7069410Z Updating files:  66% (15602/23576)
2026-10-10T01:14:54.7173839Z Updating files:  67% (15796/23576)
2026-10-10T01:14:54.7336268Z Updating files:  68% (16032/23576)
2026-10-10T01:14:54.7500436Z Updating files:  69% (16268/23576)
2026-10-10T01:14:54.7624614Z Updating files:  70% (16504/23576)
2026-10-10T01:14:54.7776677Z Updating files:  71% (16739/23576)
2026-10-10T01:14:54.7963924Z Updating files:  72% (16975/23576)
2026-10-10T01:14:54.8156715Z Updating files:  73% (17211/23576)
2026-10-10T01:14:54.8273345Z Updating files:  74% (17447/23576)
2026-10-10T01:14:54.8453061Z Updating files:  75% (17682/23576)
2026-10-10T01:14:54.8614801Z Updating files:  76% (17918/23576)
2026-10-10T01:14:54.8768044Z Updating files:  77% (18154/23576)
2026-10-10T01:14:54.8889010Z Updating files:  78% (18390/23576)
2026-10-10T01:14:54.9028813Z Updating files:  79% (18626/23576)
2026-10-10T01:14:54.9182519Z Updating files:  80% (18861/23576)
2026-10-10T01:14:54.9332661Z Updating files:  81% (19097/23576)
2026-10-10T01:14:54.9487231Z Updating files:  82% (19333/23576)
2026-10-10T01:14:54.9668883Z Updating files:  83% (19569/23576)
2026-10-10T01:14:54.9906581Z Updating files:  84% (19804/23576)
2026-10-10T01:14:55.0115064Z Updating files:  85% (20040/23576)
2026-10-10T01:14:55.0310448Z Updating files:  86% (20276/23576)
2026-10-10T01:14:55.0491211Z Updating files:  87% (20512/23576)
2026-10-10T01:14:55.0683309Z Updating files:  88% (20747/23576)
2026-10-10T01:14:55.0876296Z Updating files:  89% (20983/23576)
2026-10-10T01:14:55.0991464Z Updating files:  90% (21219/23576)
2026-10-10T01:14:55.1134229Z Updating files:  91% (21455/23576)
2026-10-10T01:14:55.1286921Z Updating files:  92% (21690/23576)
2026-10-10T01:14:55.1401811Z Updating files:  93% (21926/23576)
2026-10-10T01:14:55.1534183Z Updating files:  94% (22162/23576)
2026-10-10T01:14:55.2487403Z Updating files:  95% (22398/23576)
2026-10-10T01:14:55.2625332Z Updating files:  96% (22633/23576)
2026-10-10T01:14:55.2779373Z Updating files:  97% (22869/23576)
2026-10-10T01:14:55.2924483Z Updating files:  98% (23105/23576)
2026-10-10T01:14:55.3053865Z Updating files:  99% (23341/23576)
2026-10-10T01:14:55.3054020Z Updating files: 100% (23576/23576)
2026-10-10T01:14:55.3054199Z Updating files: 100% (23576/23576), done.
2026-10-10T01:14:55.3317036Z Note: switching to 'da91e730d802b7c9dcdc075b222ecc257021e552'.
2026-10-10T01:14:55.3317548Z 
2026-10-10T01:14:55.3317955Z You are in 'detached HEAD' state. You can look around, make experimental
2026-10-10T01:14:55.3318696Z changes and commit them, and you can discard any commits you make in this
2026-10-10T01:14:55.3319138Z state without impacting any branches by switching back to a branch.
2026-10-10T01:14:55.3319495Z 
2026-10-10T01:14:55.3319659Z If you want to create a new branch to retain commits you create, you may
2026-10-10T01:14:55.3320047Z do so (now or later) by using -c with the switch command. Example:
2026-10-10T01:14:55.3320271Z 
2026-10-10T01:14:55.3320374Z   git switch -c <new-branch-name>
2026-10-10T01:14:55.3320521Z 
2026-10-10T01:14:55.3320615Z Or undo this operation with:
2026-10-10T01:14:55.3320752Z 
2026-10-10T01:14:55.3320832Z   git switch -
2026-10-10T01:14:55.3320940Z 
2026-10-10T01:14:55.3321122Z Turn off this advice by setting config variable advice.detachedHead to false
2026-10-10T01:14:55.3321383Z 
2026-10-10T01:14:55.3321581Z HEAD is now at da91e730d8 fix(ci): preserve popup receipts and bound host test work
2026-10-10T01:14:55.3405569Z ##[endgroup]
2026-10-10T01:14:55.3443788Z [command]/usr/bin/git log -1 --format=%H
2026-10-10T01:14:55.3466233Z da91e730d802b7c9dcdc075b222ecc257021e552
2026-10-10T01:14:55.3629222Z ##[group]Run set -euo pipefail
2026-10-10T01:14:55.3629474Z [36;1mset -euo pipefail[0m
2026-10-10T01:14:55.3629727Z [36;1m[[ "$SOURCE_SHA" =~ ^[0-9a-f]{40}$ ]] || { echo "::error::A full source SHA is required"; exit 1; }[0m
2026-10-10T01:14:55.3630008Z [36;1mtest "$(git rev-parse HEAD)" = "$SOURCE_SHA"[0m
2026-10-10T01:14:55.3630201Z [36;1mecho "Tested source SHA: $SOURCE_SHA"[0m
2026-10-10T01:14:55.3858040Z shell: /usr/bin/bash --noprofile --norc -e -o pipefail {0}
2026-10-10T01:14:55.3858246Z env:
2026-10-10T01:14:55.3858395Z   SOURCE_SHA: da91e730d802b7c9dcdc075b222ecc257021e552
2026-10-10T01:14:55.3858575Z ##[endgroup]
2026-10-10T01:14:55.3955612Z Tested source SHA: da91e730d802b7c9dcdc075b222ecc257021e552
2026-10-10T01:14:55.4039744Z ##[group]Run actions/setup-node@v5
2026-10-10T01:14:55.4039906Z with:
2026-10-10T01:14:55.4040028Z   node-version: 22.x
2026-10-10T01:14:55.4040158Z   cache: npm
2026-10-10T01:14:55.4040370Z   cache-dependency-path: package-lock.json
desktop-app-vue/package-lock.json

2026-10-10T01:14:55.4040750Z   always-auth: false
2026-10-10T01:14:55.4040879Z   check-latest: false
2026-10-10T01:14:55.4042262Z   token: ***
2026-10-10T01:14:55.4042391Z   package-manager-cache: true
2026-10-10T01:14:55.4042535Z env:
2026-10-10T01:14:55.4042678Z   SOURCE_SHA: da91e730d802b7c9dcdc075b222ecc257021e552
2026-10-10T01:14:55.4042866Z ##[endgroup]
2026-10-10T01:14:55.5036715Z Found in cache @ /opt/hostedtoolcache/node/22.23.3/x64
2026-10-10T01:14:55.5039985Z (node:2101) [DEP0040] DeprecationWarning: The `punycode` module is deprecated. Please use a userland alternative instead.
2026-10-10T01:14:55.5040564Z (Use `node --trace-deprecation ...` to show where the warning was created)
2026-10-10T01:14:55.5041866Z ##[group]Environment details
2026-10-10T01:14:55.8163280Z node: v22.23.3
2026-10-10T01:14:55.8163537Z npm: 10.9.9
2026-10-10T01:14:55.8163652Z yarn: 1.22.22
2026-10-10T01:14:55.8164522Z ##[endgroup]
2026-10-10T01:14:55.8179613Z [command]/opt/hostedtoolcache/node/22.23.3/x64/bin/npm config get cache
2026-10-10T01:14:55.9113900Z /home/runner/.npm
2026-10-10T01:14:56.0432469Z Cache hit for: node-cache-Linux-x64-npm-e6cb04f390af8ddea9ee566ae5b89428bb428baab2cec58dce4ec96439473b93
2026-10-10T01:14:56.0500020Z (node:2101) [DEP0169] DeprecationWarning: `url.parse()` behavior is not standardized and prone to errors that have security implications. Use the WHATWG URL API instead. CVEs are not issued for `url.parse()` vulnerabilities.
2026-10-10T01:14:57.2342166Z Received 100663296 of 665410121 (15.1%), 95.9 MBs/sec
2026-10-10T01:14:58.2364768Z Received 260046848 of 665410121 (39.1%), 123.9 MBs/sec
2026-10-10T01:14:59.2349012Z Received 469762048 of 665410121 (70.6%), 149.3 MBs/sec
2026-10-10T01:15:00.2077280Z Received 665410121 of 665410121 (100.0%), 159.7 MBs/sec
2026-10-10T01:15:00.2078111Z Cache Size: ~635 MB (665410121 B)
2026-10-10T01:15:00.2128256Z [command]/usr/bin/tar -xf /home/runner/work/_temp/9d786177-24d7-4983-828e-cdd819604555/cache.tzst -P -C /home/runner/work/chainlesschain/chainlesschain --use-compress-program unzstd
2026-10-10T01:15:01.2843034Z Cache restored successfully
2026-10-10T01:15:01.3123351Z Cache restored from key: node-cache-Linux-x64-npm-e6cb04f390af8ddea9ee566ae5b89428bb428baab2cec58dce4ec96439473b93
2026-10-10T01:15:01.3412537Z Prepare all required actions
2026-10-10T01:15:01.3844807Z ##[group]Run ./.github/actions/setup-node-deps
2026-10-10T01:15:01.3844991Z with:
2026-10-10T01:15:01.3845131Z   install-desktop-app-vue: true
2026-10-10T01:15:01.3845286Z   working-directory: .
2026-10-10T01:15:01.3845441Z   install-command: npm ci --legacy-peer-deps
2026-10-10T01:15:01.3845610Z env:
2026-10-10T01:15:01.3845751Z   SOURCE_SHA: da91e730d802b7c9dcdc075b222ecc257021e552
2026-10-10T01:15:01.3845928Z ##[endgroup]
2026-10-10T01:15:01.3892953Z ##[start-action display=Install npm dependencies (3-attempt retry, transient ECONNRESET hardening);id=__self.__run]
2026-10-10T01:15:01.4898537Z ##[group]Run INSTALL_CMD="npm ci --legacy-peer-deps"
2026-10-10T01:15:01.4898809Z [36;1mINSTALL_CMD="npm ci --legacy-peer-deps"[0m
2026-10-10T01:15:01.4899009Z [36;1mattempt_install() {[0m
2026-10-10T01:15:01.4899160Z [36;1m  eval "$INSTALL_CMD"[0m
2026-10-10T01:15:01.4899303Z [36;1m}[0m
2026-10-10T01:15:01.4899482Z [36;1mcleanup_partial_install() {[0m
2026-10-10T01:15:01.4899699Z [36;1m  # A failed npm ci can leave partially-extracted packages behind.[0m
2026-10-10T01:15:01.4899975Z [36;1m  # Retrying in-place then fails with ENOTEMPTY (notably electron on[0m
2026-10-10T01:15:01.4900254Z [36;1m  # hosted runners), so restore npm ci's clean-install precondition.[0m
2026-10-10T01:15:01.4900518Z [36;1m  # Use async rm: Node 22's synchronous rimraf can throw an initial[0m
2026-10-10T01:15:01.4900775Z [36;1m  # directory EBUSY without applying maxRetries (e.g. pkcs11js).[0m
2026-10-10T01:15:01.4901047Z [36;1m  # The absolute target is always this install directory's direct child.[0m
2026-10-10T01:15:01.4901615Z [36;1m  node -e "const target=require('node:path').join(process.cwd(),'node_modules'); require('node:fs/promises').rm(target,{recursive:true,force:true,maxRetries:5,retryDelay:250}).catch(error=>{console.error(error);process.exitCode=1})"[0m
2026-10-10T01:15:01.4902286Z [36;1m}[0m
2026-10-10T01:15:01.4902408Z [36;1mfor i in 1 2 3; do[0m
2026-10-10T01:15:01.4902557Z [36;1m  if attempt_install; then[0m
2026-10-10T01:15:01.4902703Z [36;1m    exit 0[0m
2026-10-10T01:15:01.4902824Z [36;1m  fi[0m
2026-10-10T01:15:01.4902950Z [36;1m  if [ "$i" -lt 3 ]; then[0m
2026-10-10T01:15:01.4903103Z [36;1m    delay=$((i * 15))[0m
2026-10-10T01:15:01.4903312Z [36;1m    echo "::warning::npm install attempt $i failed, retrying in ${delay}s..."[0m
2026-10-10T01:15:01.4903540Z [36;1m    sleep "$delay"[0m
2026-10-10T01:15:01.4903695Z [36;1m    if ! cleanup_partial_install; then[0m
2026-10-10T01:15:01.4903946Z [36;1m      echo "::error::Cannot clean partial node_modules after npm install attempt $i"[0m
2026-10-10T01:15:01.4904175Z [36;1m      exit 1[0m
2026-10-10T01:15:01.4904301Z [36;1m    fi[0m
2026-10-10T01:15:01.4904418Z [36;1m  fi[0m
2026-10-10T01:15:01.4904533Z [36;1mdone[0m
2026-10-10T01:15:01.4904687Z [36;1mecho "::error::npm install failed after 3 attempts"[0m
2026-10-10T01:15:01.4904873Z [36;1mexit 1[0m
2026-10-10T01:15:01.4972583Z shell: /usr/bin/bash --noprofile --norc -e -o pipefail {0}
2026-10-10T01:15:01.4972789Z env:
2026-10-10T01:15:01.4972949Z   SOURCE_SHA: da91e730d802b7c9dcdc075b222ecc257021e552
2026-10-10T01:15:01.4973132Z ##[endgroup]
2026-10-10T01:15:03.0041406Z npm warn skipping integrity check for git dependency ssh://git@github.com/electron/node-gyp.git
2026-10-10T01:15:11.6839632Z npm warn deprecated inflight@1.0.6: This module is not supported, and leaks memory. Do not use it. Check out lru-cache if you want a good and tested way to coalesce async requests by a key value, which is much more comprehensive and powerful.
2026-10-10T01:15:11.6850121Z npm warn deprecated gar@1.0.4: Package no longer supported. Contact Support at https://www.npmjs.com/support for more info.
2026-10-10T01:15:11.8024236Z npm warn deprecated lodash.get@4.4.2: This package is deprecated. Use the optional chaining (?.) operator instead.
2026-10-10T01:15:11.8190408Z npm warn deprecated @npmcli/move-file@2.0.1: This functionality has been moved to @npmcli/fs
2026-10-10T01:15:11.8487060Z npm warn deprecated npmlog@6.0.2: This package is no longer supported.
2026-10-10T01:15:11.8795473Z npm warn deprecated rimraf@2.6.3: Rimraf versions prior to v4 are no longer supported
2026-10-10T01:15:11.8842102Z npm warn deprecated rimraf@2.7.1: Rimraf versions prior to v4 are no longer supported
2026-10-10T01:15:11.9019937Z npm warn deprecated lodash.isequal@4.5.0: This package is deprecated. Use require('node:util').isDeepStrictEqual instead.
2026-10-10T01:15:11.9174694Z npm warn deprecated @humanwhocodes/config-array@0.13.0: Use @eslint/config-array instead
2026-10-10T01:15:11.9256652Z npm warn deprecated npmlog@4.1.2: This package is no longer supported.
2026-10-10T01:15:11.9459597Z npm warn deprecated rimraf@3.0.2: Rimraf versions prior to v4 are no longer supported
2026-10-10T01:15:12.0650821Z npm warn deprecated are-we-there-yet@1.1.7: This package is no longer supported.
2026-10-10T01:15:12.0764350Z npm warn deprecated whatwg-encoding@3.1.1: Use @exodus/bytes instead for a more spec-conformant and faster implementation
2026-10-10T01:15:12.1008980Z npm warn deprecated glob@7.2.3: Old versions of glob are not supported, and contain widely publicized security vulnerabilities, which have been fixed in the current version. Please update. Support for old versions may be purchased (at exorbitant rates) by contacting i@izs.me
2026-10-10T01:15:12.1018526Z npm warn deprecated glob@7.2.3: Old versions of glob are not supported, and contain widely publicized security vulnerabilities, which have been fixed in the current version. Please update. Support for old versions may be purchased (at exorbitant rates) by contacting i@izs.me
2026-10-10T01:15:12.1027940Z npm warn deprecated glob@7.2.3: Old versions of glob are not supported, and contain widely publicized security vulnerabilities, which have been fixed in the current version. Please update. Support for old versions may be purchased (at exorbitant rates) by contacting i@izs.me
2026-10-10T01:15:12.1050412Z npm warn deprecated glob@7.2.3: Old versions of glob are not supported, and contain widely publicized security vulnerabilities, which have been fixed in the current version. Please update. Support for old versions may be purchased (at exorbitant rates) by contacting i@izs.me
2026-10-10T01:15:12.1057059Z npm warn deprecated glob@7.2.3: Old versions of glob are not supported, and contain widely publicized security vulnerabilities, which have been fixed in the current version. Please update. Support for old versions may be purchased (at exorbitant rates) by contacting i@izs.me
2026-10-10T01:15:12.1063003Z npm warn deprecated glob@7.2.3: Old versions of glob are not supported, and contain widely publicized security vulnerabilities, which have been fixed in the current version. Please update. Support for old versions may be purchased (at exorbitant rates) by contacting i@izs.me
2026-10-10T01:15:12.1070773Z npm warn deprecated glob@8.1.0: Old versions of glob are not supported, and contain widely publicized security vulnerabilities, which have been fixed in the current version. Please update. Support for old versions may be purchased (at exorbitant rates) by contacting i@izs.me
2026-10-10T01:15:12.1119559Z npm warn deprecated glob@8.1.0: Old versions of glob are not supported, and contain widely publicized security vulnerabilities, which have been fixed in the current version. Please update. Support for old versions may be purchased (at exorbitant rates) by contacting i@izs.me
2026-10-10T01:15:12.1121396Z npm warn deprecated glob@7.2.3: Old versions of glob are not supported, and contain widely publicized security vulnerabilities, which have been fixed in the current version. Please update. Support for old versions may be purchased (at exorbitant rates) by contacting i@izs.me
2026-10-10T01:15:12.4387259Z npm warn deprecated prebuild-install@7.1.3: No longer maintained. Please contact the author of the relevant native addon; alternatives are available.
2026-10-10T01:15:12.4542413Z npm warn deprecated @humanwhocodes/object-schema@2.0.3: Use @eslint/object-schema instead
2026-10-10T01:15:12.4845157Z npm warn deprecated are-we-there-yet@3.0.1: This package is no longer supported.
2026-10-10T01:15:12.6059607Z npm warn deprecated prebuild-install@5.3.6: No longer maintained. Please contact the author of the relevant native addon; alternatives are available.
2026-10-10T01:15:12.7425230Z npm warn deprecated gauge@2.7.4: This package is no longer supported.
2026-10-10T01:15:13.5751355Z npm warn deprecated boolean@3.2.0: Package no longer supported. Contact Support at https://www.npmjs.com/support for more info.
2026-10-10T01:15:13.6660626Z npm warn deprecated gauge@4.0.4: This package is no longer supported.
2026-10-10T01:15:13.8539814Z npm warn deprecated fstream@1.0.12: This package is no longer supported.
2026-10-10T01:15:14.7332643Z npm warn deprecated node-domexception@1.0.0: Use your platform's native DOMException instead
2026-10-10T01:15:14.9630173Z npm warn deprecated multiaddr@10.0.1: This module is deprecated, please upgrade to @multiformats/multiaddr
2026-10-10T01:15:15.4778629Z npm warn deprecated vue-i18n@9.14.5: v9 and v10 no longer supported. please migrate to v11. about maintenance status, see https://vue-i18n.intlify.dev/guide/maintenance.html
2026-10-10T01:15:16.3324192Z npm warn deprecated uuid@8.3.2: uuid@10 and below is no longer supported.  For ESM codebases, update to uuid@latest.  For CommonJS codebases, use uuid@11 (but be aware this version will likely be deprecated in 2028).
2026-10-10T01:15:16.3326950Z npm warn deprecated uuid@8.3.2: uuid@10 and below is no longer supported.  For ESM codebases, update to uuid@latest.  For CommonJS codebases, use uuid@11 (but be aware this version will likely be deprecated in 2028).
2026-10-10T01:15:16.7135111Z npm warn deprecated uuid@9.0.1: uuid@10 and below is no longer supported.  For ESM codebases, update to uuid@latest.  For CommonJS codebases, use uuid@11 (but be aware this version will likely be deprecated in 2028).
2026-10-10T01:15:16.9872465Z npm warn deprecated glob@10.5.0: Old versions of glob are not supported, and contain widely publicized security vulnerabilities, which have been fixed in the current version. Please update. Support for old versions may be purchased (at exorbitant rates) by contacting i@izs.me
2026-10-10T01:15:16.9879349Z npm warn deprecated glob@10.5.0: Old versions of glob are not supported, and contain widely publicized security vulnerabilities, which have been fixed in the current version. Please update. Support for old versions may be purchased (at exorbitant rates) by contacting i@izs.me
2026-10-10T01:15:16.9931638Z npm warn deprecated glob@10.5.0: Old versions of glob are not supported, and contain widely publicized security vulnerabilities, which have been fixed in the current version. Please update. Support for old versions may be purchased (at exorbitant rates) by contacting i@izs.me
2026-10-10T01:15:20.3895170Z npm warn deprecated fluent-ffmpeg@2.1.3: Package no longer supported. Contact Support at https://www.npmjs.com/support for more info.
2026-10-10T01:15:21.4800887Z npm warn deprecated eslint@8.57.1: This version is no longer supported. Please see https://eslint.org/version-support for other options.
2026-10-10T01:15:38.3030605Z 
2026-10-10T01:15:38.3031261Z added 2540 packages, and audited 2556 packages in 37s
2026-10-10T01:15:38.3031446Z 
2026-10-10T01:15:38.3031550Z 482 packages are looking for funding
2026-10-10T01:15:38.3031731Z   run `npm fund` for details
2026-10-10T01:15:38.4438149Z 
2026-10-10T01:15:38.4438836Z 120 vulnerabilities (8 low, 23 moderate, 88 high, 1 critical)
2026-10-10T01:15:38.4439030Z 
2026-10-10T01:15:38.4439167Z To address issues that do not require attention, run:
2026-10-10T01:15:38.4439366Z   npm audit fix
2026-10-10T01:15:38.4439445Z 
2026-10-10T01:15:38.4439594Z To address all issues possible (including breaking changes), run:
2026-10-10T01:15:38.4439836Z   npm audit fix --force
2026-10-10T01:15:38.4439924Z 
2026-10-10T01:15:38.4440032Z Some issues need review, and may require choosing
2026-10-10T01:15:38.4440672Z a different dependency.
2026-10-10T01:15:38.4440756Z 
2026-10-10T01:15:38.4440830Z Run `npm audit` for details.
2026-10-10T01:15:38.6862871Z ##[end-action id=__self.__run;outcome=success;conclusion=success;duration_ms=37296]
2026-10-10T01:15:38.6865375Z ##[start-action display=Install desktop-app-vue dependencies (post-workspace-refactor);id=__self.__run_2]
2026-10-10T01:15:38.6883419Z ##[group]Run attempt_install() {
2026-10-10T01:15:38.6883626Z [36;1mattempt_install() {[0m
2026-10-10T01:15:38.6883786Z [36;1m  npm install --legacy-peer-deps[0m
2026-10-10T01:15:38.6883936Z [36;1m}[0m
2026-10-10T01:15:38.6884054Z [36;1mfor i in 1 2 3; do[0m
2026-10-10T01:15:38.6884192Z [36;1m  if attempt_install; then[0m
2026-10-10T01:15:38.6884331Z [36;1m    exit 0[0m
2026-10-10T01:15:38.6884453Z [36;1m  fi[0m
2026-10-10T01:15:38.6884573Z [36;1m  if [ "$i" -lt 3 ]; then[0m
2026-10-10T01:15:38.6884711Z [36;1m    delay=$((i * 15))[0m
2026-10-10T01:15:38.6884957Z [36;1m    echo "::warning::desktop-app-vue npm install attempt $i failed, retrying in ${delay}s..."[0m
2026-10-10T01:15:38.6885201Z [36;1m    sleep "$delay"[0m
2026-10-10T01:15:38.6885328Z [36;1m  fi[0m
2026-10-10T01:15:38.6885433Z [36;1mdone[0m
2026-10-10T01:15:38.6885608Z [36;1mecho "::error::desktop-app-vue npm install failed after 3 attempts"[0m
2026-10-10T01:15:38.6885809Z [36;1mexit 1[0m
2026-10-10T01:15:38.6960532Z shell: /usr/bin/bash --noprofile --norc -e -o pipefail {0}
2026-10-10T01:15:38.6960716Z env:
2026-10-10T01:15:38.6960857Z   SOURCE_SHA: da91e730d802b7c9dcdc075b222ecc257021e552
2026-10-10T01:15:38.6961028Z ##[endgroup]
2026-10-10T01:15:38.7745987Z npm warn config ignoring workspace config at /home/runner/work/chainlesschain/chainlesschain/desktop-app-vue/.npmrc
2026-10-10T01:15:39.9620322Z npm warn deprecated npmlog@4.1.2: This package is no longer supported.
2026-10-10T01:15:39.9648942Z npm warn deprecated are-we-there-yet@1.1.7: This package is no longer supported.
2026-10-10T01:15:39.9731586Z npm warn deprecated prebuild-install@5.3.6: No longer maintained. Please contact the author of the relevant native addon; alternatives are available.
2026-10-10T01:15:39.9747537Z npm warn deprecated gauge@2.7.4: This package is no longer supported.
2026-10-10T01:15:41.5397498Z 
2026-10-10T01:15:41.5398110Z up to date, audited 2556 packages in 3s
2026-10-10T01:15:41.5398370Z 
2026-10-10T01:15:41.5398516Z 482 packages are looking for funding
2026-10-10T01:15:41.5399005Z   run `npm fund` for details
2026-10-10T01:15:41.6701841Z 
2026-10-10T01:15:41.6702715Z 117 vulnerabilities (8 low, 23 moderate, 85 high, 1 critical)
2026-10-10T01:15:41.6703013Z 
2026-10-10T01:15:41.6703211Z To address issues that do not require attention, run:
2026-10-10T01:15:41.6703509Z   npm audit fix
2026-10-10T01:15:41.6703664Z 
2026-10-10T01:15:41.6703894Z To address all issues possible (including breaking changes), run:
2026-10-10T01:15:41.6704235Z   npm audit fix --force
2026-10-10T01:15:41.6704365Z 
2026-10-10T01:15:41.6704552Z Some issues need review, and may require choosing
2026-10-10T01:15:41.6704844Z a different dependency.
2026-10-10T01:15:41.6704976Z 
2026-10-10T01:15:41.6705092Z Run `npm audit` for details.
2026-10-10T01:15:41.6928732Z ##[end-action id=__self.__run_2;outcome=success;conclusion=success;duration_ms=3006]
2026-10-10T01:15:41.6934174Z ##[start-action display=Install platform rollup binary + extras;id=__self.__run_3]
2026-10-10T01:15:41.6952537Z ##[group]Run # Pick the rollup native binary for this runner.
2026-10-10T01:15:41.6952819Z [36;1m# Pick the rollup native binary for this runner.[0m
2026-10-10T01:15:41.6953100Z [36;1m# Workaround for https://github.com/npm/cli/issues/4828 — npm sometimes[0m
2026-10-10T01:15:41.6953405Z [36;1m# skips optional platform deps, leaving vite/vitest unable to resolve rollup.[0m
2026-10-10T01:15:41.6953681Z [36;1mcase "${RUNNER_OS}-${RUNNER_ARCH}" in[0m
2026-10-10T01:15:41.6953891Z [36;1m  Linux-X64)     pkg="@rollup/rollup-linux-x64-gnu" ;;[0m
2026-10-10T01:15:41.6954253Z [36;1m  Linux-ARM64)   pkg="@rollup/rollup-linux-arm64-gnu" ;;[0m
2026-10-10T01:15:41.6954488Z [36;1m  Windows-X64)   pkg="@rollup/rollup-win32-x64-msvc" ;;[0m
2026-10-10T01:15:41.6954723Z [36;1m  Windows-ARM64) pkg="@rollup/rollup-win32-arm64-msvc" ;;[0m
2026-10-10T01:15:41.6954959Z [36;1m  macOS-ARM64)   pkg="@rollup/rollup-darwin-arm64" ;;[0m
2026-10-10T01:15:41.6955181Z [36;1m  macOS-X64)     pkg="@rollup/rollup-darwin-x64" ;;[0m
2026-10-10T01:15:41.6955367Z [36;1m  *)             pkg="" ;;[0m
2026-10-10T01:15:41.6955511Z [36;1mesac[0m
2026-10-10T01:15:41.6955643Z [36;1mpackages="$pkg $EXTRA_PACKAGES"[0m
2026-10-10T01:15:41.6955826Z [36;1mpackages=$(echo "$packages" | xargs) # trim[0m
2026-10-10T01:15:41.6956008Z [36;1mif [ -n "$packages" ]; then[0m
2026-10-10T01:15:41.6956169Z [36;1m  echo "Installing: $packages"[0m
2026-10-10T01:15:41.6956346Z [36;1m  if [ -n "$INSTALL_WORKSPACE" ]; then[0m
2026-10-10T01:15:41.6960888Z [36;1m    npm install $packages --no-save --legacy-peer-deps \[0m
2026-10-10T01:15:41.6961100Z [36;1m      --workspace "$INSTALL_WORKSPACE" \[0m
2026-10-10T01:15:41.6961295Z [36;1m      --include-workspace-root=false || true[0m
2026-10-10T01:15:41.6961467Z [36;1m  else[0m
2026-10-10T01:15:41.6961640Z [36;1m    npm install $packages --no-save --legacy-peer-deps || true[0m
2026-10-10T01:15:41.6961836Z [36;1m  fi[0m
2026-10-10T01:15:41.6961950Z [36;1mfi[0m
2026-10-10T01:15:41.7015420Z shell: /usr/bin/bash --noprofile --norc -e -o pipefail {0}
2026-10-10T01:15:41.7015612Z env:
2026-10-10T01:15:41.7015765Z   SOURCE_SHA: da91e730d802b7c9dcdc075b222ecc257021e552
2026-10-10T01:15:41.7015944Z   EXTRA_PACKAGES: 
2026-10-10T01:15:41.7016073Z   INSTALL_WORKSPACE: 
2026-10-10T01:15:41.7016202Z ##[endgroup]
2026-10-10T01:15:41.7124268Z Installing: @rollup/rollup-linux-x64-gnu
2026-10-10T01:15:43.1061865Z npm warn deprecated npmlog@4.1.2: This package is no longer supported.
2026-10-10T01:15:43.1115354Z npm warn deprecated are-we-there-yet@1.1.7: This package is no longer supported.
2026-10-10T01:15:43.1173410Z npm warn deprecated prebuild-install@5.3.6: No longer maintained. Please contact the author of the relevant native addon; alternatives are available.
2026-10-10T01:15:43.1189141Z npm warn deprecated gauge@2.7.4: This package is no longer supported.
2026-10-10T01:15:44.7976608Z 
2026-10-10T01:15:44.7977573Z added 1 package, changed 1 package, and audited 2557 packages in 3s
2026-10-10T01:15:44.7977907Z 
2026-10-10T01:15:44.7978034Z 482 packages are looking for funding
2026-10-10T01:15:44.7978231Z   run `npm fund` for details
2026-10-10T01:15:44.9472641Z 
2026-10-10T01:15:44.9473415Z 118 vulnerabilities (8 low, 23 moderate, 86 high, 1 critical)
2026-10-10T01:15:44.9473707Z 
2026-10-10T01:15:44.9473838Z To address issues that do not require attention, run:
2026-10-10T01:15:44.9474064Z   npm audit fix
2026-10-10T01:15:44.9474145Z 
2026-10-10T01:15:44.9474299Z To address all issues possible (including breaking changes), run:
2026-10-10T01:15:44.9474527Z   npm audit fix --force
2026-10-10T01:15:44.9474616Z 
2026-10-10T01:15:44.9474722Z Some issues need review, and may require choosing
2026-10-10T01:15:44.9474913Z a different dependency.
2026-10-10T01:15:44.9474997Z 
2026-10-10T01:15:44.9475070Z Run `npm audit` for details.
2026-10-10T01:15:44.9695284Z ##[end-action id=__self.__run_3;outcome=success;conclusion=success;duration_ms=3276]
2026-10-10T01:15:45.0037808Z ##[group]Run bash "$GITHUB_WORKSPACE/.github/scripts/ci-install-cli-production-deps.sh"
2026-10-10T01:15:45.0038434Z [36;1mbash "$GITHUB_WORKSPACE/.github/scripts/ci-install-cli-production-deps.sh"[0m
2026-10-10T01:15:45.0103008Z shell: /usr/bin/bash --noprofile --norc -e -o pipefail {0}
2026-10-10T01:15:45.0103208Z env:
2026-10-10T01:15:45.0103364Z   SOURCE_SHA: da91e730d802b7c9dcdc075b222ecc257021e552
2026-10-10T01:15:45.0103561Z ##[endgroup]
2026-10-10T01:15:59.1281302Z npm warn deprecated prebuild-install@7.1.3: No longer maintained. Please contact the author of the relevant native addon; alternatives are available.
2026-10-10T01:15:59.9652061Z npm warn deprecated node-domexception@1.0.0: Use your platform's native DOMException instead
2026-10-10T01:16:02.9422515Z 
2026-10-10T01:16:02.9423284Z added 431 packages, and audited 439 packages in 18s
2026-10-10T01:16:02.9423617Z 
2026-10-10T01:16:02.9423922Z 86 packages are looking for funding
2026-10-10T01:16:02.9424285Z   run `npm fund` for details
2026-10-10T01:16:02.9468456Z 
2026-10-10T01:16:02.9468957Z 4 vulnerabilities (2 moderate, 2 high)
2026-10-10T01:16:02.9469168Z 
2026-10-10T01:16:02.9469274Z To address all issues, run:
2026-10-10T01:16:02.9469461Z   npm audit fix
2026-10-10T01:16:02.9469532Z 
2026-10-10T01:16:02.9469600Z Run `npm audit` for details.
2026-10-10T01:16:03.0157120Z ##[group]Run node ../node_modules/vitest/vitest.mjs run --environment=node --maxWorkers=1 tests/unit/model-egress-guard.test.js tests/unit/knowledge-rag-model-egress-static.test.js
2026-10-10T01:16:03.0157788Z [36;1mnode ../node_modules/vitest/vitest.mjs run --environment=node --maxWorkers=1 tests/unit/model-egress-guard.test.js tests/unit/knowledge-rag-model-egress-static.test.js[0m
2026-10-10T01:16:03.0208735Z shell: /usr/bin/bash -e {0}
2026-10-10T01:16:03.0208874Z env:
2026-10-10T01:16:03.0209018Z   SOURCE_SHA: da91e730d802b7c9dcdc075b222ecc257021e552
2026-10-10T01:16:03.0209191Z ##[endgroup]
2026-10-10T01:16:03.2035092Z 
2026-10-10T01:16:03.2036774Z [1m[30m[46m RUN [49m[39m[22m [36mv4.1.10 [39m[90m/home/runner/work/chainlesschain/chainlesschain/mobile-app-uniapp[39m
2026-10-10T01:16:03.2037241Z 
2026-10-10T01:16:03.4108070Z  [32m✓[39m tests/unit/model-egress-guard.test.js [2m([22m[2m15 tests[22m[2m)[22m[32m 10[2mms[22m[39m
2026-10-10T01:16:03.5022249Z  [32m✓[39m tests/unit/knowledge-rag-model-egress-static.test.js [2m([22m[2m1 test[22m[2m)[22m[32m 2[2mms[22m[39m
2026-10-10T01:16:03.5046208Z 
2026-10-10T01:16:03.5049454Z [2m Test Files [22m [1m[32m2 passed[39m[22m[90m (2)[39m
2026-10-10T01:16:03.5049914Z [2m      Tests [22m [1m[32m16 passed[39m[22m[90m (16)[39m
2026-10-10T01:16:03.5050229Z [2m   Start at [22m 01:16:03
2026-10-10T01:16:03.5050652Z [2m   Duration [22m 296ms[2m (transform 89ms, setup 23ms, import 103ms, tests 12ms, environment 0ms)[22m
2026-10-10T01:16:03.5051921Z 
2026-10-10T01:16:03.5606268Z ##[group]Run npm run type-check
2026-10-10T01:16:03.5606664Z [36;1mnpm run type-check[0m
2026-10-10T01:16:03.5657413Z shell: /usr/bin/bash -e {0}
2026-10-10T01:16:03.5657553Z env:
2026-10-10T01:16:03.5657707Z   SOURCE_SHA: da91e730d802b7c9dcdc075b222ecc257021e552
2026-10-10T01:16:03.5657920Z   NODE_OPTIONS: --max-old-space-size=4096
2026-10-10T01:16:03.5658077Z ##[endgroup]
2026-10-10T01:16:03.6599905Z npm warn config ignoring workspace config at /home/runner/work/chainlesschain/chainlesschain/desktop-app-vue/.npmrc
2026-10-10T01:16:03.6776859Z 
2026-10-10T01:16:03.6777482Z > chainlesschain-desktop-vue@5.0.3-alpha.140 type-check
2026-10-10T01:16:03.6777755Z > vue-tsc --noEmit
2026-10-10T01:16:03.6777838Z 
2026-10-10T01:16:28.7439937Z ##[group]Run git fetch origin main:refs/remotes/origin/main
2026-10-10T01:16:28.7440184Z [36;1mgit fetch origin main:refs/remotes/origin/main[0m
2026-10-10T01:16:28.7490561Z shell: /usr/bin/bash -e {0}
2026-10-10T01:16:28.7490707Z env:
2026-10-10T01:16:28.7490851Z   SOURCE_SHA: da91e730d802b7c9dcdc075b222ecc257021e552
2026-10-10T01:16:28.7491024Z ##[endgroup]
2026-10-10T01:16:29.0763199Z ##[group]Run npm exec --offline -- vitest run --config vitest.business-actions.config.mjs
2026-10-10T01:16:29.0763549Z [36;1mnpm exec --offline -- vitest run --config vitest.business-actions.config.mjs[0m
2026-10-10T01:16:29.0813627Z shell: /usr/bin/bash -e {0}
2026-10-10T01:16:29.0813762Z env:
2026-10-10T01:16:29.0813899Z   SOURCE_SHA: da91e730d802b7c9dcdc075b222ecc257021e552
2026-10-10T01:16:29.0814078Z ##[endgroup]
2026-10-10T01:16:29.1569233Z npm warn config ignoring workspace config at /home/runner/work/chainlesschain/chainlesschain/desktop-app-vue/.npmrc
2026-10-10T01:16:29.4306073Z 
2026-10-10T01:16:29.4307489Z [1m[30m[46m RUN [49m[39m[22m [36mv4.1.10 [39m[90m/home/runner/work/chainlesschain/chainlesschain/desktop-app-vue[39m
2026-10-10T01:16:29.4307778Z 
2026-10-10T01:16:29.6132357Z [90mstdout[2m | tests/unit/ukey/ukey-ipc.test.js[2m > [22m[2mU-Key IPC 处理器[2m > [22m[2m基本功能测试[2m > [22m[2mshould register exactly 26 U-Key IPC handlers
2026-10-10T01:16:29.6133058Z [22m[39m[2026-10-10T01:16:29.611Z] [INFO] [main] [UKey IPC] >>> registerUKeyIPC ENTRY, ukeyManager:
2026-10-10T01:16:29.6133409Z [2026-10-10T01:16:29.612Z] [INFO] [main] [UKey IPC] >>> ipcMain available:
2026-10-10T01:16:29.6133728Z [2026-10-10T01:16:29.612Z] [INFO] [main] [UKey IPC] Registering U-Key IPC handlers...
2026-10-10T01:16:29.6134073Z [2026-10-10T01:16:29.612Z] [INFO] [main] [UKey IPC] >>> ukey:detect handler registered successfully
2026-10-10T01:16:29.6134546Z [2026-10-10T01:16:29.612Z] [INFO] [main] [UKey IPC] ✓ All U-Key IPC handlers registered successfully (26 handlers)
2026-10-10T01:16:29.6134758Z 
2026-10-10T01:16:29.6157685Z [90mstdout[2m | tests/unit/ukey/ukey-ipc.test.js[2m > [22m[2mU-Key IPC 处理器[2m > [22m[2m基本功能测试[2m > [22m[2mshould include all required handler channels
2026-10-10T01:16:29.6158943Z [22m[39m[2026-10-10T01:16:29.613Z] [INFO] [main] [UKey IPC] >>> registerUKeyIPC ENTRY, ukeyManager:
2026-10-10T01:16:29.6159529Z [2026-10-10T01:16:29.613Z] [INFO] [main] [UKey IPC] >>> ipcMain available:
2026-10-10T01:16:29.6160040Z [2026-10-10T01:16:29.614Z] [INFO] [main] [UKey IPC] Registering U-Key IPC handlers...
2026-10-10T01:16:29.6160591Z [2026-10-10T01:16:29.614Z] [INFO] [main] [UKey IPC] >>> ukey:detect handler registered successfully
2026-10-10T01:16:29.6161321Z [2026-10-10T01:16:29.614Z] [INFO] [main] [UKey IPC] ✓ All U-Key IPC handlers registered successfully (26 handlers)
2026-10-10T01:16:29.6162004Z 
2026-10-10T01:16:29.6177225Z [90mstdout[2m | tests/unit/ukey/ukey-ipc.test.js[2m > [22m[2mU-Key IPC 处理器[2m > [22m[2m基本功能测试[2m > [22m[2mall handlers should be registered as functions
2026-10-10T01:16:29.6187630Z [22m[39m[2026-10-10T01:16:29.615Z] [INFO] [main] [UKey IPC] >>> registerUKeyIPC ENTRY, ukeyManager:
2026-10-10T01:16:29.6188197Z [2026-10-10T01:16:29.615Z] [INFO] [main] [UKey IPC] >>> ipcMain available:
2026-10-10T01:16:29.6188699Z [2026-10-10T01:16:29.615Z] [INFO] [main] [UKey IPC] Registering U-Key IPC handlers...
2026-10-10T01:16:29.6189276Z [2026-10-10T01:16:29.615Z] [INFO] [main] [UKey IPC] >>> ukey:detect handler registered successfully
2026-10-10T01:16:29.6190009Z [2026-10-10T01:16:29.615Z] [INFO] [main] [UKey IPC] ✓ All U-Key IPC handlers registered successfully (26 handlers)
2026-10-10T01:16:29.6190339Z 
2026-10-10T01:16:29.6191021Z [90mstdout[2m | tests/unit/ukey/ukey-ipc.test.js[2m > [22m[2mU-Key IPC 处理器[2m > [22m[2m设备检测功能 (ukey:detect)[2m > [22m[2mshould register ukey:detect handler
2026-10-10T01:16:29.6191880Z [22m[39m[2026-10-10T01:16:29.616Z] [INFO] [main] [UKey IPC] >>> registerUKeyIPC ENTRY, ukeyManager:
2026-10-10T01:16:29.6192409Z [2026-10-10T01:16:29.617Z] [INFO] [main] [UKey IPC] >>> ipcMain available:
2026-10-10T01:16:29.6192912Z [2026-10-10T01:16:29.617Z] [INFO] [main] [UKey IPC] Registering U-Key IPC handlers...
2026-10-10T01:16:29.6193511Z [2026-10-10T01:16:29.617Z] [INFO] [main] [UKey IPC] >>> ukey:detect handler registered successfully
2026-10-10T01:16:29.6194565Z [2026-10-10T01:16:29.617Z] [INFO] [main] [UKey IPC] ✓ All U-Key IPC handlers registered successfully (26 handlers)
2026-10-10T01:16:29.6194909Z 
2026-10-10T01:16:29.6195578Z [90mstdout[2m | tests/unit/ukey/ukey-ipc.test.js[2m > [22m[2mU-Key IPC 处理器[2m > [22m[2m设备检测功能 (ukey:detect)[2m > [22m[2mshould call ukeyManager.detect()
2026-10-10T01:16:29.6196577Z [22m[39m[2026-10-10T01:16:29.617Z] [INFO] [main] [UKey IPC] >>> registerUKeyIPC ENTRY, ukeyManager:
2026-10-10T01:16:29.6197093Z [2026-10-10T01:16:29.617Z] [INFO] [main] [UKey IPC] >>> ipcMain available:
2026-10-10T01:16:29.6197571Z [2026-10-10T01:16:29.617Z] [INFO] [main] [UKey IPC] Registering U-Key IPC handlers...
2026-10-10T01:16:29.6198105Z [2026-10-10T01:16:29.618Z] [INFO] [main] [UKey IPC] >>> ukey:detect handler registered successfully
2026-10-10T01:16:29.6198846Z [2026-10-10T01:16:29.618Z] [INFO] [main] [UKey IPC] ✓ All U-Key IPC handlers registered successfully (26 handlers)
2026-10-10T01:16:29.6199164Z 
2026-10-10T01:16:29.6199818Z [90mstdout[2m | tests/unit/ukey/ukey-ipc.test.js[2m > [22m[2mU-Key IPC 处理器[2m > [22m[2m设备检测功能 (ukey:detect)[2m > [22m[2mshould return detection result
2026-10-10T01:16:29.6200613Z [22m[39m[2026-10-10T01:16:29.618Z] [INFO] [main] [UKey IPC] >>> registerUKeyIPC ENTRY, ukeyManager:
2026-10-10T01:16:29.6201114Z [2026-10-10T01:16:29.618Z] [INFO] [main] [UKey IPC] >>> ipcMain available:
2026-10-10T01:16:29.6201570Z [2026-10-10T01:16:29.618Z] [INFO] [main] [UKey IPC] Registering U-Key IPC handlers...
2026-10-10T01:16:29.6202155Z [2026-10-10T01:16:29.618Z] [INFO] [main] [UKey IPC] >>> ukey:detect handler registered successfully
2026-10-10T01:16:29.6202882Z [2026-10-10T01:16:29.618Z] [INFO] [main] [UKey IPC] ✓ All U-Key IPC handlers registered successfully (26 handlers)
2026-10-10T01:16:29.6203211Z 
2026-10-10T01:16:29.6203858Z [90mstdout[2m | tests/unit/ukey/ukey-ipc.test.js[2m > [22m[2mU-Key IPC 处理器[2m > [22m[2m设备检测功能 (ukey:detect)[2m > [22m[2mshould handle detect errors gracefully
2026-10-10T01:16:29.6204659Z [22m[39m[2026-10-10T01:16:29.619Z] [INFO] [main] [UKey IPC] >>> registerUKeyIPC ENTRY, ukeyManager:
2026-10-10T01:16:29.6205173Z [2026-10-10T01:16:29.619Z] [INFO] [main] [UKey IPC] >>> ipcMain available:
2026-10-10T01:16:29.6205666Z [2026-10-10T01:16:29.619Z] [INFO] [main] [UKey IPC] Registering U-Key IPC handlers...
2026-10-10T01:16:29.6206231Z [2026-10-10T01:16:29.619Z] [INFO] [main] [UKey IPC] >>> ukey:detect handler registered successfully
2026-10-10T01:16:29.6207336Z [2026-10-10T01:16:29.619Z] [INFO] [main] [UKey IPC] ✓ All U-Key IPC handlers registered successfully (26 handlers)
2026-10-10T01:16:29.6207664Z 
2026-10-10T01:16:29.6275513Z [90mstderr[2m | tests/unit/ukey/ukey-ipc.test.js[2m > [22m[2mU-Key IPC 处理器[2m > [22m[2m设备检测功能 (ukey:detect)[2m > [22m[2mshould handle detect errors gracefully
2026-10-10T01:16:29.6276803Z [22m[39m[2026-10-10T01:16:29.623Z] [ERROR] [main] [UKey IPC] U盾检测失败: {
2026-10-10T01:16:29.6277293Z   "name": "Error",
2026-10-10T01:16:29.6287053Z   "message": "Detection failed",
2026-10-10T01:16:29.6289707Z   "stack": "Error: Detection failed\n    at /home/runner/work/chainlesschain/chainlesschain/desktop-app-vue/tests/unit/ukey/ukey-ipc.test.js:195:9\n    at file:///home/runner/work/chainlesschain/chainlesschain/node_modules/@vitest/runner/dist/chunk-artifact.js:302:11\n    at file:///home/runner/work/chainlesschain/chainlesschain/node_modules/@vitest/runner/dist/chunk-artifact.js:1903:26\n    at file:///home/runner/work/chainlesschain/chainlesschain/node_modules/@vitest/runner/dist/chunk-artifact.js:2326:20\n    at new Promise (<anonymous>)\n    at runWithCancel (file:///home/runner/work/chainlesschain/chainlesschain/node_modules/@vitest/runner/dist/chunk-artifact.js:2323:10)\n    at file:///home/runner/work/chainlesschain/chainlesschain/node_modules/@vitest/runner/dist/chunk-artifact.js:2305:20\n    at new Promise (<anonymous>)\n    at runWithTimeout (file:///home/runner/work/chainlesschain/chainlesschain/node_modules/@vitest/runner/dist/chunk-artifact.js:2272:10)\n    at file:///home/runner/work/chainlesschain/chainlesschain/node_modules/@vitest/runner/dist/chunk-artifact.js:2955:64"
2026-10-10T01:16:29.6292672Z }
2026-10-10T01:16:29.6292779Z 
2026-10-10T01:16:29.6293356Z [90mstdout[2m | tests/unit/ukey/ukey-ipc.test.js[2m > [22m[2mU-Key IPC 处理器[2m > [22m[2mPIN管理功能 (ukey:verify-pin)[2m > [22m[2mshould register ukey:verify-pin handler
2026-10-10T01:16:29.6294261Z [22m[39m[2026-10-10T01:16:29.628Z] [INFO] [main] [UKey IPC] >>> registerUKeyIPC ENTRY, ukeyManager:
2026-10-10T01:16:29.6294784Z [2026-10-10T01:16:29.628Z] [INFO] [main] [UKey IPC] >>> ipcMain available:
2026-10-10T01:16:29.6295278Z [2026-10-10T01:16:29.628Z] [INFO] [main] [UKey IPC] Registering U-Key IPC handlers...
2026-10-10T01:16:29.6295847Z [2026-10-10T01:16:29.628Z] [INFO] [main] [UKey IPC] >>> ukey:detect handler registered successfully
2026-10-10T01:16:29.6306767Z [2026-10-10T01:16:29.628Z] [INFO] [main] [UKey IPC] ✓ All U-Key IPC handlers registered successfully (26 handlers)
2026-10-10T01:16:29.6307112Z 
2026-10-10T01:16:29.6307896Z [90mstdout[2m | tests/unit/ukey/ukey-ipc.test.js[2m > [22m[2mU-Key IPC 处理器[2m > [22m[2mPIN管理功能 (ukey:verify-pin)[2m > [22m[2mshould call ukeyManager.verifyPIN()
2026-10-10T01:16:29.6308718Z [22m[39m[2026-10-10T01:16:29.629Z] [INFO] [main] [UKey IPC] >>> registerUKeyIPC ENTRY, ukeyManager:
2026-10-10T01:16:29.6309217Z [2026-10-10T01:16:29.629Z] [INFO] [main] [UKey IPC] >>> ipcMain available:
2026-10-10T01:16:29.6309698Z [2026-10-10T01:16:29.629Z] [INFO] [main] [UKey IPC] Registering U-Key IPC handlers...
2026-10-10T01:16:29.6310096Z [2026-10-10T01:16:29.629Z] [INFO] [main] [UKey IPC] >>> ukey:detect handler registered successfully
2026-10-10T01:16:29.6310530Z [2026-10-10T01:16:29.629Z] [INFO] [main] [UKey IPC] ✓ All U-Key IPC handlers registered successfully (26 handlers)
2026-10-10T01:16:29.6310727Z 
2026-10-10T01:16:29.6314705Z [90mstdout[2m | tests/unit/ukey/ukey-ipc.test.js[2m > [22m[2mU-Key IPC 处理器[2m > [22m[2mPIN管理功能 (ukey:verify-pin)[2m > [22m[2mshould return verification result
2026-10-10T01:16:29.6315201Z [22m[39m[2026-10-10T01:16:29.631Z] [INFO] [main] [UKey IPC] >>> registerUKeyIPC ENTRY, ukeyManager:
2026-10-10T01:16:29.6315514Z [2026-10-10T01:16:29.631Z] [INFO] [main] [UKey IPC] >>> ipcMain available:
2026-10-10T01:16:29.6315804Z [2026-10-10T01:16:29.631Z] [INFO] [main] [UKey IPC] Registering U-Key IPC handlers...
2026-10-10T01:16:29.6316136Z [2026-10-10T01:16:29.631Z] [INFO] [main] [UKey IPC] >>> ukey:detect handler registered successfully
2026-10-10T01:16:29.6317028Z [2026-10-10T01:16:29.631Z] [INFO] [main] [UKey IPC] ✓ All U-Key IPC handlers registered successfully (26 handlers)
2026-10-10T01:16:29.6317337Z 
2026-10-10T01:16:29.6321425Z [90mstdout[2m | tests/unit/ukey/ukey-ipc.test.js[2m > [22m[2mU-Key IPC 处理器[2m > [22m[2mPIN管理功能 (ukey:verify-pin)[2m > [22m[2mshould handle PIN verification errors
2026-10-10T01:16:29.6322085Z [22m[39m[2026-10-10T01:16:29.631Z] [INFO] [main] [UKey IPC] >>> registerUKeyIPC ENTRY, ukeyManager:
2026-10-10T01:16:29.6327319Z [2026-10-10T01:16:29.631Z] [INFO] [main] [UKey IPC] >>> ipcMain available:
2026-10-10T01:16:29.6328284Z [90mstderr[2m | tests/unit/ukey/ukey-ipc.test.js[2m > [22m[2mU-Key IPC 处理器[2m > [22m[2mPIN管理功能 (ukey:verify-pin)[2m > [22m[2mshould handle PIN verification errors
2026-10-10T01:16:29.6329018Z [22m[39m[2026-10-10T01:16:29.632Z] [ERROR] [main] [UKey IPC] PIN验证失败: {
2026-10-10T01:16:29.6329322Z   "name": "Error",
2026-10-10T01:16:29.6329523Z   "message": "PIN error",
2026-10-10T01:16:29.6331901Z   "stack": "Error: PIN error\n    at /home/runner/work/chainlesschain/chainlesschain/desktop-app-vue/tests/unit/ukey/ukey-ipc.test.js:228:55\n    at file:///home/runner/work/chainlesschain/chainlesschain/node_modules/@vitest/runner/dist/chunk-artifact.js:302:11\n    at file:///home/runner/work/chainlesschain/chainlesschain/node_modules/@vitest/runner/dist/chunk-artifact.js:1903:26\n    at file:///home/runner/work/chainlesschain/chainlesschain/node_modules/@vitest/runner/dist/chunk-artifact.js:2326:20\n    at new Promise (<anonymous>)\n    at runWithCancel (file:///home/runner/work/chainlesschain/chainlesschain/node_modules/@vitest/runner/dist/chunk-artifact.js:2323:10)\n    at file:///home/runner/work/chainlesschain/chainlesschain/node_modules/@vitest/runner/dist/chunk-artifact.js:2305:20\n    at new Promise (<anonymous>)\n    at runWithTimeout (file:///home/runner/work/chainlesschain/chainlesschain/node_modules/@vitest/runner/dist/chunk-artifact.js:2272:10)\n    at file:///home/runner/work/chainlesschain/chainlesschain/node_modules/@vitest/runner/dist/chunk-artifact.js:2955:64"
2026-10-10T01:16:29.6333862Z }
2026-10-10T01:16:29.6333922Z 
2026-10-10T01:16:29.6334275Z [2026-10-10T01:16:29.631Z] [INFO] [main] [UKey IPC] Registering U-Key IPC handlers...
2026-10-10T01:16:29.6334898Z [2026-10-10T01:16:29.631Z] [INFO] [main] [UKey IPC] >>> ukey:detect handler registered successfully
2026-10-10T01:16:29.6335745Z [2026-10-10T01:16:29.631Z] [INFO] [main] [UKey IPC] ✓ All U-Key IPC handlers registered successfully (26 handlers)
2026-10-10T01:16:29.6336062Z 
2026-10-10T01:16:29.6336862Z [90mstdout[2m | tests/unit/ukey/ukey-ipc.test.js[2m > [22m[2mU-Key IPC 处理器[2m > [22m[2m设备信息获取 (ukey:get-device-info)[2m > [22m[2mshould register ukey:get-device-info handler
2026-10-10T01:16:29.6337696Z [22m[39m[2026-10-10T01:16:29.632Z] [INFO] [main] [UKey IPC] >>> registerUKeyIPC ENTRY, ukeyManager:
2026-10-10T01:16:29.6338133Z [2026-10-10T01:16:29.633Z] [INFO] [main] [UKey IPC] >>> ipcMain available:
2026-10-10T01:16:29.6338431Z [2026-10-10T01:16:29.633Z] [INFO] [main] [UKey IPC] Registering U-Key IPC handlers...
2026-10-10T01:16:29.6338760Z [2026-10-10T01:16:29.633Z] [INFO] [main] [UKey IPC] >>> ukey:detect handler registered successfully
2026-10-10T01:16:29.6339328Z [2026-10-10T01:16:29.633Z] [INFO] [main] [UKey IPC] ✓ All U-Key IPC handlers registered successfully (26 handlers)
2026-10-10T01:16:29.6339529Z 
2026-10-10T01:16:29.6340122Z [90mstdout[2m | tests/unit/ukey/ukey-ipc.test.js[2m > [22m[2mU-Key IPC 处理器[2m > [22m[2m设备信息获取 (ukey:get-device-info)[2m > [22m[2mshould call ukeyManager.getDeviceInfo()
2026-10-10T01:16:29.6340868Z [22m[39m[2026-10-10T01:16:29.633Z] [INFO] [main] [UKey IPC] >>> registerUKeyIPC ENTRY, ukeyManager:
2026-10-10T01:16:29.6341370Z [2026-10-10T01:16:29.633Z] [INFO] [main] [UKey IPC] >>> ipcMain available:
2026-10-10T01:16:29.6341836Z [2026-10-10T01:16:29.633Z] [INFO] [main] [UKey IPC] Registering U-Key IPC handlers...
2026-10-10T01:16:29.6342512Z [2026-10-10T01:16:29.633Z] [INFO] [main] [UKey IPC] >>> ukey:detect handler registered successfully
2026-10-10T01:16:29.6343204Z [2026-10-10T01:16:29.633Z] [INFO] [main] [UKey IPC] ✓ All U-Key IPC handlers registered successfully (26 handlers)
2026-10-10T01:16:29.6343518Z 
2026-10-10T01:16:29.6347647Z [90mstdout[2m | tests/unit/ukey/ukey-ipc.test.js[2m > [22m[2mU-Key IPC 处理器[2m > [22m[2m设备信息获取 (ukey:get-device-info)[2m > [22m[2mshould return device information
2026-10-10T01:16:29.6348560Z [22m[39m[2026-10-10T01:16:29.634Z] [INFO] [main] [UKey IPC] >>> registerUKeyIPC ENTRY, ukeyManager:
2026-10-10T01:16:29.6349006Z [2026-10-10T01:16:29.634Z] [INFO] [main] [UKey IPC] >>> ipcMain available:
2026-10-10T01:16:29.6349429Z [2026-10-10T01:16:29.634Z] [INFO] [main] [UKey IPC] Registering U-Key IPC handlers...
2026-10-10T01:16:29.6349881Z [2026-10-10T01:16:29.634Z] [INFO] [main] [UKey IPC] >>> ukey:detect handler registered successfully
2026-10-10T01:16:29.6350437Z [2026-10-10T01:16:29.634Z] [INFO] [main] [UKey IPC] ✓ All U-Key IPC handlers registered successfully (26 handlers)
2026-10-10T01:16:29.6350754Z 
2026-10-10T01:16:29.6352623Z [90mstdout[2m | tests/unit/ukey/ukey-ipc.test.js[2m > [22m[2mU-Key IPC 处理器[2m > [22m[2m设备信息获取 (ukey:get-device-info)[2m > [22m[2mshould throw error when manager not initialized
2026-10-10T01:16:29.6353267Z [22m[39m[2026-10-10T01:16:29.634Z] [INFO] [main] [UKey IPC] >>> registerUKeyIPC ENTRY, ukeyManager:
2026-10-10T01:16:29.6353839Z [2026-10-10T01:16:29.634Z] [INFO] [main] [UKey IPC] >>> ipcMain available:
2026-10-10T01:16:29.6354252Z [2026-10-10T01:16:29.634Z] [INFO] [main] [UKey IPC] Registering U-Key IPC handlers...
2026-10-10T01:16:29.6354709Z [2026-10-10T01:16:29.635Z] [INFO] [main] [UKey IPC] >>> ukey:detect handler registered successfully
2026-10-10T01:16:29.6355251Z [2026-10-10T01:16:29.635Z] [INFO] [main] [UKey IPC] ✓ All U-Key IPC handlers registered successfully (26 handlers)
2026-10-10T01:16:29.6355575Z 
2026-10-10T01:16:29.6368725Z [90mstderr[2m | tests/unit/ukey/ukey-ipc.test.js[2m > [22m[2mU-Key IPC 处理器[2m > [22m[2m设备信息获取 (ukey:get-device-info)[2m > [22m[2mshould throw error when manager not initialized
2026-10-10T01:16:29.6369958Z [90mstdout[2m | tests/unit/ukey/ukey-ipc.test.js[2m > [22m[2mU-Key IPC 处理器[2m > [22m[2m设备信息获取 (ukey:get-device-info)[2m > [22m[2mshould throw error when manager not initialized
2026-10-10T01:16:29.6370851Z [22m[39m[2026-10-10T01:16:29.635Z] [INFO] [main] [UKey IPC] >>> registerUKeyIPC ENTRY, ukeyManager:
2026-10-10T01:16:29.6371385Z [2026-10-10T01:16:29.635Z] [INFO] [main] [UKey IPC] >>> ipcMain available:
2026-10-10T01:16:29.6371873Z [2026-10-10T01:16:29.635Z] [INFO] [main] [UKey IPC] Registering U-Key IPC handlers...
2026-10-10T01:16:29.6372463Z [2026-10-10T01:16:29.635Z] [INFO] [main] [UKey IPC] >>> ukey:detect handler registered successfully
2026-10-10T01:16:29.6373213Z [2026-10-10T01:16:29.635Z] [INFO] [main] [UKey IPC] ✓ All U-Key IPC handlers registered successfully (26 handlers)
2026-10-10T01:16:29.6373576Z 
2026-10-10T01:16:29.6374118Z [22m[39m[2026-10-10T01:16:29.635Z] [ERROR] [main] [UKey IPC] 获取设备信息失败: {
2026-10-10T01:16:29.6379179Z   "name": "Error",
2026-10-10T01:16:29.6380108Z [90mstdout[2m | tests/unit/ukey/ukey-ipc.test.js[2m > [22m[2mU-Key IPC 处理器[2m > [22m[2m加密操作功能[2m > [22m[2m数字签名 (ukey:sign)[2m > [22m[2mshould register ukey:sign handler
2026-10-10T01:16:29.6380908Z   "message": "U盾管理器未初始化",
2026-10-10T01:16:29.6385229Z   "stack": "Error: U盾管理器未初始化\n    at /home/runner/work/chainlesschain/chainlesschain/desktop-app-vue/src/main/ukey/ukey-ipc.js:166:15\n    at /home/runner/work/chainlesschain/chainlesschain/desktop-app-vue/tests/unit/ukey/ukey-ipc.test.js:278:20\n    at file:///home/runner/work/chainlesschain/chainlesschain/node_modules/@vitest/runner/dist/chunk-artifact.js:302:11\n    at file:///home/runner/work/chainlesschain/chainlesschain/node_modules/@vitest/runner/dist/chunk-artifact.js:1903:26\n    at file:///home/runner/work/chainlesschain/chainlesschain/node_modules/@vitest/runner/dist/chunk-artifact.js:2326:20\n    at new Promise (<anonymous>)\n    at runWithCancel (file:///home/runner/work/chainlesschain/chainlesschain/node_modules/@vitest/runner/dist/chunk-artifact.js:2323:10)\n    at file:///home/runner/work/chainlesschain/chainlesschain/node_modules/@vitest/runner/dist/chunk-artifact.js:2305:20\n    at new Promise (<anonymous>)\n    at runWithTimeout (file:///home/runner/work/chainlesschain/chainlesschain/node_modules/@vitest/runner/dist/chunk-artifact.js:2272:10)"
2026-10-10T01:16:29.6388998Z }
2026-10-10T01:16:29.6389208Z 
2026-10-10T01:16:29.6397386Z [22m[39m[2026-10-10T01:16:29.637Z] [INFO] [main] [UKey IPC] >>> registerUKeyIPC ENTRY, ukeyManager:
2026-10-10T01:16:29.6410313Z [2026-10-10T01:16:29.637Z] [INFO] [main] [UKey IPC] >>> ipcMain available:
2026-10-10T01:16:29.6410897Z [2026-10-10T01:16:29.637Z] [INFO] [main] [UKey IPC] Registering U-Key IPC handlers...
2026-10-10T01:16:29.6411495Z [2026-10-10T01:16:29.637Z] [INFO] [main] [UKey IPC] >>> ukey:detect handler registered successfully
2026-10-10T01:16:29.6412297Z [2026-10-10T01:16:29.637Z] [INFO] [main] [UKey IPC] ✓ All U-Key IPC handlers registered successfully (26 handlers)
2026-10-10T01:16:29.6412631Z 
2026-10-10T01:16:29.6413312Z [90mstdout[2m | tests/unit/ukey/ukey-ipc.test.js[2m > [22m[2mU-Key IPC 处理器[2m > [22m[2m加密操作功能[2m > [22m[2m数字签名 (ukey:sign)[2m > [22m[2mshould call ukeyManager.sign()
2026-10-10T01:16:29.6414107Z [22m[39m[2026-10-10T01:16:29.638Z] [INFO] [main] [UKey IPC] >>> registerUKeyIPC ENTRY, ukeyManager:
2026-10-10T01:16:29.6414770Z [2026-10-10T01:16:29.638Z] [INFO] [main] [UKey IPC] >>> ipcMain available:
2026-10-10T01:16:29.6415264Z [2026-10-10T01:16:29.638Z] [INFO] [main] [UKey IPC] Registering U-Key IPC handlers...
2026-10-10T01:16:29.6415820Z [2026-10-10T01:16:29.638Z] [INFO] [main] [UKey IPC] >>> ukey:detect handler registered successfully
2026-10-10T01:16:29.6416660Z [2026-10-10T01:16:29.638Z] [INFO] [main] [UKey IPC] ✓ All U-Key IPC handlers registered successfully (26 handlers)
2026-10-10T01:16:29.6416976Z 
2026-10-10T01:16:29.6417592Z [90mstdout[2m | tests/unit/ukey/ukey-ipc.test.js[2m > [22m[2mU-Key IPC 处理器[2m > [22m[2m加密操作功能[2m > [22m[2m数字签名 (ukey:sign)[2m > [22m[2mshould return signature
2026-10-10T01:16:29.6418369Z [22m[39m[2026-10-10T01:16:29.639Z] [INFO] [main] [UKey IPC] >>> registerUKeyIPC ENTRY, ukeyManager:
2026-10-10T01:16:29.6418882Z [2026-10-10T01:16:29.639Z] [INFO] [main] [UKey IPC] >>> ipcMain available:
2026-10-10T01:16:29.6419377Z [2026-10-10T01:16:29.639Z] [INFO] [main] [UKey IPC] Registering U-Key IPC handlers...
2026-10-10T01:16:29.6419931Z [2026-10-10T01:16:29.639Z] [INFO] [main] [UKey IPC] >>> ukey:detect handler registered successfully
2026-10-10T01:16:29.6420639Z [2026-10-10T01:16:29.639Z] [INFO] [main] [UKey IPC] ✓ All U-Key IPC handlers registered successfully (26 handlers)
2026-10-10T01:16:29.6420964Z 
2026-10-10T01:16:29.6421881Z [90mstdout[2m | tests/unit/ukey/ukey-ipc.test.js[2m > [22m[2mU-Key IPC 处理器[2m > [22m[2m加密操作功能[2m > [22m[2m数据加密 (ukey:encrypt)[2m > [22m[2mshould register ukey:encrypt handler
2026-10-10T01:16:29.6422731Z [22m[39m[2026-10-10T01:16:29.639Z] [INFO] [main] [UKey IPC] >>> registerUKeyIPC ENTRY, ukeyManager:
2026-10-10T01:16:29.6423227Z [2026-10-10T01:16:29.640Z] [INFO] [main] [UKey IPC] >>> ipcMain available:
2026-10-10T01:16:29.6423696Z [2026-10-10T01:16:29.640Z] [INFO] [main] [UKey IPC] Registering U-Key IPC handlers...
2026-10-10T01:16:29.6424234Z [2026-10-10T01:16:29.640Z] [INFO] [main] [UKey IPC] >>> ukey:detect handler registered successfully
2026-10-10T01:16:29.6424951Z [2026-10-10T01:16:29.640Z] [INFO] [main] [UKey IPC] ✓ All U-Key IPC handlers registered successfully (26 handlers)
2026-10-10T01:16:29.6425293Z 
2026-10-10T01:16:29.6432635Z [90mstdout[2m | tests/unit/ukey/ukey-ipc.test.js[2m > [22m[2mU-Key IPC 处理器[2m > [22m[2m加密操作功能[2m > [22m[2m数据加密 (ukey:encrypt)[2m > [22m[2mshould call ukeyManager.encrypt()
2026-10-10T01:16:29.6433857Z [22m[39m[2026-10-10T01:16:29.640Z] [INFO] [main] [UKey IPC] >>> registerUKeyIPC ENTRY, ukeyManager:
2026-10-10T01:16:29.6434458Z [2026-10-10T01:16:29.642Z] [INFO] [main] [UKey IPC] >>> ipcMain available:
2026-10-10T01:16:29.6435029Z [2026-10-10T01:16:29.642Z] [INFO] [main] [UKey IPC] Registering U-Key IPC handlers...
2026-10-10T01:16:29.6435627Z [2026-10-10T01:16:29.642Z] [INFO] [main] [UKey IPC] >>> ukey:detect handler registered successfully
2026-10-10T01:16:29.6436586Z [2026-10-10T01:16:29.642Z] [INFO] [main] [UKey IPC] ✓ All U-Key IPC handlers registered successfully (26 handlers)
2026-10-10T01:16:29.6436975Z 
2026-10-10T01:16:29.6439922Z [90mstdout[2m | tests/unit/ukey/ukey-ipc.test.js[2m > [22m[2mU-Key IPC 处理器[2m > [22m[2m加密操作功能[2m > [22m[2m数据加密 (ukey:encrypt)[2m > [22m[2mshould return encrypted data
2026-10-10T01:16:29.6440779Z [22m[39m[2026-10-10T01:16:29.643Z] [INFO] [main] [UKey IPC] >>> registerUKeyIPC ENTRY, ukeyManager:
2026-10-10T01:16:29.6441315Z [2026-10-10T01:16:29.643Z] [INFO] [main] [UKey IPC] >>> ipcMain available:
2026-10-10T01:16:29.6441833Z [2026-10-10T01:16:29.643Z] [INFO] [main] [UKey IPC] Registering U-Key IPC handlers...
2026-10-10T01:16:29.6442411Z [2026-10-10T01:16:29.643Z] [INFO] [main] [UKey IPC] >>> ukey:detect handler registered successfully
2026-10-10T01:16:29.6443124Z [2026-10-10T01:16:29.643Z] [INFO] [main] [UKey IPC] ✓ All U-Key IPC handlers registered successfully (26 handlers)
2026-10-10T01:16:29.6443452Z 
2026-10-10T01:16:29.6446831Z [90mstdout[2m | tests/unit/ukey/ukey-ipc.test.js[2m > [22m[2mU-Key IPC 处理器[2m > [22m[2m加密操作功能[2m > [22m[2m数据解密 (ukey:decrypt)[2m > [22m[2mshould register ukey:decrypt handler
2026-10-10T01:16:29.6447759Z [22m[39m[2026-10-10T01:16:29.644Z] [INFO] [main] [UKey IPC] >>> registerUKeyIPC ENTRY, ukeyManager:
2026-10-10T01:16:29.6448306Z [2026-10-10T01:16:29.644Z] [INFO] [main] [UKey IPC] >>> ipcMain available:
2026-10-10T01:16:29.6448801Z [2026-10-10T01:16:29.644Z] [INFO] [main] [UKey IPC] Registering U-Key IPC handlers...
2026-10-10T01:16:29.6449488Z [2026-10-10T01:16:29.644Z] [INFO] [main] [UKey IPC] >>> ukey:detect handler registered successfully
2026-10-10T01:16:29.6450283Z [2026-10-10T01:16:29.644Z] [INFO] [main] [UKey IPC] ✓ All U-Key IPC handlers registered successfully (26 handlers)
2026-10-10T01:16:29.6450676Z 
2026-10-10T01:16:29.6452722Z [90mstdout[2m | tests/unit/ukey/ukey-ipc.test.js[2m > [22m[2mU-Key IPC 处理器[2m > [22m[2m加密操作功能[2m > [22m[2m数据解密 (ukey:decrypt)[2m > [22m[2mshould call ukeyManager.decrypt()
2026-10-10T01:16:29.6453593Z [22m[39m[2026-10-10T01:16:29.644Z] [INFO] [main] [UKey IPC] >>> registerUKeyIPC ENTRY, ukeyManager:
2026-10-10T01:16:29.6454103Z [2026-10-10T01:16:29.644Z] [INFO] [main] [UKey IPC] >>> ipcMain available:
2026-10-10T01:16:29.6454592Z [2026-10-10T01:16:29.644Z] [INFO] [main] [UKey IPC] Registering U-Key IPC handlers...
2026-10-10T01:16:29.6455157Z [2026-10-10T01:16:29.645Z] [INFO] [main] [UKey IPC] >>> ukey:detect handler registered successfully
2026-10-10T01:16:29.6455930Z [2026-10-10T01:16:29.645Z] [INFO] [main] [UKey IPC] ✓ All U-Key IPC handlers registered successfully (26 handlers)
2026-10-10T01:16:29.6456260Z 
2026-10-10T01:16:29.6461765Z [90mstdout[2m | tests/unit/ukey/ukey-ipc.test.js[2m > [22m[2mU-Key IPC 处理器[2m > [22m[2m加密操作功能[2m > [22m[2m数据解密 (ukey:decrypt)[2m > [22m[2mshould return decrypted data
2026-10-10T01:16:29.6462638Z [22m[39m[2026-10-10T01:16:29.645Z] [INFO] [main] [UKey IPC] >>> registerUKeyIPC ENTRY, ukeyManager:
2026-10-10T01:16:29.6463184Z [2026-10-10T01:16:29.645Z] [INFO] [main] [UKey IPC] >>> ipcMain available:
2026-10-10T01:16:29.6463701Z [2026-10-10T01:16:29.645Z] [INFO] [main] [UKey IPC] Registering U-Key IPC handlers...
2026-10-10T01:16:29.6464257Z [2026-10-10T01:16:29.645Z] [INFO] [main] [UKey IPC] >>> ukey:detect handler registered successfully
2026-10-10T01:16:29.6464968Z [2026-10-10T01:16:29.645Z] [INFO] [main] [UKey IPC] ✓ All U-Key IPC handlers registered successfully (26 handlers)
2026-10-10T01:16:29.6465447Z 
2026-10-10T01:16:29.6468966Z [90mstdout[2m | tests/unit/ukey/ukey-ipc.test.js[2m > [22m[2mU-Key IPC 处理器[2m > [22m[2mU-Key 锁定和公钥获取[2m > [22m[2mU-Key 锁定 (ukey:lock)[2m > [22m[2mshould register ukey:lock handler
2026-10-10T01:16:29.6469887Z [22m[39m[2026-10-10T01:16:29.646Z] [INFO] [main] [UKey IPC] >>> registerUKeyIPC ENTRY, ukeyManager:
2026-10-10T01:16:29.6470407Z [2026-10-10T01:16:29.646Z] [INFO] [main] [UKey IPC] >>> ipcMain available:
2026-10-10T01:16:29.6470906Z [2026-10-10T01:16:29.646Z] [INFO] [main] [UKey IPC] Registering U-Key IPC handlers...
2026-10-10T01:16:29.6471485Z [2026-10-10T01:16:29.646Z] [INFO] [main] [UKey IPC] >>> ukey:detect handler registered successfully
2026-10-10T01:16:29.6472185Z [2026-10-10T01:16:29.646Z] [INFO] [main] [UKey IPC] ✓ All U-Key IPC handlers registered successfully (26 handlers)
2026-10-10T01:16:29.6472508Z 
2026-10-10T01:16:29.6475977Z [90mstdout[2m | tests/unit/ukey/ukey-ipc.test.js[2m > [22m[2mU-Key IPC 处理器[2m > [22m[2mU-Key 锁定和公钥获取[2m > [22m[2mU-Key 锁定 (ukey:lock)[2m > [22m[2mshould call ukeyManager.lock()
2026-10-10T01:16:29.6477037Z [22m[39m[2026-10-10T01:16:29.647Z] [INFO] [main] [UKey IPC] >>> registerUKeyIPC ENTRY, ukeyManager:
2026-10-10T01:16:29.6477558Z [2026-10-10T01:16:29.647Z] [INFO] [main] [UKey IPC] >>> ipcMain available:
2026-10-10T01:16:29.6478041Z [2026-10-10T01:16:29.647Z] [INFO] [main] [UKey IPC] Registering U-Key IPC handlers...
2026-10-10T01:16:29.6478600Z [2026-10-10T01:16:29.647Z] [INFO] [main] [UKey IPC] >>> ukey:detect handler registered successfully
2026-10-10T01:16:29.6479578Z [2026-10-10T01:16:29.647Z] [INFO] [main] [UKey IPC] ✓ All U-Key IPC handlers registered successfully (26 handlers)
2026-10-10T01:16:29.6479907Z 
2026-10-10T01:16:29.6484215Z [90mstdout[2m | tests/unit/ukey/ukey-ipc.test.js[2m > [22m[2mU-Key IPC 处理器[2m > [22m[2mU-Key 锁定和公钥获取[2m > [22m[2mU-Key 锁定 (ukey:lock)[2m > [22m[2mshould return success
2026-10-10T01:16:29.6485115Z [22m[39m[2026-10-10T01:16:29.648Z] [INFO] [main] [UKey IPC] >>> registerUKeyIPC ENTRY, ukeyManager:
2026-10-10T01:16:29.6485632Z [2026-10-10T01:16:29.648Z] [INFO] [main] [UKey IPC] >>> ipcMain available:
2026-10-10T01:16:29.6486121Z [2026-10-10T01:16:29.648Z] [INFO] [main] [UKey IPC] Registering U-Key IPC handlers...
2026-10-10T01:16:29.6486815Z [2026-10-10T01:16:29.648Z] [INFO] [main] [UKey IPC] >>> ukey:detect handler registered successfully
2026-10-10T01:16:29.6487643Z [2026-10-10T01:16:29.648Z] [INFO] [main] [UKey IPC] ✓ All U-Key IPC handlers registered successfully (26 handlers)
2026-10-10T01:16:29.6487977Z 
2026-10-10T01:16:29.6507574Z [90mstdout[2m | tests/unit/ukey/ukey-ipc.test.js[2m > [22m[2mU-Key IPC 处理器[2m > [22m[2mU-Key 锁定和公钥获取[2m > [22m[2m获取公钥 (ukey:get-public-key)[2m > [22m[2mshould register ukey:get-public-key handler
2026-10-10T01:16:29.6508557Z [22m[39m[2026-10-10T01:16:29.648Z] [INFO] [main] [UKey IPC] >>> registerUKeyIPC ENTRY, ukeyManager:
2026-10-10T01:16:29.6509082Z [2026-10-10T01:16:29.648Z] [INFO] [main] [UKey IPC] >>> ipcMain available:
2026-10-10T01:16:29.6509580Z [2026-10-10T01:16:29.649Z] [INFO] [main] [UKey IPC] Registering U-Key IPC handlers...
2026-10-10T01:16:29.6510130Z [2026-10-10T01:16:29.649Z] [INFO] [main] [UKey IPC] >>> ukey:detect handler registered successfully
2026-10-10T01:16:29.6510851Z [2026-10-10T01:16:29.649Z] [INFO] [main] [UKey IPC] ✓ All U-Key IPC handlers registered successfully (26 handlers)
2026-10-10T01:16:29.6511177Z 
2026-10-10T01:16:29.6511959Z [90mstdout[2m | tests/unit/ukey/ukey-ipc.test.js[2m > [22m[2mU-Key IPC 处理器[2m > [22m[2mU-Key 锁定和公钥获取[2m > [22m[2m获取公钥 (ukey:get-public-key)[2m > [22m[2mshould call ukeyManager.getPublicKey()
2026-10-10T01:16:29.6512883Z [22m[39m[2026-10-10T01:16:29.649Z] [INFO] [main] [UKey IPC] >>> registerUKeyIPC ENTRY, ukeyManager:
2026-10-10T01:16:29.6513396Z [2026-10-10T01:16:29.649Z] [INFO] [main] [UKey IPC] >>> ipcMain available:
2026-10-10T01:16:29.6513889Z [2026-10-10T01:16:29.649Z] [INFO] [main] [UKey IPC] Registering U-Key IPC handlers...
2026-10-10T01:16:29.6514641Z [2026-10-10T01:16:29.649Z] [INFO] [main] [UKey IPC] >>> ukey:detect handler registered successfully
2026-10-10T01:16:29.6515341Z [2026-10-10T01:16:29.649Z] [INFO] [main] [UKey IPC] ✓ All U-Key IPC handlers registered successfully (26 handlers)
2026-10-10T01:16:29.6515662Z 
2026-10-10T01:16:29.6516577Z [90mstdout[2m | tests/unit/ukey/ukey-ipc.test.js[2m > [22m[2mU-Key IPC 处理器[2m > [22m[2mU-Key 锁定和公钥获取[2m > [22m[2m获取公钥 (ukey:get-public-key)[2m > [22m[2mshould return public key
2026-10-10T01:16:29.6517473Z [22m[39m[2026-10-10T01:16:29.650Z] [INFO] [main] [UKey IPC] >>> registerUKeyIPC ENTRY, ukeyManager:
2026-10-10T01:16:29.6517979Z [2026-10-10T01:16:29.650Z] [INFO] [main] [UKey IPC] >>> ipcMain available:
2026-10-10T01:16:29.6518458Z [2026-10-10T01:16:29.650Z] [INFO] [main] [UKey IPC] Registering U-Key IPC handlers...
2026-10-10T01:16:29.6519000Z [2026-10-10T01:16:29.650Z] [INFO] [main] [UKey IPC] >>> ukey:detect handler registered successfully
2026-10-10T01:16:29.6519748Z [2026-10-10T01:16:29.650Z] [INFO] [main] [UKey IPC] ✓ All U-Key IPC handlers registered successfully (26 handlers)
2026-10-10T01:16:29.6520079Z 
2026-10-10T01:16:29.6520813Z [90mstdout[2m | tests/unit/ukey/ukey-ipc.test.js[2m > [22m[2mU-Key IPC 处理器[2m > [22m[2m备用认证功能 (auth:verify-password)[2m > [22m[2mshould register auth:verify-password handler
2026-10-10T01:16:29.6521694Z [22m[39m[2026-10-10T01:16:29.651Z] [INFO] [main] [UKey IPC] >>> registerUKeyIPC ENTRY, ukeyManager:
2026-10-10T01:16:29.6522377Z [2026-10-10T01:16:29.651Z] [INFO] [main] [UKey IPC] >>> ipcMain available:
2026-10-10T01:16:29.6522855Z [2026-10-10T01:16:29.651Z] [INFO] [main] [UKey IPC] Registering U-Key IPC handlers...
2026-10-10T01:16:29.6523399Z [2026-10-10T01:16:29.651Z] [INFO] [main] [UKey IPC] >>> ukey:detect handler registered successfully
2026-10-10T01:16:29.6524126Z [2026-10-10T01:16:29.651Z] [INFO] [main] [UKey IPC] ✓ All U-Key IPC handlers registered successfully (26 handlers)
2026-10-10T01:16:29.6524452Z 
2026-10-10T01:16:29.6527105Z [90mstdout[2m | tests/unit/ukey/ukey-ipc.test.js[2m > [22m[2mU-Key IPC 处理器[2m > [22m[2m备用认证功能 (auth:verify-password)[2m > [22m[2mshould verify correct credentials
2026-10-10T01:16:29.6527958Z [22m[39m[2026-10-10T01:16:29.652Z] [INFO] [main] [UKey IPC] >>> registerUKeyIPC ENTRY, ukeyManager:
2026-10-10T01:16:29.6528474Z [2026-10-10T01:16:29.652Z] [INFO] [main] [UKey IPC] >>> ipcMain available:
2026-10-10T01:16:29.6528992Z [2026-10-10T01:16:29.652Z] [INFO] [main] [UKey IPC] Registering U-Key IPC handlers...
2026-10-10T01:16:29.6529558Z [2026-10-10T01:16:29.652Z] [INFO] [main] [UKey IPC] >>> ukey:detect handler registered successfully
2026-10-10T01:16:29.6530295Z [2026-10-10T01:16:29.652Z] [INFO] [main] [UKey IPC] ✓ All U-Key IPC handlers registered successfully (26 handlers)
2026-10-10T01:16:29.6530618Z 
2026-10-10T01:16:29.6531300Z [90mstdout[2m | tests/unit/ukey/ukey-ipc.test.js[2m > [22m[2mU-Key IPC 处理器[2m > [22m[2m备用认证功能 (auth:verify-password)[2m > [22m[2mshould verify correct credentials
2026-10-10T01:16:29.6532053Z [22m[39m[2026-10-10T01:16:29.652Z] [INFO] [main] [UKey IPC] ✅ 密码验证成功
2026-10-10T01:16:29.6532265Z 
2026-10-10T01:16:29.6536147Z [90mstdout[2m | tests/unit/ukey/ukey-ipc.test.js[2m > [22m[2mU-Key IPC 处理器[2m > [22m[2m备用认证功能 (auth:verify-password)[2m > [22m[2mshould reject incorrect credentials
2026-10-10T01:16:29.6537219Z [22m[39m[2026-10-10T01:16:29.653Z] [INFO] [main] [UKey IPC] >>> registerUKeyIPC ENTRY, ukeyManager:
2026-10-10T01:16:29.6537756Z [2026-10-10T01:16:29.653Z] [INFO] [main] [UKey IPC] >>> ipcMain available:
2026-10-10T01:16:29.6538250Z [2026-10-10T01:16:29.653Z] [INFO] [main] [UKey IPC] Registering U-Key IPC handlers...
2026-10-10T01:16:29.6538808Z [2026-10-10T01:16:29.653Z] [INFO] [main] [UKey IPC] >>> ukey:detect handler registered successfully
2026-10-10T01:16:29.6539552Z [2026-10-10T01:16:29.653Z] [INFO] [main] [UKey IPC] ✓ All U-Key IPC handlers registered successfully (26 handlers)
2026-10-10T01:16:29.6539879Z 
2026-10-10T01:16:29.6540761Z [90mstdout[2m | tests/unit/ukey/ukey-ipc.test.js[2m > [22m[2mU-Key IPC 处理器[2m > [22m[2m备用认证功能 (auth:verify-password)[2m > [22m[2mshould reject incorrect credentials
2026-10-10T01:16:29.6541516Z [22m[39m[2026-10-10T01:16:29.653Z] [INFO] [main] [UKey IPC] ❌ 密码验证失败
2026-10-10T01:16:29.6541983Z [2026-10-10T01:16:29.653Z] [INFO] [main] [UKey IPC] 用户名匹配:
2026-10-10T01:16:29.6542421Z [2026-10-10T01:16:29.653Z] [INFO] [main] [UKey IPC] 密码匹配:
2026-10-10T01:16:29.6542847Z [2026-10-10T01:16:29.653Z] [INFO] [main] [UKey IPC] 用户名严格相等:
2026-10-10T01:16:29.6543281Z [2026-10-10T01:16:29.653Z] [INFO] [main] [UKey IPC] 密码严格相等:
2026-10-10T01:16:29.6543480Z 
2026-10-10T01:16:29.6547043Z [90mstdout[2m | tests/unit/ukey/ukey-ipc.test.js[2m > [22m[2mU-Key IPC 处理器[2m > [22m[2m备用认证功能 (auth:verify-password)[2m > [22m[2mshould return user info on success
2026-10-10T01:16:29.6547932Z [22m[39m[2026-10-10T01:16:29.654Z] [INFO] [main] [UKey IPC] >>> registerUKeyIPC ENTRY, ukeyManager:
2026-10-10T01:16:29.6548461Z [2026-10-10T01:16:29.654Z] [INFO] [main] [UKey IPC] >>> ipcMain available:
2026-10-10T01:16:29.6548946Z [2026-10-10T01:16:29.654Z] [INFO] [main] [UKey IPC] Registering U-Key IPC handlers...
2026-10-10T01:16:29.6549504Z [2026-10-10T01:16:29.654Z] [INFO] [main] [UKey IPC] >>> ukey:detect handler registered successfully
2026-10-10T01:16:29.6550248Z [2026-10-10T01:16:29.654Z] [INFO] [main] [UKey IPC] ✓ All U-Key IPC handlers registered successfully (26 handlers)
2026-10-10T01:16:29.6550578Z 
2026-10-10T01:16:29.6551450Z [90mstdout[2m | tests/unit/ukey/ukey-ipc.test.js[2m > [22m[2mU-Key IPC 处理器[2m > [22m[2m备用认证功能 (auth:verify-password)[2m > [22m[2mshould return user info on success
2026-10-10T01:16:29.6552201Z [22m[39m[2026-10-10T01:16:29.654Z] [INFO] [main] [UKey IPC] ✅ 密码验证成功
2026-10-10T01:16:29.6552419Z 
2026-10-10T01:16:29.6557864Z [90mstdout[2m | tests/unit/ukey/ukey-ipc.test.js[2m > [22m[2mU-Key IPC 处理器[2m > [22m[2m总体验证[2m > [22m[2mshould register all 26 U-Key IPC handlers
2026-10-10T01:16:29.6560856Z [22m[39m[2026-10-10T01:16:29.655Z] [INFO] [main] [UKey IPC] >>> registerUKeyIPC ENTRY, ukeyManager:
2026-10-10T01:16:29.6561323Z [2026-10-10T01:16:29.655Z] [INFO] [main] [UKey IPC] >>> ipcMain available:
2026-10-10T01:16:29.6561633Z [2026-10-10T01:16:29.655Z] [INFO] [main] [UKey IPC] Registering U-Key IPC handlers...
2026-10-10T01:16:29.6561979Z [2026-10-10T01:16:29.655Z] [INFO] [main] [UKey IPC] >>> ukey:detect handler registered successfully
2026-10-10T01:16:29.6562446Z [2026-10-10T01:16:29.655Z] [INFO] [main] [UKey IPC] ✓ All U-Key IPC handlers registered successfully (26 handlers)
2026-10-10T01:16:29.6562664Z 
2026-10-10T01:16:29.6566764Z [90mstdout[2m | tests/unit/ukey/ukey-ipc.test.js[2m > [22m[2mU-Key IPC 处理器[2m > [22m[2m总体验证[2m > [22m[2mshould have all required handler channels
2026-10-10T01:16:29.6567457Z [22m[39m[2026-10-10T01:16:29.656Z] [INFO] [main] [UKey IPC] >>> registerUKeyIPC ENTRY, ukeyManager:
2026-10-10T01:16:29.6567835Z [2026-10-10T01:16:29.656Z] [INFO] [main] [UKey IPC] >>> ipcMain available:
2026-10-10T01:16:29.6568373Z [2026-10-10T01:16:29.656Z] [INFO] [main] [UKey IPC] Registering U-Key IPC handlers...
2026-10-10T01:16:29.6568730Z [2026-10-10T01:16:29.656Z] [INFO] [main] [UKey IPC] >>> ukey:detect handler registered successfully
2026-10-10T01:16:29.6569250Z [2026-10-10T01:16:29.656Z] [INFO] [main] [UKey IPC] ✓ All U-Key IPC handlers registered successfully (26 handlers)
2026-10-10T01:16:29.6569454Z 
2026-10-10T01:16:29.6593830Z [90mstdout[2m | tests/unit/ukey/ukey-ipc.test.js[2m > [22m[2mU-Key IPC 处理器[2m > [22m[2m总体验证[2m > [22m[2mall handlers should be callable functions
2026-10-10T01:16:29.6606277Z [22m[39m[2026-10-10T01:16:29.657Z] [INFO] [main] [UKey IPC] >>> registerUKeyIPC ENTRY, ukeyManager:
2026-10-10T01:16:29.6608094Z [2026-10-10T01:16:29.657Z] [INFO] [main] [UKey IPC] >>> ipcMain available:
2026-10-10T01:16:29.6608571Z [2026-10-10T01:16:29.657Z] [INFO] [main] [UKey IPC] Registering U-Key IPC handlers...
2026-10-10T01:16:29.6608930Z [2026-10-10T01:16:29.657Z] [INFO] [main] [UKey IPC] >>> ukey:detect handler registered successfully
2026-10-10T01:16:29.6609377Z [2026-10-10T01:16:29.659Z] [INFO] [main] [UKey IPC] ✓ All U-Key IPC handlers registered successfully (26 handlers)
2026-10-10T01:16:29.6609669Z 
2026-10-10T01:16:29.6610274Z [90mstdout[2m | tests/unit/ukey/ukey-ipc.test.js[2m > [22m[2mU-Key IPC 处理器[2m > [22m[2m总体验证[2m > [22m[2mhandlers should support dependency injection
2026-10-10T01:16:29.6611267Z [22m[39m[2026-10-10T01:16:29.659Z] [INFO] [main] [UKey IPC] >>> registerUKeyIPC ENTRY, ukeyManager:
2026-10-10T01:16:29.6611762Z [2026-10-10T01:16:29.659Z] [INFO] [main] [UKey IPC] >>> ipcMain available:
2026-10-10T01:16:29.6612063Z [2026-10-10T01:16:29.659Z] [INFO] [main] [UKey IPC] Registering U-Key IPC handlers...
2026-10-10T01:16:29.6612403Z [2026-10-10T01:16:29.659Z] [INFO] [main] [UKey IPC] >>> ukey:detect handler registered successfully
2026-10-10T01:16:29.6612841Z [2026-10-10T01:16:29.659Z] [INFO] [main] [UKey IPC] ✓ All U-Key IPC handlers registered successfully (26 handlers)
2026-10-10T01:16:29.6613053Z 
2026-10-10T01:16:29.6613407Z [90mstdout[2m | tests/unit/ukey/ukey-ipc.test.js[2m > [22m[2mU-Key IPC 处理器[2m > [22m[2m总体验证[2m > [22m[2mhandlers should support dependency injection
2026-10-10T01:16:29.6613887Z [22m[39m[2026-10-10T01:16:29.660Z] [INFO] [main] [UKey IPC] >>> registerUKeyIPC ENTRY, ukeyManager:
2026-10-10T01:16:29.6614199Z [2026-10-10T01:16:29.660Z] [INFO] [main] [UKey IPC] >>> ipcMain available:
2026-10-10T01:16:29.6614498Z [2026-10-10T01:16:29.660Z] [INFO] [main] [UKey IPC] Registering U-Key IPC handlers...
2026-10-10T01:16:29.6614834Z [2026-10-10T01:16:29.660Z] [INFO] [main] [UKey IPC] >>> ukey:detect handler registered successfully
2026-10-10T01:16:29.6615259Z [2026-10-10T01:16:29.660Z] [INFO] [main] [UKey IPC] ✓ All U-Key IPC handlers registered successfully (26 handlers)
2026-10-10T01:16:29.6615457Z 
2026-10-10T01:16:29.6634811Z  [32m✓[39m tests/unit/ukey/ukey-ipc.test.js [2m([22m[2m38 tests[22m[2m)[22m[32m 88[2mms[22m[39m
2026-10-10T01:16:29.8409392Z  [32m✓[39m src/main/task/__tests__/task-description-ipc.test.js [2m([22m[2m28 tests[22m[2m)[22m[32m 95[2mms[22m[39m
2026-10-10T01:16:30.2291419Z [90mstdout[2m | src/main/task/__tests__/project-goal-monitoring-host.test.js[2m > [22m[2mdesktop goal monitoring native storage and lifecycle owner[2m > [22m[2mrestores only explicitly enabled goals when the desktop controller restarts
2026-10-10T01:16:30.2292479Z [22m[39mgoal restart phase entered create-goal
2026-10-10T01:16:30.2293135Z goal restart phase completed { phase: [32m'create-goal'[39m, elapsedMs: [33m3.515091000000041[39m }
2026-10-10T01:16:30.2293584Z goal restart phase entered start
2026-10-10T01:16:30.2293773Z 
2026-10-10T01:16:30.2329058Z [90mstdout[2m | src/main/task/__tests__/project-goal-monitoring-host.test.js[2m > [22m[2mdesktop goal monitoring native storage and lifecycle owner[2m > [22m[2mrestores only explicitly enabled goals when the desktop controller restarts
2026-10-10T01:16:30.2330127Z [22m[39mgoal restart phase completed { phase: [32m'start'[39m, elapsedMs: [33m19.913779999999974[39m }
2026-10-10T01:16:30.2330572Z goal restart phase entered close-old-controller
2026-10-10T01:16:30.2330694Z 
2026-10-10T01:16:30.2357281Z [90mstdout[2m | src/main/task/__tests__/project-goal-monitoring-host.test.js[2m > [22m[2mdesktop goal monitoring native storage and lifecycle owner[2m > [22m[2mrestores only explicitly enabled goals when the desktop controller restarts
2026-10-10T01:16:30.2358563Z [22m[39mgoal restart phase completed { phase: [32m'close-old-controller'[39m, elapsedMs: [33m1.069133000000022[39m }
2026-10-10T01:16:30.2359101Z goal restart phase entered reopen-controller
2026-10-10T01:16:30.2359291Z 
2026-10-10T01:16:30.2398850Z [90mstdout[2m | src/main/task/__tests__/project-goal-monitoring-host.test.js[2m > [22m[2mdesktop goal monitoring native storage and lifecycle owner[2m > [22m[2mrestores only explicitly enabled goals when the desktop controller restarts
2026-10-10T01:16:30.2400117Z [22m[39mgoal restart phase completed { phase: [32m'reopen-controller'[39m, elapsedMs: [33m5.824612999999999[39m }
2026-10-10T01:16:30.2400622Z goal restart phase entered explicit-tick
2026-10-10T01:16:30.2400796Z 
2026-10-10T01:16:30.2478474Z [90mstdout[2m | src/main/task/__tests__/project-goal-monitoring-host.test.js[2m > [22m[2mdesktop goal monitoring native storage and lifecycle owner[2m > [22m[2mrestores only explicitly enabled goals when the desktop controller restarts
2026-10-10T01:16:30.2479703Z [22m[39mgoal restart phase completed { phase: [32m'explicit-tick'[39m, elapsedMs: [33m6.413892999999973[39m }
2026-10-10T01:16:30.2480208Z goal restart phase entered assert-restored-check
2026-10-10T01:16:30.2480652Z goal restart phase completed { phase: [32m'assert-restored-check'[39m, elapsedMs: [33m1.2188879999999926[39m }
2026-10-10T01:16:30.2480938Z goal restart monotonic timings {
2026-10-10T01:16:30.2481260Z   elapsedMs: [33m38.03187299999996[39m,
2026-10-10T01:16:30.2481449Z   timings: [
2026-10-10T01:16:30.2481687Z     { phase: [32m'create-goal'[39m, elapsedMs: [33m3.515091000000041[39m },
2026-10-10T01:16:30.2481983Z     { phase: [32m'start'[39m, elapsedMs: [33m19.913779999999974[39m },
2026-10-10T01:16:30.2482296Z     { phase: [32m'close-old-controller'[39m, elapsedMs: [33m1.069133000000022[39m },
2026-10-10T01:16:30.2482786Z     { phase: [32m'reopen-controller'[39m, elapsedMs: [33m5.824612999999999[39m },
2026-10-10T01:16:30.2483295Z     { phase: [32m'explicit-tick'[39m, elapsedMs: [33m6.413892999999973[39m },
2026-10-10T01:16:30.2483786Z     { phase: [32m'assert-restored-check'[39m, elapsedMs: [33m1.2188879999999926[39m }
2026-10-10T01:16:30.2483995Z   ]
2026-10-10T01:16:30.2484101Z }
2026-10-10T01:16:30.2484159Z 
2026-10-10T01:16:30.3492826Z  [32m✓[39m src/main/task/__tests__/project-goal-monitoring-host.test.js [2m([22m[2m20 tests[22m[2m)[22m[33m 414[2mms[22m[39m
2026-10-10T01:16:30.4380810Z [90mstdout[2m | src/main/notification/__tests__/notification-authority-ipc.test.js[2m > [22m[2mnotification IPC actor and projection authority[2m > [22m[2mlists only current actor rows and replaces goal display text with a fresh authorized projection
2026-10-10T01:16:30.4381778Z [22m[39m[2026-10-10T01:16:30.437Z] [INFO] [main] [Notification IPC] Registered 7 authenticated notification handlers
2026-10-10T01:16:30.4382137Z 
2026-10-10T01:16:30.4424371Z [90mstdout[2m | src/main/notification/__tests__/notification-authority-ipc.test.js[2m > [22m[2mnotification IPC actor and projection authority[2m > [22m[2mnever reads or acknowledges another actor's rows
2026-10-10T01:16:30.4425077Z [22m[39m[2026-10-10T01:16:30.441Z] [INFO] [main] [Notification IPC] Registered 7 authenticated notification handlers
2026-10-10T01:16:30.4425302Z 
2026-10-10T01:16:30.4442972Z [90mstdout[2m | src/main/notification/__tests__/notification-authority-ipc.test.js[2m > [22m[2mnotification IPC actor and projection authority[2m > [22m[2mrevalidates goal projections before list, count and both read mutations
2026-10-10T01:16:30.4443968Z [22m[39m[2026-10-10T01:16:30.443Z] [INFO] [main] [Notification IPC] Registered 7 authenticated notification handlers
2026-10-10T01:16:30.4444179Z 
2026-10-10T01:16:30.4463062Z [90mstdout[2m | src/main/notification/__tests__/notification-authority-ipc.test.js[2m > [22m[2mnotification IPC actor and projection authority[2m > [22m[2mfails explicitly without login and returns no cached list or count
2026-10-10T01:16:30.4463740Z [22m[39m[2026-10-10T01:16:30.445Z] [INFO] [main] [Notification IPC] Registered 7 authenticated notification handlers
2026-10-10T01:16:30.4463946Z 
2026-10-10T01:16:30.4475998Z [90mstdout[2m | src/main/notification/__tests__/notification-authority-ipc.test.js[2m > [22m[2mnotification IPC actor and projection authority[2m > [22m[2mdefaults to the actual authenticated session instead of a loaded DID
2026-10-10T01:16:30.4476749Z [22m[39m[2026-10-10T01:16:30.447Z] [INFO] [main] [Notification IPC] Registered 7 authenticated notification handlers
2026-10-10T01:16:30.4476959Z 
2026-10-10T01:16:30.4480040Z [90mstdout[2m | src/main/notification/__tests__/notification-authority-ipc.test.js[2m > [22m[2mnotification IPC actor and projection authority[2m > [22m[2mdefaults to the actual authenticated session instead of a loaded DID
2026-10-10T01:16:30.4480696Z [22m[39m[2026-10-10T01:16:30.447Z] [INFO] [main] [Notification IPC] Registered 7 authenticated notification handlers
2026-10-10T01:16:30.4481062Z 
2026-10-10T01:16:30.4491264Z [90mstdout[2m | src/main/notification/__tests__/notification-authority-ipc.test.js[2m > [22m[2mnotification IPC actor and projection authority[2m > [22m[2mrejects a actor change during projection and rolls back earlier acknowledgments
2026-10-10T01:16:30.4491938Z [22m[39m[2026-10-10T01:16:30.448Z] [INFO] [main] [Notification IPC] Registered 7 authenticated notification handlers
2026-10-10T01:16:30.4492152Z 
2026-10-10T01:16:30.4500860Z [90mstdout[2m | src/main/notification/__tests__/notification-authority-ipc.test.js[2m > [22m[2mnotification IPC actor and projection authority[2m > [22m[2mrejects a same DID reauthentication change during projection and rolls back earlier acknowledgments
2026-10-10T01:16:30.4502009Z [22m[39m[2026-10-10T01:16:30.449Z] [INFO] [main] [Notification IPC] Registered 7 authenticated notification handlers
2026-10-10T01:16:30.4502352Z 
2026-10-10T01:16:30.4510803Z [90mstdout[2m | src/main/notification/__tests__/notification-authority-ipc.test.js[2m > [22m[2mnotification IPC actor and projection authority[2m > [22m[2mrejects a trusted navigation change during projection and rolls back earlier acknowledgments
2026-10-10T01:16:30.4511504Z [22m[39m[2026-10-10T01:16:30.450Z] [INFO] [main] [Notification IPC] Registered 7 authenticated notification handlers
2026-10-10T01:16:30.4511711Z 
2026-10-10T01:16:30.4520641Z [90mstdout[2m | src/main/notification/__tests__/notification-authority-ipc.test.js[2m > [22m[2mnotification IPC actor and projection authority[2m > [22m[2mrejects a frame replacement change during projection and rolls back earlier acknowledgments
2026-10-10T01:16:30.4521338Z [22m[39m[2026-10-10T01:16:30.451Z] [INFO] [main] [Notification IPC] Registered 7 authenticated notification handlers
2026-10-10T01:16:30.4521547Z 
2026-10-10T01:16:30.4530358Z [90mstdout[2m | src/main/notification/__tests__/notification-authority-ipc.test.js[2m > [22m[2mnotification IPC actor and projection authority[2m > [22m[2mrejects a window replacement change during projection and rolls back earlier acknowledgments
2026-10-10T01:16:30.4531055Z [22m[39m[2026-10-10T01:16:30.452Z] [INFO] [main] [Notification IPC] Registered 7 authenticated notification handlers
2026-10-10T01:16:30.4531260Z 
2026-10-10T01:16:30.4539208Z [90mstdout[2m | src/main/notification/__tests__/notification-authority-ipc.test.js[2m > [22m[2mnotification IPC actor and projection authority[2m > [22m[2mrejects a database replacement change during projection and rolls back earlier acknowledgments
2026-10-10T01:16:30.4540047Z [22m[39m[2026-10-10T01:16:30.453Z] [INFO] [main] [Notification IPC] Registered 7 authenticated notification handlers
2026-10-10T01:16:30.4540252Z 
2026-10-10T01:16:30.4548001Z [90mstdout[2m | src/main/notification/__tests__/notification-authority-ipc.test.js[2m > [22m[2mnotification IPC actor and projection authority[2m > [22m[2mdoes not return accumulated rows when authorization changes during output assembly
2026-10-10T01:16:30.4548692Z [22m[39m[2026-10-10T01:16:30.454Z] [INFO] [main] [Notification IPC] Registered 7 authenticated notification handlers
2026-10-10T01:16:30.4548901Z 
2026-10-10T01:16:30.4555063Z [90mstdout[2m | src/main/notification/__tests__/notification-authority-ipc.test.js[2m > [22m[2mnotification IPC actor and projection authority[2m > [22m[2mrejects untrusted origin for every channel
2026-10-10T01:16:30.4556064Z [22m[39m[2026-10-10T01:16:30.455Z] [INFO] [main] [Notification IPC] Registered 7 authenticated notification handlers
2026-10-10T01:16:30.4556504Z 
2026-10-10T01:16:30.4568455Z [90mstdout[2m | src/main/notification/__tests__/notification-authority-ipc.test.js[2m > [22m[2mnotification IPC actor and projection authority[2m > [22m[2mrejects subframe for every channel
2026-10-10T01:16:30.4569064Z [22m[39m[2026-10-10T01:16:30.456Z] [INFO] [main] [Notification IPC] Registered 7 authenticated notification handlers
2026-10-10T01:16:30.4569272Z 
2026-10-10T01:16:30.4575256Z [90mstdout[2m | src/main/notification/__tests__/notification-authority-ipc.test.js[2m > [22m[2mnotification IPC actor and projection authority[2m > [22m[2mrejects closed window for every channel
2026-10-10T01:16:30.4575875Z [22m[39m[2026-10-10T01:16:30.457Z] [INFO] [main] [Notification IPC] Registered 7 authenticated notification handlers
2026-10-10T01:16:30.4576080Z 
2026-10-10T01:16:30.4591407Z [90mstdout[2m | src/main/notification/__tests__/notification-authority-ipc.test.js[2m > [22m[2mnotification IPC actor and projection authority[2m > [22m[2mrejects renderer authority and unbounded options {"actorDid":"did:chainless:bob"}
2026-10-10T01:16:30.4592416Z [22m[39m[2026-10-10T01:16:30.458Z] [INFO] [main] [Notification IPC] Registered 7 authenticated notification handlers
2026-10-10T01:16:30.4592900Z 
2026-10-10T01:16:30.4599170Z [90mstdout[2m | src/main/notification/__tests__/notification-authority-ipc.test.js[2m > [22m[2mnotification IPC actor and projection authority[2m > [22m[2mrejects renderer authority and unbounded options {"user_did":"did:chainless:bob"}
2026-10-10T01:16:30.4600415Z [22m[39m[2026-10-10T01:16:30.459Z] [INFO] [main] [Notification IPC] Registered 7 authenticated notification handlers
2026-10-10T01:16:30.4600782Z 
2026-10-10T01:16:30.4603784Z [90mstdout[2m | src/main/notification/__tests__/notification-authority-ipc.test.js[2m > [22m[2mnotification IPC actor and projection authority[2m > [22m[2mrejects renderer authority and unbounded options {"limit":101}
2026-10-10T01:16:30.4604940Z [22m[39m[2026-10-10T01:16:30.460Z] [INFO] [main] [Notification IPC] Registered 7 authenticated notification handlers
2026-10-10T01:16:30.4605305Z 
2026-10-10T01:16:30.4609097Z [90mstdout[2m | src/main/notification/__tests__/notification-authority-ipc.test.js[2m > [22m[2mnotification IPC actor and projection authority[2m > [22m[2mrejects renderer authority and unbounded options {"limit":0}
2026-10-10T01:16:30.4610251Z [22m[39m[2026-10-10T01:16:30.460Z] [INFO] [main] [Notification IPC] Registered 7 authenticated notification handlers
2026-10-10T01:16:30.4610602Z 
2026-10-10T01:16:30.4613585Z [90mstdout[2m | src/main/notification/__tests__/notification-authority-ipc.test.js[2m > [22m[2mnotification IPC actor and projection authority[2m > [22m[2mrejects renderer authority and unbounded options {"offset":-1}
2026-10-10T01:16:30.4614734Z [22m[39m[2026-10-10T01:16:30.461Z] [INFO] [main] [Notification IPC] Registered 7 authenticated notification handlers
2026-10-10T01:16:30.4615373Z 
2026-10-10T01:16:30.4618441Z [90mstdout[2m | src/main/notification/__tests__/notification-authority-ipc.test.js[2m > [22m[2mnotification IPC actor and projection authority[2m > [22m[2mrejects renderer authority and unbounded options {"offset":100001}
2026-10-10T01:16:30.4619581Z [22m[39m[2026-10-10T01:16:30.461Z] [INFO] [main] [Notification IPC] Registered 7 authenticated notification handlers
2026-10-10T01:16:30.4619925Z 
2026-10-10T01:16:30.4623698Z [90mstdout[2m | src/main/notification/__tests__/notification-authority-ipc.test.js[2m > [22m[2mnotification IPC actor and projection authority[2m > [22m[2mrejects renderer authority and unbounded options {"offset":1.5}
2026-10-10T01:16:30.4624980Z [22m[39m[2026-10-10T01:16:30.462Z] [INFO] [main] [Notification IPC] Registered 7 authenticated notification handlers
2026-10-10T01:16:30.4625333Z 
2026-10-10T01:16:30.4628672Z [90mstdout[2m | src/main/notification/__tests__/notification-authority-ipc.test.js[2m > [22m[2mnotification IPC actor and projection authority[2m > [22m[2mrejects renderer authority and unbounded options {"isRead":"true"}
2026-10-10T01:16:30.4630061Z [22m[39m[2026-10-10T01:16:30.462Z] [INFO] [main] [Notification IPC] Registered 7 authenticated notification handlers
2026-10-10T01:16:30.4630564Z 
2026-10-10T01:16:30.4633357Z [90mstdout[2m | src/main/notification/__tests__/notification-authority-ipc.test.js[2m > [22m[2mnotification IPC actor and projection authority[2m > [22m[2mbounds pagination within the current actor and filters read state
2026-10-10T01:16:30.4634444Z [22m[39m[2026-10-10T01:16:30.463Z] [INFO] [main] [Notification IPC] Registered 7 authenticated notification handlers
2026-10-10T01:16:30.4634777Z 
2026-10-10T01:16:30.4642960Z [90mstdout[2m | src/main/notification/__tests__/notification-authority-ipc.test.js[2m > [22m[2mnotification IPC actor and projection authority[2m > [22m[2mnever substitutes an asynchronous or cross-actor projection for authority
2026-10-10T01:16:30.4643642Z [22m[39m[2026-10-10T01:16:30.464Z] [INFO] [main] [Notification IPC] Registered 7 authenticated notification handlers
2026-10-10T01:16:30.4643850Z 
2026-10-10T01:16:30.4646116Z [90mstdout[2m | src/main/notification/__tests__/notification-authority-ipc.test.js[2m > [22m[2mnotification IPC actor and projection authority[2m > [22m[2mnever substitutes an asynchronous or cross-actor projection for authority
2026-10-10T01:16:30.4647012Z [22m[39m[2026-10-10T01:16:30.464Z] [INFO] [main] [Notification IPC] Registered 7 authenticated notification handlers
2026-10-10T01:16:30.4647219Z 
2026-10-10T01:16:30.4649166Z [90mstdout[2m | src/main/notification/__tests__/notification-authority-ipc.test.js[2m > [22m[2mnotification IPC actor and projection authority[2m > [22m[2mnever substitutes an asynchronous or cross-actor projection for authority
2026-10-10T01:16:30.4649831Z [22m[39m[2026-10-10T01:16:30.464Z] [INFO] [main] [Notification IPC] Registered 7 authenticated notification handlers
2026-10-10T01:16:30.4650039Z 
2026-10-10T01:16:30.4652942Z [90mstdout[2m | src/main/notification/__tests__/notification-authority-ipc.test.js[2m > [22m[2mnotification IPC actor and projection authority[2m > [22m[2mdoes not expose a malformed projection's stale content
2026-10-10T01:16:30.4653573Z [22m[39m[2026-10-10T01:16:30.465Z] [INFO] [main] [Notification IPC] Registered 7 authenticated notification handlers
2026-10-10T01:16:30.4653776Z 
2026-10-10T01:16:30.4661381Z [90mstdout[2m | src/main/notification/__tests__/notification-authority-ipc.test.js[2m > [22m[2mnotification IPC actor and projection authority[2m > [22m[2msupports database.db hosts and scans unread rows in stable bounded batches
2026-10-10T01:16:30.4662459Z [22m[39m[2026-10-10T01:16:30.465Z] [INFO] [main] [Notification IPC] Registered 7 authenticated notification handlers
2026-10-10T01:16:30.4662785Z 
2026-10-10T01:16:30.4683502Z [90mstdout[2m | src/main/notification/__tests__/notification-authority-ipc.test.js[2m > [22m[2mnotification IPC actor and projection authority[2m > [22m[2msupports database.db hosts and scans unread rows in stable bounded batches
2026-10-10T01:16:30.4684791Z [22m[39m[2026-10-10T01:16:30.467Z] [INFO] [main] [Notification IPC] Registered 7 authenticated notification handlers
2026-10-10T01:16:30.4685126Z 
2026-10-10T01:16:30.4714047Z [90mstdout[2m | src/main/notification/__tests__/notification-authority-ipc.test.js[2m > [22m[2mnotification IPC actor and projection authority[2m > [22m[2mkeeps desktop delivery explicit and rechecks authority immediately before show
2026-10-10T01:16:30.4715141Z [22m[39m[2026-10-10T01:16:30.471Z] [INFO] [main] [Notification IPC] Registered 7 authenticated notification handlers
2026-10-10T01:16:30.4715472Z 
2026-10-10T01:16:30.4731205Z [90mstdout[2m | src/main/notification/__tests__/notification-authority-ipc.test.js[2m > [22m[2mnotification IPC actor and projection authority[2m > [22m[2mbroadcasts a body-free invalidation on host auth changes and unsubscribes at quit
2026-10-10T01:16:30.4732427Z [22m[39m[2026-10-10T01:16:30.472Z] [INFO] [main] [Notification IPC] Registered 7 authenticated notification handlers
2026-10-10T01:16:30.4732785Z 
2026-10-10T01:16:30.4738239Z [90mstdout[2m | src/main/notification/__tests__/notification-authority-ipc.test.js[2m > [22m[2mnotification IPC actor and projection authority[2m > [22m[2mbroadcasts a body-free invalidation on host auth changes and unsubscribes at quit
2026-10-10T01:16:30.4739775Z [22m[39m[2026-10-10T01:16:30.473Z] [INFO] [main] [Notification IPC] Registered 7 authenticated notification handlers
2026-10-10T01:16:30.4740207Z 
2026-10-10T01:16:30.4783281Z  [32m✓[39m src/main/notification/__tests__/notification-authority-ipc.test.js [2m([22m[2m29 tests[22m[2m)[22m[32m 40[2mms[22m[39m
2026-10-10T01:16:30.7315619Z  [32m✓[39m src/main/task/__tests__/project-goal-auth-session.test.js [2m([22m[2m21 tests[22m[2m)[22m[32m 129[2mms[22m[39m
2026-10-10T01:16:30.8525823Z [90mstdout[2m | src/main/notification/__tests__/project-goal-notification-journey.test.js[2m > [22m[2mreal monitor to persistent notification to default IPC source recheck[2m > [22m[2mcommits check and projection together; retry/reopen preserve one occurrence and read state
2026-10-10T01:16:30.8527102Z [22m[39m[2026-10-10T01:16:30.847Z] [INFO] [main] [Notification IPC] Registered 7 authenticated notification handlers
2026-10-10T01:16:30.8527333Z 
2026-10-10T01:16:30.8932857Z [90mstdout[2m | src/main/notification/__tests__/project-goal-notification-journey.test.js[2m > [22m[2mreal monitor to persistent notification to default IPC source recheck[2m > [22m[2mcommits check and projection together; retry/reopen preserve one occurrence and read state
2026-10-10T01:16:30.8933714Z [22m[39m[2026-10-10T01:16:30.892Z] [INFO] [main] [Notification IPC] Registered 7 authenticated notification handlers
2026-10-10T01:16:30.8933936Z 
2026-10-10T01:16:30.9144354Z [90mstdout[2m | src/main/notification/__tests__/project-goal-notification-journey.test.js[2m > [22m[2mreal monitor to persistent notification to default IPC source recheck[2m > [22m[2munchanged risk updates last checked source without making the existing notice unread
2026-10-10T01:16:30.9145219Z [22m[39m[2026-10-10T01:16:30.908Z] [INFO] [main] [Notification IPC] Registered 7 authenticated notification handlers
2026-10-10T01:16:30.9145440Z 
2026-10-10T01:16:30.9688336Z [90mstdout[2m | src/main/notification/__tests__/project-goal-notification-journey.test.js[2m > [22m[2mreal monitor to persistent notification to default IPC source recheck[2m > [22m[2mquiet delivery survives reopen and the background tick flushes without rechecking
2026-10-10T01:16:30.9689418Z [22m[39m[2026-10-10T01:16:30.963Z] [INFO] [main] [Notification IPC] Registered 7 authenticated notification handlers
2026-10-10T01:16:30.9689641Z 
2026-10-10T01:16:30.9975085Z [90mstdout[2m | src/main/notification/__tests__/project-goal-notification-journey.test.js[2m > [22m[2mreal monitor to persistent notification to default IPC source recheck[2m > [22m[2mquiet delivery survives reopen and the background tick flushes without rechecking
2026-10-10T01:16:30.9976150Z [22m[39m[2026-10-10T01:16:30.996Z] [INFO] [main] [Notification IPC] Registered 7 authenticated notification handlers
2026-10-10T01:16:30.9976510Z 
2026-10-10T01:16:31.0206977Z [90mstdout[2m | src/main/notification/__tests__/project-goal-notification-journey.test.js[2m > [22m[2mreal monitor to persistent notification to default IPC source recheck[2m > [22m[2msilent policy records checks but has no in-app or OS delivery
2026-10-10T01:16:31.0207729Z [22m[39m[2026-10-10T01:16:31.015Z] [INFO] [main] [Notification IPC] Registered 7 authenticated notification handlers
2026-10-10T01:16:31.0207944Z 
2026-10-10T01:16:31.0529539Z [90mstdout[2m | src/main/notification/__tests__/project-goal-notification-journey.test.js[2m > [22m[2mreal monitor to persistent notification to default IPC source recheck[2m > [22m[2mrolls check, usage and notification back on a failed projection insert
2026-10-10T01:16:31.0530317Z [22m[39m[2026-10-10T01:16:31.047Z] [INFO] [main] [Notification IPC] Registered 7 authenticated notification handlers
2026-10-10T01:16:31.0530532Z 
2026-10-10T01:16:31.0867411Z [90mstdout[2m | src/main/notification/__tests__/project-goal-notification-journey.test.js[2m > [22m[2mreal monitor to persistent notification to default IPC source recheck[2m > [22m[2mrechecks current owner before list/open/read/count and never uses the old reference as authority
2026-10-10T01:16:31.0868326Z [22m[39m[2026-10-10T01:16:31.080Z] [INFO] [main] [Notification IPC] Registered 7 authenticated notification handlers
2026-10-10T01:16:31.0868566Z 
2026-10-10T01:16:31.1307540Z [90mstdout[2m | src/main/notification/__tests__/project-goal-notification-journey.test.js[2m > [22m[2mreal monitor to persistent notification to default IPC source recheck[2m > [22m[2mrechecks current task before list/open/read/count and never uses the old reference as authority
2026-10-10T01:16:31.1309068Z [22m[39m[2026-10-10T01:16:31.124Z] [INFO] [main] [Notification IPC] Registered 7 authenticated notification handlers
2026-10-10T01:16:31.1309432Z 
2026-10-10T01:16:31.1863805Z [90mstdout[2m | src/main/notification/__tests__/project-goal-notification-journey.test.js[2m > [22m[2mreal monitor to persistent notification to default IPC source recheck[2m > [22m[2mrechecks current digest before list/open/read/count and never uses the old reference as authority
2026-10-10T01:16:31.1864743Z [22m[39m[2026-10-10T01:16:31.178Z] [INFO] [main] [Notification IPC] Registered 7 authenticated notification handlers
2026-10-10T01:16:31.1864965Z 
2026-10-10T01:16:31.2872294Z [90mstdout[2m | src/main/notification/__tests__/project-goal-notification-journey.test.js[2m > [22m[2mreal monitor to persistent notification to default IPC source recheck[2m > [22m[2mrechecks current actor before list/open/read/count and never uses the old reference as authority
2026-10-10T01:16:31.2873811Z [22m[39m[2026-10-10T01:16:31.265Z] [INFO] [main] [Notification IPC] Registered 7 authenticated notification handlers
2026-10-10T01:16:31.2874181Z 
2026-10-10T01:16:31.3850594Z [90mstdout[2m | src/main/notification/__tests__/project-goal-notification-journey.test.js[2m > [22m[2mreal monitor to persistent notification to default IPC source recheck[2m > [22m[2mdoes not replay a pending quiet notification after Goal control changes
2026-10-10T01:16:31.3853519Z [22m[39m[2026-10-10T01:16:31.365Z] [INFO] [main] [Notification IPC] Registered 7 authenticated notification handlers
2026-10-10T01:16:31.3853891Z 
2026-10-10T01:16:31.4235523Z [90mstdout[2m | src/main/notification/__tests__/project-goal-notification-journey.test.js[2m > [22m[2mreal monitor to persistent notification to default IPC source recheck[2m > [22m[2mdoes not replay a pending quiet notification after Goal control changes
2026-10-10T01:16:31.4237454Z [22m[39m[2026-10-10T01:16:31.422Z] [INFO] [main] [Notification IPC] Registered 7 authenticated notification handlers
2026-10-10T01:16:31.4237822Z 
2026-10-10T01:16:31.4465354Z [90mstdout[2m | src/main/notification/__tests__/project-goal-notification-journey.test.js[2m > [22m[2mreal monitor to persistent notification to default IPC source recheck[2m > [22m[2mGoal-only pagination skips ordinary notification rows and denied projections
2026-10-10T01:16:31.4466959Z [22m[39m[2026-10-10T01:16:31.439Z] [INFO] [main] [Notification IPC] Registered 7 authenticated notification handlers
2026-10-10T01:16:31.4467360Z 
2026-10-10T01:16:31.4862648Z [90mstdout[2m | src/main/notification/__tests__/project-goal-notification-journey.test.js[2m > [22m[2mreal monitor to persistent notification to default IPC source recheck[2m > [22m[2mreports a damaged pending notice without stopping another Goal's due check
2026-10-10T01:16:31.4864084Z [22m[39m[2026-10-10T01:16:31.480Z] [INFO] [main] [Notification IPC] Registered 7 authenticated notification handlers
2026-10-10T01:16:31.4864508Z 
2026-10-10T01:16:31.5279266Z  [32m✓[39m src/main/notification/__tests__/project-goal-notification-journey.test.js [2m([22m[2m12 tests[22m[2m)[22m[33m 697[2mms[22m[39m
2026-10-10T01:16:31.6150714Z [90mstderr[2m | src/main/ipc/__tests__/ipc-sender-guard.test.js[2m > [22m[2mipc-sender-guard / wrapHandler modes[2m > [22m[2mreport mode: untrusted sender is allowed through (logged, not blocked)
2026-10-10T01:16:31.6151782Z [22m[39m[2026-10-10T01:16:31.613Z] [WARN] [main] [ipc-sender-guard] would-block channel="chan:x" reason=untrusted-origin url=https://evil.example.com/
2026-10-10T01:16:31.6152078Z 
2026-10-10T01:16:31.6168833Z [90mstderr[2m | src/main/ipc/__tests__/ipc-sender-guard.test.js[2m > [22m[2mipc-sender-guard / wrapHandler modes[2m > [22m[2menforce mode: untrusted sender is blocked (handler never runs)
2026-10-10T01:16:31.6169551Z [22m[39m[2026-10-10T01:16:31.615Z] [WARN] [main] [ipc-sender-guard] BLOCKED channel="chan:x" reason=untrusted-origin url=https://evil.example.com/
2026-10-10T01:16:31.6169832Z 
2026-10-10T01:16:31.6207173Z [90mstderr[2m | src/main/ipc/__tests__/ipc-sender-guard.test.js[2m > [22m[2mipc-sender-guard / wrapHandler modes[2m > [22m[2mfails closed when the guard mode cannot be resolved
2026-10-10T01:16:31.6208227Z [22m[39m[2026-10-10T01:16:31.617Z] [ERROR] [main] [ipc-sender-guard] mode resolution failed for "chan:x" (blocking): configuration unavailable
2026-10-10T01:16:31.6213657Z 
2026-10-10T01:16:31.6214423Z [90mstderr[2m | src/main/ipc/__tests__/ipc-sender-guard.test.js[2m > [22m[2mipc-sender-guard / wrapListener modes (fire-and-forget)[2m > [22m[2menforce mode: untrusted sender is DROPPED (listener never runs, no throw)
2026-10-10T01:16:31.6215227Z [22m[39m[2026-10-10T01:16:31.620Z] [WARN] [main] [ipc-sender-guard] BLOCKED channel="evt:x" reason=untrusted-origin url=https://evil.example.com/
2026-10-10T01:16:31.6215500Z 
2026-10-10T01:16:31.6228382Z [90mstdout[2m | src/main/ipc/__tests__/ipc-sender-guard.test.js[2m > [22m[2mipc-sender-guard / installSenderGuard[2m > [22m[2mpatches handle/handleOnce, is idempotent, and wraps registered handlers
2026-10-10T01:16:31.6229529Z [22m[39m[2026-10-10T01:16:31.622Z] [INFO] [main] [ipc-sender-guard] installed (mode=enforce; set CC_IPC_SENDER_GUARD=report for audit-only, =0 to disable)
2026-10-10T01:16:31.6230342Z [90mstderr[2m | src/main/ipc/__tests__/ipc-sender-guard.test.js[2m > [22m[2mipc-sender-guard / installSenderGuard[2m > [22m[2mpatches handle/handleOnce, is idempotent, and wraps registered handlers
2026-10-10T01:16:31.6231035Z [22m[39m[2026-10-10T01:16:31.622Z] [WARN] [main] [ipc-sender-guard] BLOCKED channel="priv:do" reason=untrusted-origin url=https://evil.example.com/
2026-10-10T01:16:31.6231301Z 
2026-10-10T01:16:31.6231306Z 
2026-10-10T01:16:31.6241217Z [90mstdout[2m | src/main/ipc/__tests__/ipc-sender-guard.test.js[2m > [22m[2mipc-sender-guard / installSenderGuard[2m > [22m[2malso wraps on/once: untrusted event dropped, trusted runs (no throw)
2026-10-10T01:16:31.6242649Z [22m[39m[2026-10-10T01:16:31.623Z] [INFO] [main] [ipc-sender-guard] installed (mode=enforce; set CC_IPC_SENDER_GUARD=report for audit-only, =0 to disable)
2026-10-10T01:16:31.6244964Z [90mstderr[2m | src/main/ipc/__tests__/ipc-sender-guard.test.js[2m > [22m[2mipc-sender-guard / installSenderGuard[2m > [22m[2malso wraps on/once: untrusted event dropped, trusted runs (no throw)
2026-10-10T01:16:31.6245963Z [22m[39m[2026-10-10T01:16:31.623Z] [WARN] [main] [ipc-sender-guard] BLOCKED channel="evt:y" reason=untrusted-origin url=https://evil.example.com/
2026-10-10T01:16:31.6246243Z 
2026-10-10T01:16:31.6246253Z 
2026-10-10T01:16:31.6246837Z [90mstdout[2m | src/main/ipc/__tests__/ipc-sender-guard.test.js[2m > [22m[2mipc-sender-guard / installSenderGuard[2m > [22m[2mpasses through a non-function handler unchanged
2026-10-10T01:16:31.6247502Z [22m[39m[2026-10-10T01:16:31.624Z] [INFO] [main] [ipc-sender-guard] installed (mode=enforce; set CC_IPC_SENDER_GUARD=report for audit-only, =0 to disable)
2026-10-10T01:16:31.6247776Z 
2026-10-10T01:16:31.6261271Z  [32m✓[39m src/main/ipc/__tests__/ipc-sender-guard.test.js [2m([22m[2m27 tests[22m[2m)[22m[32m 16[2mms[22m[39m
2026-10-10T01:16:31.8217973Z  [32m✓[39m src/main/task/__tests__/project-goal-memory-ipc.test.js [2m([22m[2m17 tests[22m[2m)[22m[32m 102[2mms[22m[39m
2026-10-10T01:16:32.1023810Z  [32m✓[39m src/main/task/__tests__/project-goal-workflow-ipc.test.js [2m([22m[2m14 tests[22m[2m)[22m[32m 197[2mms[22m[39m
2026-10-10T01:16:32.2529789Z  [32m✓[39m src/main/task/__tests__/project-goal-completion-ipc.test.js [2m([22m[2m14 tests[22m[2m)[22m[32m 70[2mms[22m[39m
2026-10-10T01:16:32.3406661Z  [32m✓[39m src/preload/__tests__/legacy-ipc-policy.test.js [2m([22m[2m6 tests[22m[2m)[22m[32m 11[2mms[22m[39m
2026-10-10T01:16:32.4433086Z  [32m✓[39m src/main/task/__tests__/project-goal-ipc.test.js [2m([22m[2m5 tests[22m[2m)[22m[32m 23[2mms[22m[39m
2026-10-10T01:16:32.4477036Z 
2026-10-10T01:16:32.4477684Z [2m Test Files [22m [1m[32m12 passed[39m[22m[90m (12)[39m
2026-10-10T01:16:32.4478020Z [2m      Tests [22m [1m[32m231 passed[39m[22m[90m (231)[39m
2026-10-10T01:16:32.4478257Z [2m   Start at [22m 01:16:29
2026-10-10T01:16:32.4478608Z [2m   Duration [22m 3.00s[2m (transform 122ms, setup 0ms, import 284ms, tests 1.88s, environment 1ms)[22m
2026-10-10T01:16:32.4478815Z 
2026-10-10T01:16:32.4796776Z ##[group]Run npm exec --offline -- vitest run --config vitest.business-actions-renderer.config.mjs
2026-10-10T01:16:32.4797162Z [36;1mnpm exec --offline -- vitest run --config vitest.business-actions-renderer.config.mjs[0m
2026-10-10T01:16:32.4848047Z shell: /usr/bin/bash -e {0}
2026-10-10T01:16:32.4848186Z env:
2026-10-10T01:16:32.4848327Z   SOURCE_SHA: da91e730d802b7c9dcdc075b222ecc257021e552
2026-10-10T01:16:32.4848497Z ##[endgroup]
2026-10-10T01:16:32.5601557Z npm warn config ignoring workspace config at /home/runner/work/chainlesschain/chainlesschain/desktop-app-vue/.npmrc
2026-10-10T01:16:32.9230680Z 
2026-10-10T01:16:32.9231803Z [1m[30m[46m RUN [49m[39m[22m [36mv4.1.10 [39m[90m/home/runner/work/chainlesschain/chainlesschain/desktop-app-vue[39m
2026-10-10T01:16:32.9232292Z 
2026-10-10T01:16:34.0049515Z  [32m✓[39m src/renderer/components/projects/__tests__/project-task-description-drawer.test.ts [2m([22m[2m29 tests[22m[2m)[22m[32m 283[2mms[22m[39m
2026-10-10T01:16:34.4300683Z  [32m✓[39m src/renderer/components/projects/__tests__/project-goal-memory-panel.test.ts [2m([22m[2m20 tests[22m[2m)[22m[32m 111[2mms[22m[39m
2026-10-10T01:16:34.8795742Z  [32m✓[39m src/renderer/components/projects/__tests__/project-goal-monitoring-panel.test.ts [2m([22m[2m24 tests[22m[2m)[22m[32m 153[2mms[22m[39m
2026-10-10T01:16:35.2258480Z  [32m✓[39m src/renderer/stores/__tests__/goal-notifications.test.ts [2m([22m[2m27 tests[22m[2m)[22m[32m 35[2mms[22m[39m
2026-10-10T01:16:35.6207176Z  [32m✓[39m src/renderer/components/projects/__tests__/project-goal-notification-policy-panel.test.ts [2m([22m[2m25 tests[22m[2m)[22m[32m 98[2mms[22m[39m
2026-10-10T01:16:35.9455756Z  [32m✓[39m src/renderer/stores/__tests__/social.test.ts [2m([22m[2m14 tests[22m[2m)[22m[32m 12[2mms[22m[39m
2026-10-10T01:16:36.3647884Z  [32m✓[39m src/renderer/components/projects/__tests__/project-task-description-journey.test.ts [2m([22m[2m5 tests[22m[2m)[22m[32m 101[2mms[22m[39m
2026-10-10T01:16:36.7317623Z  [32m✓[39m src/renderer/components/projects/__tests__/project-goal-notification-drawer.test.ts [2m([22m[2m22 tests[22m[2m)[22m[32m 62[2mms[22m[39m
2026-10-10T01:16:37.0470383Z  [32m✓[39m src/renderer/components/projects/__tests__/project-goal-actions-panel.test.ts [2m([22m[2m7 tests[22m[2m)[22m[32m 41[2mms[22m[39m
2026-10-10T01:16:37.3780196Z  [32m✓[39m src/renderer/components/projects/__tests__/project-goal-acceptance-panel.test.ts [2m([22m[2m8 tests[22m[2m)[22m[32m 48[2mms[22m[39m
2026-10-10T01:16:37.7312301Z  [32m✓[39m src/renderer/components/projects/__tests__/project-risk-review-panel.test.ts [2m([22m[2m9 tests[22m[2m)[22m[32m 71[2mms[22m[39m
2026-10-10T01:16:38.0890481Z  [32m✓[39m src/renderer/components/common/__tests__/goal-notification-list.test.ts [2m([22m[2m5 tests[22m[2m)[22m[32m 45[2mms[22m[39m
2026-10-10T01:16:38.3704344Z  [32m✓[39m src/renderer/stores/__tests__/auth.test.ts [2m([22m[2m6 tests[22m[2m)[22m[32m 8[2mms[22m[39m
2026-10-10T01:16:38.3718369Z 
2026-10-10T01:16:38.3721087Z [2m Test Files [22m [1m[32m13 passed[39m[22m[90m (13)[39m
2026-10-10T01:16:38.3721845Z [2m      Tests [22m [1m[32m201 passed[39m[22m[90m (201)[39m
2026-10-10T01:16:38.3722279Z [2m   Start at [22m 01:16:32
2026-10-10T01:16:38.3722888Z [2m   Duration [22m 5.44s[2m (transform 617ms, setup 0ms, import 1.69s, tests 1.07s, environment 1.74s)[22m
2026-10-10T01:16:38.3727381Z 
2026-10-10T01:16:38.4377066Z ##[group]Run echo "🧪 Running Cowork intelligent test selection..."
2026-10-10T01:16:38.4377353Z [36;1mecho "🧪 Running Cowork intelligent test selection..."[0m
2026-10-10T01:16:38.4377555Z [36;1mnode scripts/cowork-ci-test-selector.js[0m
2026-10-10T01:16:38.4427715Z shell: /usr/bin/bash --noprofile --norc -e -o pipefail {0}
2026-10-10T01:16:38.4427895Z env:
2026-10-10T01:16:38.4428033Z   SOURCE_SHA: da91e730d802b7c9dcdc075b222ecc257021e552
2026-10-10T01:16:38.4428201Z   COWORK_PUSH_BASE_SHA: 
2026-10-10T01:16:38.4428327Z ##[endgroup]
2026-10-10T01:16:38.4492236Z 🧪 Running Cowork intelligent test selection...
2026-10-10T01:16:38.4793100Z CI test selection failed closed: One or more changed files could not be mapped safely; the workflow must run its fallback suite.
2026-10-10T01:16:38.5446908Z COWORK_TEST_SELECTION_JSON={"schemaVersion":1,"status":"fail-closed","code":"UNMAPPED_CHANGED_FILES","message":"One or more changed files could not be mapped safely; the workflow must run its fallback suite.","details":{"unmappedFiles":[".gitattributes",".github/workflows/cli-ci.yml",".github/workflows/cli-strict-sandbox.yml",".github/workflows/model-catalog-review.yml","CHANGELOG.md","desktop-app-vue/src/main/vendor/agent-sdk/VENDORED.md","docs/cli/PROCESS_SPAWN_INVENTORY.generated.md","docs/research/cli-ide-gap-implementation-2026-10-05.md","docs/research/cli-ide-gap-validation-2026-10-05.md","docs/research/cli/cli-claude-code-codex-gap-analysis-2026-10-05.md","docs/research/cli/evidence/gap-2026-10-05/continuation-2026-10-09/README.md","docs/research/cli/evidence/gap-2026-10-05/continuation-2026-10-09/cli-ci-61d91325d0/archive-manifest.json","docs/research/cli/evidence/gap-2026-10-05/continuation-2026-10-09/cli-ci-61d91325d0/artifacts-1.json","docs/research/cli/evidence/gap-2026-10-05/continuation-2026-10-09/cli-ci-61d91325d0/jobs-1.json","docs/research/cli/evidence/gap-2026-10-05/continuation-2026-10-09/cli-ci-61d91325d0/readback.json","docs/research/cli/evidence/gap-2026-10-05/continuation-2026-10-09/cli-ci-61d91325d0/run.json","docs/research/cli/evidence/gap-2026-10-05/continuation-2026-10-09/custodian-contract-linux-final/archive-manifest.json","docs/research/cli/evidence/gap-2026-10-05/continuation-2026-10-09/custodian-contract-linux-final/contracts.stderr","docs/research/cli/evidence/gap-2026-10-05/continuation-2026-10-09/custodian-contract-linux-final/contracts.stdout","docs/research/cli/evidence/gap-2026-10-05/continuation-2026-10-09/custodian-contract-linux-final/report.json","docs/research/cli/evidence/gap-2026-10-05/continuation-2026-10-09/custodian-contract-linux-final/runtime.stderr","docs/research/cli/evidence/gap-2026-10-05/continuation-2026-10-09/custodian-contract-linux-final/runtime.stdout","docs/research/cli/evidence/gap-2026-10-05/continuation-2026-10-09/custodian-contract-linux-final/windows-job-custodian-crash-evidence.mjs","docs/research/cli/evidence/gap-2026-10-05/continuation-2026-10-09/custodian-contract-linux-final/windows-job-custodian-crash-evidence.node-test.mjs","docs/research/cli/evidence/gap-2026-10-05/continuation-2026-10-09/custodian-contract-linux-final/windows-job-custodian-crash-probe.cs","docs/research/cli/evidence/gap-2026-10-05/continuation-2026-10-09/custodian-contract-linux-final/windows-job-custodian-crash-probe.mjs","docs/research/cli/evidence/gap-2026-10-05/continuation-2026-10-09/custodian-contract-linux-permission-denial/archive-manifest.json","docs/research/cli/evidence/gap-2026-10-05/continuation-2026-10-09/custodian-contract-linux-permission-denial/contracts.stderr","docs/research/cli/evidence/gap-2026-10-05/continuation-2026-10-09/custodian-contract-linux-permission-denial/contracts.stdout","docs/research/cli/evidence/gap-2026-10-05/continuation-2026-10-09/custodian-contract-linux-permission-denial/report.json","docs/research/cli/evidence/gap-2026-10-05/continuation-2026-10-09/custodian-contract-linux-permission-denial/runtime.stderr","docs/research/cli/evidence/gap-2026-10-05/continuation-2026-10-09/custodian-contract-linux-permission-denial/runtime.stdout","docs/research/cli/evidence/gap-2026-10-05/continuation-2026-10-09/custodian-contract-linux-permission-denial/windows-job-custodian-crash-evidence.mjs","docs/research/cli/evidence/gap-2026-10-05/continuation-2026-10-09/custodian-contract-linux-permission-denial/windows-job-custodian-crash-evidence.node-test.mjs","docs/research/cli/evidence/gap-2026-10-05/continuation-2026-10-09/custodian-contract-linux-permission-denial/windows-job-custodian-crash-probe.cs","docs/research/cli/evidence/gap-2026-10-05/continuation-2026-10-09/custodian-contract-linux-permission-denial/windows-job-custodian-crash-probe.mjs","docs/research/cli/evidence/gap-2026-10-05/continuation-2026-10-09/custodian-crash-failure-run1/archive-manifest.json","docs/research/cli/evidence/gap-2026-10-05/continuation-2026-10-09/custodian-crash-failure-run1/build.json","docs/research/cli/evidence/gap-2026-10-05/continuation-2026-10-09/custodian-crash-failure-run1/build.stderr.txt","docs/research/cli/evidence/gap-2026-10-05/continuation-2026-10-09/custodian-crash-failure-run1/build.stdout.txt","docs/research/cli/evidence/gap-2026-10-05/continuation-2026-10-09/custodian-crash-failure-run1/positive.json","docs/research/cli/evidence/gap-2026-10-05/continuation-2026-10-09/custodian-crash-failure-run1/positive.stderr.txt","docs/research/cli/evidence/gap-2026-10-05/continuation-2026-10-09/custodian-crash-failure-run1/positive.stdout.json","docs/research/cli/evidence/gap-2026-10-05/continuation-2026-10-09/custodian-crash-failure-run1/report.json","docs/research/cli/evidence/gap-2026-10-05/continuation-2026-10-09/custodian-crash-failure-run1/windows-job-custodian-crash-evidence.mjs","docs/research/cli/evidence/gap-2026-10-05/continuation-2026-10-09/custodian-crash-failure-run1/windows-job-custodian-crash-evidence.node-test.mjs","docs/research/cli/evidence/gap-2026-10-05/continuation-2026-10-09/custodian-crash-failure-run1/windows-job-custodian-crash-probe.cs","docs/research/cli/evidence/gap-2026-10-05/continuation-2026-10-09/custodian-crash-failure-run1/windows-job-custodian-crash-probe.mjs","docs/research/cli/evidence/gap-2026-10-05/continuation-2026-10-09/custodian-crash-failure-run2/archive-manifest.json","docs/research/cli/evidence/gap-2026-10-05/continuation-2026-10-09/custodian-crash-failure-run2/build.json","docs/research/cli/evidence/gap-2026-10-05/continuation-2026-10-09/custodian-crash-failure-run2/build.stderr.txt","docs/research/cli/evidence/gap-2026-10-05/continuation-2026-10-09/custodian-crash-failure-run2/build.stdout.txt","docs/research/cli/evidence/gap-2026-10-05/continuation-2026-10-09/custodian-crash-failure-run2/positive.json","docs/research/cli/evidence/gap-2026-10-05/continuation-2026-10-09/custodian-crash-failure-run2/positive.stderr.txt","docs/research/cli/evidence/gap-2026-10-05/continuation-2026-10-09/custodian-crash-failure-run2/positive.stdout.json","docs/research/cli/evidence/gap-2026-10-05/continuation-2026-10-09/custodian-crash-failure-run2/report.json","docs/research/cli/evidence/gap-2026-10-05/continuation-2026-10-09/custodian-crash-failure-run2/windows-job-custodian-crash-evidence.mjs","docs/research/cli/evidence/gap-2026-10-05/continuation-2026-10-09/custodian-crash-failure-run2/windows-job-custodian-crash-evidence.node-test.mjs","docs/research/cli/evidence/gap-2026-10-05/continuation-2026-10-09/custodian-crash-failure-run2/windows-job-custodian-crash-probe.cs","docs/research/cli/evidence/gap-2026-10-05/continuation-2026-10-09/custodian-crash-failure-run2/windows-job-custodian-crash-probe.mjs","docs/research/cli/evidence/gap-2026-10-05/continuation-2026-10-09/custodian-crash-final-source-readback.json","docs/research/cli/evidence/gap-2026-10-05/continuation-2026-10-09/custodian-crash-final/archive-manifest.json","docs/research/cli/evidence/gap-2026-10-05/continuation-2026-10-09/custodian-crash-final/build.json","docs/research/cli/evidence/gap-2026-10-05/continuation-2026-10-09/custodian-crash-final/build.stderr.txt","docs/research/cli/evidence/gap-2026-10-05/continuation-2026-10-09/custodian-crash-final/build.stdout.txt","docs/research/cli/evidence/gap-2026-10-05/continuation-2026-10-09/custodian-crash-final/control.json","docs/research/cli/evidence/gap-2026-10-05/continuation-2026-10-09/custodian-crash-final/control.stderr.txt","docs/research/cli/evidence/gap-2026-10-05/continuation-2026-10-09/custodian-crash-final/control.stdout.json","docs/research/cli/evidence/gap-2026-10-05/continuation-2026-10-09/custodian-crash-final/positive.json","docs/research/cli/evidence/gap-2026-10-05/continuation-2026-10-09/custodian-crash-final/positive.stderr.txt","docs/research/cli/evidence/gap-2026-10-05/continuation-2026-10-09/custodian-crash-final/positive.stdout.json","docs/research/cli/evidence/gap-2026-10-05/continuation-2026-10-09/custodian-crash-final/report.json","docs/research/cli/evidence/gap-2026-10-05/continuation-2026-10-09/custodian-crash-final/windows-job-custodian-crash-evidence.mjs","docs/research/cli/evidence/gap-2026-10-05/continuation-2026-10-09/custodian-crash-final/windows-job-custodian-crash-evidence.node-test.mjs","docs/research/cli/evidence/gap-2026-10-05/continuation-2026-10-09/custodian-crash-final/windows-job-custodian-crash-probe.cs","docs/research/cli/evidence/gap-2026-10-05/continuation-2026-10-09/custodian-crash-final/windows-job-custodian-crash-probe.mjs","docs/research/cli/evidence/gap-2026-10-05/continuation-2026-10-09/custodian-crash-intermediate-run3/archive-manifest.json","docs/research/cli/evidence/gap-2026-10-05/continuation-2026-10-09/custodian-crash-intermediate-run3/build.json","docs/research/cli/evidence/gap-2026-10-05/continuation-2026-10-09/custodian-crash-intermediate-run3/build.stderr.txt","docs/research/cli/evidence/gap-2026-10-05/continuation-2026-10-09/custodian-crash-intermediate-run3/build.stdout.txt","docs/research/cli/evidence/gap-2026-10-05/continuation-2026-10-09/custodian-crash-intermediate-run3/control.json","docs/research/cli/evidence/gap-2026-10-05/continuation-2026-10-09/custodian-crash-intermediate-run3/control.stderr.txt","docs/research/cli/evidence/gap-2026-10-05/continuation-2026-10-09/custodian-crash-intermediate-run3/control.stdout.json","docs/research/cli/evidence/gap-2026-10-05/continuation-2026-10-09/custodian-crash-intermediate-run3/positive.json","docs/research/cli/evidence/gap-2026-10-05/continuation-2026-10-09/custodian-crash-intermediate-run3/positive.stderr.txt","docs/research/cli/evidence/gap-2026-10-05/continuation-2026-10-09/custodian-crash-intermediate-run3/positive.stdout.json","docs/research/cli/evidence/gap-2026-10-05/continuation-2026-10-09/custodian-crash-intermediate-run3/report.json","docs/research/cli/evidence/gap-2026-10-05/continuation-2026-10-09/custodian-crash-intermediate-run3/windows-job-custodian-crash-evidence.mjs","docs/research/cli/evidence/gap-2026-10-05/continuation-2026-10-09/custodian-crash-intermediate-run3/windows-job-custodian-crash-evidence.node-test.mjs","docs/research/cli/evidence/gap-2026-10-05/continuation-2026-10-09/custodian-crash-intermediate-run3/windows-job-custodian-crash-probe.cs","docs/research/cli/evidence/gap-2026-10-05/continuation-2026-10-09/custodian-crash-intermediate-run3/windows-job-custodian-crash-probe.mjs","docs/research/cli/evidence/gap-2026-10-05/continuation-2026-10-09/esbuild-private-child-map-denial-f/archive-manifest.json","docs/research/cli/evidence/gap-2026-10-05/continuation-2026-10-09/esbuild-private-child-map-denial-f/child-shim.cpp","docs/research/cli/evidence/gap-2026-10-05/continuation-2026-10-09/esbuild-private-child-map-denial-f/esbuild-api-trace.jsonl","docs/research/cli/evidence/gap-2026-10-05/continuation-2026-10-09/esbuild-private-child-map-denial-f/launcher.cpp","docs/research/cli/evidence/gap-2026-10-05/continuation-2026-10-09/esbuild-private-child-map-denial-f/launcher.json","docs/research/cli/evidence/gap-2026-10-05/continuation-2026-10-09/esbuild-private-child-map-denial-f/report.json","docs/research/cli/evidence/gap-2026-10-05/continuation-2026-10-09/esbuild-private-child-map-denial-f/shim.cpp","docs/research/cli/evidence/gap-2026-10-05/continuation-2026-10-09/esbuild-private-child-map-denial-f/stderr","docs/research/cli/evidence/gap-2026-10-05/continuation-2026-10-09/esbuild-private-child-map-denial-f/stdout","docs/research/cli/evidence/gap-2026-10-05/continuation-2026-10-09/esbuild-private-child-map-denial-f/supervisor.cpp","docs/research/cli/evidence/gap-2026-10-05/continuation-2026-10-09/esbuild-private-child-map-denial-f/trace.jsonl","docs/research/cli/evidence/gap-2026-10-05/continuation-2026-10-09/esbuild-private-frozen-attempt-c/archive-manifest.json","docs/research/cli/evidence/gap-2026-10-05/continuation-2026-10-09/esbuild-private-frozen-attempt-c/journal.jsonl","docs/research/cli/evidence/gap-2026-10-05/continuation-2026-10-09/esbuild-private-frozen-attempt-c/report.json","docs/research/cli/evidence/gap-2026-10-05/continuation-2026-10-09/esbuild-private-frozen-attempt-c/shim.cpp","docs/research/cli/evidence/gap-2026-10-05/continuation-2026-10-09/esbuild-private-frozen-attempt-c/stderr","docs/research/cli/evidence/gap-2026-10-05/continuation-2026-10-09/esbuild-private-frozen-attempt-c/stdout","docs/research/cli/evidence/gap-2026-10-05/continuation-2026-10-09/esbuild-private-frozen-attempt-c/supervisor.cpp","docs/research/cli/evidence/gap-2026-10-05/continuation-2026-10-09/esbuild-private-frozen-attempt-c/trace.jsonl","docs/research/cli/evidence/gap-2026-10-05/continuation-2026-10-09/esbuild-private-frozen-attempt-final/archive-manifest.json","docs/research/cli/evidence/gap-2026-10-05/continuation-2026-10-09/esbuild-private-frozen-attempt-final/journal.jsonl","docs/research/cli/evidence/gap-2026-10-05/continuation-2026-10-09/esbuild-private-frozen-attempt-final/report.json","docs/research/cli/evidence/gap-2026-10-05/continuation-2026-10-09/esbuild-private-frozen-attempt-final/shim.cpp","docs/research/cli/evidence/gap-2026-10-05/continuation-2026-10-09/esbuild-private-frozen-attempt-final/stderr","docs/research/cli/evidence/gap-2026-10-05/continuation-2026-10-09/esbuild-private-frozen-attempt-final/stdout","docs/research/cli/evidence/gap-2026-10-05/continuation-2026-10-09/esbuild-private-frozen-attempt-final/supervisor.cpp","docs/research/cli/evidence/gap-2026-10-05/continuation-2026-10-09/esbuild-private-frozen-attempt-final/trace.jsonl","docs/research/cli/evidence/gap-2026-10-05/continuation-2026-10-09/esbuild-private-inheritance-e/archive-manifest.json","docs/research/cli/evidence/gap-2026-10-05/continuation-2026-10-09/esbuild-private-inheritance-e/child-shim.cpp","docs/research/cli/evidence/gap-2026-10-05/continuation-2026-10-09/esbuild-private-inheritance-e/esbuild-api-trace.jsonl","docs/research/cli/evidence/gap-2026-10-05/continuation-2026-10-09/esbuild-private-inheritance-e/launcher.cpp","docs/research/cli/evidence/gap-2026-10-05/continuation-2026-10-09/esbuild-private-inheritance-e/launcher.json","docs/research/cli/evidence/gap-2026-10-05/continuation-2026-10-09/esbuild-private-inheritance-e/report.json","docs/research/cli/evidence/gap-2026-10-05/continuation-2026-10-09/esbuild-private-inheritance-e/shim.cpp","docs/research/cli/evidence/gap-2026-10-05/continuation-2026-10-09/esbuild-private-inheritance-e/stderr","docs/research/cli/evidence/gap-2026-10-05/continuation-2026-10-09/esbuild-private-inheritance-e/stdout","docs/research/cli/evidence/gap-2026-10-05/continuation-2026-10-09/esbuild-private-inheritance-e/supervisor.cpp","docs/research/cli/evidence/gap-2026-10-05/continuation-2026-10-09/esbuild-private-inheritance-e/trace.jsonl","docs/research/cli/evidence/gap-2026-10-05/continuation-2026-10-09/esbuild-private-service-failure-a/archive-manifest.json","docs/research/cli/evidence/gap-2026-10-05/continuation-2026-10-09/esbuild-private-service-failure-a/bundle.js","docs/research/cli/evidence/gap-2026-10-05/continuation-2026-10-09/esbuild-private-service-failure-a/leaf/bundle.js","docs/research/cli/evidence/gap-2026-10-05/continuation-2026-10-09/esbuild-private-service-failure-a/leaf/report.json","docs/research/cli/evidence/gap-2026-10-05/continuation-2026-10-09/esbuild-private-service-failure-a/leaf/stderr","docs/research/cli/evidence/gap-2026-10-05/continuation-2026-10-09/esbuild-private-service-failure-a/leaf/stdout","docs/research/cli/evidence/gap-2026-10-05/continuation-2026-10-09/esbuild-private-service-failure-a/leaf/trace.jsonl","docs/research/cli/evidence/gap-2026-10-05/continuation-2026-10-09/esbuild-private-service-failure-a/report.json","docs/research/cli/evidence/gap-2026-10-05/continuation-2026-10-09/esbuild-private-service-failure-a/trace.jsonl","docs/research/cli/evidence/gap-2026-10-05/continuation-2026-10-09/esbuild-private-service-final-v2/archive-manifest.json","docs/research/cli/evidence/gap-2026-10-05/continuation-2026-10-09/esbuild-private-service-final-v2/bundle.js","docs/research/cli/evidence/gap-2026-10-05/continuation-2026-10-09/esbuild-private-service-final-v2/leaf/bundle.js","docs/research/cli/evidence/gap-2026-10-05/continuation-2026-10-09/esbuild-private-service-final-v2/leaf/report.json","docs/research/cli/evidence/gap-2026-10-05/continuation-2026-10-09/esbuild-private-service-final-v2/leaf/stderr","docs/research/cli/evidence/gap-2026-10-05/continuation-2026-10-09/esbuild-private-service-final-v2/leaf/stdout","docs/research/cli/evidence/gap-2026-10-05/continuation-2026-10-09/esbuild-private-service-final-v2/leaf/trace.jsonl","docs/research/cli/evidence/gap-2026-10-05/continuation-2026-10-09/esbuild-private-service-final-v2/report.json","docs/research/cli/evidence/gap-2026-10-05/continuation-2026-10-09/esbuild-private-service-final-v2/trace.jsonl","docs/research/cli/evidence/gap-2026-10-05/continuation-2026-10-09/esbuild-private-service-final/archive-manifest.json","docs/research/cli/evidence/gap-2026-10-05/continuation-2026-10-09/esbuild-private-service-final/bundle.js","docs/research/cli/evidence/gap-2026-10-05/continuation-2026-10-09/esbuild-private-service-final/leaf/bundle.js","docs/research/cli/evidence/gap-2026-10-05/continuation-2026-10-09/esbuild-private-service-final/leaf/report.json","docs/research/cli/evidence/gap-2026-10-05/continuation-2026-10-09/esbuild-private-service-final/leaf/stderr","docs/research/cli/evidence/gap-2026-10-05/continuation-2026-10-09/esbuild-private-service-final/leaf/stdout","docs/research/cli/evidence/gap-2026-10-05/continuation-2026-10-09/esbuild-private-service-final/leaf/trace.jsonl","docs/research/cli/evidence/gap-2026-10-05/continuation-2026-10-09/esbuild-private-service-final/report.json","docs/research/cli/evidence/gap-2026-10-05/continuation-2026-10-09/esbuild-private-service-final/trace.jsonl","docs/research/cli/evidence/gap-2026-10-05/continuation-2026-10-09/final-node22.12-windows.json","docs/research/cli/evidence/gap-2026-10-05/continuation-2026-10-09/final-node22.12-windows.stderr","docs/research/cli/evidence/gap-2026-10-05/continuation-2026-10-09/final-node22.12-windows.tap","docs/research/cli/evidence/gap-2026-10-05/continuation-2026-10-09/final-node22.22-windows.json","docs/research/cli/evidence/gap-2026-10-05/continuation-2026-10-09/final-node22.22-windows.stderr","docs/research/cli/evidence/gap-2026-10-05/continuation-2026-10-09/final-node22.22-windows.tap","docs/research/cli/evidence/gap-2026-10-05/continuation-2026-10-09/final2-node22.12-windows-host.json","docs/research/cli/evidence/gap-2026-10-05/continuation-2026-10-09/final2-node22.12-windows-host.stderr","docs/research/cli/evidence/gap-2026-10-05/continuation-2026-10-09/final2-node22.12-windows-host.tap","docs/research/cli/evidence/gap-2026-10-05/continuation-2026-10-09/final2-node22.12-windows.json","docs/research/cli/evidence/gap-2026-10-05/continuation-2026-10-09/final2-node22.12-windows.stderr","docs/research/cli/evidence/gap-2026-10-05/continuation-2026-10-09/final2-node22.12-windows.tap","docs/research/cli/evidence/gap-2026-10-05/continuation-2026-10-09/final2-node22.22-linux.json","docs/research/cli/evidence/gap-2026-10-05/continuation-2026-10-09/final2-node22.22-linux.stderr","docs/research/cli/evidence/gap-2026-10-05/continuation-2026-10-09/final2-node22.22-linux.tap","docs/research/cli/evidence/gap-2026-10-05/continuation-2026-10-09/final2-node22.22-windows.json","docs/research/cli/evidence/gap-2026-10-05/continuation-2026-10-09/final2-node22.22-windows.stderr","docs/research/cli/evidence/gap-2026-10-05/continuation-2026-10-09/final2-node22.22-windows.tap","docs/research/cli/evidence/gap-2026-10-05/continuation-2026-10-09/final3-node22.12-windows.json","docs/research/cli/evidence/gap-2026-10-05/continuation-2026-10-09/final3-node22.12-windows.stderr","docs/research/cli/evidence/gap-2026-10-05/continuation-2026-10-09/final3-node22.12-windows.tap","docs/research/cli/evidence/gap-2026-10-05/continuation-2026-10-09/final3-node22.22-linux.json","docs/research/cli/evidence/gap-2026-10-05/continuation-2026-10-09/final3-node22.22-linux.stderr","docs/research/cli/evidence/gap-2026-10-05/continuation-2026-10-09/final3-node22.22-linux.tap","docs/research/cli/evidence/gap-2026-10-05/continuation-2026-10-09/final3-node22.22-windows.json","docs/research/cli/evidence/gap-2026-10-05/continuation-2026-10-09/final3-node22.22-windows.stderr","docs/research/cli/evidence/gap-2026-10-05/continuation-2026-10-09/final3-node22.22-windows.tap","docs/research/cli/evidence/gap-2026-10-05/continuation-2026-10-09/final4-node22.12-windows-host.json","docs/research/cli/evidence/gap-2026-10-05/continuation-2026-10-09/final4-node22.12-windows-host.stderr","docs/research/cli/evidence/gap-2026-10-05/continuation-2026-10-09/final4-node22.12-windows-host.tap","docs/research/cli/evidence/gap-2026-10-05/continuation-2026-10-09/final4-node22.12-windows.json","docs/research/cli/evidence/gap-2026-10-05/continuation-2026-10-09/final4-node22.12-windows.stderr","docs/research/cli/evidence/gap-2026-10-05/continuation-2026-10-09/final4-node22.12-windows.tap","docs/research/cli/evidence/gap-2026-10-05/continuation-2026-10-09/final4-node22.22-linux.json","docs/research/cli/evidence/gap-2026-10-05/continuation-2026-10-09/final4-node22.22-linux.stderr","docs/research/cli/evidence/gap-2026-10-05/continuation-2026-10-09/final4-node22.22-linux.tap","docs/research/cli/evidence/gap-2026-10-05/continuation-2026-10-09/final4-node22.22-windows.json","docs/research/cli/evidence/gap-2026-10-05/continuation-2026-10-09/final4-node22.22-windows.stderr","docs/research/cli/evidence/gap-2026-10-05/continuation-2026-10-09/final4-node22.22-windows.tap","docs/research/cli/evidence/gap-2026-10-05/continuation-2026-10-09/frozen-cli-runtime-closure/archive-manifest.json","docs/research/cli/evidence/gap-2026-10-05/continuation-2026-10-09/frozen-cli-runtime-closure/manifest.json","docs/research/cli/evidence/gap-2026-10-05/continuation-2026-10-09/frozen-cli-runtime-closure/preflight-private-v4-closure-20261009.mjs","docs/research/cli/evidence/gap-2026-10-05/continuation-2026-10-09/frozen-cli-runtime-closure/preflight.json","docs/research/cli/evidence/gap-2026-10-05/continuation-2026-10-09/frozen-cli-runtime-closure/prepare-private-v4-cli-runtime-closure-20261009.mjs","docs/research/cli/evidence/gap-2026-10-05/continuation-2026-10-09/frozen-cli-runtime-closure/required-runtime-plan.json","docs/research/cli/evidence/gap-2026-10-05/continuation-2026-10-09/frozen-cli-runtime-closure/retention.json","docs/research/cli/evidence/gap-2026-10-05/continuation-2026-10-09/frozen-collection-readback.stderr","docs/research/cli/evidence/gap-2026-10-05/continuation-2026-10-09/frozen-collection-readback.stdout","docs/research/cli/evidence/gap-2026-10-05/continuation-2026-10-09/frozen-collection-summary.json","docs/research/cli/evidence/gap-2026-10-05/continuation-2026-10-09/frozen-runtime-dependency-subset/archive-manifest.json","docs/research/cli/evidence/gap-2026-10-05/continuation-2026-10-09/frozen-runtime-dependency-subset/derive-private-v4-runtime-overlay-20261009.mjs","docs/research/cli/evidence/gap-2026-10-05/continuation-2026-10-09/frozen-runtime-dependency-subset/manifest.json","docs/research/cli/evidence/gap-2026-10-05/continuation-2026-10-09/frozen-runtime-dependency-subset/materialize-frozen-source-closure-20261009.mjs","docs/research/cli/evidence/gap-2026-10-05/continuation-2026-10-09/frozen-runtime-dependency-subset/parent-manifest.json","docs/research/cli/evidence/gap-2026-10-05/continuation-2026-10-09/frozen-runtime-dependency-subset/retention.json","docs/research/cli/evidence/gap-2026-10-05/continuation-2026-10-09/frozen-sqlite-dependency-provenance/archive-manifest.json","docs/research/cli/evidence/gap-2026-10-05/continuation-2026-10-09/frozen-sqlite-dependency-provenance/better-sqlite3-12.11.1.tgz.download.json","docs/research/cli/evidence/gap-2026-10-05/continuation-2026-10-09/frozen-sqlite-dependency-provenance/better-sqlite3-v12.11.1-node-v127-win32-x64.tar.gz.download.json","docs/research/cli/evidence/gap-2026-10-05/continuation-2026-10-09/frozen-sqlite-dependency-provenance/bindings-1.5.0.tgz.download.json","docs/research/cli/evidence/gap-2026-10-05/continuation-2026-10-09/frozen-sqlite-dependency-provenance/file-uri-to-path-1.0.0.tgz.download.json","docs/research/cli/evidence/gap-2026-10-05/continuation-2026-10-09/frozen-sqlite-dependency-provenance/github-release.json","docs/research/cli/evidence/gap-2026-10-05/continuation-2026-10-09/frozen-sqlite-dependency-provenance/manifest.json","docs/research/cli/evidence/gap-2026-10-05/continuation-2026-10-09/frozen-sqlite-dependency-provenance/prepare-private-v4-review-dependencies-20261009.mjs","docs/research/cli/evidence/gap-2026-10-05/continuation-2026-10-09/frozen-sqlite-dependency-provenance/retention.json","docs/research/cli/evidence/gap-2026-10-05/continuation-2026-10-09/frozen-sqlite-dependency-provenance/sandbox-tls-failure.json","docs/research/cli/evidence/gap-2026-10-05/continuation-2026-10-09/frozen-undici-dependency-provenance/archive-manifest.json","docs/research/cli/evidence/gap-2026-10-05/continuation-2026-10-09/frozen-undici-dependency-provenance/better-sqlite3-12.11.1.tgz.download.json","docs/research/cli/evidence/gap-2026-10-05/continuation-2026-10-09/frozen-undici-dependency-provenance/better-sqlite3-v12.11.1-node-v127-win32-x64.tar.gz.download.json","docs/research/cli/evidence/gap-2026-10-05/continuation-2026-10-09/frozen-undici-dependency-provenance/bindings-1.5.0.tgz.download.json","docs/research/cli/evidence/gap-2026-10-05/continuation-2026-10-09/frozen-undici-dependency-provenance/file-uri-to-path-1.0.0.tgz.download.json","docs/research/cli/evidence/gap-2026-10-05/continuation-2026-10-09/frozen-undici-dependency-provenance/github-release.json","docs/research/cli/evidence/gap-2026-10-05/continuation-2026-10-09/frozen-undici-dependency-provenance/manifest.json","docs/research/cli/evidence/gap-2026-10-05/continuation-2026-10-09/frozen-undici-dependency-provenance/prepare-private-v4-review-dependencies-20261009.mjs","docs/research/cli/evidence/gap-2026-10-05/continuation-2026-10-09/frozen-undici-dependency-provenance/retention.json","docs/research/cli/evidence/gap-2026-10-05/continuation-2026-10-09/frozen-undici-dependency-provenance/sandbox-tls-failure.json","docs/research/cli/evidence/gap-2026-10-05/continuation-2026-10-09/frozen-undici-dependency-provenance/undici-7.28.0.tgz.download.json","docs/research/cli/evidence/gap-2026-10-05/continuation-2026-10-09/handlebars-security-20261009/archive-manifest.json","docs/research/cli/evidence/gap-2026-10-05/continuation-2026-10-09/handlebars-security-20261009/audit.execution.json","docs/research/cli/evidence/gap-2026-10-05/continuation-2026-10-09/handlebars-security-20261009/audit.stderr.txt","docs/research/cli/evidence/gap-2026-10-05/continuation-2026-10-09/handlebars-security-20261009/audit.stdout.json","docs/research/cli/evidence/gap-2026-10-05/continuation-2026-10-09/handlebars-security-20261009/changes.json","docs/research/cli/evidence/gap-2026-10-05/continuation-2026-10-09/handlebars-security-20261009/desktop-app-vue__contracts__package-lock.json.before","docs/research/cli/evidence/gap-2026-10-05/continuation-2026-10-09/handlebars-security-20261009/desktop-app-vue__package-lock.json.before","docs/research/cli/evidence/gap-2026-10-05/continuation-2026-10-09/handlebars-security-20261009/desktop-app-vue__package.json.before","docs/research/cli/evidence/gap-2026-10-05/continuation-2026-10-09/handlebars-security-20261009/package-lock.json.before","docs/research/cli/evidence/gap-2026-10-05/continuation-2026-10-09/handlebars-security-20261009/package/LICENSE","docs/research/cli/evidence/gap-2026-10-05/continuation-2026-10-09/handlebars-security-20261009/package/README.markdown","docs/research/cli/evidence/gap-2026-10-05/continuation-2026-10-09/handlebars-security-20261009/package/bin/.eslintrc.js","docs/research/cli/evidence/gap-2026-10-05/continuation-2026-10-09/handlebars-security-20261009/package/bin/handlebars","docs/research/cli/evidence/gap-2026-10-05/continuation-2026-10-09/handlebars-security-20261009/package/lib/.eslintrc.js","docs/research/cli/evidence/gap-2026-10-05/continuation-2026-10-09/handlebars-security-20261009/package/lib/handlebars.js","docs/research/cli/evidence/gap-2026-10-05/continuation-2026-10-09/handlebars-security-20261009/package/lib/handlebars.runtime.js","docs/research/cli/evidence/gap-2026-10-05/continuation-2026-10-09/handlebars-security-20261009/package/lib/handlebars/base.js","docs/research/cli/evidence/gap-2026-10-05/continuation-2026-10-09/handlebars-security-20261009/package/lib/handlebars/compiler/ast.js","docs/research/cli/evidence/gap-2026-10-05/continuation-2026-10-09/handlebars-security-20261009/package/lib/handlebars/compiler/base.js","docs/research/cli/evidence/gap-2026-10-05/continuation-2026-10-09/handlebars-security-20261009/package/lib/handlebars/compiler/code-gen.js","docs/research/cli/evidence/gap-2026-10-05/continuation-2026-10-09/handlebars-security-20261009/package/lib/handlebars/compiler/compiler.js","docs/research/cli/evidence/gap-2026-10-05/continuation-2026-10-09/handlebars-security-20261009/package/lib/handlebars/compiler/helpers.js","docs/research/cli/evidence/gap-2026-10-05/continuation-2026-10-09/handlebars-security-20261009/package/lib/handlebars/compiler/javascript-compiler.js","docs/research/cli/evidence/gap-2026-10-05/continuation-2026-10-09/handlebars-security-20261009/package/lib/handlebars/compiler/node-types.js","docs/research/cli/evidence/gap-2026-10-05/continuation-2026-10-09/handlebars-security-20261009/package/lib/handlebars/compiler/parser.js","docs/research/cli/evidence/gap-2026-10-05/continuation-2026-10-09/handlebars-security-20261009/package/lib/handlebars/compiler/printer.js","docs/research/cli/evidence/gap-2026-10-05/continuation-2026-10-09/handlebars-security-20261009/package/lib/handlebars/compiler/visitor.js","docs/research/cli/evidence/gap-2026-10-05/continuation-2026-10-09/handlebars-security-20261009/package/lib/handlebars/compiler/whitespace-control.js","docs/research/cli/evidence/gap-2026-10-05/continuation-2026-10-09/handlebars-security-20261009/package/lib/handlebars/decorators.js","docs/research/cli/evidence/gap-2026-10-05/continuation-2026-10-09/handlebars-security-20261009/package/lib/handlebars/decorators/inline.js","docs/research/cli/evidence/gap-2026-10-05/continuation-2026-10-09/handlebars-security-20261009/package/lib/handlebars/exception.js","docs/research/cli/evidence/gap-2026-10-05/continuation-2026-10-09/handlebars-security-20261009/package/lib/handlebars/helpers.js","docs/research/cli/evidence/gap-2026-10-05/continuation-2026-10-09/handlebars-security-20261009/package/lib/handlebars/helpers/block-helper-missing.js","docs/research/cli/evidence/gap-2026-10-05/continuation-2026-10-09/handlebars-security-20261009/package/lib/handlebars/helpers/each.js","docs/research/cli/evidence/gap-2026-10-05/continuation-2026-10-09/handlebars-security-20261009/package/lib/handlebars/helpers/helper-missing.js","docs/research/cli/evidence/gap-2026-10-05/continuation-2026-10-09/handlebars-security-20261009/package/lib/handlebars/helpers/if.js","docs/research/cli/evidence/gap-2026-10-05/continuation-2026-10-09/handlebars-security-20261009/package/lib/handlebars/helpers/log.js","docs/research/cli/evidence/gap-2026-10-05/continuation-2026-10-09/handlebars-security-20261009/package/lib/handlebars/helpers/lookup.js","docs/research/cli/evidence/gap-2026-10-05/continuation-2026-10-09/handlebars-security-20261009/package/lib/handlebars/helpers/with.js","docs/research/cli/evidence/gap-2026-10-05/continuation-2026-10-09/handlebars-security-20261009/package/lib/handlebars/internal/proto-access.js","docs/research/cli/evidence/gap-2026-10-05/continuation-2026-10-09/handlebars-security-20261009/package/lib/handlebars/internal/wrapHelper.js","docs/research/cli/evidence/gap-2026-10-05/continuation-2026-10-09/handlebars-security-20261009/package/lib/handlebars/logger.js","docs/research/cli/evidence/gap-2026-10-05/continuation-2026-10-09/handlebars-security-20261009/package/lib/handlebars/no-conflict.js","docs/research/cli/evidence/gap-2026-10-05/continuation-2026-10-09/handlebars-security-20261009/package/lib/handlebars/runtime.js","docs/research/cli/evidence/gap-2026-10-05/continuation-2026-10-09/handlebars-security-20261009/package/lib/handlebars/safe-string.js","docs/research/cli/evidence/gap-2026-10-05/continuation-2026-10-09/handlebars-security-20261009/package/lib/handlebars/utils.js","docs/research/cli/evidence/gap-2026-10-05/continuation-2026-10-09/handlebars-security-20261009/package/lib/index.js","docs/research/cli/evidence/gap-2026-10-05/continuation-2026-10-09/handlebars-security-20261009/package/lib/precompiler.js","docs/research/cli/evidence/gap-2026-10-05/continuation-2026-10-09/handlebars-security-20261009/package/package.json","docs/research/cli/evidence/gap-2026-10-05/continuation-2026-10-09/handlebars-security-20261009/package/release-notes.md","docs/research/cli/evidence/gap-2026-10-05/continuation-2026-10-09/handlebars-security-20261009/package/runtime.d.ts","docs/research/cli/evidence/gap-2026-10-05/continuation-2026-10-09/handlebars-security-20261009/package/runtime.js","docs/research/cli/evidence/gap-2026-10-05/continuation-2026-10-09/handlebars-security-20261009/package/types/index.d.ts","docs/research/cli/evidence/gap-2026-10-05/continuation-2026-10-09/handlebars-security-20261009/preload.cjs","docs/research/cli/evidence/gap-2026-10-05/continuation-2026-10-09/handlebars-security-20261009/run-validation.cjs","docs/research/cli/evidence/gap-2026-10-05/continuation-2026-10-09/handlebars-security-20261009/summarize.cjs","docs/research/cli/evidence/gap-2026-10-05/continuation-2026-10-09/handlebars-security-20261009/summary.json","docs/research/cli/evidence/gap-2026-10-05/continuation-2026-10-09/handlebars-security-20261009/template.execution.json","docs/research/cli/evidence/gap-2026-10-05/continuation-2026-10-09/handlebars-security-20261009/template.stderr.txt","docs/research/cli/evidence/gap-2026-10-05/continuation-2026-10-09/handlebars-security-20261009/template.stdout.txt","docs/research/cli/evidence/gap-2026-10-05/continuation-2026-10-09/handlebars-security-20261009/verification.json","docs/research/cli/evidence/gap-2026-10-05/continuation-2026-10-09/model-catalog-api-final-workspace/archive-manifest.json","docs/research/cli/evidence/gap-2026-10-05/continuation-2026-10-09/model-catalog-api-final-workspace/artifacts-1.json","docs/research/cli/evidence/gap-2026-10-05/continuation-2026-10-09/model-catalog-api-final-workspace/claude.md","docs/research/cli/evidence/gap-2026-10-05/continuation-2026-10-09/model-catalog-api-final-workspace/codex-api-readback.json","docs/research/cli/evidence/gap-2026-10-05/continuation-2026-10-09/model-catalog-api-final-workspace/codex-latest.headers","docs/research/cli/evidence/gap-2026-10-05/continuation-2026-10-09/model-catalog-api-final-workspace/codex-latest.json","docs/research/cli/evidence/gap-2026-10-05/continuation-2026-10-09/model-catalog-api-final-workspace/codex.html","docs/research/cli/evidence/gap-2026-10-05/continuation-2026-10-09/model-catalog-api-final-workspace/jobs-1.json","docs/research/cli/evidence/gap-2026-10-05/continuation-2026-10-09/model-catalog-api-final-workspace/local.json","docs/research/cli/evidence/gap-2026-10-05/continuation-2026-10-09/model-catalog-api-final-workspace/readback.json","docs/research/cli/evidence/gap-2026-10-05/continuation-2026-10-09/model-catalog-api-final-workspace/run.json","docs/research/cli/evidence/gap-2026-10-05/continuation-2026-10-09/model-catalog-api-final-workspace/upstream-api-direct.json","docs/research/cli/evidence/gap-2026-10-05/continuation-2026-10-09/model-catalog-api-final-workspace/upstream-api-final-execution.json","docs/research/cli/evidence/gap-2026-10-05/continuation-2026-10-09/model-catalog-api-final-workspace/upstream-api-final.json","docs/research/cli/evidence/gap-2026-10-05/continuation-2026-10-09/model-catalog-api-final-workspace/upstream-api-review.json","docs/research/cli/evidence/gap-2026-10-05/continuation-2026-10-09/model-catalog-api-final-workspace/upstream.json","docs/research/cli/evidence/gap-2026-10-05/continuation-2026-10-09/model-catalog-pr-61d91325d0/archive-manifest.json","docs/research/cli/evidence/gap-2026-10-05/continuation-2026-10-09/model-catalog-pr-61d91325d0/artifacts-1.json","docs/research/cli/evidence/gap-2026-10-05/continuation-2026-10-09/model-catalog-pr-61d91325d0/jobs-1.json","docs/research/cli/evidence/gap-2026-10-05/continuation-2026-10-09/model-catalog-pr-61d91325d0/local.json","docs/research/cli/evidence/gap-2026-10-05/continuation-2026-10-09/model-catalog-pr-61d91325d0/readback.json","docs/research/cli/evidence/gap-2026-10-05/continuation-2026-10-09/model-catalog-pr-61d91325d0/run.json","docs/research/cli/evidence/gap-2026-10-05/continuation-2026-10-09/model-catalog-upstream-61d91325d0/archive-manifest.json","docs/research/cli/evidence/gap-2026-10-05/continuation-2026-10-09/model-catalog-upstream-61d91325d0/artifacts-1.json","docs/research/cli/evidence/gap-2026-10-05/continuation-2026-10-09/model-catalog-upstream-61d91325d0/claude.md","docs/research/cli/evidence/gap-2026-10-05/continuation-2026-10-09/model-catalog-upstream-61d91325d0/codex.html","docs/research/cli/evidence/gap-2026-10-05/continuation-2026-10-09/model-catalog-upstream-61d91325d0/jobs-1.json","docs/research/cli/evidence/gap-2026-10-05/continuation-2026-10-09/model-catalog-upstream-61d91325d0/local.json","docs/research/cli/evidence/gap-2026-10-05/continuation-2026-10-09/model-catalog-upstream-61d91325d0/readback.json","docs/research/cli/evidence/gap-2026-10-05/continuation-2026-10-09/model-catalog-upstream-61d91325d0/run.json","docs/research/cli/evidence/gap-2026-10-05/continuation-2026-10-09/model-catalog-upstream-61d91325d0/upstream.json","docs/research/cli/evidence/gap-2026-10-05/continuation-2026-10-09/model-review-local.json","docs/research/cli/evidence/gap-2026-10-05/continuation-2026-10-09/model-review-local.stderr","docs/research/cli/evidence/gap-2026-10-05/continuation-2026-10-09/model-review-local.stdout","docs/research/cli/evidence/gap-2026-10-05/continuation-2026-10-09/model-review-prior-artifacts.stderr","docs/research/cli/evidence/gap-2026-10-05/continuation-2026-10-09/model-review-prior-artifacts.stdout","docs/research/cli/evidence/gap-2026-10-05/continuation-2026-10-09/model-review-prior-workflow.stderr","docs/research/cli/evidence/gap-2026-10-05/continuation-2026-10-09/model-review-prior-workflow.stdout","docs/research/cli/evidence/gap-2026-10-05/continuation-2026-10-09/node22.12-windows.json","docs/research/cli/evidence/gap-2026-10-05/continuation-2026-10-09/node22.12-windows.stderr","docs/research/cli/evidence/gap-2026-10-05/continuation-2026-10-09/node22.12-windows.tap","docs/research/cli/evidence/gap-2026-10-05/continuation-2026-10-09/node22.22-linux.json","docs/research/cli/evidence/gap-2026-10-05/continuation-2026-10-09/node22.22-linux.stderr","docs/research/cli/evidence/gap-2026-10-05/continuation-2026-10-09/node22.22-linux.tap","docs/research/cli/evidence/gap-2026-10-05/continuation-2026-10-09/node22.22-windows.json","docs/research/cli/evidence/gap-2026-10-05/continuation-2026-10-09/node22.22-windows.stderr","docs/research/cli/evidence/gap-2026-10-05/continuation-2026-10-09/node22.22-windows.tap","docs/research/cli/evidence/gap-2026-10-05/continuation-2026-10-09/preparation-manifest.json","docs/research/cli/evidence/gap-2026-10-05/continuation-2026-10-09/private-v4-baseline-before-undici/archive-manifest.json","docs/research/cli/evidence/gap-2026-10-05/continuation-2026-10-09/private-v4-baseline-before-undici/bundle.js","docs/research/cli/evidence/gap-2026-10-05/continuation-2026-10-09/private-v4-baseline-before-undici/esbuild-trace-1.jsonl","docs/research/cli/evidence/gap-2026-10-05/continuation-2026-10-09/private-v4-baseline-before-undici/inputs/agent-evolution-test-boundary.js","docs/research/cli/evidence/gap-2026-10-05/continuation-2026-10-09/private-v4-baseline-before-undici/inputs/check.cjs","docs/research/cli/evidence/gap-2026-10-05/continuation-2026-10-09/private-v4-baseline-before-undici/inputs/manifest.json","docs/research/cli/evidence/gap-2026-10-05/continuation-2026-10-09/private-v4-baseline-before-undici/inputs/model-capabilities.test.js","docs/research/cli/evidence/gap-2026-10-05/continuation-2026-10-09/private-v4-baseline-before-undici/inputs/preparation.json","docs/research/cli/evidence/gap-2026-10-05/continuation-2026-10-09/private-v4-baseline-before-undici/inputs/review-vitest.config.mjs","docs/research/cli/evidence/gap-2026-10-05/continuation-2026-10-09/private-v4-baseline-before-undici/inputs/source-closure.json","docs/research/cli/evidence/gap-2026-10-05/continuation-2026-10-09/private-v4-baseline-before-undici/inputs/vitest.config.js","docs/research/cli/evidence/gap-2026-10-05/continuation-2026-10-09/private-v4-baseline-before-undici/inputs/windows-node-private-v4.manifest.json","docs/research/cli/evidence/gap-2026-10-05/continuation-2026-10-09/private-v4-baseline-before-undici/inputs/windows-node-private-v4.report-helper-1b8fae53-05be-4f46-af8b-5c9c759c89b6.manifest.json","docs/research/cli/evidence/gap-2026-10-05/continuation-2026-10-09/private-v4-baseline-before-undici/inputs/windows-node-private-v4.worker-1b828f53-11fe-40b8-b5e1-af0347eac46a.manifest.json","docs/research/cli/evidence/gap-2026-10-05/continuation-2026-10-09/private-v4-baseline-before-undici/inputs/windows-node-private-v4.worker-231c07af-ba63-44f5-b3a4-a329bb192255.manifest.json","docs/research/cli/evidence/gap-2026-10-05/continuation-2026-10-09/private-v4-baseline-before-undici/inputs/windows-node-private-v4.worker-5f3af68e-c149-4456-9b33-46307a2ce237.manifest.json","docs/research/cli/evidence/gap-2026-10-05/continuation-2026-10-09/private-v4-baseline-before-undici/inputs/windows-node-private-v4.worker-629d5dce-2dc0-4a7e-883c-53f0c1ca12e0.manifest.json","docs/research/cli/evidence/gap-2026-10-05/continuation-2026-10-09/private-v4-baseline-before-undici/inputs/windows-node-private-v4.worker-86ed9f10-e6a8-4994-a461-a0820c8357cc.manifest.json","docs/research/cli/evidence/gap-2026-10-05/continuation-2026-10-09/private-v4-baseline-before-undici/inputs/windows-node-private-v4.worker-97361d9d-233c-4ad1-9107-0ca930fa5e59.manifest.json","docs/research/cli/evidence/gap-2026-10-05/continuation-2026-10-09/private-v4-baseline-before-undici/inputs/windows-node-private-v4.worker-9f27ceaa-6d7b-4164-a298-dd2c17487499.manifest.json","docs/research/cli/evidence/gap-2026-10-05/continuation-2026-10-09/private-v4-baseline-before-undici/inputs/windows-node-private-v4.worker-ab98a81b-d618-441c-a36a-82dbce20b911.manifest.json","docs/research/cli/evidence/gap-2026-10-05/continuation-2026-10-09/private-v4-baseline-before-undici/inputs/windows-node-private-v4.worker-be63d8da-2e88-4ba9-9835-aa2b2d1e5892.manifest.json","docs/research/cli/evidence/gap-2026-10-05/continuation-2026-10-09/private-v4-baseline-before-undici/inputs/windows-node-private-v4.worker-c9b95369-1b96-492e-997f-3a13cf38b355.manifest.json","docs/research/cli/evidence/gap-2026-10-05/continuation-2026-10-09/private-v4-baseline-before-undici/inputs/windows-node-private-v4.worker-d963a184-ddae-4cfd-9704-dcd19cb35dbf.manifest.json","docs/research/cli/evidence/gap-2026-10-05/continuation-2026-10-09/private-v4-baseline-before-undici/inputs/windows-node-private-v4.worker-f5f4b617-e311-45bd-a34f-4ffa6cfcf237.manifest.json","docs/research/cli/evidence/gap-2026-10-05/continuation-2026-10-09/private-v4-baseline-before-undici/inputs/windows-sandbox-adapter-cleanup.js","docs/research/cli/evidence/gap-2026-10-05/continuation-2026-10-09/private-v4-baseline-before-undici/inputs/windows-sandbox-adapter-temp-root.js","docs/research/cli/evidence/gap-2026-10-05/continuation-2026-10-09/private-v4-baseline-before-undici/journal.jsonl","docs/research/cli/evidence/gap-2026-10-05/continuation-2026-10-09/private-v4-baseline-before-undici/manifest.json","docs/research/cli/evidence/gap-2026-10-05/continuation-2026-10-09/private-v4-baseline-before-undici/report.json","docs/research/cli/evidence/gap-2026-10-05/continuation-2026-10-09/private-v4-baseline-before-undici/service.json","docs/research/cli/evidence/gap-2026-10-05/continuation-2026-10-09/private-v4-baseline-before-undici/source/verify01-review-runtime.mjs","docs/research/cli/evidence/gap-2026-10-05/continuation-2026-10-09/private-v4-baseline-before-undici/source/verify01-review-specs.mjs","docs/research/cli/evidence/gap-2026-10-05/continuation-2026-10-09/private-v4-baseline-before-undici/source/windows-esbuild-private-map-shim.cpp","docs/research/cli/evidence/gap-2026-10-05/continuation-2026-10-09/private-v4-baseline-before-undici/source/windows-esbuild-private-map-supervisor.cpp","docs/research/cli/evidence/gap-2026-10-05/continuation-2026-10-09/private-v4-baseline-before-undici/source/windows-node-private-v4-adapter.cpp","docs/research/cli/evidence/gap-2026-10-05/continuation-2026-10-09/private-v4-baseline-before-undici/source/windows-node-private-v4-adapter.h","docs/research/cli/evidence/gap-2026-10-05/continuation-2026-10-09/private-v4-baseline-before-undici/source/windows-node-private-v4-broker.cpp","docs/research/cli/evidence/gap-2026-10-05/continuation-2026-10-09/private-v4-baseline-before-undici/source/windows-node-private-v4-diagnostic.mjs","docs/research/cli/evidence/gap-2026-10-05/continuation-2026-10-09/private-v4-baseline-before-undici/source/windows-node-private-v4-identity.cjs","docs/research/cli/evidence/gap-2026-10-05/continuation-2026-10-09/private-v4-baseline-before-undici/source/windows-node-private-v4-paired.h","docs/research/cli/evidence/gap-2026-10-05/continuation-2026-10-09/private-v4-baseline-before-undici/source/windows-node-private-v4-preload.cjs","docs/research/cli/evidence/gap-2026-10-05/continuation-2026-10-09/private-v4-baseline-before-undici/source/windows-node-private-v4-protocol.h","docs/research/cli/evidence/gap-2026-10-05/continuation-2026-10-09/private-v4-baseline-before-undici/source/windows-node-private-v4-result.mjs","docs/research/cli/evidence/gap-2026-10-05/continuation-2026-10-09/private-v4-baseline-before-undici/stderr","docs/research/cli/evidence/gap-2026-10-05/continuation-2026-10-09/private-v4-baseline-before-undici/stdout","docs/research/cli/evidence/gap-2026-10-05/continuation-2026-10-09/private-v4-baseline-failure-first/archive-manifest.json","docs/research/cli/evidence/gap-2026-10-05/continuation-2026-10-09/private-v4-baseline-failure-first/bundle.js","docs/research/cli/evidence/gap-2026-10-05/continuation-2026-10-09/private-v4-baseline-failure-first/esbuild-trace-1.jsonl","docs/research/cli/evidence/gap-2026-10-05/continuation-2026-10-09/private-v4-baseline-failure-first/inputs/agent-evolution-test-boundary.js","docs/research/cli/evidence/gap-2026-10-05/continuation-2026-10-09/private-v4-baseline-failure-first/inputs/check.cjs","docs/research/cli/evidence/gap-2026-10-05/continuation-2026-10-09/private-v4-baseline-failure-first/inputs/manifest.json","docs/research/cli/evidence/gap-2026-10-05/continuation-2026-10-09/private-v4-baseline-failure-first/inputs/model-capabilities.test.js","docs/research/cli/evidence/gap-2026-10-05/continuation-2026-10-09/private-v4-baseline-failure-first/inputs/preparation.json","docs/research/cli/evidence/gap-2026-10-05/continuation-2026-10-09/private-v4-baseline-failure-first/inputs/review-vitest.config.mjs","docs/research/cli/evidence/gap-2026-10-05/continuation-2026-10-09/private-v4-baseline-failure-first/inputs/source-closure.json","docs/research/cli/evidence/gap-2026-10-05/continuation-2026-10-09/private-v4-baseline-failure-first/inputs/vitest.config.js","docs/research/cli/evidence/gap-2026-10-05/continuation-2026-10-09/private-v4-baseline-failure-first/inputs/windows-node-private-v4.manifest.json","docs/research/cli/evidence/gap-2026-10-05/continuation-2026-10-09/private-v4-baseline-failure-first/inputs/windows-node-private-v4.report-helper-b8037353-1784-4afc-a488-2acb7e0c3aff.manifest.json","docs/research/cli/evidence/gap-2026-10-05/continuation-2026-10-09/private-v4-baseline-failure-first/inputs/windows-node-private-v4.worker-0008ce64-8947-44c5-9038-2bce2b8fc78b.manifest.json","docs/research/cli/evidence/gap-2026-10-05/continuation-2026-10-09/private-v4-baseline-failure-first/inputs/windows-node-private-v4.worker-039ecfd3-6890-4907-9179-6f97b37dc1ea.manifest.json","docs/research/cli/evidence/gap-2026-10-05/continuation-2026-10-09/private-v4-baseline-failure-first/inputs/windows-node-private-v4.worker-29963045-483e-4c65-9a23-cd00865aabdd.manifest.json","docs/research/cli/evidence/gap-2026-10-05/continuation-2026-10-09/private-v4-baseline-failure-first/inputs/windows-node-private-v4.worker-5b4b9c4a-8eb8-499b-8adf-fdace99d5382.manifest.json","docs/research/cli/evidence/gap-2026-10-05/continuation-2026-10-09/private-v4-baseline-failure-first/inputs/windows-node-private-v4.worker-8573bbb9-acc4-4b4f-8086-6943a0053c56.manifest.json","docs/research/cli/evidence/gap-2026-10-05/continuation-2026-10-09/private-v4-baseline-failure-first/inputs/windows-node-private-v4.worker-9bf2aae7-c1b2-4253-b8e0-606fada3b6a3.manifest.json","docs/research/cli/evidence/gap-2026-10-05/continuation-2026-10-09/private-v4-baseline-failure-first/inputs/windows-node-private-v4.worker-a85c4a74-12a5-4887-b295-f7166651d25d.manifest.json","docs/research/cli/evidence/gap-2026-10-05/continuation-2026-10-09/private-v4-baseline-failure-first/inputs/windows-node-private-v4.worker-ae25e543-b823-443b-9027-c48de5fd00ea.manifest.json","docs/research/cli/evidence/gap-2026-10-05/continuation-2026-10-09/private-v4-baseline-failure-first/inputs/windows-node-private-v4.worker-bda012f2-362f-4ea0-b477-09a453899d33.manifest.json","docs/research/cli/evidence/gap-2026-10-05/continuation-2026-10-09/private-v4-baseline-failure-first/inputs/windows-node-private-v4.worker-d35677a9-2b59-4875-8fc0-99632b0ecba6.manifest.json","docs/research/cli/evidence/gap-2026-10-05/continuation-2026-10-09/private-v4-baseline-failure-first/inputs/windows-node-private-v4.worker-d86541f7-37ad-41f7-be61-c0a53870eac3.manifest.json","docs/research/cli/evidence/gap-2026-10-05/continuation-2026-10-09/private-v4-baseline-failure-first/inputs/windows-node-private-v4.worker-e2410be8-3804-4ca1-83d0-59e2ae3b7442.manifest.json","docs/research/cli/evidence/gap-2026-10-05/continuation-2026-10-09/private-v4-baseline-failure-first/inputs/windows-sandbox-adapter-cleanup.js","docs/research/cli/evidence/gap-2026-10-05/continuation-2026-10-09/private-v4-baseline-failure-first/inputs/windows-sandbox-adapter-temp-root.js","docs/research/cli/evidence/gap-2026-10-05/continuation-2026-10-09/private-v4-baseline-failure-first/journal.jsonl","docs/research/cli/evidence/gap-2026-10-05/continuation-2026-10-09/private-v4-baseline-failure-first/manifest.json","docs/research/cli/evidence/gap-2026-10-05/continuation-2026-10-09/private-v4-baseline-failure-first/report.json","docs/research/cli/evidence/gap-2026-10-05/continuation-2026-10-09/private-v4-baseline-failure-first/service.json","docs/research/cli/evidence/gap-2026-10-05/continuation-2026-10-09/private-v4-baseline-failure-first/source/verify01-review-runtime.mjs","docs/research/cli/evidence/gap-2026-10-05/continuation-2026-10-09/private-v4-baseline-failure-first/source/verify01-review-specs.mjs","docs/research/cli/evidence/gap-2026-10-05/continuation-2026-10-09/private-v4-baseline-failure-first/source/windows-esbuild-private-map-shim.cpp","docs/research/cli/evidence/gap-2026-10-05/continuation-2026-10-09/private-v4-baseline-failure-first/source/windows-esbuild-private-map-supervisor.cpp","docs/research/cli/evidence/gap-2026-10-05/continuation-2026-10-09/private-v4-baseline-failure-first/source/windows-node-private-v4-adapter.cpp","docs/research/cli/evidence/gap-2026-10-05/continuation-2026-10-09/private-v4-baseline-failure-first/source/windows-node-private-v4-adapter.h","docs/research/cli/evidence/gap-2026-10-05/continuation-2026-10-09/private-v4-baseline-failure-first/source/windows-node-private-v4-broker.cpp","docs/research/cli/evidence/gap-2026-10-05/continuation-2026-10-09/private-v4-baseline-failure-first/source/windows-node-private-v4-diagnostic.mjs","docs/research/cli/evidence/gap-2026-10-05/continuation-2026-10-09/private-v4-baseline-failure-first/source/windows-node-private-v4-identity.cjs","docs/research/cli/evidence/gap-2026-10-05/continuation-2026-10-09/private-v4-baseline-failure-first/source/windows-node-private-v4-paired.h","docs/research/cli/evidence/gap-2026-10-05/continuation-2026-10-09/private-v4-baseline-failure-first/source/windows-node-private-v4-preload.cjs","docs/research/cli/evidence/gap-2026-10-05/continuation-2026-10-09/private-v4-baseline-failure-first/source/windows-node-private-v4-protocol.h","docs/research/cli/evidence/gap-2026-10-05/continuation-2026-10-09/private-v4-baseline-failure-first/source/windows-node-private-v4-result.mjs","docs/research/cli/evidence/gap-2026-10-05/continuation-2026-10-09/private-v4-baseline-failure-first/stderr","docs/research/cli/evidence/gap-2026-10-05/continuation-2026-10-09/private-v4-baseline-failure-first/stdout","docs/research/cli/evidence/gap-2026-10-05/continuation-2026-10-09/private-v4-baseline-termination-race/archive-manifest.json","docs/research/cli/evidence/gap-2026-10-05/continuation-2026-10-09/private-v4-baseline-termination-race/bundle.js","docs/research/cli/evidence/gap-2026-10-05/continuation-2026-10-09/private-v4-baseline-termination-race/esbuild-trace-1.jsonl","docs/research/cli/evidence/gap-2026-10-05/continuation-2026-10-09/private-v4-baseline-termination-race/inputs/agent-evolution-test-boundary.js","docs/research/cli/evidence/gap-2026-10-05/continuation-2026-10-09/private-v4-baseline-termination-race/inputs/check.cjs","docs/research/cli/evidence/gap-2026-10-05/continuation-2026-10-09/private-v4-baseline-termination-race/inputs/manifest.json","docs/research/cli/evidence/gap-2026-10-05/continuation-2026-10-09/private-v4-baseline-termination-race/inputs/model-capabilities.test.js","docs/research/cli/evidence/gap-2026-10-05/continuation-2026-10-09/private-v4-baseline-termination-race/inputs/preparation.json","docs/research/cli/evidence/gap-2026-10-05/continuation-2026-10-09/private-v4-baseline-termination-race/inputs/review-vitest.config.mjs","docs/research/cli/evidence/gap-2026-10-05/continuation-2026-10-09/private-v4-baseline-termination-race/inputs/source-closure.json","docs/research/cli/evidence/gap-2026-10-05/continuation-2026-10-09/private-v4-baseline-termination-race/inputs/vitest.config.js","docs/research/cli/evidence/gap-2026-10-05/continuation-2026-10-09/private-v4-baseline-termination-race/inputs/windows-node-private-v4.manifest.json","docs/research/cli/evidence/gap-2026-10-05/continuation-2026-10-09/private-v4-baseline-termination-race/inputs/windows-node-private-v4.report-helper-dcd7f8ab-58f4-4e72-bf0d-005289b52aad.manifest.json","docs/research/cli/evidence/gap-2026-10-05/continuation-2026-10-09/private-v4-baseline-termination-race/inputs/windows-node-private-v4.worker-0a8565e7-d08a-4d11-b44b-8c2386d7af6b.manifest.json","docs/research/cli/evidence/gap-2026-10-05/continuation-2026-10-09/private-v4-baseline-termination-race/inputs/windows-node-private-v4.worker-af059921-e0c5-4f98-ad8a-9a7d40aa3eab.manifest.json","docs/research/cli/evidence/gap-2026-10-05/continuation-2026-10-09/private-v4-baseline-termination-race/inputs/windows-node-private-v4.worker-e964772b-809d-4813-bcd5-eed8b2bb0bb6.manifest.json","docs/research/cli/evidence/gap-2026-10-05/continuation-2026-10-09/private-v4-baseline-termination-race/inputs/windows-sandbox-adapter-cleanup.js","docs/research/cli/evidence/gap-2026-10-05/continuation-2026-10-09/private-v4-baseline-termination-race/inputs/windows-sandbox-adapter-temp-root.js","docs/research/cli/evidence/gap-2026-10-05/continuation-2026-10-09/private-v4-baseline-termination-race/journal.jsonl","docs/research/cli/evidence/gap-2026-10-05/continuation-2026-10-09/private-v4-baseline-termination-race/manifest.json","docs/research/cli/evidence/gap-2026-10-05/continuation-2026-10-09/private-v4-baseline-termination-race/report.json","docs/research/cli/evidence/gap-2026-10-05/continuation-2026-10-09/private-v4-baseline-termination-race/service.json","docs/research/cli/evidence/gap-2026-10-05/continuation-2026-10-09/private-v4-baseline-termination-race/source/verify01-review-runtime.mjs","docs/research/cli/evidence/gap-2026-10-05/continuation-2026-10-09/private-v4-baseline-termination-race/source/verify01-review-specs.mjs","docs/research/cli/evidence/gap-2026-10-05/continuation-2026-10-09/private-v4-baseline-termination-race/source/windows-esbuild-private-map-shim.cpp","docs/research/cli/evidence/gap-2026-10-05/continuation-2026-10-09/private-v4-baseline-termination-race/source/windows-esbuild-private-map-supervisor.cpp","docs/research/cli/evidence/gap-2026-10-05/continuation-2026-10-09/private-v4-baseline-termination-race/source/windows-node-private-v4-adapter.cpp","docs/research/cli/evidence/gap-2026-10-05/continuation-2026-10-09/private-v4-baseline-termination-race/source/windows-node-private-v4-adapter.h","docs/research/cli/evidence/gap-2026-10-05/continuation-2026-10-09/private-v4-baseline-termination-race/source/windows-node-private-v4-broker.cpp","docs/research/cli/evidence/gap-2026-10-05/continuation-2026-10-09/private-v4-baseline-termination-race/source/windows-node-private-v4-diagnostic.mjs","docs/research/cli/evidence/gap-2026-10-05/continuation-2026-10-09/private-v4-baseline-termination-race/source/windows-node-private-v4-identity.cjs","docs/research/cli/evidence/gap-2026-10-05/continuation-2026-10-09/private-v4-baseline-termination-race/source/windows-node-private-v4-paired.h","docs/research/cli/evidence/gap-2026-10-05/continuation-2026-10-09/private-v4-baseline-termination-race/source/windows-node-private-v4-preload.cjs","docs/research/cli/evidence/gap-2026-10-05/continuation-2026-10-09/private-v4-baseline-termination-race/source/windows-node-private-v4-protocol.h","docs/research/cli/evidence/gap-2026-10-05/continuation-2026-10-09/private-v4-baseline-termination-race/source/windows-node-private-v4-result.mjs","docs/research/cli/evidence/gap-2026-10-05/continuation-2026-10-09/private-v4-baseline-termination-race/stderr","docs/research/cli/evidence/gap-2026-10-05/continuation-2026-10-09/private-v4-baseline-termination-race/stdout","docs/research/cli/evidence/gap-2026-10-05/continuation-2026-10-09/private-v4-failed-baseline-refusal/archive-manifest.json","docs/research/cli/evidence/gap-2026-10-05/continuation-2026-10-09/private-v4-failed-baseline-refusal/inputs/preparation.json","docs/research/cli/evidence/gap-2026-10-05/continuation-2026-10-09/private-v4-failed-baseline-refusal/inputs/report.json","docs/research/cli/evidence/gap-2026-10-05/continuation-2026-10-09/private-v4-failed-baseline-refusal/report.json","docs/research/cli/evidence/gap-2026-10-05/continuation-2026-10-09/private-v4-failed-baseline-refusal/source/windows-esbuild-private-map-shim.cpp","docs/research/cli/evidence/gap-2026-10-05/continuation-2026-10-09/private-v4-failed-baseline-refusal/source/windows-esbuild-private-map-supervisor.cpp","docs/research/cli/evidence/gap-2026-10-05/continuation-2026-10-09/private-v4-failed-baseline-refusal/source/windows-node-private-v4-adapter.cpp","docs/research/cli/evidence/gap-2026-10-05/continuation-2026-10-09/private-v4-failed-baseline-refusal/source/windows-node-private-v4-adapter.h","docs/research/cli/evidence/gap-2026-10-05/continuation-2026-10-09/private-v4-failed-baseline-refusal/source/windows-node-private-v4-broker.cpp","docs/research/cli/evidence/gap-2026-10-05/continuation-2026-10-09/private-v4-failed-baseline-refusal/source/windows-node-private-v4-dependencies.mjs","docs/research/cli/evidence/gap-2026-10-05/continuation-2026-10-09/private-v4-failed-baseline-refusal/source/windows-node-private-v4-diagnostic.mjs","docs/research/cli/evidence/gap-2026-10-05/continuation-2026-10-09/private-v4-failed-baseline-refusal/source/windows-node-private-v4-identity.cjs","docs/research/cli/evidence/gap-2026-10-05/continuation-2026-10-09/private-v4-failed-baseline-refusal/source/windows-node-private-v4-paired.h","docs/research/cli/evidence/gap-2026-10-05/continuation-2026-10-09/private-v4-failed-baseline-refusal/source/windows-node-private-v4-preload.cjs","docs/research/cli/evidence/gap-2026-10-05/continuation-2026-10-09/private-v4-failed-baseline-refusal/source/windows-node-private-v4-protocol.h","docs/research/cli/evidence/gap-2026-10-05/continuation-2026-10-09/private-v4-failed-baseline-refusal/source/windows-node-private-v4-result.mjs","docs/research/cli/evidence/gap-2026-10-05/continuation-2026-10-09/private-v4-final-clean-baseline/archive-manifest.json","docs/research/cli/evidence/gap-2026-10-05/continuation-2026-10-09/private-v4-final-clean-baseline/bundle.js","docs/research/cli/evidence/gap-2026-10-05/continuation-2026-10-09/private-v4-final-clean-baseline/esbuild-trace-1.jsonl","docs/research/cli/evidence/gap-2026-10-05/continuation-2026-10-09/private-v4-final-clean-baseline/inputs/agent-evolution-test-boundary.js","docs/research/cli/evidence/gap-2026-10-05/continuation-2026-10-09/private-v4-final-clean-baseline/inputs/check.cjs","docs/research/cli/evidence/gap-2026-10-05/continuation-2026-10-09/private-v4-final-clean-baseline/inputs/manifest.json","docs/research/cli/evidence/gap-2026-10-05/continuation-2026-10-09/private-v4-final-clean-baseline/inputs/model-capabilities.test.js","docs/research/cli/evidence/gap-2026-10-05/continuation-2026-10-09/private-v4-final-clean-baseline/inputs/preparation.json","docs/research/cli/evidence/gap-2026-10-05/continuation-2026-10-09/private-v4-final-clean-baseline/inputs/review-vitest.config.mjs","docs/research/cli/evidence/gap-2026-10-05/continuation-2026-10-09/private-v4-final-clean-baseline/inputs/source-closure.json","docs/research/cli/evidence/gap-2026-10-05/continuation-2026-10-09/private-v4-final-clean-baseline/inputs/vitest.config.js","docs/research/cli/evidence/gap-2026-10-05/continuation-2026-10-09/private-v4-final-clean-baseline/inputs/windows-node-private-v4.manifest.json","docs/research/cli/evidence/gap-2026-10-05/continuation-2026-10-09/private-v4-final-clean-baseline/inputs/windows-node-private-v4.report-helper-0cf5cfc9-2b5b-47c8-8ae2-329e92b8f109.manifest.json","docs/research/cli/evidence/gap-2026-10-05/continuation-2026-10-09/private-v4-final-clean-baseline/inputs/windows-node-private-v4.worker-23b4cf5f-7a10-4ad2-9206-ae1b4b2c628f.manifest.json","docs/research/cli/evidence/gap-2026-10-05/continuation-2026-10-09/private-v4-final-clean-baseline/inputs/windows-node-private-v4.worker-5ad32d44-8d2f-4034-a5bd-ca75a91c5b72.manifest.json","docs/research/cli/evidence/gap-2026-10-05/continuation-2026-10-09/private-v4-final-clean-baseline/inputs/windows-node-private-v4.worker-621043ea-4ad6-4228-acb6-51e9ab2c5093.manifest.json","docs/research/cli/evidence/gap-2026-10-05/continuation-2026-10-09/private-v4-final-clean-baseline/inputs/windows-node-private-v4.worker-643cb2ee-0151-45a1-b873-934de3874624.manifest.json","docs/research/cli/evidence/gap-2026-10-05/continuation-2026-10-09/private-v4-final-clean-baseline/inputs/windows-node-private-v4.worker-80083dff-28f2-4565-8d88-e2c402b7c916.manifest.json","docs/research/cli/evidence/gap-2026-10-05/continuation-2026-10-09/private-v4-final-clean-baseline/inputs/windows-node-private-v4.worker-a124ac8d-eebd-4fef-8c81-9cdf6089697b.manifest.json","docs/research/cli/evidence/gap-2026-10-05/continuation-2026-10-09/private-v4-final-clean-baseline/inputs/windows-node-private-v4.worker-d28d2c74-533d-4804-a933-9fb637fb2da0.manifest.json","docs/research/cli/evidence/gap-2026-10-05/continuation-2026-10-09/private-v4-final-clean-baseline/inputs/windows-node-private-v4.worker-decb86ef-8f60-487f-8332-e5d3a25defef.manifest.json","docs/research/cli/evidence/gap-2026-10-05/continuation-2026-10-09/private-v4-final-clean-baseline/inputs/windows-node-private-v4.worker-e30ff7a8-9216-4fcd-9b7e-b6b2db7f5e22.manifest.json","docs/research/cli/evidence/gap-2026-10-05/continuation-2026-10-09/private-v4-final-clean-baseline/inputs/windows-sandbox-adapter-cleanup.js","docs/research/cli/evidence/gap-2026-10-05/continuation-2026-10-09/private-v4-final-clean-baseline/inputs/windows-sandbox-adapter-temp-root.js","docs/research/cli/evidence/gap-2026-10-05/continuation-2026-10-09/private-v4-final-clean-baseline/journal.jsonl","docs/research/cli/evidence/gap-2026-10-05/continuation-2026-10-09/private-v4-final-clean-baseline/manifest.json","docs/research/cli/evidence/gap-2026-10-05/continuation-2026-10-09/private-v4-final-clean-baseline/report.json","docs/research/cli/evidence/gap-2026-10-05/continuation-2026-10-09/private-v4-final-clean-baseline/service.json","docs/research/cli/evidence/gap-2026-10-05/continuation-2026-10-09/private-v4-final-clean-baseline/source/verify01-review-runtime.mjs","docs/research/cli/evidence/gap-2026-10-05/continuation-2026-10-09/private-v4-final-clean-baseline/source/verify01-review-specs.mjs","docs/research/cli/evidence/gap-2026-10-05/continuation-2026-10-09/private-v4-final-clean-baseline/source/windows-esbuild-private-map-shim.cpp","docs/research/cli/evidence/gap-2026-10-05/continuation-2026-10-09/private-v4-final-clean-baseline/source/windows-esbuild-private-map-supervisor.cpp","docs/research/cli/evidence/gap-2026-10-05/continuation-2026-10-09/private-v4-final-clean-baseline/source/windows-node-private-v4-adapter.cpp","docs/research/cli/evidence/gap-2026-10-05/continuation-2026-10-09/private-v4-final-clean-baseline/source/windows-node-private-v4-adapter.h","docs/research/cli/evidence/gap-2026-10-05/continuation-2026-10-09/private-v4-final-clean-baseline/source/windows-node-private-v4-broker.cpp","docs/research/cli/evidence/gap-2026-10-05/continuation-2026-10-09/private-v4-final-clean-baseline/source/windows-node-private-v4-dependencies.mjs","docs/research/cli/evidence/gap-2026-10-05/continuation-2026-10-09/private-v4-final-clean-baseline/source/windows-node-private-v4-diagnostic.mjs","docs/research/cli/evidence/gap-2026-10-05/continuation-2026-10-09/private-v4-final-clean-baseline/source/windows-node-private-v4-identity.cjs","docs/research/cli/evidence/gap-2026-10-05/continuation-2026-10-09/private-v4-final-clean-baseline/source/windows-node-private-v4-paired.h","docs/research/cli/evidence/gap-2026-10-05/continuation-2026-10-09/private-v4-final-clean-baseline/source/windows-node-private-v4-preload.cjs","docs/research/cli/evidence/gap-2026-10-05/continuation-2026-10-09/private-v4-final-clean-baseline/source/windows-node-private-v4-protocol.h","docs/research/cli/evidence/gap-2026-10-05/continuation-2026-10-09/private-v4-final-clean-baseline/source/windows-node-private-v4-result.mjs","docs/research/cli/evidence/gap-2026-10-05/continuation-2026-10-09/private-v4-final-clean-baseline/stderr","docs/research/cli/evidence/gap-2026-10-05/continuation-2026-10-09/private-v4-final-clean-baseline/stdout","docs/research/cli/evidence/gap-2026-10-05/continuation-2026-10-09/private-v4-final-full-baseline/archive-manifest.json","docs/research/cli/evidence/gap-2026-10-05/continuation-2026-10-09/private-v4-final-full-baseline/bundle.js","docs/research/cli/evidence/gap-2026-10-05/continuation-2026-10-09/private-v4-final-full-baseline/esbuild-trace-1.jsonl","docs/research/cli/evidence/gap-2026-10-05/continuation-2026-10-09/private-v4-final-full-baseline/inputs/agent-evolution-test-boundary.js","docs/research/cli/evidence/gap-2026-10-05/continuation-2026-10-09/private-v4-final-full-baseline/inputs/check.cjs","docs/research/cli/evidence/gap-2026-10-05/continuation-2026-10-09/private-v4-final-full-baseline/inputs/manifest.json","docs/research/cli/evidence/gap-2026-10-05/continuation-2026-10-09/private-v4-final-full-baseline/inputs/model-capabilities.test.js","docs/research/cli/evidence/gap-2026-10-05/continuation-2026-10-09/private-v4-final-full-baseline/inputs/preparation.json","docs/research/cli/evidence/gap-2026-10-05/continuation-2026-10-09/private-v4-final-full-baseline/inputs/review-vitest.config.mjs","docs/research/cli/evidence/gap-2026-10-05/continuation-2026-10-09/private-v4-final-full-baseline/inputs/source-closure.json","docs/research/cli/evidence/gap-2026-10-05/continuation-2026-10-09/private-v4-final-full-baseline/inputs/vitest.config.js","docs/research/cli/evidence/gap-2026-10-05/continuation-2026-10-09/private-v4-final-full-baseline/inputs/windows-node-private-v4.manifest.json","docs/research/cli/evidence/gap-2026-10-05/continuation-2026-10-09/private-v4-final-full-baseline/inputs/windows-node-private-v4.report-helper-e82576bc-f7b8-44cf-ae1c-9be85cec3229.manifest.json","docs/research/cli/evidence/gap-2026-10-05/continuation-2026-10-09/private-v4-final-full-baseline/inputs/windows-node-private-v4.worker-00c6e12f-9e56-41a8-a212-2c0ef79bc8c9.manifest.json","docs/research/cli/evidence/gap-2026-10-05/continuation-2026-10-09/private-v4-final-full-baseline/inputs/windows-node-private-v4.worker-168d8dd2-7070-40b8-ba42-c41430bcfd7c.manifest.json","docs/research/cli/evidence/gap-2026-10-05/continuation-2026-10-09/private-v4-final-full-baseline/inputs/windows-node-private-v4.worker-373a0bcc-b960-4619-80c6-3a1fc714cd1c.manifest.json","docs/research/cli/evidence/gap-2026-10-05/continuation-2026-10-09/private-v4-final-full-baseline/inputs/windows-node-private-v4.worker-39b1aa1d-4e17-44ce-81e2-bf888c08faaf.manifest.json","docs/research/cli/evidence/gap-2026-10-05/continuation-2026-10-09/private-v4-final-full-baseline/inputs/windows-node-private-v4.worker-409216fe-d11b-4541-8cba-a4dfe49015a5.manifest.json","docs/research/cli/evidence/gap-2026-10-05/continuation-2026-10-09/private-v4-final-full-baseline/inputs/windows-node-private-v4.worker-5447bf64-9dd4-45ad-a807-11bfb873e4c1.manifest.json","docs/research/cli/evidence/gap-2026-10-05/continuation-2026-10-09/private-v4-final-full-baseline/inputs/windows-node-private-v4.worker-744f82d1-c73d-41d0-9cdf-b917b9dccde1.manifest.json","docs/research/cli/evidence/gap-2026-10-05/continuation-2026-10-09/private-v4-final-full-baseline/inputs/windows-node-private-v4.worker-7522205a-83fd-47f6-8e76-3c42900b5630.manifest.json","docs/research/cli/evidence/gap-2026-10-05/continuation-2026-10-09/private-v4-final-full-baseline/inputs/windows-node-private-v4.worker-92c28f3f-d01c-4c25-bf17-b15e559960d3.manifest.json","docs/research/cli/evidence/gap-2026-10-05/continuation-2026-10-09/private-v4-final-full-baseline/inputs/windows-node-private-v4.worker-ae4e5d3b-339a-4d99-9b85-d3df3e2e91c7.manifest.json","docs/research/cli/evidence/gap-2026-10-05/continuation-2026-10-09/private-v4-final-full-baseline/inputs/windows-node-private-v4.worker-b8f28e4d-c023-4a40-ad0e-39fe8a034899.manifest.json","docs/research/cli/evidence/gap-2026-10-05/continuation-2026-10-09/private-v4-final-full-baseline/inputs/windows-node-private-v4.worker-ecf25d1f-2844-4433-95c6-b82b0735b230.manifest.json","docs/research/cli/evidence/gap-2026-10-05/continuation-2026-10-09/private-v4-final-full-baseline/inputs/windows-sandbox-adapter-cleanup.js","docs/research/cli/evidence/gap-2026-10-05/continuation-2026-10-09/private-v4-final-full-baseline/inputs/windows-sandbox-adapter-temp-root.js","docs/research/cli/evidence/gap-2026-10-05/continuation-2026-10-09/private-v4-final-full-baseline/journal.jsonl","docs/research/cli/evidence/gap-2026-10-05/continuation-2026-10-09/private-v4-final-full-baseline/manifest.json","docs/research/cli/evidence/gap-2026-10-05/continuation-2026-10-09/private-v4-final-full-baseline/report.json","docs/research/cli/evidence/gap-2026-10-05/continuation-2026-10-09/private-v4-final-full-baseline/service.json","docs/research/cli/evidence/gap-2026-10-05/continuation-2026-10-09/private-v4-final-full-baseline/source/verify01-review-runtime.mjs","docs/research/cli/evidence/gap-2026-10-05/continuation-2026-10-09/private-v4-final-full-baseline/source/verify01-review-specs.mjs","docs/research/cli/evidence/gap-2026-10-05/continuation-2026-10-09/private-v4-final-full-baseline/source/windows-esbuild-private-map-shim.cpp","docs/research/cli/evidence/gap-2026-10-05/continuation-2026-10-09/private-v4-final-full-baseline/source/windows-esbuild-private-map-supervisor.cpp","docs/research/cli/evidence/gap-2026-10-05/continuation-2026-10-09/private-v4-final-full-baseline/source/windows-node-private-v4-adapter.cpp","docs/research/cli/evidence/gap-2026-10-05/continuation-2026-10-09/private-v4-final-full-baseline/source/windows-node-private-v4-adapter.h","docs/research/cli/evidence/gap-2026-10-05/continuation-2026-10-09/private-v4-final-full-baseline/source/windows-node-private-v4-broker.cpp","docs/research/cli/evidence/gap-2026-10-05/continuation-2026-10-09/private-v4-final-full-baseline/source/windows-node-private-v4-dependencies.mjs","docs/research/cli/evidence/gap-2026-10-05/continuation-2026-10-09/private-v4-final-full-baseline/source/windows-node-private-v4-diagnostic.mjs","docs/research/cli/evidence/gap-2026-10-05/continuation-2026-10-09/private-v4-final-full-baseline/source/windows-node-private-v4-identity.cjs","docs/research/cli/evidence/gap-2026-10-05/continuation-2026-10-09/private-v4-final-full-baseline/source/windows-node-private-v4-paired.h","docs/research/cli/evidence/gap-2026-10-05/continuation-2026-10-09/private-v4-final-full-baseline/source/windows-node-private-v4-preload.cjs","docs/research/cli/evidence/gap-2026-10-05/continuation-2026-10-09/private-v4-final-full-baseline/source/windows-node-private-v4-protocol.h","docs/research/cli/evidence/gap-2026-10-05/continuation-2026-10-09/private-v4-final-full-baseline/source/windows-node-private-v4-result.mjs","docs/research/cli/evidence/gap-2026-10-05/continuation-2026-10-09/private-v4-final-full-baseline/stderr","docs/research/cli/evidence/gap-2026-10-05/continuation-2026-10-09/private-v4-final-full-baseline/stdout","docs/research/cli/evidence/gap-2026-10-05/continuation-2026-10-09/private-v4-final-matrix-index-source.mjs","docs/research/cli/evidence/gap-2026-10-05/continuation-2026-10-09/private-v4-final-matrix-index.json","docs/research/cli/evidence/gap-2026-10-05/continuation-2026-10-09/private-v4-final-mutant-01/archive-manifest.json","docs/research/cli/evidence/gap-2026-10-05/continuation-2026-10-09/private-v4-final-mutant-01/bundle.js","docs/research/cli/evidence/gap-2026-10-05/continuation-2026-10-09/private-v4-final-mutant-01/esbuild-trace-1.jsonl","docs/research/cli/evidence/gap-2026-10-05/continuation-2026-10-09/private-v4-final-mutant-01/inputs/agent-evolution-test-boundary.js","docs/research/cli/evidence/gap-2026-10-05/continuation-2026-10-09/private-v4-final-mutant-01/inputs/check.cjs","docs/research/cli/evidence/gap-2026-10-05/continuation-2026-10-09/private-v4-final-mutant-01/inputs/manifest.json","docs/research/cli/evidence/gap-2026-10-05/continuation-2026-10-09/private-v4-final-mutant-01/inputs/model-capabilities.js","docs/research/cli/evidence/gap-2026-10-05/continuation-2026-10-09/private-v4-final-mutant-01/inputs/model-capabilities.test.js","docs/research/cli/evidence/gap-2026-10-05/continuation-2026-10-09/private-v4-final-mutant-01/inputs/preparation.json","docs/research/cli/evidence/gap-2026-10-05/continuation-2026-10-09/private-v4-final-mutant-01/inputs/report.json","docs/research/cli/evidence/gap-2026-10-05/continuation-2026-10-09/private-v4-final-mutant-01/inputs/review-vitest.config.mjs","docs/research/cli/evidence/gap-2026-10-05/continuation-2026-10-09/private-v4-final-mutant-01/inputs/source-closure.json","docs/research/cli/evidence/gap-2026-10-05/continuation-2026-10-09/private-v4-final-mutant-01/inputs/vitest.config.js","docs/research/cli/evidence/gap-2026-10-05/continuation-2026-10-09/private-v4-final-mutant-01/inputs/windows-node-private-v4.manifest.json","docs/research/cli/evidence/gap-2026-10-05/continuation-2026-10-09/private-v4-final-mutant-01/inputs/windows-node-private-v4.report-helper-6d6d0fa2-2976-4c9f-8197-b94d12dd0a7b.manifest.json","docs/research/cli/evidence/gap-2026-10-05/continuation-2026-10-09/private-v4-final-mutant-01/inputs/windows-node-private-v4.worker-47f42cfa-9c10-4a0c-a72b-355bdffab666.manifest.json","docs/research/cli/evidence/gap-2026-10-05/continuation-2026-10-09/private-v4-final-mutant-01/inputs/windows-node-private-v4.worker-51ad6cd5-048b-4a8a-a85e-2df3132f976d.manifest.json","docs/research/cli/evidence/gap-2026-10-05/continuation-2026-10-09/private-v4-final-mutant-01/inputs/windows-sandbox-adapter-cleanup.js","docs/research/cli/evidence/gap-2026-10-05/continuation-2026-10-09/private-v4-final-mutant-01/inputs/windows-sandbox-adapter-temp-root.js","docs/research/cli/evidence/gap-2026-10-05/continuation-2026-10-09/private-v4-final-mutant-01/journal.jsonl","docs/research/cli/evidence/gap-2026-10-05/continuation-2026-10-09/private-v4-final-mutant-01/manifest.json","docs/research/cli/evidence/gap-2026-10-05/continuation-2026-10-09/private-v4-final-mutant-01/report.json","docs/research/cli/evidence/gap-2026-10-05/continuation-2026-10-09/private-v4-final-mutant-01/service.json","docs/research/cli/evidence/gap-2026-10-05/continuation-2026-10-09/private-v4-final-mutant-01/source/verify01-review-runtime.mjs","docs/research/cli/evidence/gap-2026-10-05/continuation-2026-10-09/private-v4-final-mutant-01/source/verify01-review-specs.mjs","docs/research/cli/evidence/gap-2026-10-05/continuation-2026-10-09/private-v4-final-mutant-01/source/windows-esbuild-private-map-shim.cpp","docs/research/cli/evidence/gap-2026-10-05/continuation-2026-10-09/private-v4-final-mutant-01/source/windows-esbuild-private-map-supervisor.cpp","docs/research/cli/evidence/gap-2026-10-05/continuation-2026-10-09/private-v4-final-mutant-01/source/windows-node-private-v4-adapter.cpp","docs/research/cli/evidence/gap-2026-10-05/continuation-2026-10-09/private-v4-final-mutant-01/source/windows-node-private-v4-adapter.h","docs/research/cli/evidence/gap-2026-10-05/continuation-2026-10-09/private-v4-final-mutant-01/source/windows-node-private-v4-broker.cpp","docs/research/cli/evidence/gap-2026-10-05/continuation-2026-10-09/private-v4-final-mutant-01/source/windows-node-private-v4-dependencies.mjs","docs/research/cli/evidence/gap-2026-10-05/continuation-2026-10-09/private-v4-final-mutant-01/source/windows-node-private-v4-diagnostic.mjs","docs/research/cli/evidence/gap-2026-10-05/continuation-2026-10-09/private-v4-final-mutant-01/source/windows-node-private-v4-identity.cjs","docs/research/cli/evidence/gap-2026-10-05/continuation-2026-10-09/private-v4-final-mutant-01/source/windows-node-private-v4-paired.h","docs/research/cli/evidence/gap-2026-10-05/continuation-2026-10-09/private-v4-final-mutant-01/source/windows-node-private-v4-preload.cjs","docs/research/cli/evidence/gap-2026-10-05/continuation-2026-10-09/private-v4-final-mutant-01/source/windows-node-private-v4-protocol.h","docs/research/cli/evidence/gap-2026-10-05/continuation-2026-10-09/private-v4-final-mutant-01/source/windows-node-private-v4-result.mjs","docs/research/cli/evidence/gap-2026-10-05/continuation-2026-10-09/private-v4-final-mutant-01/stderr","docs/research/cli/evidence/gap-2026-10-05/continuation-2026-10-09/private-v4-final-mutant-01/stdout","docs/research/cli/evidence/gap-2026-10-05/continuation-2026-10-09/private-v4-final-mutant-02/archive-manifest.json","docs/research/cli/evidence/gap-2026-10-05/continuation-2026-10-09/private-v4-final-mutant-02/bundle.js","docs/research/cli/evidence/gap-2026-10-05/continuation-2026-10-09/private-v4-final-mutant-02/esbuild-trace-1.jsonl","docs/research/cli/evidence/gap-2026-10-05/continuation-2026-10-09/private-v4-final-mutant-02/inputs/agent-evolution-test-boundary.js","docs/research/cli/evidence/gap-2026-10-05/continuation-2026-10-09/private-v4-final-mutant-02/inputs/check.cjs","docs/research/cli/evidence/gap-2026-10-05/continuation-2026-10-09/private-v4-final-mutant-02/inputs/manifest.json","docs/research/cli/evidence/gap-2026-10-05/continuation-2026-10-09/private-v4-final-mutant-02/inputs/model-capabilities.js","docs/research/cli/evidence/gap-2026-10-05/continuation-2026-10-09/private-v4-final-mutant-02/inputs/model-capabilities.test.js","docs/research/cli/evidence/gap-2026-10-05/continuation-2026-10-09/private-v4-final-mutant-02/inputs/preparation.json","docs/research/cli/evidence/gap-2026-10-05/continuation-2026-10-09/private-v4-final-mutant-02/inputs/report.json","docs/research/cli/evidence/gap-2026-10-05/continuation-2026-10-09/private-v4-final-mutant-02/inputs/review-vitest.config.mjs","docs/research/cli/evidence/gap-2026-10-05/continuation-2026-10-09/private-v4-final-mutant-02/inputs/source-closure.json","docs/research/cli/evidence/gap-2026-10-05/continuation-2026-10-09/private-v4-final-mutant-02/inputs/vitest.config.js","docs/research/cli/evidence/gap-2026-10-05/continuation-2026-10-09/private-v4-final-mutant-02/inputs/windows-node-private-v4.manifest.json","docs/research/cli/evidence/gap-2026-10-05/continuation-2026-10-09/private-v4-final-mutant-02/inputs/windows-node-private-v4.report-helper-702474e3-897c-412a-bb94-e8b4cba0e571.manifest.json","docs/research/cli/evidence/gap-2026-10-05/continuation-2026-10-09/private-v4-final-mutant-02/inputs/windows-node-private-v4.worker-3b1aec68-b80f-4ab1-be3e-4e90df04e238.manifest.json","docs/research/cli/evidence/gap-2026-10-05/continuation-2026-10-09/private-v4-final-mutant-02/inputs/windows-node-private-v4.worker-9392cb98-1963-4174-953e-00ed919fb442.manifest.json","docs/research/cli/evidence/gap-2026-10-05/continuation-2026-10-09/private-v4-final-mutant-02/inputs/windows-sandbox-adapter-cleanup.js","docs/research/cli/evidence/gap-2026-10-05/continuation-2026-10-09/private-v4-final-mutant-02/inputs/windows-sandbox-adapter-temp-root.js","docs/research/cli/evidence/gap-2026-10-05/continuation-2026-10-09/private-v4-final-mutant-02/journal.jsonl","docs/research/cli/evidence/gap-2026-10-05/continuation-2026-10-09/private-v4-final-mutant-02/manifest.json","docs/research/cli/evidence/gap-2026-10-05/continuation-2026-10-09/private-v4-final-mutant-02/report.json","docs/research/cli/evidence/gap-2026-10-05/continuation-2026-10-09/private-v4-final-mutant-02/service.json","docs/research/cli/evidence/gap-2026-10-05/continuation-2026-10-09/private-v4-final-mutant-02/source/verify01-review-runtime.mjs","docs/research/cli/evidence/gap-2026-10-05/continuation-2026-10-09/private-v4-final-mutant-02/source/verify01-review-specs.mjs","docs/research/cli/evidence/gap-2026-10-05/continuation-2026-10-09/private-v4-final-mutant-02/source/windows-esbuild-private-map-shim.cpp","docs/research/cli/evidence/gap-2026-10-05/continuation-2026-10-09/private-v4-final-mutant-02/source/windows-esbuild-private-map-supervisor.cpp","docs/research/cli/evidence/gap-2026-10-05/continuation-2026-10-09/private-v4-final-mutant-02/source/windows-node-private-v4-adapter.cpp","docs/research/cli/evidence/gap-2026-10-05/continuation-2026-10-09/private-v4-final-mutant-02/source/windows-node-private-v4-adapter.h","docs/research/cli/evidence/gap-2026-10-05/continuation-2026-10-09/private-v4-final-mutant-02/source/windows-node-private-v4-broker.cpp","docs/research/cli/evidence/gap-2026-10-05/continuation-2026-10-09/private-v4-final-mutant-02/source/windows-node-private-v4-dependencies.mjs","docs/research/cli/evidence/gap-2026-10-05/continuation-2026-10-09/private-v4-final-mutant-02/source/windows-node-private-v4-diagnostic.mjs","docs/research/cli/evidence/gap-2026-10-05/continuation-2026-10-09/private-v4-final-mutant-02/source/windows-node-private-v4-identity.cjs","docs/research/cli/evidence/gap-2026-10-05/continuation-2026-10-09/private-v4-final-mutant-02/source/windows-node-private-v4-paired.h","docs/research/cli/evidence/gap-2026-10-05/continuation-2026-10-09/private-v4-final-mutant-02/source/windows-node-private-v4-preload.cjs","docs/research/cli/evidence/gap-2026-10-05/continuation-2026-10-09/private-v4-final-mutant-02/source/windows-node-private-v4-protocol.h","docs/research/cli/evidence/gap-2026-10-05/continuation-2026-10-09/private-v4-final-mutant-02/source/windows-node-private-v4-result.mjs","docs/research/cli/evidence/gap-2026-10-05/continuation-2026-10-09/private-v4-final-mutant-02/stderr","docs/research/cli/evidence/gap-2026-10-05/continuation-2026-10-09/private-v4-final-mutant-02/stdout","docs/research/cli/evidence/gap-2026-10-05/continuation-2026-10-09/private-v4-final-mutant-03/archive-manifest.json","docs/research/cli/evidence/gap-2026-10-05/continuation-2026-10-09/private-v4-final-mutant-03/bundle.js","docs/research/cli/evidence/gap-2026-10-05/continuation-2026-10-09/private-v4-final-mutant-03/esbuild-trace-1.jsonl","docs/research/cli/evidence/gap-2026-10-05/continuation-2026-10-09/private-v4-final-mutant-03/inputs/agent-evolution-test-boundary.js","docs/research/cli/evidence/gap-2026-10-05/continuation-2026-10-09/private-v4-final-mutant-03/inputs/check.cjs","docs/research/cli/evidence/gap-2026-10-05/continuation-2026-10-09/private-v4-final-mutant-03/inputs/llm-pricing.js","docs/research/cli/evidence/gap-2026-10-05/continuation-2026-10-09/private-v4-final-mutant-03/inputs/manifest.json","docs/research/cli/evidence/gap-2026-10-05/continuation-2026-10-09/private-v4-final-mutant-03/inputs/model-capabilities.test.js","docs/research/cli/evidence/gap-2026-10-05/continuation-2026-10-09/private-v4-final-mutant-03/inputs/preparation.json","docs/research/cli/evidence/gap-2026-10-05/continuation-2026-10-09/private-v4-final-mutant-03/inputs/report.json","docs/research/cli/evidence/gap-2026-10-05/continuation-2026-10-09/private-v4-final-mutant-03/inputs/review-vitest.config.mjs","docs/research/cli/evidence/gap-2026-10-05/continuation-2026-10-09/private-v4-final-mutant-03/inputs/source-closure.json","docs/research/cli/evidence/gap-2026-10-05/continuation-2026-10-09/private-v4-final-mutant-03/inputs/vitest.config.js","docs/research/cli/evidence/gap-2026-10-05/continuation-2026-10-09/private-v4-final-mutant-03/inputs/windows-node-private-v4.manifest.json","docs/research/cli/evidence/gap-2026-10-05/continuation-2026-10-09/private-v4-final-mutant-03/inputs/windows-node-private-v4.report-helper-e473c812-9f5d-4733-a339-c22ea3f4311d.manifest.json","docs/research/cli/evidence/gap-2026-10-05/continuation-2026-10-09/private-v4-final-mutant-03/inputs/windows-node-private-v4.worker-179b7962-4a03-4bca-8308-2340863170eb.manifest.json","docs/research/cli/evidence/gap-2026-10-05/continuation-2026-10-09/private-v4-final-mutant-03/inputs/windows-node-private-v4.worker-1c6ab225-dee8-40ef-8b02-5ba0ad030f8e.manifest.json","docs/research/cli/evidence/gap-2026-10-05/continuation-2026-10-09/private-v4-final-mutant-03/inputs/windows-sandbox-adapter-cleanup.js","docs/research/cli/evidence/gap-2026-10-05/continuation-2026-10-09/private-v4-final-mutant-03/inputs/windows-sandbox-adapter-temp-root.js","docs/research/cli/evidence/gap-2026-10-05/continuation-2026-10-09/private-v4-final-mutant-03/journal.jsonl","docs/research/cli/evidence/gap-2026-10-05/continuation-2026-10-09/private-v4-final-mutant-03/manifest.json","docs/research/cli/evidence/gap-2026-10-05/continuation-2026-10-09/private-v4-final-mutant-03/report.json","docs/research/cli/evidence/gap-2026-10-05/continuation-2026-10-09/private-v4-final-mutant-03/service.json","docs/research/cli/evidence/gap-2026-10-05/continuation-2026-10-09/private-v4-final-mutant-03/source/verify01-review-runtime.mjs","docs/research/cli/evidence/gap-2026-10-05/continuation-2026-10-09/private-v4-final-mutant-03/source/verify01-review-specs.mjs","docs/research/cli/evidence/gap-2026-10-05/continuation-2026-10-09/private-v4-final-mutant-03/source/windows-esbuild-private-map-shim.cpp","docs/research/cli/evidence/gap-2026-10-05/continuation-2026-10-09/private-v4-final-mutant-03/source/windows-esbuild-private-map-supervisor.cpp","docs/research/cli/evidence/gap-2026-10-05/continuation-2026-10-09/private-v4-final-mutant-03/source/windows-node-private-v4-adapter.cpp","docs/research/cli/evidence/gap-2026-10-05/continuation-2026-10-09/private-v4-final-mutant-03/source/windows-node-private-v4-adapter.h","docs/research/cli/evidence/gap-2026-10-05/continuation-2026-10-09/private-v4-final-mutant-03/source/windows-node-private-v4-broker.cpp","docs/research/cli/evidence/gap-2026-10-05/continuation-2026-10-09/private-v4-final-mutant-03/source/windows-node-private-v4-dependencies.mjs","docs/research/cli/evidence/gap-2026-10-05/continuation-2026-10-09/private-v4-final-mutant-03/source/windows-node-private-v4-diagnostic.mjs","docs/research/cli/evidence/gap-2026-10-05/continuation-2026-10-09/private-v4-final-mutant-03/source/windows-node-private-v4-identity.cjs","docs/research/cli/evidence/gap-2026-10-05/continuation-2026-10-09/private-v4-final-mutant-03/source/windows-node-private-v4-paired.h","docs/research/cli/evidence/gap-2026-10-05/continuation-2026-10-09/private-v4-final-mutant-03/source/windows-node-private-v4-preload.cjs","docs/research/cli/evidence/gap-2026-10-05/continuation-2026-10-09/private-v4-final-mutant-03/source/windows-node-private-v4-protocol.h","docs/research/cli/evidence/gap-2026-10-05/continuation-2026-10-09/private-v4-final-mutant-03/source/windows-node-private-v4-result.mjs","docs/research/cli/evidence/gap-2026-10-05/continuation-2026-10-09/private-v4-final-mutant-03/stderr","docs/research/cli/evidence/gap-2026-10-05/continuation-2026-10-09/private-v4-final-mutant-03/stdout","docs/research/cli/evidence/gap-2026-10-05/continuation-2026-10-09/private-v4-final-mutant-10/archive-manifest.json","docs/research/cli/evidence/gap-2026-10-05/continuation-2026-10-09/private-v4-final-mutant-10/bundle.js","docs/research/cli/evidence/gap-2026-10-05/continuation-2026-10-09/private-v4-final-mutant-10/esbuild-trace-1.jsonl","docs/research/cli/evidence/gap-2026-10-05/continuation-2026-10-09/private-v4-final-mutant-10/inputs/agent-evolution-test-boundary.js","docs/research/cli/evidence/gap-2026-10-05/continuation-2026-10-09/private-v4-final-mutant-10/inputs/background-agent-list-index.js","docs/research/cli/evidence/gap-2026-10-05/continuation-2026-10-09/private-v4-final-mutant-10/inputs/check.cjs","docs/research/cli/evidence/gap-2026-10-05/continuation-2026-10-09/private-v4-final-mutant-10/inputs/manifest.json","docs/research/cli/evidence/gap-2026-10-05/continuation-2026-10-09/private-v4-final-mutant-10/inputs/model-capabilities.test.js","docs/research/cli/evidence/gap-2026-10-05/continuation-2026-10-09/private-v4-final-mutant-10/inputs/preparation.json","docs/research/cli/evidence/gap-2026-10-05/continuation-2026-10-09/private-v4-final-mutant-10/inputs/report.json","docs/research/cli/evidence/gap-2026-10-05/continuation-2026-10-09/private-v4-final-mutant-10/inputs/review-vitest.config.mjs","docs/research/cli/evidence/gap-2026-10-05/continuation-2026-10-09/private-v4-final-mutant-10/inputs/source-closure.json","docs/research/cli/evidence/gap-2026-10-05/continuation-2026-10-09/private-v4-final-mutant-10/inputs/vitest.config.js","docs/research/cli/evidence/gap-2026-10-05/continuation-2026-10-09/private-v4-final-mutant-10/inputs/windows-node-private-v4.manifest.json","docs/research/cli/evidence/gap-2026-10-05/continuation-2026-10-09/private-v4-final-mutant-10/inputs/windows-node-private-v4.report-helper-99f369af-813b-44ae-ad35-a91bfc40d530.manifest.json","docs/research/cli/evidence/gap-2026-10-05/continuation-2026-10-09/private-v4-final-mutant-10/inputs/windows-node-private-v4.worker-babc67e5-7cbc-435d-a317-86dd80696191.manifest.json","docs/research/cli/evidence/gap-2026-10-05/continuation-2026-10-09/private-v4-final-mutant-10/inputs/windows-sandbox-adapter-cleanup.js","docs/research/cli/evidence/gap-2026-10-05/continuation-2026-10-09/private-v4-final-mutant-10/inputs/windows-sandbox-adapter-temp-root.js","docs/research/cli/evidence/gap-2026-10-05/continuation-2026-10-09/private-v4-final-mutant-10/journal.jsonl","docs/research/cli/evidence/gap-2026-10-05/continuation-2026-10-09/private-v4-final-mutant-10/manifest.json","docs/research/cli/evidence/gap-2026-10-05/continuation-2026-10-09/private-v4-final-mutant-10/report.json","docs/research/cli/evidence/gap-2026-10-05/continuation-2026-10-09/private-v4-final-mutant-10/service.json","docs/research/cli/evidence/gap-2026-10-05/continuation-2026-10-09/private-v4-final-mutant-10/source/verify01-review-runtime.mjs","docs/research/cli/evidence/gap-2026-10-05/continuation-2026-10-09/private-v4-final-mutant-10/source/verify01-review-specs.mjs","docs/research/cli/evidence/gap-2026-10-05/continuation-2026-10-09/private-v4-final-mutant-10/source/windows-esbuild-private-map-shim.cpp","docs/research/cli/evidence/gap-2026-10-05/continuation-2026-10-09/private-v4-final-mutant-10/source/windows-esbuild-private-map-supervisor.cpp","docs/research/cli/evidence/gap-2026-10-05/continuation-2026-10-09/private-v4-final-mutant-10/source/windows-node-private-v4-adapter.cpp","docs/research/cli/evidence/gap-2026-10-05/continuation-2026-10-09/private-v4-final-mutant-10/source/windows-node-private-v4-adapter.h","docs/research/cli/evidence/gap-2026-10-05/continuation-2026-10-09/private-v4-final-mutant-10/source/windows-node-private-v4-broker.cpp","docs/research/cli/evidence/gap-2026-10-05/continuation-2026-10-09/private-v4-final-mutant-10/source/windows-node-private-v4-dependencies.mjs","docs/research/cli/evidence/gap-2026-10-05/continuation-2026-10-09/private-v4-final-mutant-10/source/windows-node-private-v4-diagnostic.mjs","docs/research/cli/evidence/gap-2026-10-05/continuation-2026-10-09/private-v4-final-mutant-10/source/windows-node-private-v4-identity.cjs","docs/research/cli/evidence/gap-2026-10-05/continuation-2026-10-09/private-v4-final-mutant-10/source/windows-node-private-v4-paired.h","docs/research/cli/evidence/gap-2026-10-05/continuation-2026-10-09/private-v4-final-mutant-10/source/windows-node-private-v4-preload.cjs","docs/research/cli/evidence/gap-2026-10-05/continuation-2026-10-09/private-v4-final-mutant-10/source/windows-node-private-v4-protocol.h","docs/research/cli/evidence/gap-2026-10-05/continuation-2026-10-09/private-v4-final-mutant-10/source/windows-node-private-v4-result.mjs","docs/research/cli/evidence/gap-2026-10-05/continuation-2026-10-09/private-v4-final-mutant-10/stderr","docs/research/cli/evidence/gap-2026-10-05/continuation-2026-10-09/private-v4-final-mutant-10/stdout","docs/research/cli/evidence/gap-2026-10-05/continuation-2026-10-09/private-v4-final-mutant-12-retry1/archive-manifest.json","docs/research/cli/evidence/gap-2026-10-05/continuation-2026-10-09/private-v4-final-mutant-12-retry1/bundle.js","docs/research/cli/evidence/gap-2026-10-05/continuation-2026-10-09/private-v4-final-mutant-12-retry1/esbuild-trace-1.jsonl","docs/research/cli/evidence/gap-2026-10-05/continuation-2026-10-09/private-v4-final-mutant-12-retry1/inputs/agent-evolution-test-boundary.js","docs/research/cli/evidence/gap-2026-10-05/continuation-2026-10-09/private-v4-final-mutant-12-retry1/inputs/background-command-argv.js","docs/research/cli/evidence/gap-2026-10-05/continuation-2026-10-09/private-v4-final-mutant-12-retry1/inputs/check.cjs","docs/research/cli/evidence/gap-2026-10-05/continuation-2026-10-09/private-v4-final-mutant-12-retry1/inputs/manifest.json","docs/research/cli/evidence/gap-2026-10-05/continuation-2026-10-09/private-v4-final-mutant-12-retry1/inputs/model-capabilities.test.js","docs/research/cli/evidence/gap-2026-10-05/continuation-2026-10-09/private-v4-final-mutant-12-retry1/inputs/preparation.json","docs/research/cli/evidence/gap-2026-10-05/continuation-2026-10-09/private-v4-final-mutant-12-retry1/inputs/report.json","docs/research/cli/evidence/gap-2026-10-05/continuation-2026-10-09/private-v4-final-mutant-12-retry1/inputs/review-vitest.config.mjs","docs/research/cli/evidence/gap-2026-10-05/continuation-2026-10-09/private-v4-final-mutant-12-retry1/inputs/source-closure.json","docs/research/cli/evidence/gap-2026-10-05/continuation-2026-10-09/private-v4-final-mutant-12-retry1/inputs/vitest.config.js","docs/research/cli/evidence/gap-2026-10-05/continuation-2026-10-09/private-v4-final-mutant-12-retry1/inputs/windows-node-private-v4.manifest.json","docs/research/cli/evidence/gap-2026-10-05/continuation-2026-10-09/private-v4-final-mutant-12-retry1/inputs/windows-node-private-v4.report-helper-04f58cd4-4cbe-4d5b-874d-7aa2c42476ad.manifest.json","docs/research/cli/evidence/gap-2026-10-05/continuation-2026-10-09/private-v4-final-mutant-12-retry1/inputs/windows-node-private-v4.worker-a52786b0-10b2-4069-968e-5d1496f261d7.manifest.json","docs/research/cli/evidence/gap-2026-10-05/continuation-2026-10-09/private-v4-final-mutant-12-retry1/inputs/windows-sandbox-adapter-cleanup.js","docs/research/cli/evidence/gap-2026-10-05/continuation-2026-10-09/private-v4-final-mutant-12-retry1/inputs/windows-sandbox-adapter-temp-root.js","docs/research/cli/evidence/gap-2026-10-05/continuation-2026-10-09/private-v4-final-mutant-12-retry1/journal.jsonl","docs/research/cli/evidence/gap-2026-10-05/continuation-2026-10-09/private-v4-final-mutant-12-retry1/manifest.json","docs/research/cli/evidence/gap-2026-10-05/continuation-2026-10-09/private-v4-final-mutant-12-retry1/report.json","docs/research/cli/evidence/gap-2026-10-05/continuation-2026-10-09/private-v4-final-mutant-12-retry1/service.json","docs/research/cli/evidence/gap-2026-10-05/continuation-2026-10-09/private-v4-final-mutant-12-retry1/source/verify01-review-runtime.mjs","docs/research/cli/evidence/gap-2026-10-05/continuation-2026-10-09/private-v4-final-mutant-12-retry1/source/verify01-review-specs.mjs","docs/research/cli/evidence/gap-2026-10-05/continuation-2026-10-09/private-v4-final-mutant-12-retry1/source/windows-esbuild-private-map-shim.cpp","docs/research/cli/evidence/gap-2026-10-05/continuation-2026-10-09/private-v4-final-mutant-12-retry1/source/windows-esbuild-private-map-supervisor.cpp","docs/research/cli/evidence/gap-2026-10-05/continuation-2026-10-09/private-v4-final-mutant-12-retry1/source/windows-node-private-v4-adapter.cpp","docs/research/cli/evidence/gap-2026-10-05/continuation-2026-10-09/private-v4-final-mutant-12-retry1/source/windows-node-private-v4-adapter.h","docs/research/cli/evidence/gap-2026-10-05/continuation-2026-10-09/private-v4-final-mutant-12-retry1/source/windows-node-private-v4-broker.cpp","docs/research/cli/evidence/gap-2026-10-05/continuation-2026-10-09/private-v4-final-mutant-12-retry1/source/windows-node-private-v4-dependencies.mjs","docs/research/cli/evidence/gap-2026-10-05/continuation-2026-10-09/private-v4-final-mutant-12-retry1/source/windows-node-private-v4-diagnostic.mjs","docs/research/cli/evidence/gap-2026-10-05/continuation-2026-10-09/private-v4-final-mutant-12-retry1/source/windows-node-private-v4-identity.cjs","docs/research/cli/evidence/gap-2026-10-05/continuation-2026-10-09/private-v4-final-mutant-12-retry1/source/windows-node-private-v4-paired.h","docs/research/cli/evidence/gap-2026-10-05/continuation-2026-10-09/private-v4-final-mutant-12-retry1/source/windows-node-private-v4-preload.cjs","docs/research/cli/evidence/gap-2026-10-05/continuation-2026-10-09/private-v4-final-mutant-12-retry1/source/windows-node-private-v4-protocol.h","docs/research/cli/evidence/gap-2026-10-05/continuation-2026-10-09/private-v4-final-mutant-12-retry1/source/windows-node-private-v4-result.mjs","docs/research/cli/evidence/gap-2026-10-05/continuation-2026-10-09/private-v4-final-mutant-12-retry1/stderr","docs/research/cli/evidence/gap-2026-10-05/continuation-2026-10-09/private-v4-final-mutant-12-retry1/stdout","docs/research/cli/evidence/gap-2026-10-05/continuation-2026-10-09/private-v4-final-mutant-12/archive-manifest.json","docs/research/cli/evidence/gap-2026-10-05/continuation-2026-10-09/private-v4-final-mutant-12/bundle.js","docs/research/cli/evidence/gap-2026-10-05/continuation-2026-10-09/private-v4-final-mutant-12/esbuild-trace-1.jsonl","docs/research/cli/evidence/gap-2026-10-05/continuation-2026-10-09/private-v4-final-mutant-12/inputs/agent-evolution-test-boundary.js","docs/research/cli/evidence/gap-2026-10-05/continuation-2026-10-09/private-v4-final-mutant-12/inputs/background-command-argv.js","docs/research/cli/evidence/gap-2026-10-05/continuation-2026-10-09/private-v4-final-mutant-12/inputs/check.cjs","docs/research/cli/evidence/gap-2026-10-05/continuation-2026-10-09/private-v4-final-mutant-12/inputs/manifest.json","docs/research/cli/evidence/gap-2026-10-05/continuation-2026-10-09/private-v4-final-mutant-12/inputs/model-capabilities.test.js","docs/research/cli/evidence/gap-2026-10-05/continuation-2026-10-09/private-v4-final-mutant-12/inputs/preparation.json","docs/research/cli/evidence/gap-2026-10-05/continuation-2026-10-09/private-v4-final-mutant-12/inputs/report.json","docs/research/cli/evidence/gap-2026-10-05/continuation-2026-10-09/private-v4-final-mutant-12/inputs/review-vitest.config.mjs","docs/research/cli/evidence/gap-2026-10-05/continuation-2026-10-09/private-v4-final-mutant-12/inputs/source-closure.json","docs/research/cli/evidence/gap-2026-10-05/continuation-2026-10-09/private-v4-final-mutant-12/inputs/vitest.config.js","docs/research/cli/evidence/gap-2026-10-05/continuation-2026-10-09/private-v4-final-mutant-12/inputs/windows-node-private-v4.manifest.json","docs/research/cli/evidence/gap-2026-10-05/continuation-2026-10-09/private-v4-final-mutant-12/inputs/windows-node-private-v4.report-helper-0f91f567-d33f-4d7f-a376-2d1dce58086c.manifest.json","docs/research/cli/evidence/gap-2026-10-05/continuation-2026-10-09/private-v4-final-mutant-12/inputs/windows-sandbox-adapter-cleanup.js","docs/research/cli/evidence/gap-2026-10-05/continuation-2026-10-09/private-v4-final-mutant-12/inputs/windows-sandbox-adapter-temp-root.js","docs/research/cli/evidence/gap-2026-10-05/continuation-2026-10-09/private-v4-final-mutant-12/journal.jsonl","docs/research/cli/evidence/gap-2026-10-05/continuation-2026-10-09/private-v4-final-mutant-12/manifest.json","docs/research/cli/evidence/gap-2026-10-05/continuation-2026-10-09/private-v4-final-mutant-12/report.json","docs/research/cli/evidence/gap-2026-10-05/continuation-2026-10-09/private-v4-final-mutant-12/service.json","docs/research/cli/evidence/gap-2026-10-05/continuation-2026-10-09/private-v4-final-mutant-12/source/verify01-review-runtime.mjs","docs/research/cli/evidence/gap-2026-10-05/continuation-2026-10-09/private-v4-final-mutant-12/source/verify01-review-specs.mjs","docs/research/cli/evidence/gap-2026-10-05/continuation-2026-10-09/private-v4-final-mutant-12/source/windows-esbuild-private-map-shim.cpp","docs/research/cli/evidence/gap-2026-10-05/continuation-2026-10-09/private-v4-final-mutant-12/source/windows-esbuild-private-map-supervisor.cpp","docs/research/cli/evidence/gap-2026-10-05/continuation-2026-10-09/private-v4-final-mutant-12/source/windows-node-private-v4-adapter.cpp","docs/research/cli/evidence/gap-2026-10-05/continuation-2026-10-09/private-v4-final-mutant-12/source/windows-node-private-v4-adapter.h","docs/research/cli/evidence/gap-2026-10-05/continuation-2026-10-09/private-v4-final-mutant-12/source/windows-node-private-v4-broker.cpp","docs/research/cli/evidence/gap-2026-10-05/continuation-2026-10-09/private-v4-final-mutant-12/source/windows-node-private-v4-dependencies.mjs","docs/research/cli/evidence/gap-2026-10-05/continuation-2026-10-09/private-v4-final-mutant-12/source/windows-node-private-v4-diagnostic.mjs","docs/research/cli/evidence/gap-2026-10-05/continuation-2026-10-09/private-v4-final-mutant-12/source/windows-node-private-v4-identity.cjs","docs/research/cli/evidence/gap-2026-10-05/continuation-2026-10-09/private-v4-final-mutant-12/source/windows-node-private-v4-paired.h","docs/research/cli/evidence/gap-2026-10-05/continuation-2026-10-09/private-v4-final-mutant-12/source/windows-node-private-v4-preload.cjs","docs/research/cli/evidence/gap-2026-10-05/continuation-2026-10-09/private-v4-final-mutant-12/source/windows-node-private-v4-protocol.h","docs/research/cli/evidence/gap-2026-10-05/continuation-2026-10-09/private-v4-final-mutant-12/source/windows-node-private-v4-result.mjs","docs/research/cli/evidence/gap-2026-10-05/continuation-2026-10-09/private-v4-final-mutant-12/stderr","docs/research/cli/evidence/gap-2026-10-05/continuation-2026-10-09/private-v4-final-mutant-12/stdout","docs/research/cli/evidence/gap-2026-10-05/continuation-2026-10-09/private-v4-final-mutant-20/archive-manifest.json","docs/research/cli/evidence/gap-2026-10-05/continuation-2026-10-09/private-v4-final-mutant-20/bundle.js","docs/research/cli/evidence/gap-2026-10-05/continuation-2026-10-09/private-v4-final-mutant-20/esbuild-trace-1.jsonl","docs/research/cli/evidence/gap-2026-10-05/continuation-2026-10-09/private-v4-final-mutant-20/inputs/agent-evolution-test-boundary.js","docs/research/cli/evidence/gap-2026-10-05/continuation-2026-10-09/private-v4-final-mutant-20/inputs/check.cjs","docs/research/cli/evidence/gap-2026-10-05/continuation-2026-10-09/private-v4-final-mutant-20/inputs/manifest.json","docs/research/cli/evidence/gap-2026-10-05/continuation-2026-10-09/private-v4-final-mutant-20/inputs/model-capabilities.test.js","docs/research/cli/evidence/gap-2026-10-05/continuation-2026-10-09/private-v4-final-mutant-20/inputs/permission-decision.js","docs/research/cli/evidence/gap-2026-10-05/continuation-2026-10-09/private-v4-final-mutant-20/inputs/preparation.json","docs/research/cli/evidence/gap-2026-10-05/continuation-2026-10-09/private-v4-final-mutant-20/inputs/report.json","docs/research/cli/evidence/gap-2026-10-05/continuation-2026-10-09/private-v4-final-mutant-20/inputs/review-vitest.config.mjs","docs/research/cli/evidence/gap-2026-10-05/continuation-2026-10-09/private-v4-final-mutant-20/inputs/source-closure.json","docs/research/cli/evidence/gap-2026-10-05/continuation-2026-10-09/private-v4-final-mutant-20/inputs/vitest.config.js","docs/research/cli/evidence/gap-2026-10-05/continuation-2026-10-09/private-v4-final-mutant-20/inputs/windows-node-private-v4.manifest.json","docs/research/cli/evidence/gap-2026-10-05/continuation-2026-10-09/private-v4-final-mutant-20/inputs/windows-node-private-v4.report-helper-2371d111-21db-454f-97ae-6c070574d80f.manifest.json","docs/research/cli/evidence/gap-2026-10-05/continuation-2026-10-09/private-v4-final-mutant-20/inputs/windows-node-private-v4.worker-d53fb8d7-8cca-4174-990f-0feeeb391bc1.manifest.json","docs/research/cli/evidence/gap-2026-10-05/continuation-2026-10-09/private-v4-final-mutant-20/inputs/windows-sandbox-adapter-cleanup.js","docs/research/cli/evidence/gap-2026-10-05/continuation-2026-10-09/private-v4-final-mutant-20/inputs/windows-sandbox-adapter-temp-root.js","docs/research/cli/evidence/gap-2026-10-05/continuation-2026-10-09/private-v4-final-mutant-20/journal.jsonl","docs/research/cli/evidence/gap-2026-10-05/continuation-2026-10-09/private-v4-final-mutant-20/manifest.json","docs/research/cli/evidence/gap-2026-10-05/continuation-2026-10-09/private-v4-final-mutant-20/report.json","docs/research/cli/evidence/gap-2026-10-05/continuation-2026-10-09/private-v4-final-mutant-20/service.json","docs/research/cli/evidence/gap-2026-10-05/continuation-2026-10-09/private-v4-final-mutant-20/source/verify01-review-runtime.mjs","docs/research/cli/evidence/gap-2026-10-05/continuation-2026-10-09/private-v4-final-mutant-20/source/verify01-review-specs.mjs","docs/research/cli/evidence/gap-2026-10-05/continuation-2026-10-09/private-v4-final-mutant-20/source/windows-esbuild-private-map-shim.cpp","docs/research/cli/evidence/gap-2026-10-05/continuation-2026-10-09/private-v4-final-mutant-20/source/windows-esbuild-private-map-supervisor.cpp","docs/research/cli/evidence/gap-2026-10-05/continuation-2026-10-09/private-v4-final-mutant-20/source/windows-node-private-v4-adapter.cpp","docs/research/cli/evidence/gap-2026-10-05/continuation-2026-10-09/private-v4-final-mutant-20/source/windows-node-private-v4-adapter.h","docs/research/cli/evidence/gap-2026-10-05/continuation-2026-10-09/private-v4-final-mutant-20/source/windows-node-private-v4-broker.cpp","docs/research/cli/evidence/gap-2026-10-05/continuation-2026-10-09/private-v4-final-mutant-20/source/windows-node-private-v4-dependencies.mjs","docs/research/cli/evidence/gap-2026-10-05/continuation-2026-10-09/private-v4-final-mutant-20/source/windows-node-private-v4-diagnostic.mjs","docs/research/cli/evidence/gap-2026-10-05/continuation-2026-10-09/private-v4-final-mutant-20/source/windows-node-private-v4-identity.cjs","docs/research/cli/evidence/gap-2026-10-05/continuation-2026-10-09/private-v4-final-mutant-20/source/windows-node-private-v4-paired.h","docs/research/cli/evidence/gap-2026-10-05/continuation-2026-10-09/private-v4-final-mutant-20/source/windows-node-private-v4-preload.cjs","docs/research/cli/evidence/gap-2026-10-05/continuation-2026-10-09/private-v4-final-mutant-20/source/windows-node-private-v4-protocol.h","docs/research/cli/evidence/gap-2026-10-05/continuation-2026-10-09/private-v4-final-mutant-20/source/windows-node-private-v4-result.mjs","docs/research/cli/evidence/gap-2026-10-05/continuation-2026-10-09/private-v4-final-mutant-20/stderr","docs/research/cli/evidence/gap-2026-10-05/continuation-2026-10-09/private-v4-final-mutant-20/stdout","docs/research/cli/evidence/gap-2026-10-05/continuation-2026-10-09/private-v4-final-mutant-28/archive-manifest.json","docs/research/cli/evidence/gap-2026-10-05/continuation-2026-10-09/private-v4-final-mutant-28/bundle.js","docs/research/cli/evidence/gap-2026-10-05/continuation-2026-10-09/private-v4-final-mutant-28/esbuild-trace-1.jsonl","docs/research/cli/evidence/gap-2026-10-05/continuation-2026-10-09/private-v4-final-mutant-28/inputs/agent-evolution-test-boundary.js","docs/research/cli/evidence/gap-2026-10-05/continuation-2026-10-09/private-v4-final-mutant-28/inputs/check.cjs","docs/research/cli/evidence/gap-2026-10-05/continuation-2026-10-09/private-v4-final-mutant-28/inputs/manifest.json","docs/research/cli/evidence/gap-2026-10-05/continuation-2026-10-09/private-v4-final-mutant-28/inputs/model-capabilities.test.js","docs/research/cli/evidence/gap-2026-10-05/continuation-2026-10-09/private-v4-final-mutant-28/inputs/preparation.json","docs/research/cli/evidence/gap-2026-10-05/continuation-2026-10-09/private-v4-final-mutant-28/inputs/question-form-drafts.js","docs/research/cli/evidence/gap-2026-10-05/continuation-2026-10-09/private-v4-final-mutant-28/inputs/report.json","docs/research/cli/evidence/gap-2026-10-05/continuation-2026-10-09/private-v4-final-mutant-28/inputs/review-vitest.config.mjs","docs/research/cli/evidence/gap-2026-10-05/continuation-2026-10-09/private-v4-final-mutant-28/inputs/source-closure.json","docs/research/cli/evidence/gap-2026-10-05/continuation-2026-10-09/private-v4-final-mutant-28/inputs/vitest.config.js","docs/research/cli/evidence/gap-2026-10-05/continuation-2026-10-09/private-v4-final-mutant-28/inputs/windows-node-private-v4.manifest.json","docs/research/cli/evidence/gap-2026-10-05/continuation-2026-10-09/private-v4-final-mutant-28/inputs/windows-node-private-v4.report-helper-cb1ba22a-a609-4052-93c9-c93c8fc55635.manifest.json","docs/research/cli/evidence/gap-2026-10-05/continuation-2026-10-09/private-v4-final-mutant-28/inputs/windows-node-private-v4.worker-8f1589ca-9875-41fd-b0ca-fe409247ab7e.manifest.json","docs/research/cli/evidence/gap-2026-10-05/continuation-2026-10-09/private-v4-final-mutant-28/inputs/windows-sandbox-adapter-cleanup.js","docs/research/cli/evidence/gap-2026-10-05/continuation-2026-10-09/private-v4-final-mutant-28/inputs/windows-sandbox-adapter-temp-root.js","docs/research/cli/evidence/gap-2026-10-05/continuation-2026-10-09/private-v4-final-mutant-28/journal.jsonl","docs/research/cli/evidence/gap-2026-10-05/continuation-2026-10-09/private-v4-final-mutant-28/manifest.json","docs/research/cli/evidence/gap-2026-10-05/continuation-2026-10-09/private-v4-final-mutant-28/report.json","docs/research/cli/evidence/gap-2026-10-05/continuation-2026-10-09/private-v4-final-mutant-28/service.json","docs/research/cli/evidence/gap-2026-10-05/continuation-2026-10-09/private-v4-final-mutant-28/source/verify01-review-runtime.mjs","docs/research/cli/evidence/gap-2026-10-05/continuation-2026-10-09/private-v4-final-mutant-28/source/verify01-review-specs.mjs","docs/research/cli/evidence/gap-2026-10-05/continuation-2026-10-09/private-v4-final-mutant-28/source/windows-esbuild-private-map-shim.cpp","docs/research/cli/evidence/gap-2026-10-05/continuation-2026-10-09/private-v4-final-mutant-28/source/windows-esbuild-private-map-supervisor.cpp","docs/research/cli/evidence/gap-2026-10-05/continuation-2026-10-09/private-v4-final-mutant-28/source/windows-node-private-v4-adapter.cpp","docs/research/cli/evidence/gap-2026-10-05/continuation-2026-10-09/private-v4-final-mutant-28/source/windows-node-private-v4-adapter.h","docs/research/cli/evidence/gap-2026-10-05/continuation-2026-10-09/private-v4-final-mutant-28/source/windows-node-private-v4-broker.cpp","docs/research/cli/evidence/gap-2026-10-05/continuation-2026-10-09/private-v4-final-mutant-28/source/windows-node-private-v4-dependencies.mjs","docs/research/cli/evidence/gap-2026-10-05/continuation-2026-10-09/private-v4-final-mutant-28/source/windows-node-private-v4-diagnostic.mjs","docs/research/cli/evidence/gap-2026-10-05/continuation-2026-10-09/private-v4-final-mutant-28/source/windows-node-private-v4-identity.cjs","docs/research/cli/evidence/gap-2026-10-05/continuation-2026-10-09/private-v4-final-mutant-28/source/windows-node-private-v4-paired.h","docs/research/cli/evidence/gap-2026-10-05/continuation-2026-10-09/private-v4-final-mutant-28/source/windows-node-private-v4-preload.cjs","docs/research/cli/evidence/gap-2026-10-05/continuation-2026-10-09/private-v4-final-mutant-28/source/windows-node-private-v4-protocol.h","docs/research/cli/evidence/gap-2026-10-05/continuation-2026-10-09/private-v4-final-mutant-28/source/windows-node-private-v4-result.mjs","docs/research/cli/evidence/gap-2026-10-05/continuation-2026-10-09/private-v4-final-mutant-28/stderr","docs/research/cli/evidence/gap-2026-10-05/continuation-2026-10-09/private-v4-final-mutant-28/stdout","docs/research/cli/evidence/gap-2026-10-05/continuation-2026-10-09/private-v4-final-mutant-29/archive-manifest.json","docs/research/cli/evidence/gap-2026-10-05/continuation-2026-10-09/private-v4-final-mutant-29/bundle.js","docs/research/cli/evidence/gap-2026-10-05/continuation-2026-10-09/private-v4-final-mutant-29/esbuild-trace-1.jsonl","docs/research/cli/evidence/gap-2026-10-05/continuation-2026-10-09/private-v4-final-mutant-29/inputs/agent-evolution-test-boundary.js","docs/research/cli/evidence/gap-2026-10-05/continuation-2026-10-09/private-v4-final-mutant-29/inputs/check.cjs","docs/research/cli/evidence/gap-2026-10-05/continuation-2026-10-09/private-v4-final-mutant-29/inputs/manifest.json","docs/research/cli/evidence/gap-2026-10-05/continuation-2026-10-09/private-v4-final-mutant-29/inputs/model-capabilities.test.js","docs/research/cli/evidence/gap-2026-10-05/continuation-2026-10-09/private-v4-final-mutant-29/inputs/permission-mode-state.js","docs/research/cli/evidence/gap-2026-10-05/continuation-2026-10-09/private-v4-final-mutant-29/inputs/preparation.json","docs/research/cli/evidence/gap-2026-10-05/continuation-2026-10-09/private-v4-final-mutant-29/inputs/report.json","docs/research/cli/evidence/gap-2026-10-05/continuation-2026-10-09/private-v4-final-mutant-29/inputs/review-vitest.config.mjs","docs/research/cli/evidence/gap-2026-10-05/continuation-2026-10-09/private-v4-final-mutant-29/inputs/source-closure.json","docs/research/cli/evidence/gap-2026-10-05/continuation-2026-10-09/private-v4-final-mutant-29/inputs/vitest.config.js","docs/research/cli/evidence/gap-2026-10-05/continuation-2026-10-09/private-v4-final-mutant-29/inputs/windows-node-private-v4.manifest.json","docs/research/cli/evidence/gap-2026-10-05/continuation-2026-10-09/private-v4-final-mutant-29/inputs/windows-node-private-v4.report-helper-656b2a0c-d4c1-42da-bd6b-6ef10fb6dfbd.manifest.json","docs/research/cli/evidence/gap-2026-10-05/continuation-2026-10-09/private-v4-final-mutant-29/inputs/windows-node-private-v4.worker-53d5094d-90e7-42ff-b63c-e57bcc4be0ac.manifest.json","docs/research/cli/evidence/gap-2026-10-05/continuation-2026-10-09/private-v4-final-mutant-29/inputs/windows-sandbox-adapter-cleanup.js","docs/research/cli/evidence/gap-2026-10-05/continuation-2026-10-09/private-v4-final-mutant-29/inputs/windows-sandbox-adapter-temp-root.js","docs/research/cli/evidence/gap-2026-10-05/continuation-2026-10-09/private-v4-final-mutant-29/journal.jsonl","docs/research/cli/evidence/gap-2026-10-05/continuation-2026-10-09/private-v4-final-mutant-29/manifest.json","docs/research/cli/evidence/gap-2026-10-05/continuation-2026-10-09/private-v4-final-mutant-29/report.json","docs/research/cli/evidence/gap-2026-10-05/continuation-2026-10-09/private-v4-final-mutant-29/service.json","docs/research/cli/evidence/gap-2026-10-05/continuation-2026-10-09/private-v4-final-mutant-29/source/verify01-review-runtime.mjs","docs/research/cli/evidence/gap-2026-10-05/continuation-2026-10-09/private-v4-final-mutant-29/source/verify01-review-specs.mjs","docs/research/cli/evidence/gap-2026-10-05/continuation-2026-10-09/private-v4-final-mutant-29/source/windows-esbuild-private-map-shim.cpp","docs/research/cli/evidence/gap-2026-10-05/continuation-2026-10-09/private-v4-final-mutant-29/source/windows-esbuild-private-map-supervisor.cpp","docs/research/cli/evidence/gap-2026-10-05/continuation-2026-10-09/private-v4-final-mutant-29/source/windows-node-private-v4-adapter.cpp","docs/research/cli/evidence/gap-2026-10-05/continuation-2026-10-09/private-v4-final-mutant-29/source/windows-node-private-v4-adapter.h","docs/research/cli/evidence/gap-2026-10-05/continuation-2026-10-09/private-v4-final-mutant-29/source/windows-node-private-v4-broker.cpp","docs/research/cli/evidence/gap-2026-10-05/continuation-2026-10-09/private-v4-final-mutant-29/source/windows-node-private-v4-dependencies.mjs","docs/research/cli/evidence/gap-2026-10-05/continuation-2026-10-09/private-v4-final-mutant-29/source/windows-node-private-v4-diagnostic.mjs","docs/research/cli/evidence/gap-2026-10-05/continuation-2026-10-09/private-v4-final-mutant-29/source/windows-node-private-v4-identity.cjs","docs/research/cli/evidence/gap-2026-10-05/continuation-2026-10-09/private-v4-final-mutant-29/source/windows-node-private-v4-paired.h","docs/research/cli/evidence/gap-2026-10-05/continuation-2026-10-09/private-v4-final-mutant-29/source/windows-node-private-v4-preload.cjs","docs/research/cli/evidence/gap-2026-10-05/continuation-2026-10-09/private-v4-final-mutant-29/source/windows-node-private-v4-protocol.h","docs/research/cli/evidence/gap-2026-10-05/continuation-2026-10-09/private-v4-final-mutant-29/source/windows-node-private-v4-result.mjs","docs/research/cli/evidence/gap-2026-10-05/continuation-2026-10-09/private-v4-final-mutant-29/stderr","docs/research/cli/evidence/gap-2026-10-05/continuation-2026-10-09/private-v4-final-mutant-29/stdout","docs/research/cli/evidence/gap-2026-10-05/continuation-2026-10-09/private-v4-final-mutant-30a/archive-manifest.json","docs/research/cli/evidence/gap-2026-10-05/continuation-2026-10-09/private-v4-final-mutant-30a/bundle.js","docs/research/cli/evidence/gap-2026-10-05/continuation-2026-10-09/private-v4-final-mutant-30a/esbuild-trace-1.jsonl","docs/research/cli/evidence/gap-2026-10-05/continuation-2026-10-09/private-v4-final-mutant-30a/inputs/agent-evolution-test-boundary.js","docs/research/cli/evidence/gap-2026-10-05/continuation-2026-10-09/private-v4-final-mutant-30a/inputs/check.cjs","docs/research/cli/evidence/gap-2026-10-05/continuation-2026-10-09/private-v4-final-mutant-30a/inputs/image-decode-budget.js","docs/research/cli/evidence/gap-2026-10-05/continuation-2026-10-09/private-v4-final-mutant-30a/inputs/manifest.json","docs/research/cli/evidence/gap-2026-10-05/continuation-2026-10-09/private-v4-final-mutant-30a/inputs/model-capabilities.test.js","docs/research/cli/evidence/gap-2026-10-05/continuation-2026-10-09/private-v4-final-mutant-30a/inputs/preparation.json","docs/research/cli/evidence/gap-2026-10-05/continuation-2026-10-09/private-v4-final-mutant-30a/inputs/report.json","docs/research/cli/evidence/gap-2026-10-05/continuation-2026-10-09/private-v4-final-mutant-30a/inputs/review-vitest.config.mjs","docs/research/cli/evidence/gap-2026-10-05/continuation-2026-10-09/private-v4-final-mutant-30a/inputs/source-closure.json","docs/research/cli/evidence/gap-2026-10-05/continuation-2026-10-09/private-v4-final-mutant-30a/inputs/vitest.config.js","docs/research/cli/evidence/gap-2026-10-05/continuation-2026-10-09/private-v4-final-mutant-30a/inputs/windows-node-private-v4.manifest.json","docs/research/cli/evidence/gap-2026-10-05/continuation-2026-10-09/private-v4-final-mutant-30a/inputs/windows-node-private-v4.report-helper-76b24d19-43e3-497f-9ba6-06049909303f.manifest.json","docs/research/cli/evidence/gap-2026-10-05/continuation-2026-10-09/private-v4-final-mutant-30a/inputs/windows-node-private-v4.worker-9b028fc1-70b6-44dc-85f3-f85e2293a9cb.manifest.json","docs/research/cli/evidence/gap-2026-10-05/continuation-2026-10-09/private-v4-final-mutant-30a/inputs/windows-sandbox-adapter-cleanup.js","docs/research/cli/evidence/gap-2026-10-05/continuation-2026-10-09/private-v4-final-mutant-30a/inputs/windows-sandbox-adapter-temp-root.js","docs/research/cli/evidence/gap-2026-10-05/continuation-2026-10-09/private-v4-final-mutant-30a/journal.jsonl","docs/research/cli/evidence/gap-2026-10-05/continuation-2026-10-09/private-v4-final-mutant-30a/manifest.json","docs/research/cli/evidence/gap-2026-10-05/continuation-2026-10-09/private-v4-final-mutant-30a/report.json","docs/research/cli/evidence/gap-2026-10-05/continuation-2026-10-09/private-v4-final-mutant-30a/service.json","docs/research/cli/evidence/gap-2026-10-05/continuation-2026-10-09/private-v4-final-mutant-30a/source/verify01-review-runtime.mjs","docs/research/cli/evidence/gap-2026-10-05/continuation-2026-10-09/private-v4-final-mutant-30a/source/verify01-review-specs.mjs","docs/research/cli/evidence/gap-2026-10-05/continuation-2026-10-09/private-v4-final-mutant-30a/source/windows-esbuild-private-map-shim.cpp","docs/research/cli/evidence/gap-2026-10-05/continuation-2026-10-09/private-v4-final-mutant-30a/source/windows-esbuild-private-map-supervisor.cpp","docs/research/cli/evidence/gap-2026-10-05/continuation-2026-10-09/private-v4-final-mutant-30a/source/windows-node-private-v4-adapter.cpp","docs/research/cli/evidence/gap-2026-10-05/continuation-2026-10-09/private-v4-final-mutant-30a/source/windows-node-private-v4-adapter.h","docs/research/cli/evidence/gap-2026-10-05/continuation-2026-10-09/private-v4-final-mutant-30a/source/windows-node-private-v4-broker.cpp","docs/research/cli/evidence/gap-2026-10-05/continuation-2026-10-09/private-v4-final-mutant-30a/source/windows-node-private-v4-dependencies.mjs","docs/research/cli/evidence/gap-2026-10-05/continuation-2026-10-09/private-v4-final-mutant-30a/source/windows-node-private-v4-diagnostic.mjs","docs/research/cli/evidence/gap-2026-10-05/continuation-2026-10-09/private-v4-final-mutant-30a/source/windows-node-private-v4-identity.cjs","docs/research/cli/evidence/gap-2026-10-05/continuation-2026-10-09/private-v4-final-mutant-30a/source/windows-node-private-v4-paired.h","docs/research/cli/evidence/gap-2026-10-05/continuation-2026-10-09/private-v4-final-mutant-30a/source/windows-node-private-v4-preload.cjs","docs/research/cli/evidence/gap-2026-10-05/continuation-2026-10-09/private-v4-final-mutant-30a/source/windows-node-private-v4-protocol.h","docs/research/cli/evidence/gap-2026-10-05/continuation-2026-10-09/private-v4-final-mutant-30a/source/windows-node-private-v4-result.mjs","docs/research/cli/evidence/gap-2026-10-05/continuation-2026-10-09/private-v4-final-mutant-30a/stderr","docs/research/cli/evidence/gap-2026-10-05/continuation-2026-10-09/private-v4-final-mutant-30a/stdout","docs/research/cli/evidence/gap-2026-10-05/continuation-2026-10-09/private-v4-final-mutant-30b/archive-manifest.json","docs/research/cli/evidence/gap-2026-10-05/continuation-2026-10-09/private-v4-final-mutant-30b/bundle.js","docs/research/cli/evidence/gap-2026-10-05/continuation-2026-10-09/private-v4-final-mutant-30b/esbuild-trace-1.jsonl","docs/research/cli/evidence/gap-2026-10-05/continuation-2026-10-09/private-v4-final-mutant-30b/inputs/agent-evolution-test-boundary.js","docs/research/cli/evidence/gap-2026-10-05/continuation-2026-10-09/private-v4-final-mutant-30b/inputs/check.cjs","docs/research/cli/evidence/gap-2026-10-05/continuation-2026-10-09/private-v4-final-mutant-30b/inputs/image-decode-budget.js","docs/research/cli/evidence/gap-2026-10-05/continuation-2026-10-09/private-v4-final-mutant-30b/inputs/manifest.json","docs/research/cli/evidence/gap-2026-10-05/continuation-2026-10-09/private-v4-final-mutant-30b/inputs/model-capabilities.test.js","docs/research/cli/evidence/gap-2026-10-05/continuation-2026-10-09/private-v4-final-mutant-30b/inputs/preparation.json","docs/research/cli/evidence/gap-2026-10-05/continuation-2026-10-09/private-v4-final-mutant-30b/inputs/report.json","docs/research/cli/evidence/gap-2026-10-05/continuation-2026-10-09/private-v4-final-mutant-30b/inputs/review-vitest.config.mjs","docs/research/cli/evidence/gap-2026-10-05/continuation-2026-10-09/private-v4-final-mutant-30b/inputs/source-closure.json","docs/research/cli/evidence/gap-2026-10-05/continuation-2026-10-09/private-v4-final-mutant-30b/inputs/vitest.config.js","docs/research/cli/evidence/gap-2026-10-05/continuation-2026-10-09/private-v4-final-mutant-30b/inputs/windows-node-private-v4.manifest.json","docs/research/cli/evidence/gap-2026-10-05/continuation-2026-10-09/private-v4-final-mutant-30b/inputs/windows-node-private-v4.report-helper-2fcf3ed8-6799-4c73-bbee-3afcf45b3efe.manifest.json","docs/research/cli/evidence/gap-2026-10-05/continuation-2026-10-09/private-v4-final-mutant-30b/inputs/windows-node-private-v4.worker-495dfad1-13ea-4545-b473-5c2491f4c80d.manifest.json","docs/research/cli/evidence/gap-2026-10-05/continuation-2026-10-09/private-v4-final-mutant-30b/inputs/windows-sandbox-adapter-cleanup.js","docs/research/cli/evidence/gap-2026-10-05/continuation-2026-10-09/private-v4-final-mutant-30b/inputs/windows-sandbox-adapter-temp-root.js","docs/research/cli/evidence/gap-2026-10-05/continuation-2026-10-09/private-v4-final-mutant-30b/journal.jsonl","docs/research/cli/evidence/gap-2026-10-05/continuation-2026-10-09/private-v4-final-mutant-30b/manifest.json","docs/research/cli/evidence/gap-2026-10-05/continuation-2026-10-09/private-v4-final-mutant-30b/report.json","docs/research/cli/evidence/gap-2026-10-05/continuation-2026-10-09/private-v4-final-mutant-30b/service.json","docs/research/cli/evidence/gap-2026-10-05/continuation-2026-10-09/private-v4-final-mutant-30b/source/verify01-review-runtime.mjs","docs/research/cli/evidence/gap-2026-10-05/continuation-2026-10-09/private-v4-final-mutant-30b/source/verify01-review-specs.mjs","docs/research/cli/evidence/gap-2026-10-05/continuation-2026-10-09/private-v4-final-mutant-30b/source/windows-esbuild-private-map-shim.cpp","docs/research/cli/evidence/gap-2026-10-05/continuation-2026-10-09/private-v4-final-mutant-30b/source/windows-esbuild-private-map-supervisor.cpp","docs/research/cli/evidence/gap-2026-10-05/continuation-2026-10-09/private-v4-final-mutant-30b/source/windows-node-private-v4-adapter.cpp","docs/research/cli/evidence/gap-2026-10-05/continuation-2026-10-09/private-v4-final-mutant-30b/source/windows-node-private-v4-adapter.h","docs/research/cli/evidence/gap-2026-10-05/continuation-2026-10-09/private-v4-final-mutant-30b/source/windows-node-private-v4-broker.cpp","docs/research/cli/evidence/gap-2026-10-05/continuation-2026-10-09/private-v4-final-mutant-30b/source/windows-node-private-v4-dependencies.mjs","docs/research/cli/evidence/gap-2026-10-05/continuation-2026-10-09/private-v4-final-mutant-30b/source/windows-node-private-v4-diagnostic.mjs","docs/research/cli/evidence/gap-2026-10-05/continuation-2026-10-09/private-v4-final-mutant-30b/source/windows-node-private-v4-identity.cjs","docs/research/cli/evidence/gap-2026-10-05/continuation-2026-10-09/private-v4-final-mutant-30b/source/windows-node-private-v4-paired.h","docs/research/cli/evidence/gap-2026-10-05/continuation-2026-10-09/private-v4-final-mutant-30b/source/windows-node-private-v4-preload.cjs","docs/research/cli/evidence/gap-2026-10-05/continuation-2026-10-09/private-v4-final-mutant-30b/source/windows-node-private-v4-protocol.h","docs/research/cli/evidence/gap-2026-10-05/continuation-2026-10-09/private-v4-final-mutant-30b/source/windows-node-private-v4-result.mjs","docs/research/cli/evidence/gap-2026-10-05/continuation-2026-10-09/private-v4-final-mutant-30b/stderr","docs/research/cli/evidence/gap-2026-10-05/continuation-2026-10-09/private-v4-final-mutant-30b/stdout","docs/research/cli/evidence/gap-2026-10-05/continuation-2026-10-09/private-v4-final-original/archive-manifest.json","docs/research/cli/evidence/gap-2026-10-05/continuation-2026-10-09/private-v4-final-original/bundle.js","docs/research/cli/evidence/gap-2026-10-05/continuation-2026-10-09/private-v4-final-original/esbuild-trace-1.jsonl","docs/research/cli/evidence/gap-2026-10-05/continuation-2026-10-09/private-v4-final-original/inputs/check.cjs","docs/research/cli/evidence/gap-2026-10-05/continuation-2026-10-09/private-v4-final-original/inputs/model-capabilities.test.js","docs/research/cli/evidence/gap-2026-10-05/continuation-2026-10-09/private-v4-final-original/inputs/preparation.json","docs/research/cli/evidence/gap-2026-10-05/continuation-2026-10-09/private-v4-final-original/inputs/source-closure.json","docs/research/cli/evidence/gap-2026-10-05/continuation-2026-10-09/private-v4-final-original/inputs/vitest.config.js","docs/research/cli/evidence/gap-2026-10-05/continuation-2026-10-09/private-v4-final-original/inputs/windows-node-private-v4.manifest.json","docs/research/cli/evidence/gap-2026-10-05/continuation-2026-10-09/private-v4-final-original/inputs/windows-node-private-v4.report-helper-81f708f6-f037-4e6e-b30c-a5955f586063.manifest.json","docs/research/cli/evidence/gap-2026-10-05/continuation-2026-10-09/private-v4-final-original/inputs/windows-node-private-v4.worker-9b319f18-2b7f-472d-8834-8e62fe2f6571.manifest.json","docs/research/cli/evidence/gap-2026-10-05/continuation-2026-10-09/private-v4-final-original/journal.jsonl","docs/research/cli/evidence/gap-2026-10-05/continuation-2026-10-09/private-v4-final-original/manifest.json","docs/research/cli/evidence/gap-2026-10-05/continuation-2026-10-09/private-v4-final-original/report.json","docs/research/cli/evidence/gap-2026-10-05/continuation-2026-10-09/private-v4-final-original/service.json","docs/research/cli/evidence/gap-2026-10-05/continuation-2026-10-09/private-v4-final-original/source/windows-esbuild-private-map-shim.cpp","docs/research/cli/evidence/gap-2026-10-05/continuation-2026-10-09/private-v4-final-original/source/windows-esbuild-private-map-supervisor.cpp","docs/research/cli/evidence/gap-2026-10-05/continuation-2026-10-09/private-v4-final-original/source/windows-node-private-v4-adapter.cpp","docs/research/cli/evidence/gap-2026-10-05/continuation-2026-10-09/private-v4-final-original/source/windows-node-private-v4-adapter.h","docs/research/cli/evidence/gap-2026-10-05/continuation-2026-10-09/private-v4-final-original/source/windows-node-private-v4-broker.cpp","docs/research/cli/evidence/gap-2026-10-05/continuation-2026-10-09/private-v4-final-original/source/windows-node-private-v4-diagnostic.mjs","docs/research/cli/evidence/gap-2026-10-05/continuation-2026-10-09/private-v4-final-original/source/windows-node-private-v4-identity.cjs","docs/research/cli/evidence/gap-2026-10-05/continuation-2026-10-09/private-v4-final-original/source/windows-node-private-v4-paired.h","docs/research/cli/evidence/gap-2026-10-05/continuation-2026-10-09/private-v4-final-original/source/windows-node-private-v4-preload.cjs","docs/research/cli/evidence/gap-2026-10-05/continuation-2026-10-09/private-v4-final-original/source/windows-node-private-v4-protocol.h","docs/research/cli/evidence/gap-2026-10-05/continuation-2026-10-09/private-v4-final-original/source/windows-node-private-v4-result.mjs","docs/research/cli/evidence/gap-2026-10-05/continuation-2026-10-09/private-v4-final-original/stderr","docs/research/cli/evidence/gap-2026-10-05/continuation-2026-10-09/private-v4-final-original/stdout","docs/research/cli/evidence/gap-2026-10-05/continuation-2026-10-09/private-v4-final-protocol-negative/archive-manifest.json","docs/research/cli/evidence/gap-2026-10-05/continuation-2026-10-09/private-v4-final-protocol-negative/inputs/check.cjs","docs/research/cli/evidence/gap-2026-10-05/continuation-2026-10-09/private-v4-final-protocol-negative/inputs/model-capabilities.test.js","docs/research/cli/evidence/gap-2026-10-05/continuation-2026-10-09/private-v4-final-protocol-negative/inputs/preparation.json","docs/research/cli/evidence/gap-2026-10-05/continuation-2026-10-09/private-v4-final-protocol-negative/inputs/source-closure.json","docs/research/cli/evidence/gap-2026-10-05/continuation-2026-10-09/private-v4-final-protocol-negative/inputs/vitest.config.js","docs/research/cli/evidence/gap-2026-10-05/continuation-2026-10-09/private-v4-final-protocol-negative/inputs/windows-node-private-v4.manifest.json","docs/research/cli/evidence/gap-2026-10-05/continuation-2026-10-09/private-v4-final-protocol-negative/manifest.json","docs/research/cli/evidence/gap-2026-10-05/continuation-2026-10-09/private-v4-final-protocol-negative/report.json","docs/research/cli/evidence/gap-2026-10-05/continuation-2026-10-09/private-v4-final-protocol-negative/source/windows-esbuild-private-map-shim.cpp","docs/research/cli/evidence/gap-2026-10-05/continuation-2026-10-09/private-v4-final-protocol-negative/source/windows-esbuild-private-map-supervisor.cpp","docs/research/cli/evidence/gap-2026-10-05/continuation-2026-10-09/private-v4-final-protocol-negative/source/windows-node-private-v4-adapter.cpp","docs/research/cli/evidence/gap-2026-10-05/continuation-2026-10-09/private-v4-final-protocol-negative/source/windows-node-private-v4-adapter.h","docs/research/cli/evidence/gap-2026-10-05/continuation-2026-10-09/private-v4-final-protocol-negative/source/windows-node-private-v4-broker.cpp","docs/research/cli/evidence/gap-2026-10-05/continuation-2026-10-09/private-v4-final-protocol-negative/source/windows-node-private-v4-diagnostic.mjs","docs/research/cli/evidence/gap-2026-10-05/continuation-2026-10-09/private-v4-final-protocol-negative/source/windows-node-private-v4-identity.cjs","docs/research/cli/evidence/gap-2026-10-05/continuation-2026-10-09/private-v4-final-protocol-negative/source/windows-node-private-v4-paired.h","docs/research/cli/evidence/gap-2026-10-05/continuation-2026-10-09/private-v4-final-protocol-negative/source/windows-node-private-v4-preload.cjs","docs/research/cli/evidence/gap-2026-10-05/continuation-2026-10-09/private-v4-final-protocol-negative/source/windows-node-private-v4-protocol.h","docs/research/cli/evidence/gap-2026-10-05/continuation-2026-10-09/private-v4-final-protocol-negative/source/windows-node-private-v4-result.mjs","docs/research/cli/evidence/gap-2026-10-05/continuation-2026-10-09/private-v4-final-protocol-negative/stderr","docs/research/cli/evidence/gap-2026-10-05/continuation-2026-10-09/private-v4-final-protocol-negative/stdout","docs/research/cli/evidence/gap-2026-10-05/continuation-2026-10-09/private-v4-final-protocol-source-readback.json","docs/research/cli/evidence/gap-2026-10-05/continuation-2026-10-09/private-v4-final-source-readback.json","docs/research/cli/evidence/gap-2026-10-05/continuation-2026-10-09/private-v4-final-unassigned-source-readback.json","docs/research/cli/evidence/gap-2026-10-05/continuation-2026-10-09/private-v4-final-unassigned-worker/archive-manifest.json","docs/research/cli/evidence/gap-2026-10-05/continuation-2026-10-09/private-v4-final-unassigned-worker/bundle.js","docs/research/cli/evidence/gap-2026-10-05/continuation-2026-10-09/private-v4-final-unassigned-worker/esbuild-trace-1.jsonl","docs/research/cli/evidence/gap-2026-10-05/continuation-2026-10-09/private-v4-final-unassigned-worker/inputs/check.cjs","docs/research/cli/evidence/gap-2026-10-05/continuation-2026-10-09/private-v4-final-unassigned-worker/inputs/model-capabilities.test.js","docs/research/cli/evidence/gap-2026-10-05/continuation-2026-10-09/private-v4-final-unassigned-worker/inputs/preparation.json","docs/research/cli/evidence/gap-2026-10-05/continuation-2026-10-09/private-v4-final-unassigned-worker/inputs/source-closure.json","docs/research/cli/evidence/gap-2026-10-05/continuation-2026-10-09/private-v4-final-unassigned-worker/inputs/vitest.config.js","docs/research/cli/evidence/gap-2026-10-05/continuation-2026-10-09/private-v4-final-unassigned-worker/inputs/windows-node-private-v4.manifest.json","docs/research/cli/evidence/gap-2026-10-05/continuation-2026-10-09/private-v4-final-unassigned-worker/inputs/windows-node-private-v4.report-helper-d94c5157-642e-4e68-865e-a4f807fa5618.manifest.json","docs/research/cli/evidence/gap-2026-10-05/continuation-2026-10-09/private-v4-final-unassigned-worker/journal.jsonl","docs/research/cli/evidence/gap-2026-10-05/continuation-2026-10-09/private-v4-final-unassigned-worker/manifest.json","docs/research/cli/evidence/gap-2026-10-05/continuation-2026-10-09/private-v4-final-unassigned-worker/report.json","docs/research/cli/evidence/gap-2026-10-05/continuation-2026-10-09/private-v4-final-unassigned-worker/service.json","docs/research/cli/evidence/gap-2026-10-05/continuation-2026-10-09/private-v4-final-unassigned-worker/source/windows-esbuild-private-map-shim.cpp","docs/research/cli/evidence/gap-2026-10-05/continuation-2026-10-09/private-v4-final-unassigned-worker/source/windows-esbuild-private-map-supervisor.cpp","docs/research/cli/evidence/gap-2026-10-05/continuation-2026-10-09/private-v4-final-unassigned-worker/source/windows-node-private-v4-adapter.cpp","docs/research/cli/evidence/gap-2026-10-05/continuation-2026-10-09/private-v4-final-unassigned-worker/source/windows-node-private-v4-adapter.h","docs/research/cli/evidence/gap-2026-10-05/continuation-2026-10-09/private-v4-final-unassigned-worker/source/windows-node-private-v4-broker.cpp","docs/research/cli/evidence/gap-2026-10-05/continuation-2026-10-09/private-v4-final-unassigned-worker/source/windows-node-private-v4-diagnostic.mjs","docs/research/cli/evidence/gap-2026-10-05/continuation-2026-10-09/private-v4-final-unassigned-worker/source/windows-node-private-v4-identity.cjs","docs/research/cli/evidence/gap-2026-10-05/continuation-2026-10-09/private-v4-final-unassigned-worker/source/windows-node-private-v4-paired.h","docs/research/cli/evidence/gap-2026-10-05/continuation-2026-10-09/private-v4-final-unassigned-worker/source/windows-node-private-v4-preload.cjs","docs/research/cli/evidence/gap-2026-10-05/continuation-2026-10-09/private-v4-final-unassigned-worker/source/windows-node-private-v4-protocol.h","docs/research/cli/evidence/gap-2026-10-05/continuation-2026-10-09/private-v4-final-unassigned-worker/source/windows-node-private-v4-result.mjs","docs/research/cli/evidence/gap-2026-10-05/continuation-2026-10-09/private-v4-final-unassigned-worker/stderr","docs/research/cli/evidence/gap-2026-10-05/continuation-2026-10-09/private-v4-final-unassigned-worker/stdout","docs/research/cli/evidence/gap-2026-10-05/continuation-2026-10-09/private-v4-final2-original/archive-manifest.json","docs/research/cli/evidence/gap-2026-10-05/continuation-2026-10-09/private-v4-final2-original/bundle.js","docs/research/cli/evidence/gap-2026-10-05/continuation-2026-10-09/private-v4-final2-original/esbuild-trace-1.jsonl","docs/research/cli/evidence/gap-2026-10-05/continuation-2026-10-09/private-v4-final2-original/inputs/check.cjs","docs/research/cli/evidence/gap-2026-10-05/continuation-2026-10-09/private-v4-final2-original/inputs/model-capabilities.test.js","docs/research/cli/evidence/gap-2026-10-05/continuation-2026-10-09/private-v4-final2-original/inputs/preparation.json","docs/research/cli/evidence/gap-2026-10-05/continuation-2026-10-09/private-v4-final2-original/inputs/source-closure.json","docs/research/cli/evidence/gap-2026-10-05/continuation-2026-10-09/private-v4-final2-original/inputs/vitest.config.js","docs/research/cli/evidence/gap-2026-10-05/continuation-2026-10-09/private-v4-final2-original/inputs/windows-node-private-v4.manifest.json","docs/research/cli/evidence/gap-2026-10-05/continuation-2026-10-09/private-v4-final2-original/inputs/windows-node-private-v4.report-helper-bcd6be8e-adcc-4b5c-b1b2-68d2216cacd9.manifest.json","docs/research/cli/evidence/gap-2026-10-05/continuation-2026-10-09/private-v4-final2-original/inputs/windows-node-private-v4.worker-80ae0f9a-5b6e-46d3-8f45-808a2b5e6735.manifest.json","docs/research/cli/evidence/gap-2026-10-05/continuation-2026-10-09/private-v4-final2-original/journal.jsonl","docs/research/cli/evidence/gap-2026-10-05/continuation-2026-10-09/private-v4-final2-original/manifest.json","docs/research/cli/evidence/gap-2026-10-05/continuation-2026-10-09/private-v4-final2-original/report.json","docs/research/cli/evidence/gap-2026-10-05/continuation-2026-10-09/private-v4-final2-original/service.json","docs/research/cli/evidence/gap-2026-10-05/continuation-2026-10-09/private-v4-final2-original/source/windows-esbuild-private-map-shim.cpp","docs/research/cli/evidence/gap-2026-10-05/continuation-2026-10-09/private-v4-final2-original/source/windows-esbuild-private-map-supervisor.cpp","docs/research/cli/evidence/gap-2026-10-05/continuation-2026-10-09/private-v4-final2-original/source/windows-node-private-v4-adapter.cpp","docs/research/cli/evidence/gap-2026-10-05/continuation-2026-10-09/private-v4-final2-original/source/windows-node-private-v4-adapter.h","docs/research/cli/evidence/gap-2026-10-05/continuation-2026-10-09/private-v4-final2-original/source/windows-node-private-v4-broker.cpp","docs/research/cli/evidence/gap-2026-10-05/continuation-2026-10-09/private-v4-final2-original/source/windows-node-private-v4-dependencies.mjs","docs/research/cli/evidence/gap-2026-10-05/continuation-2026-10-09/private-v4-final2-original/source/windows-node-private-v4-diagnostic.mjs","docs/research/cli/evidence/gap-2026-10-05/continuation-2026-10-09/private-v4-final2-original/source/windows-node-private-v4-identity.cjs","docs/research/cli/evidence/gap-2026-10-05/continuation-2026-10-09/private-v4-final2-original/source/windows-node-private-v4-paired.h","docs/research/cli/evidence/gap-2026-10-05/continuation-2026-10-09/private-v4-final2-original/source/windows-node-private-v4-preload.cjs","docs/research/cli/evidence/gap-2026-10-05/continuation-2026-10-09/private-v4-final2-original/source/windows-node-private-v4-protocol.h","docs/research/cli/evidence/gap-2026-10-05/continuation-2026-10-09/private-v4-final2-original/source/windows-node-private-v4-result.mjs","docs/research/cli/evidence/gap-2026-10-05/continuation-2026-10-09/private-v4-final2-original/stderr","docs/research/cli/evidence/gap-2026-10-05/continuation-2026-10-09/private-v4-final2-original/stdout","docs/research/cli/evidence/gap-2026-10-05/continuation-2026-10-09/private-v4-final2-protocol-negative/archive-manifest.json","docs/research/cli/evidence/gap-2026-10-05/continuation-2026-10-09/private-v4-final2-protocol-negative/inputs/check.cjs","docs/research/cli/evidence/gap-2026-10-05/continuation-2026-10-09/private-v4-final2-protocol-negative/inputs/model-capabilities.test.js","docs/research/cli/evidence/gap-2026-10-05/continuation-2026-10-09/private-v4-final2-protocol-negative/inputs/preparation.json","docs/research/cli/evidence/gap-2026-10-05/continuation-2026-10-09/private-v4-final2-protocol-negative/inputs/source-closure.json","docs/research/cli/evidence/gap-2026-10-05/continuation-2026-10-09/private-v4-final2-protocol-negative/inputs/vitest.config.js","docs/research/cli/evidence/gap-2026-10-05/continuation-2026-10-09/private-v4-final2-protocol-negative/inputs/windows-node-private-v4.manifest.json","docs/research/cli/evidence/gap-2026-10-05/continuation-2026-10-09/private-v4-final2-protocol-negative/manifest.json","docs/research/cli/evidence/gap-2026-10-05/continuation-2026-10-09/private-v4-final2-protocol-negative/report.json","docs/research/cli/evidence/gap-2026-10-05/continuation-2026-10-09/private-v4-final2-protocol-negative/source/windows-esbuild-private-map-shim.cpp","docs/research/cli/evidence/gap-2026-10-05/continuation-2026-10-09/private-v4-final2-protocol-negative/source/windows-esbuild-private-map-supervisor.cpp","docs/research/cli/evidence/gap-2026-10-05/continuation-2026-10-09/private-v4-final2-protocol-negative/source/windows-node-private-v4-adapter.cpp","docs/research/cli/evidence/gap-2026-10-05/continuation-2026-10-09/private-v4-final2-protocol-negative/source/windows-node-private-v4-adapter.h","docs/research/cli/evidence/gap-2026-10-05/continuation-2026-10-09/private-v4-final2-protocol-negative/source/windows-node-private-v4-broker.cpp","docs/research/cli/evidence/gap-2026-10-05/continuation-2026-10-09/private-v4-final2-protocol-negative/source/windows-node-private-v4-dependencies.mjs","docs/research/cli/evidence/gap-2026-10-05/continuation-2026-10-09/private-v4-final2-protocol-negative/source/windows-node-private-v4-diagnostic.mjs","docs/research/cli/evidence/gap-2026-10-05/continuation-2026-10-09/private-v4-final2-protocol-negative/source/windows-node-private-v4-identity.cjs","docs/research/cli/evidence/gap-2026-10-05/continuation-2026-10-09/private-v4-final2-protocol-negative/source/windows-node-private-v4-paired.h","docs/research/cli/evidence/gap-2026-10-05/continuation-2026-10-09/private-v4-final2-protocol-negative/source/windows-node-private-v4-preload.cjs","docs/research/cli/evidence/gap-2026-10-05/continuation-2026-10-09/private-v4-final2-protocol-negative/source/windows-node-private-v4-protocol.h","docs/research/cli/evidence/gap-2026-10-05/continuation-2026-10-09/private-v4-final2-protocol-negative/source/windows-node-private-v4-result.mjs","docs/research/cli/evidence/gap-2026-10-05/continuation-2026-10-09/private-v4-final2-protocol-negative/stderr","docs/research/cli/evidence/gap-2026-10-05/continuation-2026-10-09/private-v4-final2-protocol-negative/stdout","docs/research/cli/evidence/gap-2026-10-05/continuation-2026-10-09/private-v4-final2-source-readback.json","docs/research/cli/evidence/gap-2026-10-05/continuation-2026-10-09/private-v4-final2-unassigned-worker/archive-manifest.json","docs/research/cli/evidence/gap-2026-10-05/continuation-2026-10-09/private-v4-final2-unassigned-worker/bundle.js","docs/research/cli/evidence/gap-2026-10-05/continuation-2026-10-09/private-v4-final2-unassigned-worker/esbuild-trace-1.jsonl","docs/research/cli/evidence/gap-2026-10-05/continuation-2026-10-09/private-v4-final2-unassigned-worker/inputs/check.cjs","docs/research/cli/evidence/gap-2026-10-05/continuation-2026-10-09/private-v4-final2-unassigned-worker/inputs/model-capabilities.test.js","docs/research/cli/evidence/gap-2026-10-05/continuation-2026-10-09/private-v4-final2-unassigned-worker/inputs/preparation.json","docs/research/cli/evidence/gap-2026-10-05/continuation-2026-10-09/private-v4-final2-unassigned-worker/inputs/source-closure.json","docs/research/cli/evidence/gap-2026-10-05/continuation-2026-10-09/private-v4-final2-unassigned-worker/inputs/vitest.config.js","docs/research/cli/evidence/gap-2026-10-05/continuation-2026-10-09/private-v4-final2-unassigned-worker/inputs/windows-node-private-v4.manifest.json","docs/research/cli/evidence/gap-2026-10-05/continuation-2026-10-09/private-v4-final2-unassigned-worker/inputs/windows-node-private-v4.report-helper-50a3b6f6-c2af-47e8-bb95-d7c169db24fb.manifest.json","docs/research/cli/evidence/gap-2026-10-05/continuation-2026-10-09/private-v4-final2-unassigned-worker/journal.jsonl","docs/research/cli/evidence/gap-2026-10-05/continuation-2026-10-09/private-v4-final2-unassigned-worker/manifest.json","docs/research/cli/evidence/gap-2026-10-05/continuation-2026-10-09/private-v4-final2-unassigned-worker/report.json","docs/research/cli/evidence/gap-2026-10-05/continuation-2026-10-09/private-v4-final2-unassigned-worker/service.json","docs/research/cli/evidence/gap-2026-10-05/continuation-2026-10-09/private-v4-final2-unassigned-worker/source/windows-esbuild-private-map-shim.cpp","docs/research/cli/evidence/gap-2026-10-05/continuation-2026-10-09/private-v4-final2-unassigned-worker/source/windows-esbuild-private-map-supervisor.cpp","docs/research/cli/evidence/gap-2026-10-05/continuation-2026-10-09/private-v4-final2-unassigned-worker/source/windows-node-private-v4-adapter.cpp","docs/research/cli/evidence/gap-2026-10-05/continuation-2026-10-09/private-v4-final2-unassigned-worker/source/windows-node-private-v4-adapter.h","docs/research/cli/evidence/gap-2026-10-05/continuation-2026-10-09/private-v4-final2-unassigned-worker/source/windows-node-private-v4-broker.cpp","docs/research/cli/evidence/gap-2026-10-05/continuation-2026-10-09/private-v4-final2-unassigned-worker/source/windows-node-private-v4-dependencies.mjs","docs/research/cli/evidence/gap-2026-10-05/continuation-2026-10-09/private-v4-final2-unassigned-worker/source/windows-node-private-v4-diagnostic.mjs","docs/research/cli/evidence/gap-2026-10-05/continuation-2026-10-09/private-v4-final2-unassigned-worker/source/windows-node-private-v4-identity.cjs","docs/research/cli/evidence/gap-2026-10-05/continuation-2026-10-09/private-v4-final2-unassigned-worker/source/windows-node-private-v4-paired.h","docs/research/cli/evidence/gap-2026-10-05/continuation-2026-10-09/private-v4-final2-unassigned-worker/source/windows-node-private-v4-preload.cjs","docs/research/cli/evidence/gap-2026-10-05/continuation-2026-10-09/private-v4-final2-unassigned-worker/source/windows-node-private-v4-protocol.h","docs/research/cli/evidence/gap-2026-10-05/continuation-2026-10-09/private-v4-final2-unassigned-worker/source/windows-node-private-v4-result.mjs","docs/research/cli/evidence/gap-2026-10-05/continuation-2026-10-09/private-v4-final2-unassigned-worker/stderr","docs/research/cli/evidence/gap-2026-10-05/continuation-2026-10-09/private-v4-final2-unassigned-worker/stdout","docs/research/cli/evidence/gap-2026-10-05/continuation-2026-10-09/private-v4-op4-additional-review-source.mjs","docs/research/cli/evidence/gap-2026-10-05/continuation-2026-10-09/private-v4-op4-additional-review.json","docs/research/cli/evidence/gap-2026-10-05/continuation-2026-10-09/private-v4-undici-empty-bookkeeping-failure/archive-manifest.json","docs/research/cli/evidence/gap-2026-10-05/continuation-2026-10-09/private-v4-undici-empty-bookkeeping-failure/inputs/manifest.json","docs/research/cli/evidence/gap-2026-10-05/continuation-2026-10-09/private-v4-undici-empty-bookkeeping-failure/inputs/preparation.json","docs/research/cli/evidence/gap-2026-10-05/continuation-2026-10-09/private-v4-undici-empty-bookkeeping-failure/inputs/source-closure.json","docs/research/cli/evidence/gap-2026-10-05/continuation-2026-10-09/private-v4-undici-empty-bookkeeping-failure/report.json","docs/research/cli/evidence/gap-2026-10-05/continuation-2026-10-09/private-v4-undici-empty-bookkeeping-failure/source/windows-esbuild-private-map-shim.cpp","docs/research/cli/evidence/gap-2026-10-05/continuation-2026-10-09/private-v4-undici-empty-bookkeeping-failure/source/windows-esbuild-private-map-supervisor.cpp","docs/research/cli/evidence/gap-2026-10-05/continuation-2026-10-09/private-v4-undici-empty-bookkeeping-failure/source/windows-node-private-v4-adapter.cpp","docs/research/cli/evidence/gap-2026-10-05/continuation-2026-10-09/private-v4-undici-empty-bookkeeping-failure/source/windows-node-private-v4-adapter.h","docs/research/cli/evidence/gap-2026-10-05/continuation-2026-10-09/private-v4-undici-empty-bookkeeping-failure/source/windows-node-private-v4-broker.cpp","docs/research/cli/evidence/gap-2026-10-05/continuation-2026-10-09/private-v4-undici-empty-bookkeeping-failure/source/windows-node-private-v4-diagnostic.mjs","docs/research/cli/evidence/gap-2026-10-05/continuation-2026-10-09/private-v4-undici-empty-bookkeeping-failure/source/windows-node-private-v4-identity.cjs","docs/research/cli/evidence/gap-2026-10-05/continuation-2026-10-09/private-v4-undici-empty-bookkeeping-failure/source/windows-node-private-v4-paired.h","docs/research/cli/evidence/gap-2026-10-05/continuation-2026-10-09/private-v4-undici-empty-bookkeeping-failure/source/windows-node-private-v4-preload.cjs","docs/research/cli/evidence/gap-2026-10-05/continuation-2026-10-09/private-v4-undici-empty-bookkeeping-failure/source/windows-node-private-v4-protocol.h","docs/research/cli/evidence/gap-2026-10-05/continuation-2026-10-09/private-v4-undici-empty-bookkeeping-failure/source/windows-node-private-v4-result.mjs","docs/research/cli/evidence/gap-2026-10-05/continuation-2026-10-09/quality-61d91325d0/archive-manifest.json","docs/research/cli/evidence/gap-2026-10-05/continuation-2026-10-09/quality-61d91325d0/artifacts-1.json","docs/research/cli/evidence/gap-2026-10-05/continuation-2026-10-09/quality-61d91325d0/jobs-1.json","docs/research/cli/evidence/gap-2026-10-05/continuation-2026-10-09/quality-61d91325d0/readback.json","docs/research/cli/evidence/gap-2026-10-05/continuation-2026-10-09/quality-61d91325d0/run.json","docs/research/cli/evidence/gap-2026-10-05/continuation-2026-10-09/quality-61d91325d0/security-audit-log-refusal.json","docs/research/cli/evidence/gap-2026-10-05/continuation-2026-10-09/strict-61d91325d0/archive-manifest.json","docs/research/cli/evidence/gap-2026-10-05/continuation-2026-10-09/strict-61d91325d0/artifacts-1.json","docs/research/cli/evidence/gap-2026-10-05/continuation-2026-10-09/strict-61d91325d0/jobs-1.json","docs/research/cli/evidence/gap-2026-10-05/continuation-2026-10-09/strict-61d91325d0/readback.json","docs/research/cli/evidence/gap-2026-10-05/continuation-2026-10-09/strict-61d91325d0/run.json","docs/research/cli/evidence/gap-2026-10-05/continuation-2026-10-09/verify12-current-regression/archive-manifest.json","docs/research/cli/evidence/gap-2026-10-05/continuation-2026-10-09/verify12-current-regression/baseline/__tests__/unit/background-command-argv.test.js","docs/research/cli/evidence/gap-2026-10-05/continuation-2026-10-09/verify12-current-regression/baseline/package.json","docs/research/cli/evidence/gap-2026-10-05/continuation-2026-10-09/verify12-current-regression/baseline/results.json","docs/research/cli/evidence/gap-2026-10-05/continuation-2026-10-09/verify12-current-regression/baseline/src/lib/background-command-argv.js","docs/research/cli/evidence/gap-2026-10-05/continuation-2026-10-09/verify12-current-regression/baseline/stderr.txt","docs/research/cli/evidence/gap-2026-10-05/continuation-2026-10-09/verify12-current-regression/baseline/stdout.txt","docs/research/cli/evidence/gap-2026-10-05/continuation-2026-10-09/verify12-current-regression/baseline/vitest.config.mjs","docs/research/cli/evidence/gap-2026-10-05/continuation-2026-10-09/verify12-current-regression/mutant/__tests__/unit/background-command-argv.test.js","docs/research/cli/evidence/gap-2026-10-05/continuation-2026-10-09/verify12-current-regression/mutant/package.json","docs/research/cli/evidence/gap-2026-10-05/continuation-2026-10-09/verify12-current-regression/mutant/results.json","docs/research/cli/evidence/gap-2026-10-05/continuation-2026-10-09/verify12-current-regression/mutant/src/lib/background-command-argv.js","docs/research/cli/evidence/gap-2026-10-05/continuation-2026-10-09/verify12-current-regression/mutant/stderr.txt","docs/research/cli/evidence/gap-2026-10-05/continuation-2026-10-09/verify12-current-regression/mutant/stdout.txt","docs/research/cli/evidence/gap-2026-10-05/continuation-2026-10-09/verify12-current-regression/mutant/vitest.config.mjs","docs/research/cli/evidence/gap-2026-10-05/continuation-2026-10-09/verify12-current-regression/report.json","docs/research/cli/evidence/gap-2026-10-05/continuation-2026-10-09/verify20-current-regression/archive-manifest.json","docs/research/cli/evidence/gap-2026-10-05/continuation-2026-10-09/verify20-current-regression/baseline/__tests__/unit/permission-decision-precedence.test.js","docs/research/cli/evidence/gap-2026-10-05/continuation-2026-10-09/verify20-current-regression/baseline/package.json","docs/research/cli/evidence/gap-2026-10-05/continuation-2026-10-09/verify20-current-regression/baseline/results.json","docs/research/cli/evidence/gap-2026-10-05/continuation-2026-10-09/verify20-current-regression/baseline/src/lib/credential-guard.js","docs/research/cli/evidence/gap-2026-10-05/continuation-2026-10-09/verify20-current-regression/baseline/src/lib/permission-decision.js","docs/research/cli/evidence/gap-2026-10-05/continuation-2026-10-09/verify20-current-regression/baseline/src/lib/secret-scan.js","docs/research/cli/evidence/gap-2026-10-05/continuation-2026-10-09/verify20-current-regression/baseline/src/runtime/coding-agent-shell-policy.cjs","docs/research/cli/evidence/gap-2026-10-05/continuation-2026-10-09/verify20-current-regression/baseline/stderr.txt","docs/research/cli/evidence/gap-2026-10-05/continuation-2026-10-09/verify20-current-regression/baseline/stdout.txt","docs/research/cli/evidence/gap-2026-10-05/continuation-2026-10-09/verify20-current-regression/baseline/vitest.config.mjs","docs/research/cli/evidence/gap-2026-10-05/continuation-2026-10-09/verify20-current-regression/mutant/__tests__/unit/permission-decision-precedence.test.js","docs/research/cli/evidence/gap-2026-10-05/continuation-2026-10-09/verify20-current-regression/mutant/package.json","docs/research/cli/evidence/gap-2026-10-05/continuation-2026-10-09/verify20-current-regression/mutant/results.json","docs/research/cli/evidence/gap-2026-10-05/continuation-2026-10-09/verify20-current-regression/mutant/src/lib/credential-guard.js","docs/research/cli/evidence/gap-2026-10-05/continuation-2026-10-09/verify20-current-regression/mutant/src/lib/permission-decision.js","docs/research/cli/evidence/gap-2026-10-05/continuation-2026-10-09/verify20-current-regression/mutant/src/lib/secret-scan.js","docs/research/cli/evidence/gap-2026-10-05/continuation-2026-10-09/verify20-current-regression/mutant/src/runtime/coding-agent-shell-policy.cjs","docs/research/cli/evidence/gap-2026-10-05/continuation-2026-10-09/verify20-current-regression/mutant/stderr.txt","docs/research/cli/evidence/gap-2026-10-05/continuation-2026-10-09/verify20-current-regression/mutant/stdout.txt","docs/research/cli/evidence/gap-2026-10-05/continuation-2026-10-09/verify20-current-regression/mutant/vitest.config.mjs","docs/research/cli/evidence/gap-2026-10-05/continuation-2026-10-09/verify20-current-regression/report.json","docs/research/cli/evidence/gap-2026-10-05/continuation-2026-10-09/verify29-current-regression/archive-manifest.json","docs/research/cli/evidence/gap-2026-10-05/continuation-2026-10-09/verify29-current-regression/baseline/package.json","docs/research/cli/evidence/gap-2026-10-05/continuation-2026-10-09/verify29-current-regression/baseline/src/chat/permission-mode-state.js","docs/research/cli/evidence/gap-2026-10-05/continuation-2026-10-09/verify29-current-regression/baseline/stderr.txt","docs/research/cli/evidence/gap-2026-10-05/continuation-2026-10-09/verify29-current-regression/baseline/stdout.tap","docs/research/cli/evidence/gap-2026-10-05/continuation-2026-10-09/verify29-current-regression/baseline/test/permission-mode-state.test.cjs","docs/research/cli/evidence/gap-2026-10-05/continuation-2026-10-09/verify29-current-regression/mutant/package.json","docs/research/cli/evidence/gap-2026-10-05/continuation-2026-10-09/verify29-current-regression/mutant/src/chat/permission-mode-state.js","docs/research/cli/evidence/gap-2026-10-05/continuation-2026-10-09/verify29-current-regression/mutant/stderr.txt","docs/research/cli/evidence/gap-2026-10-05/continuation-2026-10-09/verify29-current-regression/mutant/stdout.tap","docs/research/cli/evidence/gap-2026-10-05/continuation-2026-10-09/verify29-current-regression/mutant/test/permission-mode-state.test.cjs","docs/research/cli/evidence/gap-2026-10-05/continuation-2026-10-09/verify29-current-regression/report.json","docs/research/cli/evidence/gap-2026-10-05/continuation-2026-10-09/verify30b-current-regression/archive-manifest.json","docs/research/cli/evidence/gap-2026-10-05/continuation-2026-10-09/verify30b-current-regression/baseline/package.json","docs/research/cli/evidence/gap-2026-10-05/continuation-2026-10-09/verify30b-current-regression/baseline/src/chat/image-decode-budget.js","docs/research/cli/evidence/gap-2026-10-05/continuation-2026-10-09/verify30b-current-regression/baseline/stderr.txt","docs/research/cli/evidence/gap-2026-10-05/continuation-2026-10-09/verify30b-current-regression/baseline/stdout.tap","docs/research/cli/evidence/gap-2026-10-05/continuation-2026-10-09/verify30b-current-regression/baseline/test/image-decode-budget.test.cjs","docs/research/cli/evidence/gap-2026-10-05/continuation-2026-10-09/verify30b-current-regression/mutant/package.json","docs/research/cli/evidence/gap-2026-10-05/continuation-2026-10-09/verify30b-current-regression/mutant/src/chat/image-decode-budget.js","docs/research/cli/evidence/gap-2026-10-05/continuation-2026-10-09/verify30b-current-regression/mutant/stderr.txt","docs/research/cli/evidence/gap-2026-10-05/continuation-2026-10-09/verify30b-current-regression/mutant/stdout.tap","docs/research/cli/evidence/gap-2026-10-05/continuation-2026-10-09/verify30b-current-regression/mutant/test/image-decode-budget.test.cjs","docs/research/cli/evidence/gap-2026-10-05/continuation-2026-10-09/verify30b-current-regression/package.json.before","docs/research/cli/evidence/gap-2026-10-05/continuation-2026-10-09/verify30b-current-regression/report.json","docs/research/cli/evidence/gap-2026-10-05/continuation-2026-10-09/windows-job-recovery-failure-v1/archive-manifest.json","docs/research/cli/evidence/gap-2026-10-05/continuation-2026-10-09/windows-job-recovery-failure-v1/build.json","docs/research/cli/evidence/gap-2026-10-05/continuation-2026-10-09/windows-job-recovery-failure-v1/native.stderr.txt","docs/research/cli/evidence/gap-2026-10-05/continuation-2026-10-09/windows-job-recovery-failure-v1/native.stdout.json","docs/research/cli/evidence/gap-2026-10-05/continuation-2026-10-09/windows-job-recovery-failure-v1/report.json","docs/research/cli/evidence/gap-2026-10-05/continuation-2026-10-09/windows-job-recovery-failure-v1/windows-job-recovery-probe.cs","docs/research/cli/evidence/gap-2026-10-05/continuation-2026-10-09/windows-job-recovery-failure-v2/archive-manifest.json","docs/research/cli/evidence/gap-2026-10-05/continuation-2026-10-09/windows-job-recovery-failure-v2/build.json","docs/research/cli/evidence/gap-2026-10-05/continuation-2026-10-09/windows-job-recovery-failure-v2/native.stderr.txt","docs/research/cli/evidence/gap-2026-10-05/continuation-2026-10-09/windows-job-recovery-failure-v2/native.stdout.json","docs/research/cli/evidence/gap-2026-10-05/continuation-2026-10-09/windows-job-recovery-failure-v2/report.json","docs/research/cli/evidence/gap-2026-10-05/continuation-2026-10-09/windows-job-recovery-failure-v2/windows-job-recovery-probe.cs","docs/research/cli/evidence/gap-2026-10-05/continuation-2026-10-09/windows-job-recovery-final/archive-manifest.json","docs/research/cli/evidence/gap-2026-10-05/continuation-2026-10-09/windows-job-recovery-final/build.json","docs/research/cli/evidence/gap-2026-10-05/continuation-2026-10-09/windows-job-recovery-final/native.stderr.txt","docs/research/cli/evidence/gap-2026-10-05/continuation-2026-10-09/windows-job-recovery-final/native.stdout.json","docs/research/cli/evidence/gap-2026-10-05/continuation-2026-10-09/windows-job-recovery-final/report.json","docs/research/cli/evidence/gap-2026-10-05/continuation-2026-10-09/windows-job-recovery-final/unassigned.stderr.txt","docs/research/cli/evidence/gap-2026-10-05/continuation-2026-10-09/windows-job-recovery-final/unassigned.stdout.json","docs/research/cli/evidence/gap-2026-10-05/continuation-2026-10-09/windows-job-recovery-final/windows-job-recovery-evidence.mjs","docs/research/cli/evidence/gap-2026-10-05/continuation-2026-10-09/windows-job-recovery-final/windows-job-recovery-evidence.node-test.mjs","docs/research/cli/evidence/gap-2026-10-05/continuation-2026-10-09/windows-job-recovery-final/windows-job-recovery-probe.cs","docs/research/cli/evidence/gap-2026-10-05/continuation-2026-10-09/windows-job-recovery-final/windows-job-recovery-probe.mjs","docs/research/cli/evidence/gap-2026-10-05/continuation-2026-10-09/windows-private-v4-config-b/archive-manifest.json","docs/research/cli/evidence/gap-2026-10-05/continuation-2026-10-09/windows-private-v4-config-b/journal.jsonl","docs/research/cli/evidence/gap-2026-10-05/continuation-2026-10-09/windows-private-v4-config-b/manifest.json","docs/research/cli/evidence/gap-2026-10-05/continuation-2026-10-09/windows-private-v4-config-b/report.json","docs/research/cli/evidence/gap-2026-10-05/continuation-2026-10-09/windows-private-v4-config-b/source/run-private-v4-frozen.mjs","docs/research/cli/evidence/gap-2026-10-05/continuation-2026-10-09/windows-private-v4-config-b/source/windows-esbuild-private-map-shim.cpp","docs/research/cli/evidence/gap-2026-10-05/continuation-2026-10-09/windows-private-v4-config-b/source/windows-esbuild-private-map-supervisor.cpp","docs/research/cli/evidence/gap-2026-10-05/continuation-2026-10-09/windows-private-v4-config-b/source/windows-node-private-v4-adapter.cpp","docs/research/cli/evidence/gap-2026-10-05/continuation-2026-10-09/windows-private-v4-config-b/source/windows-node-private-v4-adapter.h","docs/research/cli/evidence/gap-2026-10-05/continuation-2026-10-09/windows-private-v4-config-b/source/windows-node-private-v4-broker.cpp","docs/research/cli/evidence/gap-2026-10-05/continuation-2026-10-09/windows-private-v4-config-b/source/windows-node-private-v4-paired.h","docs/research/cli/evidence/gap-2026-10-05/continuation-2026-10-09/windows-private-v4-config-b/source/windows-node-private-v4-protocol.h","docs/research/cli/evidence/gap-2026-10-05/continuation-2026-10-09/windows-private-v4-config-b/stderr","docs/research/cli/evidence/gap-2026-10-05/continuation-2026-10-09/windows-private-v4-config-b/stdout","docs/research/cli/evidence/gap-2026-10-05/continuation-2026-10-09/windows-private-v4-first-forks-k/archive-manifest.json","docs/research/cli/evidence/gap-2026-10-05/continuation-2026-10-09/windows-private-v4-first-forks-k/journal.jsonl","docs/research/cli/evidence/gap-2026-10-05/continuation-2026-10-09/windows-private-v4-first-forks-k/manifest.json","docs/research/cli/evidence/gap-2026-10-05/continuation-2026-10-09/windows-private-v4-first-forks-k/report.json","docs/research/cli/evidence/gap-2026-10-05/continuation-2026-10-09/windows-private-v4-first-forks-k/source/run-private-v4-frozen.mjs","docs/research/cli/evidence/gap-2026-10-05/continuation-2026-10-09/windows-private-v4-first-forks-k/source/windows-esbuild-private-map-shim.cpp","docs/research/cli/evidence/gap-2026-10-05/continuation-2026-10-09/windows-private-v4-first-forks-k/source/windows-esbuild-private-map-supervisor.cpp","docs/research/cli/evidence/gap-2026-10-05/continuation-2026-10-09/windows-private-v4-first-forks-k/source/windows-node-private-v4-adapter.cpp","docs/research/cli/evidence/gap-2026-10-05/continuation-2026-10-09/windows-private-v4-first-forks-k/source/windows-node-private-v4-adapter.h","docs/research/cli/evidence/gap-2026-10-05/continuation-2026-10-09/windows-private-v4-first-forks-k/source/windows-node-private-v4-broker.cpp","docs/research/cli/evidence/gap-2026-10-05/continuation-2026-10-09/windows-private-v4-first-forks-k/source/windows-node-private-v4-identity.cjs","docs/research/cli/evidence/gap-2026-10-05/continuation-2026-10-09/windows-private-v4-first-forks-k/source/windows-node-private-v4-paired.h","docs/research/cli/evidence/gap-2026-10-05/continuation-2026-10-09/windows-private-v4-first-forks-k/source/windows-node-private-v4-preload.cjs","docs/research/cli/evidence/gap-2026-10-05/continuation-2026-10-09/windows-private-v4-first-forks-k/source/windows-node-private-v4-protocol.h","docs/research/cli/evidence/gap-2026-10-05/continuation-2026-10-09/windows-private-v4-first-forks-k/stderr","docs/research/cli/evidence/gap-2026-10-05/continuation-2026-10-09/windows-private-v4-first-forks-k/stdout","docs/research/cli/evidence/gap-2026-10-05/continuation-2026-10-09/windows-private-v4-service-c/archive-manifest.json","docs/research/cli/evidence/gap-2026-10-05/continuation-2026-10-09/windows-private-v4-service-c/bundle.js","docs/research/cli/evidence/gap-2026-10-05/continuation-2026-10-09/windows-private-v4-service-c/esbuild-trace.jsonl","docs/research/cli/evidence/gap-2026-10-05/continuation-2026-10-09/windows-private-v4-service-c/manifest.json","docs/research/cli/evidence/gap-2026-10-05/continuation-2026-10-09/windows-private-v4-service-c/report.json","docs/research/cli/evidence/gap-2026-10-05/continuation-2026-10-09/windows-private-v4-service-c/service.json","docs/research/cli/evidence/gap-2026-10-05/continuation-2026-10-09/windows-private-v4-service-c/source/run-private-v4.mjs","docs/research/cli/evidence/gap-2026-10-05/continuation-2026-10-09/windows-private-v4-service-c/source/windows-esbuild-private-map-shim.cpp","docs/research/cli/evidence/gap-2026-10-05/continuation-2026-10-09/windows-private-v4-service-c/source/windows-esbuild-private-map-supervisor.cpp","docs/research/cli/evidence/gap-2026-10-05/continuation-2026-10-09/windows-private-v4-service-c/source/windows-node-private-v4-adapter.cpp","docs/research/cli/evidence/gap-2026-10-05/continuation-2026-10-09/windows-private-v4-service-c/source/windows-node-private-v4-adapter.h","docs/research/cli/evidence/gap-2026-10-05/continuation-2026-10-09/windows-private-v4-service-c/source/windows-node-private-v4-broker.cpp","docs/research/cli/evidence/gap-2026-10-05/continuation-2026-10-09/windows-private-v4-service-c/source/windows-node-private-v4-paired.h","docs/research/cli/evidence/gap-2026-10-05/continuation-2026-10-09/windows-private-v4-service-c/source/windows-node-private-v4-protocol.h","docs/research/cli/evidence/gap-2026-10-05/continuation-2026-10-09/windows-private-v4-service-c/stderr","docs/research/cli/evidence/gap-2026-10-05/continuation-2026-10-09/windows-private-v4-service-c/stdout","docs/research/cli/evidence/gap-2026-10-05/release-0.166.95/README.md","docs/research/cli/evidence/gap-2026-10-05/release-0.166.95/npm-publish-failure/failed-job/job.json","docs/research/cli/evidence/gap-2026-10-05/release-0.166.95/npm-publish-failure/failed-job/job.log","docs/research/cli/evidence/gap-2026-10-05/release-0.166.95/npm-publish-failure/failed-job/readback.json","docs/research/cli/evidence/gap-2026-10-05/release-0.166.95/npm-publish-failure/failed-job/run.json","docs/research/cli/evidence/gap-2026-10-05/release-0.166.95/npm-publish-failure/manifest.json","docs/research/cli/evidence/gap-2026-10-05/release-0.166.95/npm-publish-failure/workflow/artifacts-1.json","docs/research/cli/evidence/gap-2026-10-05/release-0.166.95/npm-publish-failure/workflow/jobs-1.json","docs/research/cli/evidence/gap-2026-10-05/release-0.166.95/npm-publish-failure/workflow/readback.json","docs/research/cli/evidence/gap-2026-10-05/release-0.166.95/npm-publish-failure/workflow/run.json","docs/research/cli/evidence/gap-2026-10-05/release-0.166.95/prepublish-attempt1/browser/artifacts.json","docs/research/cli/evidence/gap-2026-10-05/release-0.166.95/prepublish-attempt1/browser/linux-113767069701.log","docs/research/cli/evidence/gap-2026-10-05/release-0.166.95/prepublish-attempt1/browser/macos-113767069638.log","docs/research/cli/evidence/gap-2026-10-05/release-0.166.95/prepublish-attempt1/browser/unit-execution.json","docs/research/cli/evidence/gap-2026-10-05/release-0.166.95/prepublish-attempt1/browser/unit-results.json","docs/research/cli/evidence/gap-2026-10-05/release-0.166.95/prepublish-attempt1/browser/unit.stderr.txt","docs/research/cli/evidence/gap-2026-10-05/release-0.166.95/prepublish-attempt1/browser/unit.stdout.txt","docs/research/cli/evidence/gap-2026-10-05/release-0.166.95/prepublish-attempt1/browser/validate.mjs","docs/research/cli/evidence/gap-2026-10-05/release-0.166.95/prepublish-attempt1/browser/windows-113767069721.log","docs/research/cli/evidence/gap-2026-10-05/release-0.166.95/prepublish-attempt1/cli-ci/artifacts-1.json","docs/research/cli/evidence/gap-2026-10-05/release-0.166.95/prepublish-attempt1/cli-ci/jobs-1.json","docs/research/cli/evidence/gap-2026-10-05/release-0.166.95/prepublish-attempt1/cli-ci/readback.json","docs/research/cli/evidence/gap-2026-10-05/release-0.166.95/prepublish-attempt1/cli-ci/run.json","docs/research/cli/evidence/gap-2026-10-05/release-0.166.95/prepublish-attempt1/cli-contention/forced-contention-result.json","docs/research/cli/evidence/gap-2026-10-05/release-0.166.95/prepublish-attempt1/cli-contention/unit-3.xml","docs/research/cli/evidence/gap-2026-10-05/release-0.166.95/prepublish-attempt1/cli-contention/verify-contention.mjs","docs/research/cli/evidence/gap-2026-10-05/release-0.166.95/prepublish-attempt1/e2e-linux/job.json","docs/research/cli/evidence/gap-2026-10-05/release-0.166.95/prepublish-attempt1/e2e-linux/job.log","docs/research/cli/evidence/gap-2026-10-05/release-0.166.95/prepublish-attempt1/e2e-linux/readback.json","docs/research/cli/evidence/gap-2026-10-05/release-0.166.95/prepublish-attempt1/e2e-linux/run.json","docs/research/cli/evidence/gap-2026-10-05/release-0.166.95/prepublish-attempt1/ide/artifacts-1.json","docs/research/cli/evidence/gap-2026-10-05/release-0.166.95/prepublish-attempt1/ide/jobs-1.json","docs/research/cli/evidence/gap-2026-10-05/release-0.166.95/prepublish-attempt1/ide/readback.json","docs/research/cli/evidence/gap-2026-10-05/release-0.166.95/prepublish-attempt1/ide/run.json","docs/research/cli/evidence/gap-2026-10-05/release-0.166.95/prepublish-attempt1/manifest.json","docs/research/cli/evidence/gap-2026-10-05/release-0.166.95/prepublish-attempt1/model-catalog/artifacts-1.json","docs/research/cli/evidence/gap-2026-10-05/release-0.166.95/prepublish-attempt1/model-catalog/jobs-1.json","docs/research/cli/evidence/gap-2026-10-05/release-0.166.95/prepublish-attempt1/model-catalog/readback.json","docs/research/cli/evidence/gap-2026-10-05/release-0.166.95/prepublish-attempt1/model-catalog/run.json","docs/research/cli/evidence/gap-2026-10-05/release-0.166.95/prepublish-attempt1/pm-errors/job.json","docs/research/cli/evidence/gap-2026-10-05/release-0.166.95/prepublish-attempt1/pm-errors/job.log","docs/research/cli/evidence/gap-2026-10-05/release-0.166.95/prepublish-attempt1/pm-errors/readback.json","docs/research/cli/evidence/gap-2026-10-05/release-0.166.95/prepublish-attempt1/pm-errors/run.json","docs/research/cli/evidence/gap-2026-10-05/release-0.166.95/prepublish-attempt1/pm-performance/job.json","docs/research/cli/evidence/gap-2026-10-05/release-0.166.95/prepublish-attempt1/pm-performance/job.log","docs/research/cli/evidence/gap-2026-10-05/release-0.166.95/prepublish-attempt1/pm-performance/readback.json","docs/research/cli/evidence/gap-2026-10-05/release-0.166.95/prepublish-attempt1/pm-performance/run.json","docs/research/cli/evidence/gap-2026-10-05/release-0.166.95/prepublish-attempt1/verify01-manifest.json","docs/research/cli/evidence/gap-2026-10-05/release-0.166.95/prepublish-attempt1/verify01/capture-manifest.json","docs/research/cli/evidence/gap-2026-10-05/release-0.166.95/prepublish-attempt1/verify01/diagnosis.json","docs/research/cli/evidence/gap-2026-10-05/release-0.166.95/prepublish-attempt1/verify01/pr-annotations.json","docs/research/cli/evidence/gap-2026-10-05/release-0.166.95/prepublish-attempt1/verify01/pr-artifacts.json","docs/research/cli/evidence/gap-2026-10-05/release-0.166.95/prepublish-attempt1/verify01/pr-gh-rendered.log","docs/research/cli/evidence/gap-2026-10-05/release-0.166.95/prepublish-attempt1/verify01/pr-job.json","docs/research/cli/evidence/gap-2026-10-05/release-0.166.95/prepublish-attempt1/verify01/pr-job.log.error.json","docs/research/cli/evidence/gap-2026-10-05/release-0.166.95/prepublish-attempt1/verify01/pr-jobs.json","docs/research/cli/evidence/gap-2026-10-05/release-0.166.95/prepublish-attempt1/verify01/pr-run.json","docs/research/cli/evidence/gap-2026-10-05/release-0.166.95/prepublish-attempt1/verify01/push-annotations.json","docs/research/cli/evidence/gap-2026-10-05/release-0.166.95/prepublish-attempt1/verify01/push-artifacts.json","docs/research/cli/evidence/gap-2026-10-05/release-0.166.95/prepublish-attempt1/verify01/push-gh-rendered.log.error.json","docs/research/cli/evidence/gap-2026-10-05/release-0.166.95/prepublish-attempt1/verify01/push-job.json","docs/research/cli/evidence/gap-2026-10-05/release-0.166.95/prepublish-attempt1/verify01/push-job.log.error.json","docs/research/cli/evidence/gap-2026-10-05/release-0.166.95/prepublish-attempt1/verify01/push-jobs.json","docs/research/cli/evidence/gap-2026-10-05/release-0.166.95/prepublish-attempt1/verify01/push-run.json","docs/research/cli/evidence/gap-2026-10-05/release-0.166.95/prepublish-attempt2/ci-tests-43-final/artifacts-1.json","docs/research/cli/evidence/gap-2026-10-05/release-0.166.95/prepublish-attempt2/ci-tests-43-final/jobs-1.json","docs/research/cli/evidence/gap-2026-10-05/release-0.166.95/prepublish-attempt2/ci-tests-43-final/readback.json","docs/research/cli/evidence/gap-2026-10-05/release-0.166.95/prepublish-attempt2/ci-tests-43-final/run.json","docs/research/cli/evidence/gap-2026-10-05/release-0.166.95/prepublish-attempt2/cli-ci-43-attempt1-failed/artifacts-1.json","docs/research/cli/evidence/gap-2026-10-05/release-0.166.95/prepublish-attempt2/cli-ci-43-attempt1-failed/jobs-1.json","docs/research/cli/evidence/gap-2026-10-05/release-0.166.95/prepublish-attempt2/cli-ci-43-attempt1-failed/readback.json","docs/research/cli/evidence/gap-2026-10-05/release-0.166.95/prepublish-attempt2/cli-ci-43-attempt1-failed/run.json","docs/research/cli/evidence/gap-2026-10-05/release-0.166.95/prepublish-attempt2/cli-windows-unit3-43-success/job.json","docs/research/cli/evidence/gap-2026-10-05/release-0.166.95/prepublish-attempt2/cli-windows-unit3-43-success/job.log","docs/research/cli/evidence/gap-2026-10-05/release-0.166.95/prepublish-attempt2/cli-windows-unit3-43-success/readback.json","docs/research/cli/evidence/gap-2026-10-05/release-0.166.95/prepublish-attempt2/cli-windows-unit3-43-success/run.json","docs/research/cli/evidence/gap-2026-10-05/release-0.166.95/prepublish-attempt2/full-tests-43-final/artifacts-1.json","docs/research/cli/evidence/gap-2026-10-05/release-0.166.95/prepublish-attempt2/full-tests-43-final/jobs-1.json","docs/research/cli/evidence/gap-2026-10-05/release-0.166.95/prepublish-attempt2/full-tests-43-final/readback.json","docs/research/cli/evidence/gap-2026-10-05/release-0.166.95/prepublish-attempt2/full-tests-43-final/run.json","docs/research/cli/evidence/gap-2026-10-05/release-0.166.95/prepublish-attempt2/ide-43-final/artifacts-1.json","docs/research/cli/evidence/gap-2026-10-05/release-0.166.95/prepublish-attempt2/ide-43-final/jobs-1.json","docs/research/cli/evidence/gap-2026-10-05/release-0.166.95/prepublish-attempt2/ide-43-final/readback.json","docs/research/cli/evidence/gap-2026-10-05/release-0.166.95/prepublish-attempt2/ide-43-final/run.json","docs/research/cli/evidence/gap-2026-10-05/release-0.166.95/prepublish-attempt2/manifest.json","docs/research/cli/evidence/gap-2026-10-05/release-0.166.95/prepublish-attempt2/model-catalog-43-final/artifacts-1.json","docs/research/cli/evidence/gap-2026-10-05/release-0.166.95/prepublish-attempt2/model-catalog-43-final/jobs-1.json","docs/research/cli/evidence/gap-2026-10-05/release-0.166.95/prepublish-attempt2/model-catalog-43-final/readback.json","docs/research/cli/evidence/gap-2026-10-05/release-0.166.95/prepublish-attempt2/model-catalog-43-final/run.json","docs/research/cli/evidence/gap-2026-10-05/release-0.166.95/prepublish-attempt2/pr-tests-43-final/artifacts-1.json","docs/research/cli/evidence/gap-2026-10-05/release-0.166.95/prepublish-attempt2/pr-tests-43-final/jobs-1.json","docs/research/cli/evidence/gap-2026-10-05/release-0.166.95/prepublish-attempt2/pr-tests-43-final/readback.json","docs/research/cli/evidence/gap-2026-10-05/release-0.166.95/prepublish-attempt2/pr-tests-43-final/run.json","docs/research/cli/evidence/gap-2026-10-05/release-0.166.95/prepublish-attempt2/quality-43-final/artifacts-1.json","docs/research/cli/evidence/gap-2026-10-05/release-0.166.95/prepublish-attempt2/quality-43-final/jobs-1.json","docs/research/cli/evidence/gap-2026-10-05/release-0.166.95/prepublish-attempt2/quality-43-final/readback.json","docs/research/cli/evidence/gap-2026-10-05/release-0.166.95/prepublish-attempt2/quality-43-final/run.json","docs/research/cli/evidence/gap-2026-10-05/release-0.166.95/prepublish-attempt2/safety-43-final/artifacts-1.json","docs/research/cli/evidence/gap-2026-10-05/release-0.166.95/prepublish-attempt2/safety-43-final/jobs-1.json","docs/research/cli/evidence/gap-2026-10-05/release-0.166.95/prepublish-attempt2/safety-43-final/readback.json","docs/research/cli/evidence/gap-2026-10-05/release-0.166.95/prepublish-attempt2/safety-43-final/run.json","docs/research/cli/evidence/gap-2026-10-05/release-0.166.95/prepublish-attempt2/strict-43-final/artifacts-1.json","docs/research/cli/evidence/gap-2026-10-05/release-0.166.95/prepublish-attempt2/strict-43-final/jobs-1.json","docs/research/cli/evidence/gap-2026-10-05/release-0.166.95/prepublish-attempt2/strict-43-final/readback.json","docs/research/cli/evidence/gap-2026-10-05/release-0.166.95/prepublish-attempt2/strict-43-final/run.json","docs/research/cli/evidence/gap-2026-10-05/release-0.166.95/prepublish-attempt2/verify-cli-windows-43-attempt1-log/job.json","docs/research/cli/evidence/gap-2026-10-05/release-0.166.95/prepublish-attempt2/verify-cli-windows-43-attempt1-log/job.log","docs/research/cli/evidence/gap-2026-10-05/release-0.166.95/prepublish-attempt2/verify-cli-windows-43-attempt1-log/readback.json","docs/research/cli/evidence/gap-2026-10-05/release-0.166.95/prepublish-attempt2/verify-cli-windows-43-attempt1-log/run.json","docs/research/cli/evidence/gap-2026-10-05/release-0.166.95/prepublish-attempt3/ci-tests-a3-before-supersession/artifacts-1.json","docs/research/cli/evidence/gap-2026-10-05/release-0.166.95/prepublish-attempt3/ci-tests-a3-before-supersession/jobs-1.json","docs/research/cli/evidence/gap-2026-10-05/release-0.166.95/prepublish-attempt3/ci-tests-a3-before-supersession/readback.json","docs/research/cli/evidence/gap-2026-10-05/release-0.166.95/prepublish-attempt3/ci-tests-a3-before-supersession/run.json","docs/research/cli/evidence/gap-2026-10-05/release-0.166.95/prepublish-attempt3/ci-windows-host-a3-failed/job.json","docs/research/cli/evidence/gap-2026-10-05/release-0.166.95/prepublish-attempt3/ci-windows-host-a3-failed/job.log","docs/research/cli/evidence/gap-2026-10-05/release-0.166.95/prepublish-attempt3/ci-windows-host-a3-failed/readback.json","docs/research/cli/evidence/gap-2026-10-05/release-0.166.95/prepublish-attempt3/ci-windows-host-a3-failed/run.json","docs/research/cli/evidence/gap-2026-10-05/release-0.166.95/prepublish-attempt3/cli-ci-a3-before-supersession/artifacts-1.json","docs/research/cli/evidence/gap-2026-10-05/release-0.166.95/prepublish-attempt3/cli-ci-a3-before-supersession/jobs-1.json","docs/research/cli/evidence/gap-2026-10-05/release-0.166.95/prepublish-attempt3/cli-ci-a3-before-supersession/readback.json","docs/research/cli/evidence/gap-2026-10-05/release-0.166.95/prepublish-attempt3/cli-ci-a3-before-supersession/run.json","docs/research/cli/evidence/gap-2026-10-05/release-0.166.95/prepublish-attempt3/goal-restart-local-timing/stderr.log","docs/research/cli/evidence/gap-2026-10-05/release-0.166.95/prepublish-attempt3/goal-restart-local-timing/stdout.log","docs/research/cli/evidence/gap-2026-10-05/release-0.166.95/prepublish-attempt3/goal-restart-local-timing2/report.json","docs/research/cli/evidence/gap-2026-10-05/release-0.166.95/prepublish-attempt3/goal-restart-local-timing2/stderr.log","docs/research/cli/evidence/gap-2026-10-05/release-0.166.95/prepublish-attempt3/goal-restart-local-timing2/stdout.log","docs/research/cli/evidence/gap-2026-10-05/release-0.166.95/prepublish-attempt3/manifest.json","docs/research/cli/evidence/gap-2026-10-05/release-0.166.95/prepublish-attempt3/model-catalog-a3-final/artifacts-1.json","docs/research/cli/evidence/gap-2026-10-05/release-0.166.95/prepublish-attempt3/model-catalog-a3-final/jobs-1.json","docs/research/cli/evidence/gap-2026-10-05/release-0.166.95/prepublish-attempt3/model-catalog-a3-final/readback.json","docs/research/cli/evidence/gap-2026-10-05/release-0.166.95/prepublish-attempt3/model-catalog-a3-final/run.json","docs/research/cli/evidence/gap-2026-10-05/release-0.166.95/prepublish-attempt3/run-goal-restart-timing.mjs","docs/research/cli/evidence/gap-2026-10-05/release-0.166.95/prepublish-attempt4/archive-tools/astra-archive-arm64-attempt4-20261010.mjs","docs/research/cli/evidence/gap-2026-10-05/release-0.166.95/prepublish-attempt4/archive-tools/astra-capture-official-popup-sources-20261010.mjs","docs/research/cli/evidence/gap-2026-10-05/release-0.166.95/prepublish-attempt4/archive-tools/astra-finalize-official-popup-source-20261010.mjs","docs/research/cli/evidence/gap-2026-10-05/release-0.166.95/prepublish-attempt4/ci-job/job.json","docs/research/cli/evidence/gap-2026-10-05/release-0.166.95/prepublish-attempt4/ci-job/job.log","docs/research/cli/evidence/gap-2026-10-05/release-0.166.95/prepublish-attempt4/ci-job/readback.json","docs/research/cli/evidence/gap-2026-10-05/release-0.166.95/prepublish-attempt4/ci-job/run.json","docs/research/cli/evidence/gap-2026-10-05/release-0.166.95/prepublish-attempt4/ci-run/artifacts-1.json","docs/research/cli/evidence/gap-2026-10-05/release-0.166.95/prepublish-attempt4/ci-run/jobs-1.json","docs/research/cli/evidence/gap-2026-10-05/release-0.166.95/prepublish-attempt4/ci-run/readback.json","docs/research/cli/evidence/gap-2026-10-05/release-0.166.95/prepublish-attempt4/ci-run/run.json","docs/research/cli/evidence/gap-2026-10-05/release-0.166.95/prepublish-attempt4/host-artifact/jetbrains-windows-2026.2.0.1/diagnostics/009-fake-cli-protocol.jsonl","docs/research/cli/evidence/gap-2026-10-05/release-0.166.95/prepublish-attempt4/host-artifact/jetbrains-windows-2026.2.0.1/diagnostics/010-fake-cli-state.json","docs/research/cli/evidence/gap-2026-10-05/release-0.166.95/prepublish-attempt4/host-artifact/jetbrains-windows-2026.2.0.1/diagnostics/011-receipt.json","docs/research/cli/evidence/gap-2026-10-05/release-0.166.95/prepublish-attempt4/host-artifact/jetbrains-windows-2026.2.0.1/diagnostics/012-receipt.json","docs/research/cli/evidence/gap-2026-10-05/release-0.166.95/prepublish-attempt4/host-artifact/jetbrains-windows-2026.2.0.1/diagnostics/013-receipt.json","docs/research/cli/evidence/gap-2026-10-05/release-0.166.95/prepublish-attempt4/host-artifact/jetbrains-windows-2026.2.0.1/diagnostics/014-receipt.json","docs/research/cli/evidence/gap-2026-10-05/release-0.166.95/prepublish-attempt4/host-artifact/jetbrains-windows-2026.2.0.1/diagnostics/015-receipt.json","docs/research/cli/evidence/gap-2026-10-05/release-0.166.95/prepublish-attempt4/host-artifact/jetbrains-windows-2026.2.0.1/diagnostics/016-receipt.json","docs/research/cli/evidence/gap-2026-10-05/release-0.166.95/prepublish-attempt4/host-artifact/jetbrains-windows-2026.2.0.1/diagnostics/017-prepare.stderr.log","docs/research/cli/evidence/gap-2026-10-05/release-0.166.95/prepublish-attempt4/host-artifact/jetbrains-windows-2026.2.0.1/diagnostics/018-prepare.stdout.log","docs/research/cli/evidence/gap-2026-10-05/release-0.166.95/prepublish-attempt4/host-artifact/jetbrains-windows-2026.2.0.1/diagnostics/019-sandbox-ide-initial.stderr.log","docs/research/cli/evidence/gap-2026-10-05/release-0.166.95/prepublish-attempt4/host-artifact/jetbrains-windows-2026.2.0.1/diagnostics/020-sandbox-ide-initial.stdout.log","docs/research/cli/evidence/gap-2026-10-05/release-0.166.95/prepublish-attempt4/host-artifact/jetbrains-windows-2026.2.0.1/diagnostics/021-ui-smoke-initial.stderr.log","docs/research/cli/evidence/gap-2026-10-05/release-0.166.95/prepublish-attempt4/host-artifact/jetbrains-windows-2026.2.0.1/diagnostics/022-ui-smoke-initial.stdout.log","docs/research/cli/evidence/gap-2026-10-05/release-0.166.95/prepublish-attempt4/host-artifact/jetbrains-windows-2026.2.0.1/diagnostics/026-TEST-com.chainlesschain.ide.uitest.IdeUiSmokeTest.xml","docs/research/cli/evidence/gap-2026-10-05/release-0.166.95/prepublish-attempt4/host-artifact/jetbrains-windows-2026.2.0.1/diagnostics/027-TEST-com.chainlesschain.ide.uitest.NativeTranscriptProbeTest.xml","docs/research/cli/evidence/gap-2026-10-05/release-0.166.95/prepublish-attempt4/host-artifact/jetbrains-windows-2026.2.0.1/diagnostics/028-TEST-com.chainlesschain.ide.uitest.PluginStartupContractTest.xml","docs/research/cli/evidence/gap-2026-10-05/release-0.166.95/prepublish-attempt4/host-artifact/jetbrains-windows-2026.2.0.1/diagnostics/029-chat-control-journey-1791559192742.png","docs/research/cli/evidence/gap-2026-10-05/release-0.166.95/prepublish-attempt4/host-artifact/jetbrains-windows-2026.2.0.1/journey-evidence.json","docs/research/cli/evidence/gap-2026-10-05/release-0.166.95/prepublish-attempt4/host-artifact/runner-diagnostics/chainlesschain-windows-gui-guard.log","docs/research/cli/evidence/gap-2026-10-05/release-0.166.95/prepublish-attempt4/manifest.json","docs/research/cli/evidence/gap-2026-10-05/release-0.166.95/prepublish-attempt4/official-idea-source/AbstractPopup.java","docs/research/cli/evidence/gap-2026-10-05/release-0.166.95/prepublish-attempt4/official-idea-source/AbstractPopup.java.metadata.json","docs/research/cli/evidence/gap-2026-10-05/release-0.166.95/prepublish-attempt4/official-idea-source/PopupChooserBuilder.java","docs/research/cli/evidence/gap-2026-10-05/release-0.166.95/prepublish-attempt4/official-idea-source/PopupChooserBuilder.java.metadata.json","docs/research/cli/evidence/gap-2026-10-05/release-0.166.95/prepublish-attempt4/official-idea-source/PopupFactoryImpl.java","docs/research/cli/evidence/gap-2026-10-05/release-0.166.95/prepublish-attempt4/official-idea-source/PopupFactoryImpl.java.metadata.json","docs/research/cli/evidence/gap-2026-10-05/release-0.166.95/prepublish-attempt4/official-idea-source/PopupListAdapter.java","docs/research/cli/evidence/gap-2026-10-05/release-0.166.95/prepublish-attempt4/official-idea-source/PopupListAdapter.java.metadata.json","docs/research/cli/evidence/gap-2026-10-05/release-0.166.95/prepublish-attempt4/official-idea-source/prior-analysis-captures/AbstractPopup.java","docs/research/cli/evidence/gap-2026-10-05/release-0.166.95/prepublish-attempt4/official-idea-source/prior-analysis-captures/PopupChooserBuilder.java","docs/research/cli/evidence/gap-2026-10-05/release-0.166.95/prepublish-attempt4/official-idea-source/prior-analysis-captures/PopupFactoryImpl.java","docs/research/cli/evidence/gap-2026-10-05/release-0.166.95/prepublish-attempt4/official-idea-source/prior-analysis-captures/PopupListAdapter.java","docs/research/cli/evidence/gap-2026-10-05/release-0.166.95/prepublish-attempt4/official-idea-source/provenance.json","docs/research/cli/evidence/gap-2026-10-05/release-0.166.95/prepublish-attempt4/official-idea-source/tag-ref.json","docs/research/cli/evidence/gap-2026-10-05/release-0.166.95/prepublish-attempt4/official-idea-source/vendor-selected-release.json","docs/research/cli/evidence/gap-2026-10-05/release-0.166.95/prepublish-attempt4/popup-contract/IdeUiSmokeTest.corrected.source.java","docs/research/cli/evidence/gap-2026-10-05/release-0.166.95/prepublish-attempt4/popup-contract/IdeUiSmokeTest.source.java","docs/research/cli/evidence/gap-2026-10-05/release-0.166.95/prepublish-attempt4/popup-contract/actual-corrected-exact-script.js","docs/research/cli/evidence/gap-2026-10-05/release-0.166.95/prepublish-attempt4/popup-contract/actual-exact-script.js","docs/research/cli/evidence/gap-2026-10-05/release-0.166.95/prepublish-attempt4/popup-contract/actual-prefix-script.js","docs/research/cli/evidence/gap-2026-10-05/release-0.166.95/prepublish-attempt4/popup-contract/classpath.init.gradle","docs/research/cli/evidence/gap-2026-10-05/release-0.166.95/prepublish-attempt4/popup-contract/compilation-tool-record.json","docs/research/cli/evidence/gap-2026-10-05/release-0.166.95/prepublish-attempt4/popup-contract/compile.stderr.log","docs/research/cli/evidence/gap-2026-10-05/release-0.166.95/prepublish-attempt4/popup-contract/compile.stdout.log","docs/research/cli/evidence/gap-2026-10-05/release-0.166.95/prepublish-attempt4/popup-contract/compiled-driver-after-review.javap.txt","docs/research/cli/evidence/gap-2026-10-05/release-0.166.95/prepublish-attempt4/popup-contract/compiled-driver-before-review.javap.txt","docs/research/cli/evidence/gap-2026-10-05/release-0.166.95/prepublish-attempt4/popup-contract/report.json","docs/research/cli/evidence/gap-2026-10-05/release-0.166.95/prepublish-attempt4/popup-contract/review-finding.json","docs/research/cli/evidence/gap-2026-10-05/release-0.166.95/prepublish-attempt4/popup-contract/review-resolution.json","docs/research/cli/evidence/gap-2026-10-05/release-0.166.95/prepublish-attempt4/popup-contract/run.mjs","docs/research/cli/evidence/gap-2026-10-05/release-0.166.95/prepublish-attempt4/popup-contract/run.ps1","docs/research/cli/evidence/gap-2026-10-05/release-0.166.95/prepublish-attempt4/popup-contract/run.stderr.log","docs/research/cli/evidence/gap-2026-10-05/release-0.166.95/prepublish-attempt4/popup-contract/run.stdout.log","docs/research/cli/evidence/gap-2026-10-05/release-0.166.95/prepublish-attempt4/popup-contract/run2-metadata.json","docs/research/cli/evidence/gap-2026-10-05/release-0.166.95/prepublish-attempt4/popup-contract/run2.stderr.log","docs/research/cli/evidence/gap-2026-10-05/release-0.166.95/prepublish-attempt4/popup-contract/run2.stdout.log","docs/research/cli/evidence/gap-2026-10-05/release-0.166.95/prepublish-attempt4/popup-contract/runtime-classpath.txt","docs/research/cli/evidence/gap-2026-10-05/release-0.166.95/prepublish-attempt4/popup-contract/src/ExportActual.java","docs/research/cli/evidence/gap-2026-10-05/release-0.166.95/prepublish-attempt4/popup-contract/src/PopupDispatchContract.java","docs/research/cli/evidence/gap-2026-10-05/release-0.166.95/prepublish-attempt4/popup-contract/src/com/intellij/openapi/application/ApplicationManager.java","docs/research/cli/evidence/gap-2026-10-05/release-0.166.95/prepublish-attempt4/popup-contract/verify-review-correction.mjs","docs/research/cli/evidence/gap-2026-10-05/release-0.166.95/prepublish-attempt5/arm64-workflow-snapshot/artifacts-1.json","docs/research/cli/evidence/gap-2026-10-05/release-0.166.95/prepublish-attempt5/arm64-workflow-snapshot/jobs-1.json","docs/research/cli/evidence/gap-2026-10-05/release-0.166.95/prepublish-attempt5/arm64-workflow-snapshot/readback.json","docs/research/cli/evidence/gap-2026-10-05/release-0.166.95/prepublish-attempt5/arm64-workflow-snapshot/run.json","docs/research/cli/evidence/gap-2026-10-05/release-0.166.95/prepublish-attempt5/attempt4-manifest-before-path-fix.json","docs/research/cli/evidence/gap-2026-10-05/release-0.166.95/prepublish-attempt5/cli-checkout/job.json","docs/research/cli/evidence/gap-2026-10-05/release-0.166.95/prepublish-attempt5/cli-checkout/job.log","docs/research/cli/evidence/gap-2026-10-05/release-0.166.95/prepublish-attempt5/cli-checkout/readback.json","docs/research/cli/evidence/gap-2026-10-05/release-0.166.95/prepublish-attempt5/cli-checkout/run.json","docs/research/cli/evidence/gap-2026-10-05/release-0.166.95/prepublish-attempt5/cli-workflow-snapshot/artifacts-1.json","docs/research/cli/evidence/gap-2026-10-05/release-0.166.95/prepublish-attempt5/cli-workflow-snapshot/jobs-1.json","docs/research/cli/evidence/gap-2026-10-05/release-0.166.95/prepublish-attempt5/cli-workflow-snapshot/readback.json","docs/research/cli/evidence/gap-2026-10-05/release-0.166.95/prepublish-attempt5/cli-workflow-snapshot/run.json","docs/research/cli/evidence/gap-2026-10-05/release-0.166.95/prepublish-attempt5/independent-checkout-diagnosis/annotations.json","docs/research/cli/evidence/gap-2026-10-05/release-0.166.95/prepublish-attempt5/independent-checkout-diagnosis/diagnosis.json","docs/research/cli/evidence/gap-2026-10-05/release-0.166.95/prepublish-attempt5/independent-checkout-diagnosis/job.json","docs/research/cli/evidence/gap-2026-10-05/release-0.166.95/prepublish-attempt5/independent-checkout-diagnosis/job.log.error.json","docs/research/cli/evidence/gap-2026-10-05/release-0.166.95/prepublish-attempt5/independent-path-audit.json","docs/research/cli/evidence/gap-2026-10-05/release-0.166.95/prepublish-attempt5/manifest.json","docs/research/cli/evidence/gap-2026-10-05/release-0.166.95/prepublish-attempt5/shorten-archive-paths.mjs","docs/research/cli/evidence/gap-2026-10-05/release-0.166.95/prepublish-attempt6/api/arm64-job/261-job.json","docs/research/cli/evidence/gap-2026-10-05/release-0.166.95/prepublish-attempt6/api/arm64-job/262-job.log","docs/research/cli/evidence/gap-2026-10-05/release-0.166.95/prepublish-attempt6/api/arm64-job/263-readback.json","docs/research/cli/evidence/gap-2026-10-05/release-0.166.95/prepublish-attempt6/api/arm64-job/264-run.json","docs/research/cli/evidence/gap-2026-10-05/release-0.166.95/prepublish-attempt6/api/arm64/257-artifacts-1.json","docs/research/cli/evidence/gap-2026-10-05/release-0.166.95/prepublish-attempt6/api/arm64/258-jobs-1.json","docs/research/cli/evidence/gap-2026-10-05/release-0.166.95/prepublish-attempt6/api/arm64/259-readback.json","docs/research/cli/evidence/gap-2026-10-05/release-0.166.95/prepublish-attempt6/api/arm64/260-run.json","docs/research/cli/evidence/gap-2026-10-05/release-0.166.95/prepublish-attempt6/api/cli/016-snapshot-2026-10-09T17-31-43.489Z.json","docs/research/cli/evidence/gap-2026-10-05/release-0.166.95/prepublish-attempt6/api/gates/009-readback.json","docs/research/cli/evidence/gap-2026-10-05/release-0.166.95/prepublish-attempt6/api/gates/010-readback.json","docs/research/cli/evidence/gap-2026-10-05/release-0.166.95/prepublish-attempt6/api/gates/011-readback.json","docs/research/cli/evidence/gap-2026-10-05/release-0.166.95/prepublish-attempt6/api/gates/012-readback.json","docs/research/cli/evidence/gap-2026-10-05/release-0.166.95/prepublish-attempt6/api/gates/013-readback.json","docs/research/cli/evidence/gap-2026-10-05/release-0.166.95/prepublish-attempt6/api/gates/014-readback.json","docs/research/cli/evidence/gap-2026-10-05/release-0.166.95/prepublish-attempt6/api/gates/015-readback.json","docs/research/cli/evidence/gap-2026-10-05/release-0.166.95/prepublish-attempt6/api/host/001-job.json","docs/research/cli/evidence/gap-2026-10-05/release-0.166.95/prepublish-attempt6/api/host/002-job.log","docs/research/cli/evidence/gap-2026-10-05/release-0.166.95/prepublish-attempt6/api/host/003-readback.json","docs/research/cli/evidence/gap-2026-10-05/release-0.166.95/prepublish-attempt6/api/host/004-run.json","docs/research/cli/evidence/gap-2026-10-05/release-0.166.95/prepublish-attempt6/api/ide/005-artifacts-1.json","docs/research/cli/evidence/gap-2026-10-05/release-0.166.95/prepublish-attempt6/api/ide/006-jobs-1.json","docs/research/cli/evidence/gap-2026-10-05/release-0.166.95/prepublish-attempt6/api/ide/007-readback.json","docs/research/cli/evidence/gap-2026-10-05/release-0.166.95/prepublish-attempt6/api/ide/008-run.json","docs/research/cli/evidence/gap-2026-10-05/release-0.166.95/prepublish-attempt6/api/terminal/253-artifacts-1.json","docs/research/cli/evidence/gap-2026-10-05/release-0.166.95/prepublish-attempt6/api/terminal/254-jobs-1.json","docs/research/cli/evidence/gap-2026-10-05/release-0.166.95/prepublish-attempt6/api/terminal/255-readback.json","docs/research/cli/evidence/gap-2026-10-05/release-0.166.95/prepublish-attempt6/api/terminal/256-run.json","docs/research/cli/evidence/gap-2026-10-05/release-0.166.95/prepublish-attempt6/contracts/current/135-attempt1-junit.xml","docs/research/cli/evidence/gap-2026-10-05/release-0.166.95/prepublish-attempt6/contracts/current/136-attempt1-source.java","docs/research/cli/evidence/gap-2026-10-05/release-0.166.95/prepublish-attempt6/contracts/current/137-attempt2-event-diagnostics-junit.xml","docs/research/cli/evidence/gap-2026-10-05/release-0.166.95/prepublish-attempt6/contracts/current/138-attempt2-junit.xml","docs/research/cli/evidence/gap-2026-10-05/release-0.166.95/prepublish-attempt6/contracts/current/139-TEST-com.chainlesschain.ide.ActivityL.xml","docs/research/cli/evidence/gap-2026-10-05/release-0.166.95/prepublish-attempt6/contracts/current/140-TEST-com.chainlesschain.ide.AgentChat.xml","docs/research/cli/evidence/gap-2026-10-05/release-0.166.95/prepublish-attempt6/contracts/current/141-TEST-com.chainlesschain.ide.AgentTerm.xml","docs/research/cli/evidence/gap-2026-10-05/release-0.166.95/prepublish-attempt6/contracts/current/142-TEST-com.chainlesschain.ide.ApprovalG.xml","docs/research/cli/evidence/gap-2026-10-05/release-0.166.95/prepublish-attempt6/contracts/current/143-TEST-com.chainlesschain.ide.ApprovalR.xml","docs/research/cli/evidence/gap-2026-10-05/release-0.166.95/prepublish-attempt6/contracts/current/144-TEST-com.chainlesschain.ide.ApprovalS.xml","docs/research/cli/evidence/gap-2026-10-05/release-0.166.95/prepublish-attempt6/contracts/current/145-TEST-com.chainlesschain.ide.Artifacts.xml","docs/research/cli/evidence/gap-2026-10-05/release-0.166.95/prepublish-attempt6/contracts/current/146-TEST-com.chainlesschain.ide.AutoExecG.xml","docs/research/cli/evidence/gap-2026-10-05/release-0.166.95/prepublish-attempt6/contracts/current/147-TEST-com.chainlesschain.ide.Automatio.xml","docs/research/cli/evidence/gap-2026-10-05/release-0.166.95/prepublish-attempt6/contracts/current/148-TEST-com.chainlesschain.ide.Backgroun.xml","docs/research/cli/evidence/gap-2026-10-05/release-0.166.95/prepublish-attempt6/contracts/current/149-TEST-com.chainlesschain.ide.BridgeSec.xml","docs/research/cli/evidence/gap-2026-10-05/release-0.166.95/prepublish-attempt6/contracts/current/150-TEST-com.chainlesschain.ide.Capabilit.xml","docs/research/cli/evidence/gap-2026-10-05/release-0.166.95/prepublish-attempt6/contracts/current/151-TEST-com.chainlesschain.ide.CcAutomat.xml","docs/research/cli/evidence/gap-2026-10-05/release-0.166.95/prepublish-attempt6/contracts/current/152-TEST-com.chainlesschain.ide.CcComplet.xml","docs/research/cli/evidence/gap-2026-10-05/release-0.166.95/prepublish-attempt6/contracts/current/153-TEST-com.chainlesschain.ide.ChatDraft.xml","docs/research/cli/evidence/gap-2026-10-05/release-0.166.95/prepublish-attempt6/contracts/current/154-TEST-com.chainlesschain.ide.ChatEvent.xml","docs/research/cli/evidence/gap-2026-10-05/release-0.166.95/prepublish-attempt6/contracts/current/155-TEST-com.chainlesschain.ide.ChromeCon.xml","docs/research/cli/evidence/gap-2026-10-05/release-0.166.95/prepublish-attempt6/contracts/current/156-TEST-com.chainlesschain.ide.CliIdenti.xml","docs/research/cli/evidence/gap-2026-10-05/release-0.166.95/prepublish-attempt6/contracts/current/157-TEST-com.chainlesschain.ide.CliVersio.xml","docs/research/cli/evidence/gap-2026-10-05/release-0.166.95/prepublish-attempt6/contracts/current/158-TEST-com.chainlesschain.ide.ContextCe.xml","docs/research/cli/evidence/gap-2026-10-05/release-0.166.95/prepublish-attempt6/contracts/current/159-TEST-com.chainlesschain.ide.ContextEx.xml","docs/research/cli/evidence/gap-2026-10-05/release-0.166.95/prepublish-attempt6/contracts/current/160-TEST-com.chainlesschain.ide.ContextMe.xml","docs/research/cli/evidence/gap-2026-10-05/release-0.166.95/prepublish-attempt6/contracts/current/161-TEST-com.chainlesschain.ide.ContextMe.xml","docs/research/cli/evidence/gap-2026-10-05/release-0.166.95/prepublish-attempt6/contracts/current/162-TEST-com.chainlesschain.ide.ContextSt.xml","docs/research/cli/evidence/gap-2026-10-05/release-0.166.95/prepublish-attempt6/contracts/current/163-TEST-com.chainlesschain.ide.Conversat.xml","docs/research/cli/evidence/gap-2026-10-05/release-0.166.95/prepublish-attempt6/contracts/current/164-TEST-com.chainlesschain.ide.Dashboard.xml","docs/research/cli/evidence/gap-2026-10-05/release-0.166.95/prepublish-attempt6/contracts/current/165-TEST-com.chainlesschain.ide.DeepLinkT.xml","docs/research/cli/evidence/gap-2026-10-05/release-0.166.95/prepublish-attempt6/contracts/current/166-TEST-com.chainlesschain.ide.DeliveryW.xml","docs/research/cli/evidence/gap-2026-10-05/release-0.166.95/prepublish-attempt6/contracts/current/167-TEST-com.chainlesschain.ide.Diagnosti.xml","docs/research/cli/evidence/gap-2026-10-05/release-0.166.95/prepublish-attempt6/contracts/current/168-TEST-com.chainlesschain.ide.Diagnosti.xml","docs/research/cli/evidence/gap-2026-10-05/release-0.166.95/prepublish-attempt6/contracts/current/169-TEST-com.chainlesschain.ide.DiffApply.xml","docs/research/cli/evidence/gap-2026-10-05/release-0.166.95/prepublish-attempt6/contracts/current/170-TEST-com.chainlesschain.ide.DiffHunks.xml","docs/research/cli/evidence/gap-2026-10-05/release-0.166.95/prepublish-attempt6/contracts/current/171-TEST-com.chainlesschain.ide.DiffRevie.xml","docs/research/cli/evidence/gap-2026-10-05/release-0.166.95/prepublish-attempt6/contracts/current/172-TEST-com.chainlesschain.ide.Elicitati.xml","docs/research/cli/evidence/gap-2026-10-05/release-0.166.95/prepublish-attempt6/contracts/current/173-TEST-com.chainlesschain.ide.Evolution.xml","docs/research/cli/evidence/gap-2026-10-05/release-0.166.95/prepublish-attempt6/contracts/current/174-TEST-com.chainlesschain.ide.Evolution.xml","docs/research/cli/evidence/gap-2026-10-05/release-0.166.95/prepublish-attempt6/contracts/current/175-TEST-com.chainlesschain.ide.Evolution.xml","docs/research/cli/evidence/gap-2026-10-05/release-0.166.95/prepublish-attempt6/contracts/current/176-TEST-com.chainlesschain.ide.FixWithCc.xml","docs/research/cli/evidence/gap-2026-10-05/release-0.166.95/prepublish-attempt6/contracts/current/177-TEST-com.chainlesschain.ide.IdeCapabi.xml","docs/research/cli/evidence/gap-2026-10-05/release-0.166.95/prepublish-attempt6/contracts/current/178-TEST-com.chainlesschain.ide.IdeContex.xml","docs/research/cli/evidence/gap-2026-10-05/release-0.166.95/prepublish-attempt6/contracts/current/179-TEST-com.chainlesschain.ide.IdeDoctor.xml","docs/research/cli/evidence/gap-2026-10-05/release-0.166.95/prepublish-attempt6/contracts/current/180-TEST-com.chainlesschain.ide.IdePathGu.xml","docs/research/cli/evidence/gap-2026-10-05/release-0.166.95/prepublish-attempt6/contracts/current/181-TEST-com.chainlesschain.ide.IdeQualit.xml","docs/research/cli/evidence/gap-2026-10-05/release-0.166.95/prepublish-attempt6/contracts/current/182-TEST-com.chainlesschain.ide.IdeSessio.xml","docs/research/cli/evidence/gap-2026-10-05/release-0.166.95/prepublish-attempt6/contracts/current/183-TEST-com.chainlesschain.ide.IdeToolAd.xml","docs/research/cli/evidence/gap-2026-10-05/release-0.166.95/prepublish-attempt6/contracts/current/184-TEST-com.chainlesschain.ide.IdeToolsP.xml","docs/research/cli/evidence/gap-2026-10-05/release-0.166.95/prepublish-attempt6/contracts/current/185-TEST-com.chainlesschain.ide.IdeToolsT.xml","docs/research/cli/evidence/gap-2026-10-05/release-0.166.95/prepublish-attempt6/contracts/current/186-TEST-com.chainlesschain.ide.ImageAtta.xml","docs/research/cli/evidence/gap-2026-10-05/release-0.166.95/prepublish-attempt6/contracts/current/187-TEST-com.chainlesschain.ide.ImageFile.xml","docs/research/cli/evidence/gap-2026-10-05/release-0.166.95/prepublish-attempt6/contracts/current/188-TEST-com.chainlesschain.ide.InputDisp.xml","docs/research/cli/evidence/gap-2026-10-05/release-0.166.95/prepublish-attempt6/contracts/current/189-TEST-com.chainlesschain.ide.intellij..xml","docs/research/cli/evidence/gap-2026-10-05/release-0.166.95/prepublish-attempt6/contracts/current/190-TEST-com.chainlesschain.ide.intellij..xml","docs/research/cli/evidence/gap-2026-10-05/release-0.166.95/prepublish-attempt6/contracts/current/191-TEST-com.chainlesschain.ide.intellij..xml","docs/research/cli/evidence/gap-2026-10-05/release-0.166.95/prepublish-attempt6/contracts/current/192-TEST-com.chainlesschain.ide.intellij..xml","docs/research/cli/evidence/gap-2026-10-05/release-0.166.95/prepublish-attempt6/contracts/current/193-TEST-com.chainlesschain.ide.intellij..xml","docs/research/cli/evidence/gap-2026-10-05/release-0.166.95/prepublish-attempt6/contracts/current/194-TEST-com.chainlesschain.ide.intellij..xml","docs/research/cli/evidence/gap-2026-10-05/release-0.166.95/prepublish-attempt6/contracts/current/195-TEST-com.chainlesschain.ide.intellij..xml","docs/research/cli/evidence/gap-2026-10-05/release-0.166.95/prepublish-attempt6/contracts/current/196-TEST-com.chainlesschain.ide.intellij..xml","docs/research/cli/evidence/gap-2026-10-05/release-0.166.95/prepublish-attempt6/contracts/current/197-TEST-com.chainlesschain.ide.intellij..xml","docs/research/cli/evidence/gap-2026-10-05/release-0.166.95/prepublish-attempt6/contracts/current/198-TEST-com.chainlesschain.ide.Introspec.xml","docs/research/cli/evidence/gap-2026-10-05/release-0.166.95/prepublish-attempt6/contracts/current/199-TEST-com.chainlesschain.ide.LlmConfig.xml","docs/research/cli/evidence/gap-2026-10-05/release-0.166.95/prepublish-attempt6/contracts/current/200-TEST-com.chainlesschain.ide.LlmConnec.xml","docs/research/cli/evidence/gap-2026-10-05/release-0.166.95/prepublish-attempt6/contracts/current/201-TEST-com.chainlesschain.ide.LockfileA.xml","docs/research/cli/evidence/gap-2026-10-05/release-0.166.95/prepublish-attempt6/contracts/current/202-TEST-com.chainlesschain.ide.ManagedCl.xml","docs/research/cli/evidence/gap-2026-10-05/release-0.166.95/prepublish-attempt6/contracts/current/203-TEST-com.chainlesschain.ide.MarkdownL.xml","docs/research/cli/evidence/gap-2026-10-05/release-0.166.95/prepublish-attempt6/contracts/current/204-TEST-com.chainlesschain.ide.MentionsT.xml","docs/research/cli/evidence/gap-2026-10-05/release-0.166.95/prepublish-attempt6/contracts/current/205-TEST-com.chainlesschain.ide.MiniJsonT.xml","docs/research/cli/evidence/gap-2026-10-05/release-0.166.95/prepublish-attempt6/contracts/current/206-TEST-com.chainlesschain.ide.MultiDiff.xml","docs/research/cli/evidence/gap-2026-10-05/release-0.166.95/prepublish-attempt6/contracts/current/207-TEST-com.chainlesschain.ide.NdjsonLin.xml","docs/research/cli/evidence/gap-2026-10-05/release-0.166.95/prepublish-attempt6/contracts/current/208-TEST-com.chainlesschain.ide.Permissio.xml","docs/research/cli/evidence/gap-2026-10-05/release-0.166.95/prepublish-attempt6/contracts/current/209-TEST-com.chainlesschain.ide.PlanRevie.xml","docs/research/cli/evidence/gap-2026-10-05/release-0.166.95/prepublish-attempt6/contracts/current/210-TEST-com.chainlesschain.ide.PluginMan.xml","docs/research/cli/evidence/gap-2026-10-05/release-0.166.95/prepublish-attempt6/contracts/current/211-TEST-com.chainlesschain.ide.PluginQua.xml","docs/research/cli/evidence/gap-2026-10-05/release-0.166.95/prepublish-attempt6/contracts/current/212-TEST-com.chainlesschain.ide.PolicyVie.xml","docs/research/cli/evidence/gap-2026-10-05/release-0.166.95/prepublish-attempt6/contracts/current/213-TEST-com.chainlesschain.ide.PreviewDe.xml","docs/research/cli/evidence/gap-2026-10-05/release-0.166.95/prepublish-attempt6/contracts/current/214-TEST-com.chainlesschain.ide.ProcessTr.xml","docs/research/cli/evidence/gap-2026-10-05/release-0.166.95/prepublish-attempt6/contracts/current/215-TEST-com.chainlesschain.ide.ProjectMe.xml","docs/research/cli/evidence/gap-2026-10-05/release-0.166.95/prepublish-attempt6/contracts/current/216-TEST-com.chainlesschain.ide.ProtocolF.xml","docs/research/cli/evidence/gap-2026-10-05/release-0.166.95/prepublish-attempt6/contracts/current/217-TEST-com.chainlesschain.ide.PrStatusT.xml","docs/research/cli/evidence/gap-2026-10-05/release-0.166.95/prepublish-attempt6/contracts/current/218-TEST-com.chainlesschain.ide.QrCodeTes.xml","docs/research/cli/evidence/gap-2026-10-05/release-0.166.95/prepublish-attempt6/contracts/current/219-TEST-com.chainlesschain.ide.QuestionD.xml","docs/research/cli/evidence/gap-2026-10-05/release-0.166.95/prepublish-attempt6/contracts/current/220-TEST-com.chainlesschain.ide.QuestionD.xml","docs/research/cli/evidence/gap-2026-10-05/release-0.166.95/prepublish-attempt6/contracts/current/221-TEST-com.chainlesschain.ide.QuestionD.xml","docs/research/cli/evidence/gap-2026-10-05/release-0.166.95/prepublish-attempt6/contracts/current/222-TEST-com.chainlesschain.ide.RemoteDoc.xml","docs/research/cli/evidence/gap-2026-10-05/release-0.166.95/prepublish-attempt6/contracts/current/223-TEST-com.chainlesschain.ide.RemoteDoc.xml","docs/research/cli/evidence/gap-2026-10-05/release-0.166.95/prepublish-attempt6/contracts/current/224-TEST-com.chainlesschain.ide.RemoteHan.xml","docs/research/cli/evidence/gap-2026-10-05/release-0.166.95/prepublish-attempt6/contracts/current/225-TEST-com.chainlesschain.ide.ReviewNot.xml","docs/research/cli/evidence/gap-2026-10-05/release-0.166.95/prepublish-attempt6/contracts/current/226-TEST-com.chainlesschain.ide.RewindCom.xml","docs/research/cli/evidence/gap-2026-10-05/release-0.166.95/prepublish-attempt6/contracts/current/227-TEST-com.chainlesschain.ide.RuntimeCo.xml","docs/research/cli/evidence/gap-2026-10-05/release-0.166.95/prepublish-attempt6/contracts/current/228-TEST-com.chainlesschain.ide.RuntimeEn.xml","docs/research/cli/evidence/gap-2026-10-05/release-0.166.95/prepublish-attempt6/contracts/current/229-TEST-com.chainlesschain.ide.SemanticT.xml","docs/research/cli/evidence/gap-2026-10-05/release-0.166.95/prepublish-attempt6/contracts/current/230-TEST-com.chainlesschain.ide.SessionAr.xml","docs/research/cli/evidence/gap-2026-10-05/release-0.166.95/prepublish-attempt6/contracts/current/231-TEST-com.chainlesschain.ide.SessionHi.xml","docs/research/cli/evidence/gap-2026-10-05/release-0.166.95/prepublish-attempt6/contracts/current/232-TEST-com.chainlesschain.ide.SessionLi.xml","docs/research/cli/evidence/gap-2026-10-05/release-0.166.95/prepublish-attempt6/contracts/current/233-TEST-com.chainlesschain.ide.SessionPr.xml","docs/research/cli/evidence/gap-2026-10-05/release-0.166.95/prepublish-attempt6/contracts/current/234-TEST-com.chainlesschain.ide.SessionsW.xml","docs/research/cli/evidence/gap-2026-10-05/release-0.166.95/prepublish-attempt6/contracts/current/235-TEST-com.chainlesschain.ide.SessionTr.xml","docs/research/cli/evidence/gap-2026-10-05/release-0.166.95/prepublish-attempt6/contracts/current/236-TEST-com.chainlesschain.ide.SessionTr.xml","docs/research/cli/evidence/gap-2026-10-05/release-0.166.95/prepublish-attempt6/contracts/current/237-TEST-com.chainlesschain.ide.SkillRetr.xml","docs/research/cli/evidence/gap-2026-10-05/release-0.166.95/prepublish-attempt6/contracts/current/238-TEST-com.chainlesschain.ide.SlashComm.xml","docs/research/cli/evidence/gap-2026-10-05/release-0.166.95/prepublish-attempt6/contracts/current/239-TEST-com.chainlesschain.ide.StatusBar.xml","docs/research/cli/evidence/gap-2026-10-05/release-0.166.95/prepublish-attempt6/contracts/current/240-TEST-com.chainlesschain.ide.TeamContr.xml","docs/research/cli/evidence/gap-2026-10-05/release-0.166.95/prepublish-attempt6/contracts/current/241-TEST-com.chainlesschain.ide.TeamMonit.xml","docs/research/cli/evidence/gap-2026-10-05/release-0.166.95/prepublish-attempt6/contracts/current/242-TEST-com.chainlesschain.ide.Transcrip.xml","docs/research/cli/evidence/gap-2026-10-05/release-0.166.95/prepublish-attempt6/contracts/current/243-TEST-com.chainlesschain.ide.Transcrip.xml","docs/research/cli/evidence/gap-2026-10-05/release-0.166.95/prepublish-attempt6/contracts/current/244-TEST-com.chainlesschain.ide.UiEventDi.xml","docs/research/cli/evidence/gap-2026-10-05/release-0.166.95/prepublish-attempt6/contracts/current/245-TEST-com.chainlesschain.ide.UsageRepo.xml","docs/research/cli/evidence/gap-2026-10-05/release-0.166.95/prepublish-attempt6/contracts/current/246-TEST-com.chainlesschain.ide.Verify01P.xml","docs/research/cli/evidence/gap-2026-10-05/release-0.166.95/prepublish-attempt6/contracts/current/247-TEST-com.chainlesschain.ide.WhatsNewT.xml","docs/research/cli/evidence/gap-2026-10-05/release-0.166.95/prepublish-attempt6/contracts/current/248-TEST-com.chainlesschain.ide.WindowsOw.xml","docs/research/cli/evidence/gap-2026-10-05/release-0.166.95/prepublish-attempt6/contracts/current/249-TEST-com.chainlesschain.ide.Workspace.xml","docs/research/cli/evidence/gap-2026-10-05/release-0.166.95/prepublish-attempt6/contracts/current/250-TEST-com.chainlesschain.ide.Workspace.xml","docs/research/cli/evidence/gap-2026-10-05/release-0.166.95/prepublish-attempt6/contracts/current/251-TEST-com.chainlesschain.ide.WorktreeT.xml","docs/research/cli/evidence/gap-2026-10-05/release-0.166.95/prepublish-attempt6/contracts/current/252-full-validation.json","docs/research/cli/evidence/gap-2026-10-05/release-0.166.95/prepublish-attempt6/contracts/layout/075-ApprovalLayoutProbe.java","docs/research/cli/evidence/gap-2026-10-05/release-0.166.95/prepublish-attempt6/contracts/layout/076-compile.stderr.txt","docs/research/cli/evidence/gap-2026-10-05/release-0.166.95/prepublish-attempt6/contracts/layout/077-compile.stdout.txt","docs/research/cli/evidence/gap-2026-10-05/release-0.166.95/prepublish-attempt6/contracts/layout/078-probe.stderr.txt","docs/research/cli/evidence/gap-2026-10-05/release-0.166.95/prepublish-attempt6/contracts/layout/079-probe.stdout.txt","docs/research/cli/evidence/gap-2026-10-05/release-0.166.95/prepublish-attempt6/contracts/layout/080-report.json","docs/research/cli/evidence/gap-2026-10-05/release-0.166.95/prepublish-attempt6/contracts/layout/081-run.cjs","docs/research/cli/evidence/gap-2026-10-05/release-0.166.95/prepublish-attempt6/contracts/layout/082-validate-root-bytecode.stderr.txt","docs/research/cli/evidence/gap-2026-10-05/release-0.166.95/prepublish-attempt6/contracts/layout/083-validate-root-bytecode.stdout.txt","docs/research/cli/evidence/gap-2026-10-05/release-0.166.95/prepublish-attempt6/contracts/observer/084-actual-script.js","docs/research/cli/evidence/gap-2026-10-05/release-0.166.95/prepublish-attempt6/contracts/observer/085-compile.stderr.log","docs/research/cli/evidence/gap-2026-10-05/release-0.166.95/prepublish-attempt6/contracts/observer/086-compile.stdout.log","docs/research/cli/evidence/gap-2026-10-05/release-0.166.95/prepublish-attempt6/contracts/observer/087-geometry.json","docs/research/cli/evidence/gap-2026-10-05/release-0.166.95/prepublish-attempt6/contracts/observer/088-injected-roots-script.js","docs/research/cli/evidence/gap-2026-10-05/release-0.166.95/prepublish-attempt6/contracts/observer/089-metadata.json","docs/research/cli/evidence/gap-2026-10-05/release-0.166.95/prepublish-attempt6/contracts/observer/090-node-limit.json","docs/research/cli/evidence/gap-2026-10-05/release-0.166.95/prepublish-attempt6/contracts/observer/091-report.json","docs/research/cli/evidence/gap-2026-10-05/release-0.166.95/prepublish-attempt6/contracts/observer/092-run.stderr.log","docs/research/cli/evidence/gap-2026-10-05/release-0.166.95/prepublish-attempt6/contracts/observer/093-run.stdout.log","docs/research/cli/evidence/gap-2026-10-05/release-0.166.95/prepublish-attempt6/contracts/observer/094-UiFailureDiagnostics.source.java","docs/research/cli/evidence/gap-2026-10-05/release-0.166.95/prepublish-attempt6/contracts/observer/095-bind-source.mjs","docs/research/cli/evidence/gap-2026-10-05/release-0.166.95/prepublish-attempt6/contracts/observer/096-actual-script.js","docs/research/cli/evidence/gap-2026-10-05/release-0.166.95/prepublish-attempt6/contracts/observer/097-compile.stderr.log","docs/research/cli/evidence/gap-2026-10-05/release-0.166.95/prepublish-attempt6/contracts/observer/098-compile.stdout.log","docs/research/cli/evidence/gap-2026-10-05/release-0.166.95/prepublish-attempt6/contracts/observer/099-geometry.json","docs/research/cli/evidence/gap-2026-10-05/release-0.166.95/prepublish-attempt6/contracts/observer/100-injected-roots-script.js","docs/research/cli/evidence/gap-2026-10-05/release-0.166.95/prepublish-attempt6/contracts/observer/101-metadata.json","docs/research/cli/evidence/gap-2026-10-05/release-0.166.95/prepublish-attempt6/contracts/observer/102-node-limit.json","docs/research/cli/evidence/gap-2026-10-05/release-0.166.95/prepublish-attempt6/contracts/observer/103-report.json","docs/research/cli/evidence/gap-2026-10-05/release-0.166.95/prepublish-attempt6/contracts/observer/104-run.stderr.log","docs/research/cli/evidence/gap-2026-10-05/release-0.166.95/prepublish-attempt6/contracts/observer/105-run.stdout.log","docs/research/cli/evidence/gap-2026-10-05/release-0.166.95/prepublish-attempt6/contracts/observer/106-ApprovalSettlementRegistry-actual-fie.log","docs/research/cli/evidence/gap-2026-10-05/release-0.166.95/prepublish-attempt6/contracts/observer/107-ApprovalSettlementRegistry-actual-fie.log","docs/research/cli/evidence/gap-2026-10-05/release-0.166.95/prepublish-attempt6/contracts/observer/108-compile-source.stderr.log","docs/research/cli/evidence/gap-2026-10-05/release-0.166.95/prepublish-attempt6/contracts/observer/109-compile-source.stdout.log","docs/research/cli/evidence/gap-2026-10-05/release-0.166.95/prepublish-attempt6/contracts/observer/110-ConversationManager-Conversation-actu.log","docs/research/cli/evidence/gap-2026-10-05/release-0.166.95/prepublish-attempt6/contracts/observer/111-ConversationManager-Conversation-actu.log","docs/research/cli/evidence/gap-2026-10-05/release-0.166.95/prepublish-attempt6/contracts/observer/112-ConversationView-actual-fields.stderr.log","docs/research/cli/evidence/gap-2026-10-05/release-0.166.95/prepublish-attempt6/contracts/observer/113-ConversationView-actual-fields.stdout.log","docs/research/cli/evidence/gap-2026-10-05/release-0.166.95/prepublish-attempt6/contracts/observer/114-export-source.stderr.log","docs/research/cli/evidence/gap-2026-10-05/release-0.166.95/prepublish-attempt6/contracts/observer/115-export-source.stdout.log","docs/research/cli/evidence/gap-2026-10-05/release-0.166.95/prepublish-attempt6/contracts/observer/116-source-generated-script.js","docs/research/cli/evidence/gap-2026-10-05/release-0.166.95/prepublish-attempt6/contracts/observer/117-UiFailureDiagnostics.java","docs/research/cli/evidence/gap-2026-10-05/release-0.166.95/prepublish-attempt6/contracts/observer/118-source-binding.json","docs/research/cli/evidence/gap-2026-10-05/release-0.166.95/prepublish-attempt6/contracts/observer/119-UiFailureDiagnostics.source.java","docs/research/cli/evidence/gap-2026-10-05/release-0.166.95/prepublish-attempt6/contracts/observer/120-actual-script.js","docs/research/cli/evidence/gap-2026-10-05/release-0.166.95/prepublish-attempt6/contracts/observer/121-compile.stderr.log","docs/research/cli/evidence/gap-2026-10-05/release-0.166.95/prepublish-attempt6/contracts/observer/122-compile.stdout.log","docs/research/cli/evidence/gap-2026-10-05/release-0.166.95/prepublish-attempt6/contracts/observer/123-geometry.json","docs/research/cli/evidence/gap-2026-10-05/release-0.166.95/prepublish-attempt6/contracts/observer/124-injected-roots-script.js","docs/research/cli/evidence/gap-2026-10-05/release-0.166.95/prepublish-attempt6/contracts/observer/125-metadata.json","docs/research/cli/evidence/gap-2026-10-05/release-0.166.95/prepublish-attempt6/contracts/observer/126-node-limit.json","docs/research/cli/evidence/gap-2026-10-05/release-0.166.95/prepublish-attempt6/contracts/observer/127-report.json","docs/research/cli/evidence/gap-2026-10-05/release-0.166.95/prepublish-attempt6/contracts/observer/128-run.stderr.log","docs/research/cli/evidence/gap-2026-10-05/release-0.166.95/prepublish-attempt6/contracts/observer/129-run.stdout.log","docs/research/cli/evidence/gap-2026-10-05/release-0.166.95/prepublish-attempt6/contracts/observer/130-UiFailureDiagnostics.source.java","docs/research/cli/evidence/gap-2026-10-05/release-0.166.95/prepublish-attempt6/contracts/observer/131-review.json","docs/research/cli/evidence/gap-2026-10-05/release-0.166.95/prepublish-attempt6/contracts/observer/132-run.mjs","docs/research/cli/evidence/gap-2026-10-05/release-0.166.95/prepublish-attempt6/contracts/observer/133-ExportSnapshot.java","docs/research/cli/evidence/gap-2026-10-05/release-0.166.95/prepublish-attempt6/contracts/observer/134-SnapshotContract.java","docs/research/cli/evidence/gap-2026-10-05/release-0.166.95/prepublish-attempt6/diagnostics/large/059-001-capture-status.json","docs/research/cli/evidence/gap-2026-10-05/release-0.166.95/prepublish-attempt6/diagnostics/large/060-002-host-events.jsonl","docs/research/cli/evidence/gap-2026-10-05/release-0.166.95/prepublish-attempt6/diagnostics/large/061-003-host-events.jsonl.bin","docs/research/cli/evidence/gap-2026-10-05/release-0.166.95/prepublish-attempt6/diagnostics/large/062-004-idea-001.log.bin","docs/research/cli/evidence/gap-2026-10-05/release-0.166.95/prepublish-attempt6/diagnostics/large/063-capture-status.json","docs/research/cli/evidence/gap-2026-10-05/release-0.166.95/prepublish-attempt6/diagnostics/large/064-host-events.jsonl","docs/research/cli/evidence/gap-2026-10-05/release-0.166.95/prepublish-attempt6/diagnostics/large/065-host-events.jsonl.bin","docs/research/cli/evidence/gap-2026-10-05/release-0.166.95/prepublish-attempt6/diagnostics/large/066-idea-001.log.bin","docs/research/cli/evidence/gap-2026-10-05/release-0.166.95/prepublish-attempt6/diagnostics/large/067-idea.log","docs/research/cli/evidence/gap-2026-10-05/release-0.166.95/prepublish-attempt6/diagnostics/raw/068-001-capture-status.json","docs/research/cli/evidence/gap-2026-10-05/release-0.166.95/prepublish-attempt6/diagnostics/raw/069-002-host-events.jsonl","docs/research/cli/evidence/gap-2026-10-05/release-0.166.95/prepublish-attempt6/diagnostics/raw/070-003-idea-001.log.bin","docs/research/cli/evidence/gap-2026-10-05/release-0.166.95/prepublish-attempt6/diagnostics/raw/071-capture-status.json","docs/research/cli/evidence/gap-2026-10-05/release-0.166.95/prepublish-attempt6/diagnostics/raw/072-host-events.jsonl","docs/research/cli/evidence/gap-2026-10-05/release-0.166.95/prepublish-attempt6/diagnostics/raw/073-idea-001.log.bin","docs/research/cli/evidence/gap-2026-10-05/release-0.166.95/prepublish-attempt6/diagnostics/raw/074-idea.log","docs/research/cli/evidence/gap-2026-10-05/release-0.166.95/prepublish-attempt6/host/030-journey-evidence.json","docs/research/cli/evidence/gap-2026-10-05/release-0.166.95/prepublish-attempt6/host/entries/031-001-fake-cli-bin_cc","docs/research/cli/evidence/gap-2026-10-05/release-0.166.95/prepublish-attempt6/host/entries/032-002-fake-cli-bin_cc.cmd","docs/research/cli/evidence/gap-2026-10-05/release-0.166.95/prepublish-attempt6/host/entries/033-003-fake-cli-bin_chainlesschain","docs/research/cli/evidence/gap-2026-10-05/release-0.166.95/prepublish-attempt6/host/entries/034-004-fake-cli-bin_chainlesschain.cmd","docs/research/cli/evidence/gap-2026-10-05/release-0.166.95/prepublish-attempt6/host/entries/035-005-fake-cli-bin_clc","docs/research/cli/evidence/gap-2026-10-05/release-0.166.95/prepublish-attempt6/host/entries/036-006-fake-cli-bin_clc.cmd","docs/research/cli/evidence/gap-2026-10-05/release-0.166.95/prepublish-attempt6/host/entries/037-007-fake-cli-bin_clchain","docs/research/cli/evidence/gap-2026-10-05/release-0.166.95/prepublish-attempt6/host/entries/038-008-fake-cli-bin_clchain.cmd","docs/research/cli/evidence/gap-2026-10-05/release-0.166.95/prepublish-attempt6/host/entries/039-009-fake-cli-protocol.jsonl","docs/research/cli/evidence/gap-2026-10-05/release-0.166.95/prepublish-attempt6/host/entries/040-010-fake-cli-state.json","docs/research/cli/evidence/gap-2026-10-05/release-0.166.95/prepublish-attempt6/host/entries/041-011-fake-cli-state.json.receipts_28b7.json","docs/research/cli/evidence/gap-2026-10-05/release-0.166.95/prepublish-attempt6/host/entries/042-012-fake-cli-state.json.receipts_36c6.json","docs/research/cli/evidence/gap-2026-10-05/release-0.166.95/prepublish-attempt6/host/entries/043-013-fake-cli-state.json.receipts_3ba5.json","docs/research/cli/evidence/gap-2026-10-05/release-0.166.95/prepublish-attempt6/host/entries/044-014-fake-cli-state.json.receipts_8c4e.json","docs/research/cli/evidence/gap-2026-10-05/release-0.166.95/prepublish-attempt6/host/entries/045-015-prepare.stderr.log","docs/research/cli/evidence/gap-2026-10-05/release-0.166.95/prepublish-attempt6/host/entries/046-016-prepare.stdout.log","docs/research/cli/evidence/gap-2026-10-05/release-0.166.95/prepublish-attempt6/host/entries/047-017-sandbox-ide-initial.stderr.log","docs/research/cli/evidence/gap-2026-10-05/release-0.166.95/prepublish-attempt6/host/entries/048-018-sandbox-ide-initial.stdout.log","docs/research/cli/evidence/gap-2026-10-05/release-0.166.95/prepublish-attempt6/host/entries/049-019-ui-smoke-initial.stderr.log","docs/research/cli/evidence/gap-2026-10-05/release-0.166.95/prepublish-attempt6/host/entries/050-020-ui-smoke-initial.stdout.log","docs/research/cli/evidence/gap-2026-10-05/release-0.166.95/prepublish-attempt6/host/entries/051-021-binary_output.bin","docs/research/cli/evidence/gap-2026-10-05/release-0.166.95/prepublish-attempt6/host/entries/052-022-binary_output.bin.idx","docs/research/cli/evidence/gap-2026-10-05/release-0.166.95/prepublish-attempt6/host/entries/053-023-binary_results.bin","docs/research/cli/evidence/gap-2026-10-05/release-0.166.95/prepublish-attempt6/host/entries/054-024-TEST-com.chainlesschain.ide.uites.xml","docs/research/cli/evidence/gap-2026-10-05/release-0.166.95/prepublish-attempt6/host/entries/055-025-TEST-com.chainlesschain.ide.uites.xml","docs/research/cli/evidence/gap-2026-10-05/release-0.166.95/prepublish-attempt6/host/entries/056-026-TEST-com.chainlesschain.ide.uites.xml","docs/research/cli/evidence/gap-2026-10-05/release-0.166.95/prepublish-attempt6/host/entries/057-027-chat-control-journey-179156530050.png","docs/research/cli/evidence/gap-2026-10-05/release-0.166.95/prepublish-attempt6/host/entries/058-001-chainlesschain-ide-bridge-0.4.158.zip","docs/research/cli/evidence/gap-2026-10-05/release-0.166.95/prepublish-attempt6/host/metadata/017-artifact-metadata.json","docs/research/cli/evidence/gap-2026-10-05/release-0.166.95/prepublish-attempt6/host/metadata/018-check-diagnostic-evidence.mjs","docs/research/cli/evidence/gap-2026-10-05/release-0.166.95/prepublish-attempt6/host/metadata/019-check-large-trace-evidence.mjs","docs/research/cli/evidence/gap-2026-10-05/release-0.166.95/prepublish-attempt6/host/metadata/020-diagnosis.json","docs/research/cli/evidence/gap-2026-10-05/release-0.166.95/prepublish-attempt6/host/metadata/021-diagnostics-gradle-check.log","docs/research/cli/evidence/gap-2026-10-05/release-0.166.95/prepublish-attempt6/host/metadata/022-diagnostics-junit.xml","docs/research/cli/evidence/gap-2026-10-05/release-0.166.95/prepublish-attempt6/host/metadata/023-diagnostics-large-trace-contract.json","docs/research/cli/evidence/gap-2026-10-05/release-0.166.95/prepublish-attempt6/host/metadata/024-diagnostics-node-check.log","docs/research/cli/evidence/gap-2026-10-05/release-0.166.95/prepublish-attempt6/host/metadata/025-diagnostics-raw-byte-contract.json","docs/research/cli/evidence/gap-2026-10-05/release-0.166.95/prepublish-attempt6/host/metadata/026-download-verification.json","docs/research/cli/evidence/gap-2026-10-05/release-0.166.95/prepublish-attempt6/host/metadata/027-download.cjs","docs/research/cli/evidence/gap-2026-10-05/release-0.166.95/prepublish-attempt6/host/metadata/028-manifest-verification.json","docs/research/cli/evidence/gap-2026-10-05/release-0.166.95/prepublish-attempt6/host/metadata/029-verify.cjs","docs/research/cli/evidence/gap-2026-10-05/release-0.166.95/prepublish-attempt6/manifest.json","docs/research/cli/evidence/gap-2026-10-05/release-0.166.95/sdk-startup-diagnostics/attempt1-diagnosis.json","docs/research/cli/evidence/gap-2026-10-05/release-0.166.95/sdk-startup-diagnostics/manifest.json","docs/research/cli/evidence/gap-2026-10-05/release-0.166.95/sdk-startup-diagnostics/run2/diagnostic-child.mjs","docs/research/cli/evidence/gap-2026-10-05/release-0.166.95/sdk-startup-diagnostics/run2/fixture-helpers.mjs","docs/research/cli/evidence/gap-2026-10-05/release-0.166.95/sdk-startup-diagnostics/run2/fixture-helpers.ts","docs/research/cli/evidence/gap-2026-10-05/release-0.166.95/sdk-startup-diagnostics/run2/report.json","docs/research/cli/evidence/gap-2026-10-05/release-0.166.95/sdk-startup-diagnostics/verify-attempt1.mjs","docs/research/cli/evidence/gap-2026-10-05/release-0.166.95/sdk-startup-diagnostics/verify.mjs","docs/research/cli/evidence/gap-2026-10-05/release-0.166.95/validated-source-3caf/cli-ci-terminal/readback.json","docs/research/cli/evidence/gap-2026-10-05/release-0.166.95/validated-source-3caf/cli-ci-terminal/snapshot.json","docs/research/cli/evidence/gap-2026-10-05/release-0.166.95/validated-source-3caf/cli-sdk-three-platform/job-114002675001.json","docs/research/cli/evidence/gap-2026-10-05/release-0.166.95/validated-source-3caf/cli-sdk-three-platform/job-114002675005.json","docs/research/cli/evidence/gap-2026-10-05/release-0.166.95/validated-source-3caf/cli-sdk-three-platform/job-114002675055.json","docs/research/cli/evidence/gap-2026-10-05/release-0.166.95/validated-source-3caf/cli-sdk-three-platform/readback.json","docs/research/cli/evidence/gap-2026-10-05/release-0.166.95/validated-source-3caf/exact-sha-release-gates.json","docs/research/cli/evidence/gap-2026-10-05/release-0.166.95/validated-source-3caf/gates/ci-tests/artifacts-1.json","docs/research/cli/evidence/gap-2026-10-05/release-0.166.95/validated-source-3caf/gates/ci-tests/jobs-1.json","docs/research/cli/evidence/gap-2026-10-05/release-0.166.95/validated-source-3caf/gates/ci-tests/readback.json","docs/research/cli/evidence/gap-2026-10-05/release-0.166.95/validated-source-3caf/gates/ci-tests/run.json","docs/research/cli/evidence/gap-2026-10-05/release-0.166.95/validated-source-3caf/gates/cli-ci/artifacts-1.json","docs/research/cli/evidence/gap-2026-10-05/release-0.166.95/validated-source-3caf/gates/cli-ci/jobs-1.json","docs/research/cli/evidence/gap-2026-10-05/release-0.166.95/validated-source-3caf/gates/cli-ci/readback.json","docs/research/cli/evidence/gap-2026-10-05/release-0.166.95/validated-source-3caf/gates/cli-ci/run.json","docs/research/cli/evidence/gap-2026-10-05/release-0.166.95/validated-source-3caf/gates/full-tests/artifacts-1.json","docs/research/cli/evidence/gap-2026-10-05/release-0.166.95/validated-source-3caf/gates/full-tests/jobs-1.json","docs/research/cli/evidence/gap-2026-10-05/release-0.166.95/validated-source-3caf/gates/full-tests/readback.json","docs/research/cli/evidence/gap-2026-10-05/release-0.166.95/validated-source-3caf/gates/full-tests/run.json","docs/research/cli/evidence/gap-2026-10-05/release-0.166.95/validated-source-3caf/gates/ide-arm64/artifacts-1.json","docs/research/cli/evidence/gap-2026-10-05/release-0.166.95/validated-source-3caf/gates/ide-arm64/jobs-1.json","docs/research/cli/evidence/gap-2026-10-05/release-0.166.95/validated-source-3caf/gates/ide-arm64/readback.json","docs/research/cli/evidence/gap-2026-10-05/release-0.166.95/validated-source-3caf/gates/ide-arm64/run.json","docs/research/cli/evidence/gap-2026-10-05/release-0.166.95/validated-source-3caf/gates/ide/artifacts-1.json","docs/research/cli/evidence/gap-2026-10-05/release-0.166.95/validated-source-3caf/gates/ide/jobs-1.json","docs/research/cli/evidence/gap-2026-10-05/release-0.166.95/validated-source-3caf/gates/ide/readback.json","docs/research/cli/evidence/gap-2026-10-05/release-0.166.95/validated-source-3caf/gates/ide/run.json","docs/research/cli/evidence/gap-2026-10-05/release-0.166.95/validated-source-3caf/gates/model-catalog/artifacts-1.json","docs/research/cli/evidence/gap-2026-10-05/release-0.166.95/validated-source-3caf/gates/model-catalog/jobs-1.json","docs/research/cli/evidence/gap-2026-10-05/release-0.166.95/validated-source-3caf/gates/model-catalog/readback.json","docs/research/cli/evidence/gap-2026-10-05/release-0.166.95/validated-source-3caf/gates/model-catalog/run.json","docs/research/cli/evidence/gap-2026-10-05/release-0.166.95/validated-source-3caf/gates/pr-tests/artifacts-1.json","docs/research/cli/evidence/gap-2026-10-05/release-0.166.95/validated-source-3caf/gates/pr-tests/jobs-1.json","docs/research/cli/evidence/gap-2026-10-05/release-0.166.95/validated-source-3caf/gates/pr-tests/readback.json","docs/research/cli/evidence/gap-2026-10-05/release-0.166.95/validated-source-3caf/gates/pr-tests/run.json","docs/research/cli/evidence/gap-2026-10-05/release-0.166.95/validated-source-3caf/gates/quality/artifacts-1.json","docs/research/cli/evidence/gap-2026-10-05/release-0.166.95/validated-source-3caf/gates/quality/jobs-1.json","docs/research/cli/evidence/gap-2026-10-05/release-0.166.95/validated-source-3caf/gates/quality/readback.json","docs/research/cli/evidence/gap-2026-10-05/release-0.166.95/validated-source-3caf/gates/quality/run.json","docs/research/cli/evidence/gap-2026-10-05/release-0.166.95/validated-source-3caf/gates/safety/artifacts-1.json","docs/research/cli/evidence/gap-2026-10-05/release-0.166.95/validated-source-3caf/gates/safety/jobs-1.json","docs/research/cli/evidence/gap-2026-10-05/release-0.166.95/validated-source-3caf/gates/safety/readback.json","docs/research/cli/evidence/gap-2026-10-05/release-0.166.95/validated-source-3caf/gates/safety/run.json","docs/research/cli/evidence/gap-2026-10-05/release-0.166.95/validated-source-3caf/gates/strict/artifacts-1.json","docs/research/cli/evidence/gap-2026-10-05/release-0.166.95/validated-source-3caf/gates/strict/jobs-1.json","docs/research/cli/evidence/gap-2026-10-05/release-0.166.95/validated-source-3caf/gates/strict/readback.json","docs/research/cli/evidence/gap-2026-10-05/release-0.166.95/validated-source-3caf/gates/strict/run.json","docs/research/cli/evidence/gap-2026-10-05/release-0.166.95/validated-source-3caf/gates/workspace/all-attempt-jobs-1.json","docs/research/cli/evidence/gap-2026-10-05/release-0.166.95/validated-source-3caf/gates/workspace/artifacts-1.json","docs/research/cli/evidence/gap-2026-10-05/release-0.166.95/validated-source-3caf/gates/workspace/jobs-1.json","docs/research/cli/evidence/gap-2026-10-05/release-0.166.95/validated-source-3caf/gates/workspace/readback.json","docs/research/cli/evidence/gap-2026-10-05/release-0.166.95/validated-source-3caf/gates/workspace/run.json","docs/research/cli/evidence/gap-2026-10-05/release-0.166.95/validated-source-3caf/history/check-timeouts/2026-10-09T18-50-32-035Z/main-protection.json","docs/research/cli/evidence/gap-2026-10-05/release-0.166.95/validated-source-3caf/history/check-timeouts/2026-10-09T18-50-32-035Z/main-rules.json","docs/research/cli/evidence/gap-2026-10-05/release-0.166.95/validated-source-3caf/history/check-timeouts/2026-10-09T18-50-32-035Z/pr425.json","docs/research/cli/evidence/gap-2026-10-05/release-0.166.95/validated-source-3caf/history/check-timeouts/2026-10-09T18-50-32-035Z/secrets-annotations-113960769876.json","docs/research/cli/evidence/gap-2026-10-05/release-0.166.95/validated-source-3caf/history/check-timeouts/2026-10-09T18-50-32-035Z/secrets-branch-runs.json","docs/research/cli/evidence/gap-2026-10-05/release-0.166.95/validated-source-3caf/history/check-timeouts/2026-10-09T18-50-32-035Z/secrets-check-113960769876.json","docs/research/cli/evidence/gap-2026-10-05/release-0.166.95/validated-source-3caf/history/check-timeouts/2026-10-09T18-50-32-035Z/secrets-job-113960769876.log","docs/research/cli/evidence/gap-2026-10-05/release-0.166.95/validated-source-3caf/history/check-timeouts/2026-10-09T18-50-32-035Z/secrets-jobs.json","docs/research/cli/evidence/gap-2026-10-05/release-0.166.95/validated-source-3caf/history/check-timeouts/2026-10-09T18-50-32-035Z/secrets-run.json","docs/research/cli/evidence/gap-2026-10-05/release-0.166.95/validated-source-3caf/history/check-timeouts/2026-10-09T18-50-32-035Z/secrets-same-sha-runs.json","docs/research/cli/evidence/gap-2026-10-05/release-0.166.95/validated-source-3caf/history/check-timeouts/2026-10-09T18-50-32-035Z/staleness-annotations-113960770031.json","docs/research/cli/evidence/gap-2026-10-05/release-0.166.95/validated-source-3caf/history/check-timeouts/2026-10-09T18-50-32-035Z/staleness-branch-runs.json","docs/research/cli/evidence/gap-2026-10-05/release-0.166.95/validated-source-3caf/history/check-timeouts/2026-10-09T18-50-32-035Z/staleness-check-113960770031.json","docs/research/cli/evidence/gap-2026-10-05/release-0.166.95/validated-source-3caf/history/check-timeouts/2026-10-09T18-50-32-035Z/staleness-job-113960770031.log","docs/research/cli/evidence/gap-2026-10-05/release-0.166.95/validated-source-3caf/history/check-timeouts/2026-10-09T18-50-32-035Z/staleness-jobs.json","docs/research/cli/evidence/gap-2026-10-05/release-0.166.95/validated-source-3caf/history/check-timeouts/2026-10-09T18-50-32-035Z/staleness-run.json","docs/research/cli/evidence/gap-2026-10-05/release-0.166.95/validated-source-3caf/history/check-timeouts/2026-10-09T18-50-32-035Z/staleness-same-sha-runs.json","docs/research/cli/evidence/gap-2026-10-05/release-0.166.95/validated-source-3caf/history/check-timeouts/2026-10-09T18-50-32-035Z/summary.json","docs/research/cli/evidence/gap-2026-10-05/release-0.166.95/validated-source-3caf/history/check-timeouts/attempt2-2026-10-09T18-59-49-031Z/annotations-113975345377.json","docs/research/cli/evidence/gap-2026-10-05/release-0.166.95/validated-source-3caf/history/check-timeouts/attempt2-2026-10-09T18-59-49-031Z/attempt.json","docs/research/cli/evidence/gap-2026-10-05/release-0.166.95/validated-source-3caf/history/check-timeouts/attempt2-2026-10-09T18-59-49-031Z/job-113975345377.log","docs/research/cli/evidence/gap-2026-10-05/release-0.166.95/validated-source-3caf/history/check-timeouts/attempt2-2026-10-09T18-59-49-031Z/jobs.json","docs/research/cli/evidence/gap-2026-10-05/release-0.166.95/validated-source-3caf/history/check-timeouts/attempt2-2026-10-09T18-59-49-031Z/manifest.json","docs/research/cli/evidence/gap-2026-10-05/release-0.166.95/validated-source-3caf/history/check-timeouts/attempt2-2026-10-09T18-59-49-031Z/run.json","docs/research/cli/evidence/gap-2026-10-05/release-0.166.95/validated-source-3caf/host-artifacts/arm-windows/all-entries-verified.json","docs/research/cli/evidence/gap-2026-10-05/release-0.166.95/validated-source-3caf/host-artifacts/arm-windows/download-receipt.json","docs/research/cli/evidence/gap-2026-10-05/release-0.166.95/validated-source-3caf/host-artifacts/arm-windows/fixture-protocol.jsonl","docs/research/cli/evidence/gap-2026-10-05/release-0.166.95/validated-source-3caf/host-artifacts/arm-windows/github-artifact.json","docs/research/cli/evidence/gap-2026-10-05/release-0.166.95/validated-source-3caf/host-artifacts/arm-windows/host-phases.json","docs/research/cli/evidence/gap-2026-10-05/release-0.166.95/validated-source-3caf/host-artifacts/arm-windows/initial-build-idea.bin","docs/research/cli/evidence/gap-2026-10-05/release-0.166.95/validated-source-3caf/host-artifacts/arm-windows/initial-capture.json","docs/research/cli/evidence/gap-2026-10-05/release-0.166.95/validated-source-3caf/host-artifacts/arm-windows/initial-events.bin","docs/research/cli/evidence/gap-2026-10-05/release-0.166.95/validated-source-3caf/host-artifacts/arm-windows/initial-host-idea.bin","docs/research/cli/evidence/gap-2026-10-05/release-0.166.95/validated-source-3caf/host-artifacts/arm-windows/initial-ui-stdout.log","docs/research/cli/evidence/gap-2026-10-05/release-0.166.95/validated-source-3caf/host-artifacts/arm-windows/journey-original.json","docs/research/cli/evidence/gap-2026-10-05/release-0.166.95/validated-source-3caf/host-artifacts/arm-windows/manifest.json","docs/research/cli/evidence/gap-2026-10-05/release-0.166.95/validated-source-3caf/host-artifacts/arm-windows/restart-build-idea.bin","docs/research/cli/evidence/gap-2026-10-05/release-0.166.95/validated-source-3caf/host-artifacts/arm-windows/restart-capture.json","docs/research/cli/evidence/gap-2026-10-05/release-0.166.95/validated-source-3caf/host-artifacts/arm-windows/restart-events.bin","docs/research/cli/evidence/gap-2026-10-05/release-0.166.95/validated-source-3caf/host-artifacts/arm-windows/restart-host-idea.bin","docs/research/cli/evidence/gap-2026-10-05/release-0.166.95/validated-source-3caf/host-artifacts/arm-windows/restart-ui-stdout.log","docs/research/cli/evidence/gap-2026-10-05/release-0.166.95/validated-source-3caf/host-artifacts/arm-windows/ui-result.xml","docs/research/cli/evidence/gap-2026-10-05/release-0.166.95/validated-source-3caf/host-artifacts/arm-windows/workbench-metrics.jsonl","docs/research/cli/evidence/gap-2026-10-05/release-0.166.95/validated-source-3caf/host-artifacts/win2025/all-entries-verified.json","docs/research/cli/evidence/gap-2026-10-05/release-0.166.95/validated-source-3caf/host-artifacts/win2025/canonical/environment.json","docs/research/cli/evidence/gap-2026-10-05/release-0.166.95/validated-source-3caf/host-artifacts/win2025/canonical/fixture-protocol.jsonl","docs/research/cli/evidence/gap-2026-10-05/release-0.166.95/validated-source-3caf/host-artifacts/win2025/canonical/host-phases.json","docs/research/cli/evidence/gap-2026-10-05/release-0.166.95/validated-source-3caf/host-artifacts/win2025/canonical/initial-capture.json","docs/research/cli/evidence/gap-2026-10-05/release-0.166.95/validated-source-3caf/host-artifacts/win2025/canonical/initial-events.bin","docs/research/cli/evidence/gap-2026-10-05/release-0.166.95/validated-source-3caf/host-artifacts/win2025/canonical/initial-host-stderr.log","docs/research/cli/evidence/gap-2026-10-05/release-0.166.95/validated-source-3caf/host-artifacts/win2025/canonical/initial-idea-001.log.bin","docs/research/cli/evidence/gap-2026-10-05/release-0.166.95/validated-source-3caf/host-artifacts/win2025/canonical/initial-recovery.json","docs/research/cli/evidence/gap-2026-10-05/release-0.166.95/validated-source-3caf/host-artifacts/win2025/canonical/initial-ui-stdout.log","docs/research/cli/evidence/gap-2026-10-05/release-0.166.95/validated-source-3caf/host-artifacts/win2025/canonical/journey-original.json","docs/research/cli/evidence/gap-2026-10-05/release-0.166.95/validated-source-3caf/host-artifacts/win2025/canonical/native-metrics.json","docs/research/cli/evidence/gap-2026-10-05/release-0.166.95/validated-source-3caf/host-artifacts/win2025/canonical/restart-capture.json","docs/research/cli/evidence/gap-2026-10-05/release-0.166.95/validated-source-3caf/host-artifacts/win2025/canonical/restart-host-stderr.log","docs/research/cli/evidence/gap-2026-10-05/release-0.166.95/validated-source-3caf/host-artifacts/win2025/canonical/restart-idea-001.log.bin","docs/research/cli/evidence/gap-2026-10-05/release-0.166.95/validated-source-3caf/host-artifacts/win2025/canonical/restart-recovery.json","docs/research/cli/evidence/gap-2026-10-05/release-0.166.95/validated-source-3caf/host-artifacts/win2025/canonical/restart-ui-stdout.log","docs/research/cli/evidence/gap-2026-10-05/release-0.166.95/validated-source-3caf/host-artifacts/win2025/canonical/stop-observations.json","docs/research/cli/evidence/gap-2026-10-05/release-0.166.95/validated-source-3caf/host-artifacts/win2025/canonical/ui-result.xml","docs/research/cli/evidence/gap-2026-10-05/release-0.166.95/validated-source-3caf/host-artifacts/win2025/deterministic/fixture-protocol.jsonl","docs/research/cli/evidence/gap-2026-10-05/release-0.166.95/validated-source-3caf/host-artifacts/win2025/deterministic/host-phases.json","docs/research/cli/evidence/gap-2026-10-05/release-0.166.95/validated-source-3caf/host-artifacts/win2025/deterministic/initial-capture.json","docs/research/cli/evidence/gap-2026-10-05/release-0.166.95/validated-source-3caf/host-artifacts/win2025/deterministic/initial-events.bin","docs/research/cli/evidence/gap-2026-10-05/release-0.166.95/validated-source-3caf/host-artifacts/win2025/deterministic/initial-host-stderr.log","docs/research/cli/evidence/gap-2026-10-05/release-0.166.95/validated-source-3caf/host-artifacts/win2025/deterministic/initial-idea-001.log.bin","docs/research/cli/evidence/gap-2026-10-05/release-0.166.95/validated-source-3caf/host-artifacts/win2025/deterministic/initial-idea-002.log.bin","docs/research/cli/evidence/gap-2026-10-05/release-0.166.95/validated-source-3caf/host-artifacts/win2025/deterministic/initial-ui-stdout.log","docs/research/cli/evidence/gap-2026-10-05/release-0.166.95/validated-source-3caf/host-artifacts/win2025/deterministic/journey-original.json","docs/research/cli/evidence/gap-2026-10-05/release-0.166.95/validated-source-3caf/host-artifacts/win2025/deterministic/restart-capture.json","docs/research/cli/evidence/gap-2026-10-05/release-0.166.95/validated-source-3caf/host-artifacts/win2025/deterministic/restart-events.bin","docs/research/cli/evidence/gap-2026-10-05/release-0.166.95/validated-source-3caf/host-artifacts/win2025/deterministic/restart-host-stderr.log","docs/research/cli/evidence/gap-2026-10-05/release-0.166.95/validated-source-3caf/host-artifacts/win2025/deterministic/restart-idea-001.log.bin","docs/research/cli/evidence/gap-2026-10-05/release-0.166.95/validated-source-3caf/host-artifacts/win2025/deterministic/restart-idea-002.log.bin","docs/research/cli/evidence/gap-2026-10-05/release-0.166.95/validated-source-3caf/host-artifacts/win2025/deterministic/restart-ui-stdout.log","docs/research/cli/evidence/gap-2026-10-05/release-0.166.95/validated-source-3caf/host-artifacts/win2025/deterministic/ui-result.xml","docs/research/cli/evidence/gap-2026-10-05/release-0.166.95/validated-source-3caf/host-artifacts/win2025/deterministic/workbench-metrics.jsonl","docs/research/cli/evidence/gap-2026-10-05/release-0.166.95/validated-source-3caf/host-artifacts/win2025/download-receipt.json","docs/research/cli/evidence/gap-2026-10-05/release-0.166.95/validated-source-3caf/host-artifacts/win2025/github-artifact.json","docs/research/cli/evidence/gap-2026-10-05/release-0.166.95/validated-source-3caf/host-artifacts/win2025/github-job.json","docs/research/cli/evidence/gap-2026-10-05/release-0.166.95/validated-source-3caf/host-artifacts/win2025/github-job.log","docs/research/cli/evidence/gap-2026-10-05/release-0.166.95/validated-source-3caf/host-artifacts/win2025/github-run.json","docs/research/cli/evidence/gap-2026-10-05/release-0.166.95/validated-source-3caf/host-artifacts/win2025/manifest.json","docs/research/cli/evidence/gap-2026-10-05/release-0.166.95/validated-source-3caf/host-logs/arm-windows/job.json","docs/research/cli/evidence/gap-2026-10-05/release-0.166.95/validated-source-3caf/host-logs/arm-windows/job.log","docs/research/cli/evidence/gap-2026-10-05/release-0.166.95/validated-source-3caf/host-logs/arm-windows/readback.json","docs/research/cli/evidence/gap-2026-10-05/release-0.166.95/validated-source-3caf/host-logs/arm-windows/run.json","docs/research/cli/evidence/gap-2026-10-05/release-0.166.95/validated-source-3caf/host-logs/win2025/job.json","docs/research/cli/evidence/gap-2026-10-05/release-0.166.95/validated-source-3caf/host-logs/win2025/job.log","docs/research/cli/evidence/gap-2026-10-05/release-0.166.95/validated-source-3caf/host-logs/win2025/readback.json","docs/research/cli/evidence/gap-2026-10-05/release-0.166.95/validated-source-3caf/host-logs/win2025/run.json","docs/research/cli/evidence/gap-2026-10-05/release-0.166.95/validated-source-3caf/manifest.json","docs/research/cli/evidence/gap-2026-10-05/release-0.166.96/README.md","docs/research/cli/evidence/gap-2026-10-05/release-0.166.96/prepublish-attempt1/archive-readback.json","docs/research/cli/evidence/gap-2026-10-05/release-0.166.96/prepublish-attempt1/arm/artifact.zip","docs/research/cli/evidence/gap-2026-10-05/release-0.166.96/prepublish-attempt1/arm/diagnosis.json","docs/research/cli/evidence/gap-2026-10-05/release-0.166.96/prepublish-attempt1/arm/download-verification.json","docs/research/cli/evidence/gap-2026-10-05/release-0.166.96/prepublish-attempt1/arm/metadata.json","docs/research/cli/evidence/gap-2026-10-05/release-0.166.96/prepublish-attempt1/arm/raw/diagnostics/001-fake-cli-bin_cc","docs/research/cli/evidence/gap-2026-10-05/release-0.166.96/prepublish-attempt1/arm/raw/diagnostics/002-fake-cli-bin_cc.cmd","docs/research/cli/evidence/gap-2026-10-05/release-0.166.96/prepublish-attempt1/arm/raw/diagnostics/003-fake-cli-bin_chainlesschain","docs/research/cli/evidence/gap-2026-10-05/release-0.166.96/prepublish-attempt1/arm/raw/diagnostics/004-fake-cli-bin_chainlesschain.cmd","docs/research/cli/evidence/gap-2026-10-05/release-0.166.96/prepublish-attempt1/arm/raw/diagnostics/005-fake-cli-bin_clc","docs/research/cli/evidence/gap-2026-10-05/release-0.166.96/prepublish-attempt1/arm/raw/diagnostics/006-fake-cli-bin_clc.cmd","docs/research/cli/evidence/gap-2026-10-05/release-0.166.96/prepublish-attempt1/arm/raw/diagnostics/007-fake-cli-bin_clchain","docs/research/cli/evidence/gap-2026-10-05/release-0.166.96/prepublish-attempt1/arm/raw/diagnostics/008-fake-cli-bin_clchain.cmd","docs/research/cli/evidence/gap-2026-10-05/release-0.166.96/prepublish-attempt1/arm/raw/diagnostics/009-fake-cli-protocol.jsonl","docs/research/cli/evidence/gap-2026-10-05/release-0.166.96/prepublish-attempt1/arm/raw/diagnostics/010-fake-cli-state.json","docs/research/cli/evidence/gap-2026-10-05/release-0.166.96/prepublish-attempt1/arm/raw/diagnostics/011-receipt.json","docs/research/cli/evidence/gap-2026-10-05/release-0.166.96/prepublish-attempt1/arm/raw/diagnostics/012-receipt.json","docs/research/cli/evidence/gap-2026-10-05/release-0.166.96/prepublish-attempt1/arm/raw/diagnostics/013-receipt.json","docs/research/cli/evidence/gap-2026-10-05/release-0.166.96/prepublish-attempt1/arm/raw/diagnostics/014-receipt.json","docs/research/cli/evidence/gap-2026-10-05/release-0.166.96/prepublish-attempt1/arm/raw/diagnostics/015-receipt.json","docs/research/cli/evidence/gap-2026-10-05/release-0.166.96/prepublish-attempt1/arm/raw/diagnostics/016-receipt.json","docs/research/cli/evidence/gap-2026-10-05/release-0.166.96/prepublish-attempt1/arm/raw/diagnostics/017-host-capture-initial_capture-status.json","docs/research/cli/evidence/gap-2026-10-05/release-0.166.96/prepublish-attempt1/arm/raw/diagnostics/018-host-capture-initial_host-events.jsonl","docs/research/cli/evidence/gap-2026-10-05/release-0.166.96/prepublish-attempt1/arm/raw/diagnostics/019-host-capture-initial_host-events.jsonl.bin","docs/research/cli/evidence/gap-2026-10-05/release-0.166.96/prepublish-attempt1/arm/raw/diagnostics/020-host-capture-initial_idea-001.log.bin","docs/research/cli/evidence/gap-2026-10-05/release-0.166.96/prepublish-attempt1/arm/raw/diagnostics/021-host-capture-initial_idea-002.log.bin","docs/research/cli/evidence/gap-2026-10-05/release-0.166.96/prepublish-attempt1/arm/raw/diagnostics/022-prepare.stderr.log","docs/research/cli/evidence/gap-2026-10-05/release-0.166.96/prepublish-attempt1/arm/raw/diagnostics/023-prepare.stdout.log","docs/research/cli/evidence/gap-2026-10-05/release-0.166.96/prepublish-attempt1/arm/raw/diagnostics/024-sandbox-ide-initial.stderr.log","docs/research/cli/evidence/gap-2026-10-05/release-0.166.96/prepublish-attempt1/arm/raw/diagnostics/025-sandbox-ide-initial.stdout.log","docs/research/cli/evidence/gap-2026-10-05/release-0.166.96/prepublish-attempt1/arm/raw/diagnostics/026-ui-smoke-initial.stderr.log","docs/research/cli/evidence/gap-2026-10-05/release-0.166.96/prepublish-attempt1/arm/raw/diagnostics/027-ui-smoke-initial.stdout.log","docs/research/cli/evidence/gap-2026-10-05/release-0.166.96/prepublish-attempt1/arm/raw/diagnostics/028-binary_output.bin","docs/research/cli/evidence/gap-2026-10-05/release-0.166.96/prepublish-attempt1/arm/raw/diagnostics/029-binary_output.bin.idx","docs/research/cli/evidence/gap-2026-10-05/release-0.166.96/prepublish-attempt1/arm/raw/diagnostics/030-binary_results.bin","docs/research/cli/evidence/gap-2026-10-05/release-0.166.96/prepublish-attempt1/arm/raw/diagnostics/031-TEST-com.chainlesschain.ide.uitest.IdeUiSmokeTest.xml","docs/research/cli/evidence/gap-2026-10-05/release-0.166.96/prepublish-attempt1/arm/raw/diagnostics/032-TEST-com.chainlesschain.ide.uitest.NativeTranscriptProbeTest.xml","docs/research/cli/evidence/gap-2026-10-05/release-0.166.96/prepublish-attempt1/arm/raw/diagnostics/033-TEST-com.chainlesschain.ide.uitest.PluginStartupContractTest.xml","docs/research/cli/evidence/gap-2026-10-05/release-0.166.96/prepublish-attempt1/arm/raw/diagnostics/034-chat-control-journey-1791578761215.png","docs/research/cli/evidence/gap-2026-10-05/release-0.166.96/prepublish-attempt1/arm/raw/diagnostics/035-chat-control-journey-1791578761215.swing.json.bin","docs/research/cli/evidence/gap-2026-10-05/release-0.166.96/prepublish-attempt1/arm/raw/journey-evidence.json","docs/research/cli/evidence/gap-2026-10-05/release-0.166.96/prepublish-attempt1/arm/raw/runner-gui-guard.log","docs/research/cli/evidence/gap-2026-10-05/release-0.166.96/prepublish-attempt1/arm/verification.json","docs/research/cli/evidence/gap-2026-10-05/release-0.166.96/prepublish-attempt1/aws/client-s3-3.1094.0.json","docs/research/cli/evidence/gap-2026-10-05/release-0.166.96/prepublish-attempt1/aws/client-s3-3.1149.0.json","docs/research/cli/evidence/gap-2026-10-05/release-0.166.96/prepublish-attempt1/aws/credential-provider-http-3.972.62.json","docs/research/cli/evidence/gap-2026-10-05/release-0.166.96/prepublish-attempt1/aws/credential-provider-http-3.972.75.json","docs/research/cli/evidence/gap-2026-10-05/release-0.166.96/prepublish-attempt1/aws/credential-provider-node-3.972.71.json","docs/research/cli/evidence/gap-2026-10-05/release-0.166.96/prepublish-attempt1/aws/credential-provider-node-3.972.85.json","docs/research/cli/evidence/gap-2026-10-05/release-0.166.96/prepublish-attempt1/aws/readback.json","docs/research/cli/evidence/gap-2026-10-05/release-0.166.96/prepublish-attempt1/cli/job-114013174530/annotations.json","docs/research/cli/evidence/gap-2026-10-05/release-0.166.96/prepublish-attempt1/cli/job-114013174530/job.json","docs/research/cli/evidence/gap-2026-10-05/release-0.166.96/prepublish-attempt1/cli/job-114013174530/job.log","docs/research/cli/evidence/gap-2026-10-05/release-0.166.96/prepublish-attempt1/cli/job-114051623102/annotations.json","docs/research/cli/evidence/gap-2026-10-05/release-0.166.96/prepublish-attempt1/cli/job-114051623102/job.json","docs/research/cli/evidence/gap-2026-10-05/release-0.166.96/prepublish-attempt1/cli/job-114051623102/job.log","docs/research/cli/evidence/gap-2026-10-05/release-0.166.96/prepublish-attempt1/cli/snapshot.json","docs/research/cli/evidence/gap-2026-10-05/release-0.166.96/prepublish-attempt1/cli/terminal-readback.json","docs/research/cli/evidence/gap-2026-10-05/release-0.166.96/prepublish-attempt1/index.json","docs/research/cli/evidence/gap-2026-10-05/release-0.166.96/prepublish-attempt1/jobs/arm-windows/job.json","docs/research/cli/evidence/gap-2026-10-05/release-0.166.96/prepublish-attempt1/jobs/arm-windows/job.log","docs/research/cli/evidence/gap-2026-10-05/release-0.166.96/prepublish-attempt1/jobs/arm-windows/readback.json","docs/research/cli/evidence/gap-2026-10-05/release-0.166.96/prepublish-attempt1/jobs/arm-windows/run.json","docs/research/cli/evidence/gap-2026-10-05/release-0.166.96/prepublish-attempt1/jobs/ci-install/job.json","docs/research/cli/evidence/gap-2026-10-05/release-0.166.96/prepublish-attempt1/jobs/ci-install/job.log","docs/research/cli/evidence/gap-2026-10-05/release-0.166.96/prepublish-attempt1/jobs/ci-install/readback.json","docs/research/cli/evidence/gap-2026-10-05/release-0.166.96/prepublish-attempt1/jobs/ci-install/run.json","docs/research/cli/evidence/gap-2026-10-05/release-0.166.96/prepublish-attempt1/jobs/ci-unit/job.json","docs/research/cli/evidence/gap-2026-10-05/release-0.166.96/prepublish-attempt1/jobs/ci-unit/job.log","docs/research/cli/evidence/gap-2026-10-05/release-0.166.96/prepublish-attempt1/jobs/ci-unit/readback.json","docs/research/cli/evidence/gap-2026-10-05/release-0.166.96/prepublish-attempt1/jobs/ci-unit/run.json","docs/research/cli/evidence/gap-2026-10-05/release-0.166.96/prepublish-attempt1/jobs/cli-unit11/job.json","docs/research/cli/evidence/gap-2026-10-05/release-0.166.96/prepublish-attempt1/jobs/cli-unit11/job.log","docs/research/cli/evidence/gap-2026-10-05/release-0.166.96/prepublish-attempt1/jobs/cli-unit11/readback.json","docs/research/cli/evidence/gap-2026-10-05/release-0.166.96/prepublish-attempt1/jobs/cli-unit11/run.json","docs/research/cli/evidence/gap-2026-10-05/release-0.166.96/prepublish-attempt1/jobs/remote-ssh/job.json","docs/research/cli/evidence/gap-2026-10-05/release-0.166.96/prepublish-attempt1/jobs/remote-ssh/job.log","docs/research/cli/evidence/gap-2026-10-05/release-0.166.96/prepublish-attempt1/jobs/remote-ssh/readback.json","docs/research/cli/evidence/gap-2026-10-05/release-0.166.96/prepublish-attempt1/jobs/remote-ssh/run.json","docs/research/cli/evidence/gap-2026-10-05/release-0.166.96/prepublish-attempt1/local-eval/attempt-1/original-test.js","docs/research/cli/evidence/gap-2026-10-05/release-0.166.96/prepublish-attempt1/local-eval/attempt-1/phases.log","docs/research/cli/evidence/gap-2026-10-05/release-0.166.96/prepublish-attempt1/local-eval/attempt-1/readback.json","docs/research/cli/evidence/gap-2026-10-05/release-0.166.96/prepublish-attempt1/local-eval/attempt-1/stderr.log","docs/research/cli/evidence/gap-2026-10-05/release-0.166.96/prepublish-attempt1/local-eval/attempt-1/stdout.log","docs/research/cli/evidence/gap-2026-10-05/release-0.166.96/prepublish-attempt1/local-eval/attempt-1/tested-source.js","docs/research/cli/evidence/gap-2026-10-05/release-0.166.96/prepublish-attempt1/local-eval/attempt-1/vitest-report.json","docs/research/cli/evidence/gap-2026-10-05/release-0.166.96/prepublish-attempt1/local-eval/final-readback.json","docs/research/cli/evidence/gap-2026-10-05/release-0.166.96/prepublish-attempt1/local-eval/final-source.js","docs/research/cli/evidence/gap-2026-10-05/release-0.166.96/prepublish-attempt1/local-eval/finalize.mjs","docs/research/cli/evidence/gap-2026-10-05/release-0.166.96/prepublish-attempt1/local-eval/run.mjs","docs/research/cli/evidence/gap-2026-10-05/release-0.166.96/prepublish-attempt1/manifest.json","docs/research/cli/evidence/gap-2026-10-05/release-0.166.96/prepublish-attempt1/remote/artifact.zip","docs/research/cli/evidence/gap-2026-10-05/release-0.166.96/prepublish-attempt1/remote/download-verification.json","docs/research/cli/evidence/gap-2026-10-05/release-0.166.96/prepublish-attempt1/remote/extraction-verification.json","docs/research/cli/evidence/gap-2026-10-05/release-0.166.96/prepublish-attempt1/remote/job.json","docs/research/cli/evidence/gap-2026-10-05/release-0.166.96/prepublish-attempt1/remote/job.log","docs/research/cli/evidence/gap-2026-10-05/release-0.166.96/prepublish-attempt1/remote/metadata.json","docs/research/cli/evidence/gap-2026-10-05/release-0.166.96/prepublish-attempt1/remote/mirror/mirror-manifest.raw","docs/research/cli/evidence/gap-2026-10-05/release-0.166.96/prepublish-attempt1/remote/mirror/mirror-readback.json","docs/research/cli/evidence/gap-2026-10-05/release-0.166.96/prepublish-attempt1/remote/raw/diagnostics/001-redacted-diagnostics.json","docs/research/cli/evidence/gap-2026-10-05/release-0.166.96/prepublish-attempt1/remote/raw/journey-evidence.json","docs/research/cli/evidence/gap-2026-10-05/release-0.166.96/prepublish-attempt1/remote/raw/release-artifacts/001-remote-ssh-0.120.0.vsix.gz","docs/research/cli/evidence/gap-2026-10-05/release-0.166.96/prepublish-attempt1/remote/raw/release-artifacts/002-remote-ssh-0.120.0.vsix","docs/research/cli/evidence/gap-2026-10-05/release-0.166.96/prepublish-attempt1/remote/raw/roadmap-artifacts/001-exact-commit.json","docs/research/cli/evidence/gap-2026-10-05/release-0.166.96/prepublish-attempt1/remote/raw/roadmap-artifacts/002-host-environment.json","docs/research/cli/evidence/gap-2026-10-05/release-0.166.96/prepublish-attempt1/remote/raw/roadmap-artifacts/003-remote-environment.json","docs/research/cli/evidence/gap-2026-10-05/release-0.166.96/prepublish-attempt1/remote/raw/roadmap-artifacts/004-redacted-diagnostics.json","docs/research/cli/evidence/gap-2026-10-05/release-0.166.96/prepublish-attempt1/remote/raw/roadmap-artifacts/005-artifact-digests.json","docs/research/cli/evidence/gap-2026-10-05/release-0.166.96/prepublish-attempt1/remote/raw/roadmap-artifacts/006-candidate-vsix.vsix","docs/research/cli/evidence/gap-2026-10-05/release-0.166.96/prepublish-attempt1/remote/raw/roadmap-artifacts/007-candidate-manifest.json","docs/research/cli/evidence/gap-2026-10-05/release-0.166.96/prepublish-attempt1/remote/raw/roadmap-artifacts/008-outcome-observations.json","docs/research/cli/evidence/gap-2026-10-05/release-0.166.96/prepublish-attempt1/source-verification.json","docs/research/cli/evidence/gap-2026-10-05/release-0.166.96/prepublish-attempt1/workflows/arm/artifacts-1.json","docs/research/cli/evidence/gap-2026-10-05/release-0.166.96/prepublish-attempt1/workflows/arm/jobs-1.json","docs/research/cli/evidence/gap-2026-10-05/release-0.166.96/prepublish-attempt1/workflows/arm/readback.json","docs/research/cli/evidence/gap-2026-10-05/release-0.166.96/prepublish-attempt1/workflows/arm/run.json","docs/research/cli/evidence/gap-2026-10-05/release-0.166.96/prepublish-attempt1/workflows/ci-tests/artifacts-1.json","docs/research/cli/evidence/gap-2026-10-05/release-0.166.96/prepublish-attempt1/workflows/ci-tests/jobs-1.json","docs/research/cli/evidence/gap-2026-10-05/release-0.166.96/prepublish-attempt1/workflows/ci-tests/readback.json","docs/research/cli/evidence/gap-2026-10-05/release-0.166.96/prepublish-attempt1/workflows/ci-tests/run.json","docs/research/cli/evidence/gap-2026-10-05/release-0.166.96/prepublish-attempt1/workflows/cli/artifacts-1.json","docs/research/cli/evidence/gap-2026-10-05/release-0.166.96/prepublish-attempt1/workflows/cli/jobs-1.json","docs/research/cli/evidence/gap-2026-10-05/release-0.166.96/prepublish-attempt1/workflows/cli/readback.json","docs/research/cli/evidence/gap-2026-10-05/release-0.166.96/prepublish-attempt1/workflows/cli/run.json","docs/research/cli/evidence/gap-2026-10-05/release-0.166.96/prepublish-attempt1/workflows/full-tests/artifacts-1.json","docs/research/cli/evidence/gap-2026-10-05/release-0.166.96/prepublish-attempt1/workflows/full-tests/jobs-1.json","docs/research/cli/evidence/gap-2026-10-05/release-0.166.96/prepublish-attempt1/workflows/full-tests/readback.json","docs/research/cli/evidence/gap-2026-10-05/release-0.166.96/prepublish-attempt1/workflows/full-tests/run.json","docs/research/cli/evidence/gap-2026-10-05/release-0.166.96/prepublish-attempt1/workflows/ide/artifacts-1.json","docs/research/cli/evidence/gap-2026-10-05/release-0.166.96/prepublish-attempt1/workflows/ide/jobs-1.json","docs/research/cli/evidence/gap-2026-10-05/release-0.166.96/prepublish-attempt1/workflows/ide/readback.json","docs/research/cli/evidence/gap-2026-10-05/release-0.166.96/prepublish-attempt1/workflows/ide/run.json","docs/research/cli/evidence/gap-2026-10-05/release-0.166.96/prepublish-attempt1/workflows/model-catalog/artifacts-1.json","docs/research/cli/evidence/gap-2026-10-05/release-0.166.96/prepublish-attempt1/workflows/model-catalog/jobs-1.json","docs/research/cli/evidence/gap-2026-10-05/release-0.166.96/prepublish-attempt1/workflows/model-catalog/readback.json","docs/research/cli/evidence/gap-2026-10-05/release-0.166.96/prepublish-attempt1/workflows/model-catalog/run.json","docs/research/cli/evidence/gap-2026-10-05/release-0.166.96/prepublish-attempt1/workflows/pr-tests/artifacts-1.json","docs/research/cli/evidence/gap-2026-10-05/release-0.166.96/prepublish-attempt1/workflows/pr-tests/jobs-1.json","docs/research/cli/evidence/gap-2026-10-05/release-0.166.96/prepublish-attempt1/workflows/pr-tests/readback.json","docs/research/cli/evidence/gap-2026-10-05/release-0.166.96/prepublish-attempt1/workflows/pr-tests/run.json","docs/research/cli/evidence/gap-2026-10-05/release-0.166.96/prepublish-attempt1/workflows/quality/artifacts-1.json","docs/research/cli/evidence/gap-2026-10-05/release-0.166.96/prepublish-attempt1/workflows/quality/jobs-1.json","docs/research/cli/evidence/gap-2026-10-05/release-0.166.96/prepublish-attempt1/workflows/quality/readback.json","docs/research/cli/evidence/gap-2026-10-05/release-0.166.96/prepublish-attempt1/workflows/quality/run.json","docs/research/cli/evidence/gap-2026-10-05/release-0.166.96/prepublish-attempt1/workflows/safety/artifacts-1.json","docs/research/cli/evidence/gap-2026-10-05/release-0.166.96/prepublish-attempt1/workflows/safety/jobs-1.json","docs/research/cli/evidence/gap-2026-10-05/release-0.166.96/prepublish-attempt1/workflows/safety/readback.json","docs/research/cli/evidence/gap-2026-10-05/release-0.166.96/prepublish-attempt1/workflows/safety/run.json","docs/research/cli/evidence/gap-2026-10-05/release-0.166.96/prepublish-attempt1/workflows/strict/artifacts-1.json","docs/research/cli/evidence/gap-2026-10-05/release-0.166.96/prepublish-attempt1/workflows/strict/jobs-1.json","docs/research/cli/evidence/gap-2026-10-05/release-0.166.96/prepublish-attempt1/workflows/strict/readback.json","docs/research/cli/evidence/gap-2026-10-05/release-0.166.96/prepublish-attempt1/workflows/strict/run.json","docs/research/cli/evidence/gap-2026-10-05/release-0.166.96/repair-attempt1/archive-readback.json","docs/research/cli/evidence/gap-2026-10-05/release-0.166.96/repair-attempt1/arm/ExportPopup.java","docs/research/cli/evidence/gap-2026-10-05/release-0.166.96/repair-attempt1/arm/IdeUiSmokeTest.source.java","docs/research/cli/evidence/gap-2026-10-05/release-0.166.96/repair-attempt1/arm/PopupReceiptContract.java","docs/research/cli/evidence/gap-2026-10-05/release-0.166.96/repair-attempt1/arm/actual-activation.js","docs/research/cli/evidence/gap-2026-10-05/release-0.166.96/repair-attempt1/arm/actual-cleanup.js","docs/research/cli/evidence/gap-2026-10-05/release-0.166.96/repair-attempt1/arm/actual-receipt.js","docs/research/cli/evidence/gap-2026-10-05/release-0.166.96/repair-attempt1/arm/bind-gradle.mjs","docs/research/cli/evidence/gap-2026-10-05/release-0.166.96/repair-attempt1/arm/compile-ui-jdk21.log","docs/research/cli/evidence/gap-2026-10-05/release-0.166.96/repair-attempt1/arm/compile.stderr.log","docs/research/cli/evidence/gap-2026-10-05/release-0.166.96/repair-attempt1/arm/compile.stdout.log","docs/research/cli/evidence/gap-2026-10-05/release-0.166.96/repair-attempt1/arm/export-compile.stderr.log","docs/research/cli/evidence/gap-2026-10-05/release-0.166.96/repair-attempt1/arm/export-compile.stdout.log","docs/research/cli/evidence/gap-2026-10-05/release-0.166.96/repair-attempt1/arm/export-gradle.stderr.log","docs/research/cli/evidence/gap-2026-10-05/release-0.166.96/repair-attempt1/arm/export-gradle.stdout.log","docs/research/cli/evidence/gap-2026-10-05/release-0.166.96/repair-attempt1/arm/gradle-activation.js","docs/research/cli/evidence/gap-2026-10-05/release-0.166.96/repair-attempt1/arm/gradle-cleanup.js","docs/research/cli/evidence/gap-2026-10-05/release-0.166.96/repair-attempt1/arm/gradle-receipt.js","docs/research/cli/evidence/gap-2026-10-05/release-0.166.96/repair-attempt1/arm/gradle-script-binding.json","docs/research/cli/evidence/gap-2026-10-05/release-0.166.96/repair-attempt1/arm/metadata.json","docs/research/cli/evidence/gap-2026-10-05/release-0.166.96/repair-attempt1/arm/report.json","docs/research/cli/evidence/gap-2026-10-05/release-0.166.96/repair-attempt1/arm/run.mjs","docs/research/cli/evidence/gap-2026-10-05/release-0.166.96/repair-attempt1/arm/run.stderr.log","docs/research/cli/evidence/gap-2026-10-05/release-0.166.96/repair-attempt1/arm/run.stdout.log","docs/research/cli/evidence/gap-2026-10-05/release-0.166.96/repair-attempt1/arm/support/ApplicationManager.java","docs/research/cli/evidence/gap-2026-10-05/release-0.166.96/repair-attempt1/arm/support/runtime-classpath.txt","docs/research/cli/evidence/gap-2026-10-05/release-0.166.96/repair-attempt1/cli/attempt-1/original-test.js","docs/research/cli/evidence/gap-2026-10-05/release-0.166.96/repair-attempt1/cli/attempt-1/phases.log","docs/research/cli/evidence/gap-2026-10-05/release-0.166.96/repair-attempt1/cli/attempt-1/readback.json","docs/research/cli/evidence/gap-2026-10-05/release-0.166.96/repair-attempt1/cli/attempt-1/stderr.log","docs/research/cli/evidence/gap-2026-10-05/release-0.166.96/repair-attempt1/cli/attempt-1/stdout.log","docs/research/cli/evidence/gap-2026-10-05/release-0.166.96/repair-attempt1/cli/attempt-1/tested-source.js","docs/research/cli/evidence/gap-2026-10-05/release-0.166.96/repair-attempt1/cli/attempt-1/vitest-report.json","docs/research/cli/evidence/gap-2026-10-05/release-0.166.96/repair-attempt1/cli/final-readback.json","docs/research/cli/evidence/gap-2026-10-05/release-0.166.96/repair-attempt1/cli/final-source.js","docs/research/cli/evidence/gap-2026-10-05/release-0.166.96/repair-attempt1/cli/finalize.mjs","docs/research/cli/evidence/gap-2026-10-05/release-0.166.96/repair-attempt1/cli/run.mjs","docs/research/cli/evidence/gap-2026-10-05/release-0.166.96/repair-attempt1/index.json","docs/research/cli/evidence/gap-2026-10-05/release-0.166.96/repair-attempt1/manifest.json","docs/research/cli/evidence/gap-2026-10-05/release-0.166.96/repair-attempt1/remote/receipt.json","docs/research/cli/evidence/gap-2026-10-05/release-0.166.96/repair-attempt1/remote/test.stderr.log","docs/research/cli/evidence/gap-2026-10-05/release-0.166.96/repair-attempt1/remote/test.stdout.log","docs/research/cli/evidence/gap-2026-10-05/release-0.166.96/repair-attempt1/source-verification.json","docs/research/cli/evidence/gap-2026-10-05/release-0.166.96/repair-attempt1/sources/IdeUiSmokeTest.java","docs/research/cli/evidence/gap-2026-10-05/release-0.166.96/repair-attempt1/sources/cli-evolution-test.js","docs/research/cli/evidence/gap-2026-10-05/release-0.166.96/repair-attempt1/sources/remote-run.cjs","docs/research/cli/evidence/gap-2026-10-05/release-0.166.96/repair-attempt1/sources/remote-test.cjs","docs/research/ide/ide-claude-code-codex-gap-analysis-2026-10-05.md","package-lock.json","packages/agent-sdk/__tests__/e2e-agent-session.test.ts","packages/agent-sdk/package-lock.json","packages/agent-sdk/package.json","packages/cli/README.md","packages/cli/__tests__/unit/background-command-argv.test.js","packages/cli/__tests__/unit/evolution-eval-readonly-audit.test.js","packages/cli/__tests__/unit/ide-roadmap-browser-evidence.test.js","packages/cli/__tests__/unit/model-catalog-review.test.js","packages/cli/__tests__/unit/permission-decision-precedence.test.js","packages/cli/__tests__/unit/scoped-permission-mutation-authority.test.js","packages/cli/package.json","packages/cli/scripts/diagnostics/windows-esbuild-private-map-supervisor.cpp","packages/cli/scripts/diagnostics/windows-job-custodian-crash-probe.cs","packages/cli/scripts/diagnostics/windows-job-recovery-probe.cs","packages/cli/scripts/diagnostics/windows-node-private-v4-adapter.cpp","packages/cli/scripts/diagnostics/windows-node-private-v4-adapter.h","packages/cli/scripts/diagnostics/windows-node-private-v4-broker.cpp","packages/cli/scripts/diagnostics/windows-node-private-v4-identity.cjs","packages/cli/scripts/diagnostics/windows-node-private-v4-paired.h","packages/cli/scripts/diagnostics/windows-node-private-v4-preload.cjs","packages/cli/scripts/diagnostics/windows-node-private-v4-protocol.h","packages/cli/scripts/ide-roadmap-browser-evidence.mjs","packages/cli/scripts/lib/windows-job-custodian-crash-evidence.mjs","packages/cli/scripts/lib/windows-job-recovery-evidence.mjs","packages/cli/scripts/review-model-catalog.mjs","packages/cli/scripts/windows-esbuild-private-map-service.mjs","packages/cli/scripts/windows-job-custodian-crash-probe.mjs","packages/cli/scripts/windows-job-recovery-probe.mjs","packages/cli/scripts/windows-node-private-v4-dependencies.mjs","packages/cli/scripts/windows-node-private-v4-diagnostic.mjs","packages/cli/scripts/windows-node-private-v4-result.mjs","packages/cli/src/lib/model-catalog-review.js","packages/cli/test-node/fixtures/windows-esbuild-private-map-service.json","packages/cli/test-node/model-catalog-review-evidence.node-test.mjs","packages/cli/test-node/windows-esbuild-private-map-service.node-test.mjs","packages/cli/test-node/windows-job-custodian-crash-evidence.node-test.mjs","packages/cli/test-node/windows-job-recovery-evidence.node-test.mjs","packages/cli/test-node/windows-node-private-v4-dependencies.node-test.mjs","packages/cli/test-node/windows-node-private-v4-identity.node-test.mjs","packages/cli/test-node/windows-node-private-v4-result.node-test.mjs","playwright.config.ts"],"mappings":[{"file":"desktop-app-vue/contracts/package-lock.json","suite":"desktop-unit","mode":"full","reason":"project-support-file"},{"file":"desktop-app-vue/package-lock.json","suite":"desktop-unit","mode":"full"},{"file":"desktop-app-vue/package.json","suite":"desktop-unit","mode":"full"},{"file":"desktop-app-vue/src/main/task/__tests__/project-goal-monitoring-host.test.js","suite":"desktop-unit","tests":["src/main/task/__tests__/project-goal-monitoring-host.test.js"]},{"file":"packages/cli/src/data/changelog.json","suite":"cli-unit","tests":["__tests__/unit/changelog-artifact-parity.test.js"]},{"file":"packages/jetbrains-plugin/CHANGELOG.md","suite":"desktop-unit","tests":[],"reason":"covered-by-ide-dedicated-gates"},{"file":"packages/jetbrains-plugin/README.md","suite":"desktop-unit","tests":[],"reason":"covered-by-ide-dedicated-gates"},{"file":"packages/jetbrains-plugin/build.gradle.kts","suite":"desktop-unit","tests":[],"reason":"covered-by-ide-dedicated-gates"},{"file":"packages/jetbrains-plugin/gradle.properties","suite":"desktop-unit","tests":[],"reason":"covered-by-ide-dedicated-gates"},{"file":"packages/jetbrains-plugin/scripts/run-ui-host-journey.mjs","suite":"desktop-unit","tests":[],"reason":"covered-by-ide-dedicated-gates"},{"file":"packages/jetbrains-plugin/scripts/run-ui-host-journey.test.mjs","suite":"desktop-unit","tests":[],"reason":"covered-by-ide-dedicated-gates"},{"file":"packages/jetbrains-plugin/src/main/java/com/chainlesschain/ide/CliVersionCheck.java","suite":"desktop-unit","tests":[],"reason":"covered-by-ide-dedicated-gates"},{"file":"packages/jetbrains-plugin/src/main/java/com/chainlesschain/ide/UiEventDiagnostics.java","suite":"desktop-unit","tests":[],"reason":"covered-by-ide-dedicated-gates"},{"file":"packages/jetbrains-plugin/src/main/java/com/chainlesschain/ide/intellij/ChatCardsLayout.java","suite":"desktop-unit","tests":[],"reason":"covered-by-ide-dedicated-gates"},{"file":"packages/jetbrains-plugin/src/main/java/com/chainlesschain/ide/intellij/ConversationView.java","suite":"desktop-unit","tests":[],"reason":"covered-by-ide-dedicated-gates"},{"file":"packages/jetbrains-plugin/src/main/resources/META-INF/plugin.xml","suite":"desktop-unit","tests":[],"reason":"covered-by-ide-dedicated-gates"},{"file":"packages/jetbrains-plugin/src/test/java/com/chainlesschain/ide/CliVersionCheckTest.java","suite":"desktop-unit","tests":[],"reason":"covered-by-ide-dedicated-gates"},{"file":"packages/jetbrains-plugin/src/test/java/com/chainlesschain/ide/IdeDoctorTest.java","suite":"desktop-unit","tests":[],"reason":"covered-by-ide-dedicated-gates"},{"file":"packages/jetbrains-plugin/src/test/java/com/chainlesschain/ide/UiEventDiagnosticsTest.java","suite":"desktop-unit","tests":[],"reason":"covered-by-ide-dedicated-gates"},{"file":"packages/jetbrains-plugin/src/test/java/com/chainlesschain/ide/intellij/ChatCardsLayoutTest.java","suite":"desktop-unit","tests":[],"reason":"covered-by-ide-dedicated-gates"},{"file":"packages/jetbrains-plugin/src/uiTest/java/com/chainlesschain/ide/uitest/IdeUiSmokeTest.java","suite":"desktop-unit","tests":[],"reason":"covered-by-ide-dedicated-gates"},{"file":"packages/jetbrains-plugin/src/uiTest/java/com/chainlesschain/ide/uitest/UiFailureDiagnostics.java","suite":"desktop-unit","tests":[],"reason":"covered-by-ide-dedicated-gates"},{"file":"packages/vscode-extension/CHANGELOG.md","suite":"desktop-unit","tests":[],"reason":"covered-by-ide-dedicated-gates"},{"file":"packages/vscode-extension/README.md","suite":"desktop-unit","tests":[],"reason":"covered-by-ide-dedicated-gates"},{"file":"packages/vscode-extension/package.json","suite":"desktop-unit","tests":[],"reason":"covered-by-ide-dedicated-gates"},{"file":"packages/vscode-extension/src/vendor/agent-sdk/VENDORED.md","suite":"desktop-unit","tests":[],"reason":"covered-by-ide-dedicated-gates"},{"file":"packages/vscode-extension/test/image-decode-budget.test.cjs","suite":"desktop-unit","tests":[],"reason":"covered-by-ide-dedicated-gates"},{"file":"packages/vscode-extension/test/permission-mode-state.test.cjs","suite":"desktop-unit","tests":[],"reason":"covered-by-ide-dedicated-gates"},{"file":"packages/vscode-extension/test/remote-ssh-container.test.cjs","suite":"desktop-unit","tests":[],"reason":"covered-by-ide-dedicated-gates"},{"file":"packages/vscode-extension/test/remote-ssh-container/run.cjs","suite":"desktop-unit","tests":[],"reason":"covered-by-ide-dedicated-gates"}]}}
2026-10-10T01:16:38.5959642Z ##[error]Process completed with exit code 2.
2026-10-10T01:16:38.6015333Z ##[group]Run echo "⚠️  Intelligent test selection failed, running complete unit roots..."
2026-10-10T01:16:38.6015667Z [36;1mecho "⚠️  Intelligent test selection failed, running complete unit roots..."[0m
2026-10-10T01:16:38.6015925Z [36;1mnpm exec --offline -- vitest run tests/unit src \[0m
2026-10-10T01:16:38.6016169Z [36;1m  --reporter=default --silent=passed-only --pool=forks --maxWorkers=2[0m
2026-10-10T01:16:38.6065958Z shell: /usr/bin/bash --noprofile --norc -e -o pipefail {0}
2026-10-10T01:16:38.6066133Z env:
2026-10-10T01:16:38.6066273Z   SOURCE_SHA: da91e730d802b7c9dcdc075b222ecc257021e552
2026-10-10T01:16:38.6066520Z ##[endgroup]
2026-10-10T01:16:38.6127911Z ⚠️  Intelligent test selection failed, running complete unit roots...
2026-10-10T01:16:38.6808627Z npm warn config ignoring workspace config at /home/runner/work/chainlesschain/chainlesschain/desktop-app-vue/.npmrc
2026-10-10T01:16:39.0216527Z 
2026-10-10T01:16:39.0217749Z [1m[30m[46m RUN [49m[39m[22m [36mv4.1.10 [39m[90m/home/runner/work/chainlesschain/chainlesschain/desktop-app-vue[39m
2026-10-10T01:16:39.0218164Z 
2026-10-10T01:16:40.0211582Z  [32m✓[39m src/main/evolution/__tests__/desktop-evolution-deployment.test.js [2m([22m[2m47 tests[22m[2m)[22m[32m 64[2mms[22m[39m
2026-10-10T01:16:40.3982232Z Warning: A vi.mock("electron") call in "/home/runner/work/chainlesschain/chainlesschain/desktop-app-vue/tests/unit/enterprise/organization-ipc.test.js" is not at the top level of the module. Although it appears nested, it will be hoisted and executed before any tests run. Move it to the top level to reflect its actual execution order. This will become an error in a future version.
2026-10-10T01:16:40.3983844Z See: https://vitest.dev/guide/mocking/modules#how-it-works
2026-10-10T01:16:41.0811719Z  [32m✓[39m tests/unit/enterprise/organization-ipc.test.js [2m([22m[2m154 tests[22m[2m)[22m[33m 627[2mms[22m[39m
2026-10-10T01:16:42.0392026Z  [32m✓[39m src/main/sync/__tests__/mobile-bridge-sync.test.js [2m([22m[2m102 tests[22m[2m)[22m[33m 484[2mms[22m[39m
2026-10-10T01:16:43.1520045Z  [32m✓[39m src/main/ai-engine/cowork/skills/__tests__/skill-pipeline-engine.test.js [2m([22m[2m98 tests[22m[2m)[22m[33m 583[2mms[22m[39m
2026-10-10T01:16:43.7607871Z  [32m✓[39m src/main/ai-engine/code-agent/__tests__/coding-agent-session-service.test.js [2m([22m[2m51 tests[22m[2m)[22m[32m 144[2mms[22m[39m
2026-10-10T01:16:44.3229761Z (node:3630) [MODULE_TYPELESS_PACKAGE_JSON] Warning: Module type of file:///home/runner/work/chainlesschain/chainlesschain/desktop-app-vue/src/main/utils/logger.js is not specified and it doesn't parse as CommonJS.
2026-10-10T01:16:44.3242406Z Reparsing as ES module because module syntax was detected. This incurs a performance overhead.
2026-10-10T01:16:44.3242988Z To eliminate this warning, add "type": "module" to /home/runner/work/chainlesschain/chainlesschain/desktop-app-vue/package.json.
2026-10-10T01:16:44.3243433Z (Use `node --trace-warnings ...` to show where the warning was created)
2026-10-10T01:16:45.8197624Z  [32m✓[39m tests/unit/ai-engine/skill-handlers.test.js [2m([22m[2m254 tests[22m[2m)[22m[33m 5851[2mms[22m[39m
2026-10-10T01:16:45.8198426Z        [33m[2m✓[22m[39m should run full diagnostics by default [33m 1366[2mms[22m[39m
2026-10-10T01:16:45.8198985Z        [33m[2m✓[22m[39m should analyze impact of a file [33m 558[2mms[22m[39m
2026-10-10T01:16:45.8199490Z        [33m[2m✓[22m[39m should analyze memory [33m 1008[2mms[22m[39m
2026-10-10T01:16:46.5725766Z  [32m✓[39m tests/unit/database/database-adapter.test.js [2m([22m[2m68 tests[22m[2m)[22m[32m 277[2mms[22m[39m
2026-10-10T01:16:47.1254763Z  [32m✓[39m src/main/ai-engine/code-agent/__tests__/coding-agent-ipc-v3.test.js [2m([22m[2m45 tests[22m[2m)[22m[32m 104[2mms[22m[39m
2026-10-10T01:16:47.6096338Z (node:3678) [MODULE_TYPELESS_PACKAGE_JSON] Warning: Module type of file:///home/runner/work/chainlesschain/chainlesschain/desktop-app-vue/src/main/utils/logger.js is not specified and it doesn't parse as CommonJS.
2026-10-10T01:16:47.6097486Z Reparsing as ES module because module syntax was detected. This incurs a performance overhead.
2026-10-10T01:16:47.6098008Z To eliminate this warning, add "type": "module" to /home/runner/work/chainlesschain/chainlesschain/desktop-app-vue/package.json.
2026-10-10T01:16:47.6098483Z (Use `node --trace-warnings ...` to show where the warning was created)
2026-10-10T01:18:59.6803852Z  [32m✓[39m tests/unit/enterprise/permission-middleware.test.js [2m([22m[2m45 tests[22m[2m)[22m[33m 132110[2mms[22m[39m
2026-10-10T01:18:59.6810293Z        [33m[2m✓[22m[39m should require single permission (success) [33m 3212[2mms[22m[39m
2026-10-10T01:18:59.6867629Z        [33m[2m✓[22m[39m should require single permission (denied) [33m 2829[2mms[22m[39m
2026-10-10T01:18:59.6907603Z        [33m[2m✓[22m[39m should extract context from args (orgId, userDID) [33m 2879[2mms[22m[39m
2026-10-10T01:18:59.6957651Z        [33m[2m✓[22m[39m should check permission with cache hit [33m 2882[2mms[22m[39m
2026-10-10T01:18:59.6967453Z        [33m[2m✓[22m[39m should check permission with cache miss [33m 2919[2mms[22m[39m
2026-10-10T01:18:59.6971743Z        [33m[2m✓[22m[39m should check permission with custom options [33m 2900[2mms[22m[39m
2026-10-10T01:18:59.6973148Z        [33m[2m✓[22m[39m should throw proper error on permission denial [33m 2934[2mms[22m[39m
2026-10-10T01:18:59.6973794Z        [33m[2m✓[22m[39m should log audit on permission grant [33m 3002[2mms[22m[39m
2026-10-10T01:18:59.6974394Z        [33m[2m✓[22m[39m should require all permissions (all granted) [33m 3078[2mms[22m[39m
2026-10-10T01:18:59.6975094Z        [33m[2m✓[22m[39m should require all permissions (one denied) [33m 2975[2mms[22m[39m
2026-10-10T01:18:59.6975742Z        [33m[2m✓[22m[39m should require all permissions (multiple denied) [33m 2874[2mms[22m[39m
2026-10-10T01:18:59.6976345Z        [33m[2m✓[22m[39m should handle empty permissions array [33m 2925[2mms[22m[39m
2026-10-10T01:18:59.6977760Z        [33m[2m✓[22m[39m should be permission order independent [33m 2909[2mms[22m[39m
2026-10-10T01:18:59.6978635Z        [33m[2m✓[22m[39m should require any permission (first granted) [33m 3030[2mms[22m[39m
2026-10-10T01:18:59.6979232Z        [33m[2m✓[22m[39m should require any permission (second granted) [33m 3119[2mms[22m[39m
2026-10-10T01:18:59.6979797Z        [33m[2m✓[22m[39m should require any permission (all denied) [33m 3089[2mms[22m[39m
2026-10-10T01:18:59.6980343Z        [33m[2m✓[22m[39m should handle single permission in array [33m 3044[2mms[22m[39m
2026-10-10T01:18:59.6980851Z        [33m[2m✓[22m[39m should require admin role [33m 3109[2mms[22m[39m
2026-10-10T01:18:59.6981302Z        [33m[2m✓[22m[39m should require owner role [33m 3149[2mms[22m[39m
2026-10-10T01:18:59.6981774Z        [33m[2m✓[22m[39m should require member role [33m 3165[2mms[22m[39m
2026-10-10T01:18:59.6982319Z        [33m[2m✓[22m[39m should deny viewer from admin-only operations [33m 3219[2mms[22m[39m
2026-10-10T01:18:59.6982893Z        [33m[2m✓[22m[39m should handle multiple role requirements [33m 3046[2mms[22m[39m
2026-10-10T01:18:59.6983443Z        [33m[2m✓[22m[39m should cache permission check result [33m 2753[2mms[22m[39m
2026-10-10T01:18:59.6983980Z        [33m[2m✓[22m[39m should return cached value on cache hit [33m 2740[2mms[22m[39m
2026-10-10T01:18:59.6984553Z        [33m[2m✓[22m[39m should skip cache when skipCache option is true [33m 2758[2mms[22m[39m
2026-10-10T01:18:59.6985152Z        [33m[2m✓[22m[39m should expire cache after TTL [33m 2773[2mms[22m[39m
2026-10-10T01:18:59.6985668Z        [33m[2m✓[22m[39m should clear cache on invalidation [33m 2809[2mms[22m[39m
2026-10-10T01:18:59.6986295Z        [33m[2m✓[22m[39m should allow operations within rate limit [33m 2651[2mms[22m[39m
2026-10-10T01:18:59.6987017Z        [33m[2m✓[22m[39m should block operations exceeding rate limit [33m 2741[2mms[22m[39m
2026-10-10T01:18:59.6987501Z        [33m[2m✓[22m[39m should apply rate limit per user [33m 2888[2mms[22m[39m
2026-10-10T01:18:59.6987867Z        [33m[2m✓[22m[39m should reset rate limit window after expiration [33m 2926[2mms[22m[39m
2026-10-10T01:18:59.6988205Z        [33m[2m✓[22m[39m should log permission grant [33m 2975[2mms[22m[39m
2026-10-10T01:18:59.6988520Z        [33m[2m✓[22m[39m should log permission denial [33m 2951[2mms[22m[39m
2026-10-10T01:18:59.6988861Z        [33m[2m✓[22m[39m should skip audit when disabled by option [33m 2938[2mms[22m[39m
2026-10-10T01:18:59.6989221Z        [33m[2m✓[22m[39m should include operation details in audit [33m 2987[2mms[22m[39m
2026-10-10T01:18:59.6989582Z        [33m[2m✓[22m[39m should handle database errors gracefully [33m 2809[2mms[22m[39m
2026-10-10T01:18:59.6989960Z        [33m[2m✓[22m[39m should handle missing context (orgId/userDID) [33m 2638[2mms[22m[39m
2026-10-10T01:18:59.6990328Z        [33m[2m✓[22m[39m should handle permission manager errors [33m 2661[2mms[22m[39m
2026-10-10T01:18:59.6990667Z        [33m[2m✓[22m[39m should handle malformed args [33m 2706[2mms[22m[39m
2026-10-10T01:18:59.6991005Z        [33m[2m✓[22m[39m should check resource ownership (folder) [33m 2964[2mms[22m[39m
2026-10-10T01:18:59.6991361Z        [33m[2m✓[22m[39m should require ownership via middleware [33m 3005[2mms[22m[39m
2026-10-10T01:18:59.6991730Z        [33m[2m✓[22m[39m should retrieve audit logs for organization [33m 3007[2mms[22m[39m
2026-10-10T01:18:59.6992087Z        [33m[2m✓[22m[39m should filter audit logs by user [33m 3018[2mms[22m[39m
2026-10-10T01:18:59.6992454Z        [33m[2m✓[22m[39m should filter audit logs by result [33m 3146[2mms[22m[39m
2026-10-10T01:18:59.6992797Z        [33m[2m✓[22m[39m should limit audit log results [33m 2974[2mms[22m[39m
2026-10-10T01:19:00.5088442Z  [32m✓[39m tests/unit/mcp/mcp-security-policy.test.js [2m([22m[2m105 tests[22m[2m)[22m[32m 237[2mms[22m[39m
2026-10-10T01:19:01.1720086Z  [32m✓[39m tests/unit/ai/intent-classifier.test.js [2m([22m[2m164 tests[22m[2m)[22m[32m 180[2mms[22m[39m
2026-10-10T01:19:03.6849204Z  [32m✓[39m tests/unit/pages/AIChatPage.test.js [2m([22m[2m65 tests[22m[2m)[22m[33m 1216[2mms[22m[39m
2026-10-10T01:19:04.6188121Z  [32m✓[39m tests/unit/pages/OrganizationKnowledgePage.test.js [2m([22m[2m34 tests[22m[2m)[22m[33m 418[2mms[22m[39m
2026-10-10T01:19:05.2575759Z  [32m✓[39m src/main/ai-engine/dual-model/__tests__/dual-model-manager.test.js [2m([22m[2m71 tests[22m[2m)[22m[32m 125[2mms[22m[39m
2026-10-10T01:19:05.9468566Z  [32m✓[39m tests/unit/did/did-ipc.test.js [2m([22m[2m92 tests[22m[2m)[22m[32m 227[2mms[22m[39m
2026-10-10T01:19:10.3301777Z  [32m✓[39m tests/unit/core/function-caller.test.js [2m([22m[2m120 tests[22m[2m)[22m[33m 3670[2mms[22m[39m
2026-10-10T01:19:10.9405893Z  [2m[90m↓[39m[22m tests/unit/pages/WorkflowMonitorPage.test.js [2m([22m[2m60 tests[22m[2m | [22m[33m60 skipped[39m[2m)[22m
2026-10-10T01:19:13.2612658Z  [32m✓[39m tests/unit/blockchain/wallet-manager.test.js [2m([22m[2m82 tests[22m[2m)[22m[33m 1762[2mms[22m[39m
2026-10-10T01:19:14.2987013Z  [32m✓[39m tests/unit/enterprise/org-knowledge-sync.test.js [2m([22m[2m50 tests[22m[2m)[22m[33m 150031[2mms[22m[39m
2026-10-10T01:19:14.3058081Z        [33m[2m✓[22m[39m should initialize knowledge sync manager [33m 1880[2mms[22m[39m
2026-10-10T01:19:14.3117735Z        [33m[2m✓[22m[39m should register message handlers on initialization [33m 1764[2mms[22m[39m
2026-10-10T01:19:14.3147647Z        [33m[2m✓[22m[39m should initialize sync state for organization [33m 3099[2mms[22m[39m
2026-10-10T01:19:14.3158364Z        [33m[2m✓[22m[39m should handle missing P2P network gracefully [33m 3248[2mms[22m[39m
2026-10-10T01:19:14.3159151Z        [33m[2m✓[22m[39m should broadcast knowledge create to P2P network [33m 3318[2mms[22m[39m
2026-10-10T01:19:14.3159813Z        [33m[2m✓[22m[39m should receive knowledge create from peer [33m 3398[2mms[22m[39m
2026-10-10T01:19:14.3160500Z        [33m[2m✓[22m[39m should handle knowledge create conflicts (duplicate) [33m 3289[2mms[22m[39m
2026-10-10T01:19:14.3161216Z        [33m[2m✓[22m[39m should validate knowledge create payload [33m 3222[2mms[22m[39m
2026-10-10T01:19:14.3161847Z        [33m[2m✓[22m[39m should queue knowledge create when offline [33m 3380[2mms[22m[39m
2026-10-10T01:19:14.3162453Z        [33m[2m✓[22m[39m should broadcast knowledge update [33m 3407[2mms[22m[39m
2026-10-10T01:19:14.3163055Z        [33m[2m✓[22m[39m should receive knowledge update from peer [33m 3387[2mms[22m[39m
2026-10-10T01:19:14.3163643Z        [33m[2m✓[22m[39m should merge Yjs CRDT updates [33m 3368[2mms[22m[39m
2026-10-10T01:19:14.3164204Z        [33m[2m✓[22m[39m should handle concurrent updates [33m 3398[2mms[22m[39m
2026-10-10T01:19:14.3164851Z        [33m[2m✓[22m[39m should resolve update conflicts using timestamp [33m 3309[2mms[22m[39m
2026-10-10T01:19:14.3165447Z        [33m[2m✓[22m[39m should track version history [33m 3379[2mms[22m[39m
2026-10-10T01:19:14.3166000Z        [33m[2m✓[22m[39m should broadcast knowledge delete [33m 3358[2mms[22m[39m
2026-10-10T01:19:14.3166719Z        [33m[2m✓[22m[39m should receive knowledge delete from peer [33m 3319[2mms[22m[39m
2026-10-10T01:19:14.3167313Z        [33m[2m✓[22m[39m should soft delete vs hard delete [33m 3364[2mms[22m[39m
2026-10-10T01:19:14.3167910Z        [33m[2m✓[22m[39m should handle delete of non-existent item [33m 3304[2mms[22m[39m
2026-10-10T01:19:14.3168534Z        [33m[2m✓[22m[39m should broadcast knowledge move to folder [33m 3557[2mms[22m[39m
2026-10-10T01:19:14.3169161Z        [33m[2m✓[22m[39m should receive knowledge move from peer [33m 3460[2mms[22m[39m
2026-10-10T01:19:14.3169969Z        [33m[2m✓[22m[39m should validate folder permissions on move [33m 3392[2mms[22m[39m
2026-10-10T01:19:14.3170543Z        [33m[2m✓[22m[39m should handle move conflicts [33m 3304[2mms[22m[39m
2026-10-10T01:19:14.3171083Z        [33m[2m✓[22m[39m should broadcast folder create [33m 3285[2mms[22m[39m
2026-10-10T01:19:14.3171630Z        [33m[2m✓[22m[39m should broadcast folder update [33m 3296[2mms[22m[39m
2026-10-10T01:19:14.3172175Z        [33m[2m✓[22m[39m should broadcast folder delete [33m 3109[2mms[22m[39m
2026-10-10T01:19:14.3172714Z        [33m[2m✓[22m[39m should sync folder permissions [33m 3286[2mms[22m[39m
2026-10-10T01:19:14.3173292Z        [33m[2m✓[22m[39m should handle nested folder operations [33m 3341[2mms[22m[39m
2026-10-10T01:19:14.3173856Z        [33m[2m✓[22m[39m should send sync request to peers [33m 3271[2mms[22m[39m
2026-10-10T01:19:14.3187615Z        [33m[2m✓[22m[39m should receive sync request [33m 3097[2mms[22m[39m
2026-10-10T01:19:14.3188229Z        [33m[2m✓[22m[39m should send sync response with items [33m 3300[2mms[22m[39m
2026-10-10T01:19:14.3189019Z        [33m[2m✓[22m[39m should handle sync response [33m 3297[2mms[22m[39m
2026-10-10T01:19:14.3189546Z        [33m[2m✓[22m[39m should broadcast Yjs updates [33m 3182[2mms[22m[39m
2026-10-10T01:19:14.3190114Z        [33m[2m✓[22m[39m should receive Yjs updates [33m 3108[2mms[22m[39m
2026-10-10T01:19:14.3190616Z        [33m[2m✓[22m[39m should merge CRDT states [33m 3237[2mms[22m[39m
2026-10-10T01:19:14.3191152Z        [33m[2m✓[22m[39m should handle Yjs awareness updates [33m 3233[2mms[22m[39m
2026-10-10T01:19:14.3191730Z        [33m[2m✓[22m[39m should queue operations when offline [33m 3349[2mms[22m[39m
2026-10-10T01:19:14.3192589Z        [33m[2m✓[22m[39m should process queue when back online [33m 3438[2mms[22m[39m
2026-10-10T01:19:14.3193144Z        [33m[2m✓[22m[39m should handle queue conflicts [33m 3229[2mms[22m[39m
2026-10-10T01:19:14.3193681Z        [33m[2m✓[22m[39m should clear old queue items [33m 3299[2mms[22m[39m
2026-10-10T01:19:14.3194297Z        [33m[2m✓[22m[39m should track knowledge sync activities [33m 3294[2mms[22m[39m
2026-10-10T01:19:14.3194838Z        [33m[2m✓[22m[39m should get sync statistics [33m 3257[2mms[22m[39m
2026-10-10T01:19:14.3195437Z        [33m[2m✓[22m[39m should get sync history for knowledge item [33m 1867[2mms[22m[39m
2026-10-10T01:19:14.3196014Z        [33m[2m✓[22m[39m should handle P2P network errors [33m 1767[2mms[22m[39m
2026-10-10T01:19:14.3196648Z        [33m[2m✓[22m[39m should handle database errors [33m 1715[2mms[22m[39m
2026-10-10T01:19:14.3197187Z        [33m[2m✓[22m[39m should handle malformed messages [33m 1749[2mms[22m[39m
2026-10-10T01:19:14.3197770Z        [33m[2m✓[22m[39m should handle permission denied errors [33m 1784[2mms[22m[39m
2026-10-10T01:19:14.3198407Z        [33m[2m✓[22m[39m should get organization knowledge with filters [33m 1781[2mms[22m[39m
2026-10-10T01:19:14.3199056Z        [33m[2m✓[22m[39m should get organization folders hierarchically [33m 1840[2mms[22m[39m
2026-10-10T01:19:14.3199667Z        [33m[2m✓[22m[39m should destroy and cleanup resources [33m 1714[2mms[22m[39m
2026-10-10T01:19:14.7983064Z  [32m✓[39m tests/unit/llm/secure-config-storage.test.js [2m([22m[2m109 tests[22m[2m)[22m[33m 1052[2mms[22m[39m
2026-10-10T01:19:14.9434110Z  [32m✓[39m src/main/ai-engine/cowork/skills/__tests__/v1.2.0-skill-creator.test.js [2m([22m[2m62 tests[22m[2m)[22m[32m 122[2mms[22m[39m
2026-10-10T01:19:15.3234860Z  [32m✓[39m src/main/hooks/__tests__/git-hook-runner.test.js [2m([22m[2m82 tests[22m[2m)[22m[32m 149[2mms[22m[39m
2026-10-10T01:19:15.4542967Z  [32m✓[39m src/main/browser/__tests__/browser-ipc-computer-use.test.js [2m([22m[2m24 tests[22m[2m)[22m[32m 157[2mms[22m[39m
2026-10-10T01:19:16.0255673Z  [32m✓[39m src/main/ai-engine/cowork/skills/__tests__/skill-metrics-collector.test.js [2m([22m[2m82 tests[22m[2m)[22m[32m 155[2mms[22m[39m
2026-10-10T01:19:16.2722138Z  [32m✓[39m tests/unit/llm/session-manager.test.js [2m([22m[2m76 tests[22m[2m)[22m[32m 262[2mms[22m[39m
2026-10-10T01:19:16.8158537Z  [32m✓[39m tests/unit/planning/task-planner.test.js [2m([22m[2m95 tests[22m[2m | [22m[33m2 skipped[39m[2m)[22m[33m 302[2mms[22m[39m
2026-10-10T01:19:16.9424430Z  [32m✓[39m tests/unit/project/project-git-ipc.test.js [2m([22m[2m55 tests[22m[2m | [22m[33m9 skipped[39m[2m)[22m[32m 145[2mms[22m[39m
2026-10-10T01:19:17.3870209Z (node:3885) [MODULE_TYPELESS_PACKAGE_JSON] Warning: Module type of file:///home/runner/work/chainlesschain/chainlesschain/desktop-app-vue/src/main/utils/logger.js is not specified and it doesn't parse as CommonJS.
2026-10-10T01:19:17.3871669Z Reparsing as ES module because module syntax was detected. This incurs a performance overhead.
2026-10-10T01:19:17.3872830Z To eliminate this warning, add "type": "module" to /home/runner/work/chainlesschain/chainlesschain/desktop-app-vue/package.json.
2026-10-10T01:19:17.3873876Z (Use `node --trace-warnings ...` to show where the warning was created)
2026-10-10T01:19:17.6827576Z  [32m✓[39m src/main/social/__tests__/community-manager.test.js [2m([22m[2m67 tests[22m[2m)[22m[32m 150[2mms[22m[39m
2026-10-10T01:19:19.3284277Z  [32m✓[39m src/main/ai-engine/cowork/__tests__/workflow-skills.test.js [2m([22m[2m57 tests[22m[2m)[22m[33m 1116[2mms[22m[39m
2026-10-10T01:19:19.9058801Z  [32m✓[39m src/main/crypto/__tests__/advanced-crypto-manager.test.js [2m([22m[2m83 tests[22m[2m)[22m[32m 103[2mms[22m[39m
2026-10-10T01:19:20.4768935Z  [32m✓[39m src/renderer/stores/__tests__/coding-agent.test.ts [2m([22m[2m32 tests[22m[2m)[22m[32m 89[2mms[22m[39m
2026-10-10T01:19:21.0995870Z  [32m✓[39m src/renderer/stores/__tests__/communityQuick.test.ts [2m([22m[2m62 tests[22m[2m)[22m[32m 94[2mms[22m[39m
2026-10-10T01:19:21.8087418Z  [32m✓[39m tests/unit/ukey/pkcs11-driver.test.js [2m([22m[2m91 tests[22m[2m)[22m[32m 160[2mms[22m[39m
2026-10-10T01:19:22.4031753Z  [32m✓[39m src/main/social/__tests__/social-token.test.js [2m([22m[2m73 tests[22m[2m)[22m[32m 110[2mms[22m[39m
2026-10-10T01:19:22.9899831Z (node:3953) [MODULE_TYPELESS_PACKAGE_JSON] Warning: Module type of file:///home/runner/work/chainlesschain/chainlesschain/desktop-app-vue/src/main/utils/logger.js is not specified and it doesn't parse as CommonJS.
2026-10-10T01:19:22.9903288Z Reparsing as ES module because module syntax was detected. This incurs a performance overhead.
2026-10-10T01:19:22.9904360Z To eliminate this warning, add "type": "module" to /home/runner/work/chainlesschain/chainlesschain/desktop-app-vue/package.json.
2026-10-10T01:19:22.9905160Z (Use `node --trace-warnings ...` to show where the warning was created)
2026-10-10T01:21:54.0798354Z  [32m✓[39m tests/unit/enterprise/org-p2p-network.test.js [2m([22m[2m56 tests[22m[2m)[22m[33m 151135[2mms[22m[39m
2026-10-10T01:21:54.0847763Z        [33m[2m✓[22m[39m should initialize organization P2P network [33m 2957[2mms[22m[39m
2026-10-10T01:21:54.0871668Z        [33m[2m✓[22m[39m should subscribe to organization topic [33m 2549[2mms[22m[39m
2026-10-10T01:21:54.0877432Z        [33m[2m✓[22m[39m should register message handlers [33m 2591[2mms[22m[39m
2026-10-10T01:21:54.0877994Z        [33m[2m✓[22m[39m should start heartbeat [33m 2667[2mms[22m[39m
2026-10-10T01:21:54.0878525Z        [33m[2m✓[22m[39m should start member discovery [33m 2954[2mms[22m[39m
2026-10-10T01:21:54.0879258Z        [33m[2m✓[22m[39m should generate organization topic name [33m 2607[2mms[22m[39m
2026-10-10T01:21:54.0879835Z        [33m[2m✓[22m[39m should subscribe to topic [33m 2687[2mms[22m[39m
2026-10-10T01:21:54.0880460Z        [33m[2m✓[22m[39m should unsubscribe from topic [33m 2935[2mms[22m[39m
2026-10-10T01:21:54.0881605Z        [33m[2m✓[22m[39m should handle subscription errors [33m 2730[2mms[22m[39m
2026-10-10T01:21:54.0889932Z        [33m[2m✓[22m[39m should send discovery request [33m 2532[2mms[22m[39m
2026-10-10T01:21:54.0890584Z        [33m[2m✓[22m[39m should receive discovery response [33m 2718[2mms[22m[39m
2026-10-10T01:21:54.0891180Z        [33m[2m✓[22m[39m should discover new members [33m 3118[2mms[22m[39m
2026-10-10T01:21:54.0891737Z        [33m[2m✓[22m[39m should update member list [33m 3074[2mms[22m[39m
2026-10-10T01:21:54.0892302Z        [33m[2m✓[22m[39m should handle offline members [33m 2548[2mms[22m[39m
2026-10-10T01:21:54.0892881Z        [33m[2m✓[22m[39m should handle discovery timeout [33m 2675[2mms[22m[39m
2026-10-10T01:21:54.0893482Z        [33m[2m✓[22m[39m should send heartbeat messages [33m 2683[2mms[22m[39m
2026-10-10T01:21:54.0894110Z        [33m[2m✓[22m[39m should receive heartbeat from member [33m 2569[2mms[22m[39m
2026-10-10T01:21:54.0894734Z        [33m[2m✓[22m[39m should mark member as online [33m 2613[2mms[22m[39m
2026-10-10T01:21:54.0895358Z        [33m[2m✓[22m[39m should mark member as offline after timeout [33m 2679[2mms[22m[39m
2026-10-10T01:21:54.0896041Z        [33m[2m✓[22m[39m should use heartbeat interval configuration [33m 2643[2mms[22m[39m
2026-10-10T01:21:54.0896822Z        [33m[2m✓[22m[39m should stop heartbeat on cleanup [33m 2582[2mms[22m[39m
2026-10-10T01:21:54.0897477Z        [33m[2m✓[22m[39m should broadcast message to all members [33m 2640[2mms[22m[39m
2026-10-10T01:21:54.0898131Z        [33m[2m✓[22m[39m should broadcast to specific members [33m 2704[2mms[22m[39m
2026-10-10T01:21:54.0898794Z        [33m[2m✓[22m[39m should broadcast with delivery confirmation [33m 2635[2mms[22m[39m
2026-10-10T01:21:54.0899720Z        [33m[2m✓[22m[39m should handle broadcast failures [33m 3041[2mms[22m[39m
2026-10-10T01:21:54.0910430Z        [33m[2m✓[22m[39m should handle broadcast timeout [33m 3635[2mms[22m[39m
2026-10-10T01:21:54.0923489Z        [33m[2m✓[22m[39m should emit member:online event [33m 2935[2mms[22m[39m
2026-10-10T01:21:54.0924075Z        [33m[2m✓[22m[39m should emit member:offline event [33m 2630[2mms[22m[39m
2026-10-10T01:21:54.0924871Z        [33m[2m✓[22m[39m should emit member:joined event [33m 2558[2mms[22m[39m
2026-10-10T01:21:54.0933777Z        [33m[2m✓[22m[39m should emit member:left event [33m 2652[2mms[22m[39m
2026-10-10T01:21:54.0938483Z        [33m[2m✓[22m[39m should emit member:discovered event [33m 2717[2mms[22m[39m
2026-10-10T01:21:54.0987024Z        [33m[2m✓[22m[39m should handle concurrent status changes [33m 2524[2mms[22m[39m
2026-10-10T01:21:54.0997232Z        [33m[2m✓[22m[39m should send knowledge created message [33m 2601[2mms[22m[39m
2026-10-10T01:21:54.1027774Z        [33m[2m✓[22m[39m should send knowledge updated message [33m 2632[2mms[22m[39m
2026-10-10T01:21:54.1028591Z        [33m[2m✓[22m[39m should send knowledge deleted message [33m 2754[2mms[22m[39m
2026-10-10T01:21:54.1029452Z        [33m[2m✓[22m[39m should receive knowledge sync messages [33m 2501[2mms[22m[39m
2026-10-10T01:21:54.1030075Z        [33m[2m✓[22m[39m should handle knowledge sync conflicts [33m 2621[2mms[22m[39m
2026-10-10T01:21:54.1030686Z        [33m[2m✓[22m[39m should register message handler for type [33m 2638[2mms[22m[39m
2026-10-10T01:21:54.1031282Z        [33m[2m✓[22m[39m should handle incoming messages [33m 2752[2mms[22m[39m
2026-10-10T01:21:54.1031823Z        [33m[2m✓[22m[39m should route messages by type [33m 2530[2mms[22m[39m
2026-10-10T01:21:54.1032371Z        [33m[2m✓[22m[39m should handle invalid message type [33m 2622[2mms[22m[39m
2026-10-10T01:21:54.1032934Z        [33m[2m✓[22m[39m should validate message format [33m 2821[2mms[22m[39m
2026-10-10T01:21:54.1033481Z        [33m[2m✓[22m[39m should stop organization network [33m 2636[2mms[22m[39m
2026-10-10T01:21:54.1034384Z        [33m[2m✓[22m[39m should cleanup subscriptions [33m 2573[2mms[22m[39m
2026-10-10T01:21:54.1034901Z        [33m[2m✓[22m[39m should clear heartbeat timers [33m 2643[2mms[22m[39m
2026-10-10T01:21:54.1035461Z        [33m[2m✓[22m[39m should handle P2P connection errors [33m 2683[2mms[22m[39m
2026-10-10T01:21:54.1036053Z        [33m[2m✓[22m[39m should handle topic subscription errors [33m 2652[2mms[22m[39m
2026-10-10T01:21:54.1036778Z        [33m[2m✓[22m[39m should handle message delivery failures [33m 2562[2mms[22m[39m
2026-10-10T01:21:54.1037331Z        [33m[2m✓[22m[39m should handle database errors [33m 2683[2mms[22m[39m
2026-10-10T01:21:54.1037872Z        [33m[2m✓[22m[39m should handle malformed messages [33m 2631[2mms[22m[39m
2026-10-10T01:21:54.1038424Z        [33m[2m✓[22m[39m should get network statistics [33m 2722[2mms[22m[39m
2026-10-10T01:21:54.1038974Z        [33m[2m✓[22m[39m should get online members list [33m 2553[2mms[22m[39m
2026-10-10T01:21:54.1039507Z        [33m[2m✓[22m[39m should get online member count [33m 2682[2mms[22m[39m
2026-10-10T01:21:54.1040051Z        [33m[2m✓[22m[39m should check if member is online [33m 2695[2mms[22m[39m
2026-10-10T01:21:54.1040744Z        [33m[2m✓[22m[39m should fallback to direct message mode when PubSub unavailable [33m 2621[2mms[22m[39m
2026-10-10T01:21:54.1041488Z        [33m[2m✓[22m[39m should broadcast via direct messages when in direct mode [33m 2541[2mms[22m[39m
2026-10-10T01:21:54.7924949Z  [32m✓[39m src/main/social/__tests__/shared-album-manager.test.js [2m([22m[2m67 tests[22m[2m)[22m[32m 119[2mms[22m[39m
2026-10-10T01:21:54.9508447Z  [32m✓[39m tests/unit/enterprise/did-invitation-manager.test.js [2m([22m[2m45 tests[22m[2m)[22m[33m 157626[2mms[22m[39m
2026-10-10T01:21:54.9510068Z        [33m[2m✓[22m[39m should send direct DID invitation [33m 2105[2mms[22m[39m
2026-10-10T01:21:54.9547548Z        [33m[2m✓[22m[39m should send invitation with custom message [33m 1840[2mms[22m[39m
2026-10-10T01:21:54.9567612Z        [33m[2m✓[22m[39m should send invitation with specific role (admin) [33m 1890[2mms[22m[39m
2026-10-10T01:21:54.9620428Z        [33m[2m✓[22m[39m should send invitation with specific role (viewer) [33m 3275[2mms[22m[39m
2026-10-10T01:21:54.9621004Z        [33m[2m✓[22m[39m should send invitation with expiration time [33m 3448[2mms[22m[39m
2026-10-10T01:21:54.9621466Z        [33m[2m✓[22m[39m should get invitation by ID [33m 3382[2mms[22m[39m
2026-10-10T01:21:54.9621917Z        [33m[2m✓[22m[39m should list pending invitations for user [33m 3624[2mms[22m[39m
2026-10-10T01:21:54.9622384Z        [33m[2m✓[22m[39m should handle P2P delivery of invitation [33m 3552[2mms[22m[39m
2026-10-10T01:21:54.9622846Z        [33m[2m✓[22m[39m should accept valid invitation [33m 3799[2mms[22m[39m
2026-10-10T01:21:54.9623318Z        [33m[2m✓[22m[39m should accept invitation and join organization [33m 3761[2mms[22m[39m
2026-10-10T01:21:54.9623755Z        [33m[2m✓[22m[39m should reject invitation [33m 3593[2mms[22m[39m
2026-10-10T01:21:54.9624200Z        [33m[2m✓[22m[39m should accept invitation updates member role [33m 4132[2mms[22m[39m
2026-10-10T01:21:54.9624661Z        [33m[2m✓[22m[39m should not accept expired invitation [33m 4157[2mms[22m[39m
2026-10-10T01:21:54.9625114Z        [33m[2m✓[22m[39m should not accept cancelled invitation [33m 3730[2mms[22m[39m
2026-10-10T01:21:54.9625661Z        [33m[2m✓[22m[39m should get invitation status (pending/accepted/rejected/expired/cancelled) [33m 3718[2mms[22m[39m
2026-10-10T01:21:54.9626212Z        [33m[2m✓[22m[39m should cancel pending invitation (inviter only) [33m 3518[2mms[22m[39m
2026-10-10T01:21:54.9626861Z        [33m[2m✓[22m[39m should mark invitation as expired [33m 3742[2mms[22m[39m
2026-10-10T01:21:54.9627544Z        [33m[2m✓[22m[39m should not cancel already accepted invitation [33m 3776[2mms[22m[39m
2026-10-10T01:21:54.9628028Z        [33m[2m✓[22m[39m should get invitation history for organization [33m 3647[2mms[22m[39m
2026-10-10T01:21:54.9628477Z        [33m[2m✓[22m[39m should generate invitation link [33m 3359[2mms[22m[39m
2026-10-10T01:21:54.9628900Z        [33m[2m✓[22m[39m should generate invitation code [33m 3374[2mms[22m[39m
2026-10-10T01:21:54.9629341Z        [33m[2m✓[22m[39m should generate QR code for invitation [33m 4712[2mms[22m[39m
2026-10-10T01:21:54.9629796Z        [33m[2m✓[22m[39m should accept invitation via link token [33m 4169[2mms[22m[39m
2026-10-10T01:21:54.9630249Z        [33m[2m✓[22m[39m should accept invitation via code [33m 3326[2mms[22m[39m
2026-10-10T01:21:54.9630680Z        [33m[2m✓[22m[39m should track link usage count [33m 3781[2mms[22m[39m
2026-10-10T01:21:54.9631108Z        [33m[2m✓[22m[39m should expire link after max uses [33m 3956[2mms[22m[39m
2026-10-10T01:21:54.9631549Z        [33m[2m✓[22m[39m should register P2P message handlers [33m 3256[2mms[22m[39m
2026-10-10T01:21:54.9631999Z        [33m[2m✓[22m[39m should send invitation via P2P network [33m 3402[2mms[22m[39m
2026-10-10T01:21:54.9632450Z        [33m[2m✓[22m[39m should receive invitation notification [33m 3439[2mms[22m[39m
2026-10-10T01:21:54.9632920Z        [33m[2m✓[22m[39m should handle offline recipient (queue message) [33m 3386[2mms[22m[39m
2026-10-10T01:21:54.9633390Z        [33m[2m✓[22m[39m should retry failed invitation delivery [33m 3422[2mms[22m[39m
2026-10-10T01:21:54.9633845Z        [33m[2m✓[22m[39m should allow admin to invite [33m 3873[2mms[22m[39m
2026-10-10T01:21:54.9634298Z        [33m[2m✓[22m[39m should prevent member from sending invitations [33m 3798[2mms[22m[39m
2026-10-10T01:21:54.9634919Z        [33m[2m✓[22m[39m should prevent viewer from sending invitations [33m 3917[2mms[22m[39m
2026-10-10T01:21:54.9635421Z        [33m[2m✓[22m[39m should verify inviter has permission before sending [33m 3783[2mms[22m[39m
2026-10-10T01:21:54.9635874Z        [33m[2m✓[22m[39m should handle database errors [33m 3273[2mms[22m[39m
2026-10-10T01:21:54.9636305Z        [33m[2m✓[22m[39m should handle DID resolution failures [33m 3430[2mms[22m[39m
2026-10-10T01:21:54.9636891Z        [33m[2m✓[22m[39m should handle P2P network errors [33m 3300[2mms[22m[39m
2026-10-10T01:21:54.9637328Z        [33m[2m✓[22m[39m should handle invalid invitation data [33m 3230[2mms[22m[39m
2026-10-10T01:21:54.9637840Z        [33m[2m✓[22m[39m should handle duplicate invitation prevention [33m 3329[2mms[22m[39m
2026-10-10T01:21:54.9638296Z        [33m[2m✓[22m[39m should get invitation statistics [33m 3998[2mms[22m[39m
2026-10-10T01:21:54.9638740Z        [33m[2m✓[22m[39m should get invitation link statistics [33m 4002[2mms[22m[39m
2026-10-10T01:21:54.9639289Z        [33m[2m✓[22m[39m should generate QR code for invitation link [33m 3374[2mms[22m[39m
2026-10-10T01:21:54.9639763Z        [33m[2m✓[22m[39m should generate QR code in different formats [33m 3320[2mms[22m[39m
2026-10-10T01:21:54.9640208Z        [33m[2m✓[22m[39m should parse invitation QR code [33m 2723[2mms[22m[39m
2026-10-10T01:21:55.4440733Z  [32m✓[39m src/main/social/__tests__/governance-engine.test.js [2m([22m[2m58 tests[22m[2m)[22m[32m 113[2mms[22m[39m
2026-10-10T01:21:55.6670730Z  [32m✓[39m tests/unit/did/did-manager.test.js [2m([22m[2m61 tests[22m[2m)[22m[32m 158[2mms[22m[39m
2026-10-10T01:21:56.1428834Z  [32m✓[39m src/main/social/__tests__/channel-manager.test.js [2m([22m[2m59 tests[22m[2m)[22m[32m 141[2mms[22m[39m
2026-10-10T01:21:56.2590081Z  [32m✓[39m src/main/ai-engine/code-agent/__tests__/coding-agent-bridge.test.js [2m([22m[2m35 tests[22m[2m)[22m[32m 47[2mms[22m[39m
2026-10-10T01:21:56.9308426Z  [32m✓[39m src/main/ai-engine/autonomous/__tests__/autonomous-agent-runner.test.js [2m([22m[2m78 tests[22m[2m)[22m[32m 252[2mms[22m[39m
2026-10-10T01:21:57.4763467Z  [32m✓[39m tests/unit/ai-engine/unified-tool-registry.test.js [2m([22m[2m37 tests[22m[2m)[22m[32m 117[2mms[22m[39m
2026-10-10T01:21:57.9500868Z (node:4073) [MODULE_TYPELESS_PACKAGE_JSON] Warning: Module type of file:///home/runner/work/chainlesschain/chainlesschain/desktop-app-vue/src/main/utils/logger.js is not specified and it doesn't parse as CommonJS.
2026-10-10T01:21:57.9501963Z Reparsing as ES module because module syntax was detected. This incurs a performance overhead.
2026-10-10T01:21:57.9502800Z To eliminate this warning, add "type": "module" to /home/runner/work/chainlesschain/chainlesschain/desktop-app-vue/package.json.
2026-10-10T01:21:57.9503612Z (Use `node --trace-warnings ...` to show where the warning was created)
2026-10-10T01:23:19.2478854Z  [32m✓[39m src/main/sign-bridge/__tests__/electron-web-sign-bridge.test.js [2m([22m[2m69 tests[22m[2m)[22m[33m 82420[2mms[22m[39m
2026-10-10T01:23:19.2501668Z      [33m[2m✓[22m[39m signedHeaders parses xhs.js JSON-stringified headers [33m 2505[2mms[22m[39m
2026-10-10T01:23:19.2502731Z      [33m[2m✓[22m[39m signedHeaders returns {} when xhs returns null (all candidates missed) [33m 2505[2mms[22m[39m
2026-10-10T01:23:19.2503793Z      [33m[2m✓[22m[39m signedHeaders returns {} when xhs returns non-object string (legacy build) [33m 2502[2mms[22m[39m
2026-10-10T01:23:19.2504779Z      [33m[2m✓[22m[39m signUrl appends _signature query param for bare-string JS result [33m 2507[2mms[22m[39m
2026-10-10T01:23:19.2505654Z      [33m[2m✓[22m[39m signUrl unpacks _signature field from object JS result [33m 2506[2mms[22m[39m
2026-10-10T01:23:19.2506702Z      [33m[2m✓[22m[39m signUrl falls back to raw string when JSON.parse fails [33m 2506[2mms[22m[39m
2026-10-10T01:23:19.2507914Z      [33m[2m✓[22m[39m signUrl returns null when JS returns null [33m 2509[2mms[22m[39m
2026-10-10T01:23:19.2508790Z      [33m[2m✓[22m[39m signUrl returns null for 'null' / 'undefined' / empty JS sentinel [33m 7519[2mms[22m[39m
2026-10-10T01:23:19.2509690Z      [33m[2m✓[22m[39m signUrl replaces existing _signature param (not append twice) [33m 2506[2mms[22m[39m
2026-10-10T01:23:19.2510507Z      [33m[2m✓[22m[39m signUrl ignores object without _signature field [33m 2506[2mms[22m[39m
2026-10-10T01:23:19.2511312Z      [33m[2m✓[22m[39m signUrl + warmUp + shutdown lifecycle (mocked electron) [33m 2507[2mms[22m[39m
2026-10-10T01:23:19.2512166Z      [33m[2m✓[22m[39m signUrl appends __NS_sig3 + caches kpf/kpn from object result [33m 3006[2mms[22m[39m
2026-10-10T01:23:19.2513021Z      [33m[2m✓[22m[39m signedHeaders returns {} when rawUrl doesn't match last signUrl [33m 3007[2mms[22m[39m
2026-10-10T01:23:19.2513903Z      [33m[2m✓[22m[39m signUrl recognizes alternate sig key aliases (NS_sig3, sig3) [33m 9019[2mms[22m[39m
2026-10-10T01:23:19.2514767Z      [33m[2m✓[22m[39m signUrl falls back to defaults when kpf/kpn missing in result [33m 3008[2mms[22m[39m
2026-10-10T01:23:19.2515634Z      [33m[2m✓[22m[39m signUrl treats bare-string result as sig value (no object) [33m 3009[2mms[22m[39m
2026-10-10T01:23:19.2516637Z      [33m[2m✓[22m[39m signUrl returns null + clears headers when JS returns null [33m 3010[2mms[22m[39m
2026-10-10T01:23:19.2517576Z      [33m[2m✓[22m[39m signUrl returns null on 'null' / 'undefined' / empty sentinel [33m 9024[2mms[22m[39m
2026-10-10T01:23:19.2518429Z      [33m[2m✓[22m[39m signUrl returns null when object lacks any sig key alias [33m 3012[2mms[22m[39m
2026-10-10T01:23:19.2519308Z      [33m[2m✓[22m[39m warmUp + signUrl + signedHeaders + shutdown lifecycle [33m 3014[2mms[22m[39m
2026-10-10T01:23:19.2520168Z      [33m[2m✓[22m[39m returns 4-candidate presence map when one function found [33m 2508[2mms[22m[39m
2026-10-10T01:23:19.2521291Z      [33m[2m✓[22m[39m anyPresent=false when all candidates absent (rotation) [33m 2511[2mms[22m[39m
2026-10-10T01:23:19.2522023Z      [33m[2m✓[22m[39m returns 3-candidate map [33m 2508[2mms[22m[39m
2026-10-10T01:23:19.2522677Z      [33m[2m✓[22m[39m returns 4-candidate map [33m 3006[2mms[22m[39m
2026-10-10T01:23:19.9206285Z  [32m✓[39m tests/unit/ukey/ukey-manager.test.js [2m([22m[2m84 tests[22m[2m)[22m[32m 130[2mms[22m[39m
2026-10-10T01:23:20.7068277Z  [32m✓[39m tests/unit/pages/PluginMarketplace.test.js [2m([22m[2m45 tests[22m[2m)[22m[32m 262[2mms[22m[39m
2026-10-10T01:23:22.2135974Z  [32m✓[39m tests/unit/ai-engine/function-caller.test.js [2m([22m[2m62 tests[22m[2m)[22m[33m 816[2mms[22m[39m
2026-10-10T01:23:22.8232256Z  [32m✓[39m src/main/ai-engine/__tests__/tool-masking.test.js [2m([22m[2m83 tests[22m[2m)[22m[32m 116[2mms[22m[39m
2026-10-10T01:23:23.4951632Z  [32m✓[39m tests/unit/config/unified-config-manager.test.js [2m([22m[2m65 tests[22m[2m)[22m[32m 140[2mms[22m[39m
2026-10-10T01:23:24.1218554Z  [32m✓[39m tests/unit/blockchain/contract-ipc.test.js [2m([22m[2m79 tests[22m[2m)[22m[32m 117[2mms[22m[39m
2026-10-10T01:23:24.7329026Z  [32m✓[39m tests/unit/database/sqlcipher-wrapper.test.js [2m([22m[2m87 tests[22m[2m)[22m[32m 146[2mms[22m[39m
2026-10-10T01:23:25.3942994Z  [32m✓[39m tests/unit/enterprise/organization-manager.test.js [2m([22m[2m47 tests[22m[2m)[22m[33m 87491[2mms[22m[39m
2026-10-10T01:23:25.3943783Z        [33m[2m✓[22m[39m should create organization with valid data [33m 1876[2mms[22m[39m
2026-10-10T01:23:25.3944415Z        [33m[2m✓[22m[39m should create organization and verify DID generation [33m 1700[2mms[22m[39m
2026-10-10T01:23:25.3945054Z        [33m[2m✓[22m[39m should create organization and assign owner as admin [33m 1695[2mms[22m[39m
2026-10-10T01:23:25.3946359Z        [33m[2m✓[22m[39m should create organization with all optional fields [33m 1698[2mms[22m[39m
2026-10-10T01:23:25.3947298Z        [33m[2m✓[22m[39m should reject organization creation without current identity [33m 2597[2mms[22m[39m
2026-10-10T01:23:25.3947990Z        [33m[2m✓[22m[39m should reject organization creation with invalid type [33m 1382[2mms[22m[39m
2026-10-10T01:23:25.3948575Z        [33m[2m✓[22m[39m should soft delete organization [33m 1760[2mms[22m[39m
2026-10-10T01:23:25.3949197Z        [33m[2m✓[22m[39m should prevent non-owner from deleting organization [33m 1788[2mms[22m[39m
2026-10-10T01:23:25.3949806Z        [33m[2m✓[22m[39m should add member to organization [33m 1812[2mms[22m[39m
2026-10-10T01:23:25.3950405Z        [33m[2m✓[22m[39m should add member with specific role (admin) [33m 1779[2mms[22m[39m
2026-10-10T01:23:25.3951030Z        [33m[2m✓[22m[39m should add member with specific role (viewer) [33m 1845[2mms[22m[39m
2026-10-10T01:23:25.3951502Z        [33m[2m✓[22m[39m should remove member from organization [33m 1843[2mms[22m[39m
2026-10-10T01:23:25.3951881Z        [33m[2m✓[22m[39m should prevent removing organization owner [33m 1727[2mms[22m[39m
2026-10-10T01:23:25.3952225Z        [33m[2m✓[22m[39m should update member role [33m 1850[2mms[22m[39m
2026-10-10T01:23:25.3952638Z        [33m[2m✓[22m[39m should get all members of organization [33m 1846[2mms[22m[39m
2026-10-10T01:23:25.3953156Z        [33m[2m✓[22m[39m should get member count [33m 1774[2mms[22m[39m
2026-10-10T01:23:25.3953674Z        [33m[2m✓[22m[39m should check if user is member [33m 1810[2mms[22m[39m
2026-10-10T01:23:25.3954233Z        [33m[2m✓[22m[39m should list organizations for user [33m 2179[2mms[22m[39m
2026-10-10T01:23:25.3954782Z        [33m[2m✓[22m[39m should get organization by ID [33m 2051[2mms[22m[39m
2026-10-10T01:23:25.3955311Z        [33m[2m✓[22m[39m should get organization by DID [33m 2054[2mms[22m[39m
2026-10-10T01:23:25.3955902Z        [33m[2m✓[22m[39m should return null for non-existent organization [33m 2065[2mms[22m[39m
2026-10-10T01:23:25.3956898Z        [33m[2m✓[22m[39m should list user organizations [33m 2063[2mms[22m[39m
2026-10-10T01:23:25.3957480Z        [33m[2m✓[22m[39m should get organization with member count [33m 2168[2mms[22m[39m
2026-10-10T01:23:25.3958072Z        [33m[2m✓[22m[39m should search organizations by name [33m 2072[2mms[22m[39m
2026-10-10T01:23:25.3958698Z        [33m[2m✓[22m[39m should initialize P2P network for organization [33m 1657[2mms[22m[39m
2026-10-10T01:23:25.3959302Z        [33m[2m✓[22m[39m should handle member online event [33m 1672[2mms[22m[39m
2026-10-10T01:23:25.3959857Z        [33m[2m✓[22m[39m should handle member offline event [33m 1676[2mms[22m[39m
2026-10-10T01:23:25.3960435Z        [33m[2m✓[22m[39m should handle member discovered event [33m 1642[2mms[22m[39m
2026-10-10T01:23:25.3961051Z        [33m[2m✓[22m[39m should broadcast message to organization [33m 1678[2mms[22m[39m
2026-10-10T01:23:25.3961671Z        [33m[2m✓[22m[39m should handle knowledge shared event [33m 1643[2mms[22m[39m
2026-10-10T01:23:25.3962263Z        [33m[2m✓[22m[39m should handle knowledge updated event [33m 1643[2mms[22m[39m
2026-10-10T01:23:25.3962850Z        [33m[2m✓[22m[39m should handle knowledge deleted event [33m 1656[2mms[22m[39m
2026-10-10T01:23:25.3963524Z        [33m[2m✓[22m[39m should handle knowledge permission changed event [33m 1658[2mms[22m[39m
2026-10-10T01:23:25.3964160Z        [33m[2m✓[22m[39m should allow owner to manage organization [33m 1920[2mms[22m[39m
2026-10-10T01:23:25.3964751Z        [33m[2m✓[22m[39m should allow admin to invite members [33m 1919[2mms[22m[39m
2026-10-10T01:23:25.3965395Z        [33m[2m✓[22m[39m should prevent member from removing other members [33m 1927[2mms[22m[39m
2026-10-10T01:23:25.3966289Z        [33m[2m✓[22m[39m should prevent viewer from deleting organization [33m 1924[2mms[22m[39m
2026-10-10T01:23:25.3967207Z        [33m[2m✓[22m[39m fail-closes (no crash) when a role's permissions JSON is corrupt [33m 1948[2mms[22m[39m
2026-10-10T01:23:25.3967872Z        [33m[2m✓[22m[39m should verify admin-only operations [33m 1924[2mms[22m[39m
2026-10-10T01:23:25.3968469Z        [33m[2m✓[22m[39m should handle database errors gracefully [33m 1696[2mms[22m[39m
2026-10-10T01:23:25.3969074Z        [33m[2m✓[22m[39m should handle DID generation failures [33m 2933[2mms[22m[39m
2026-10-10T01:23:25.3969642Z        [33m[2m✓[22m[39m should handle P2P network errors [33m 2040[2mms[22m[39m
2026-10-10T01:23:25.3970265Z        [33m[2m✓[22m[39m should handle concurrent modification conflicts [33m 1966[2mms[22m[39m
2026-10-10T01:23:25.3970959Z        [33m[2m✓[22m[39m should generate invite code on organization creation [33m 1725[2mms[22m[39m
2026-10-10T01:23:25.3971583Z        [33m[2m✓[22m[39m should create custom invitation [33m 1761[2mms[22m[39m
2026-10-10T01:23:25.3972106Z        [33m[2m✓[22m[39m should get all roles [33m 1729[2mms[22m[39m
2026-10-10T01:23:25.3972647Z        [33m[2m✓[22m[39m should get all available permissions [33m 1714[2mms[22m[39m
2026-10-10T01:23:25.4075547Z  [32m✓[39m tests/unit/ai-engine/self-correction-loop.test.js [2m([22m[2m75 tests[22m[2m)[22m[32m 169[2mms[22m[39m
2026-10-10T01:23:26.0712524Z  [32m✓[39m src/main/collaboration/__tests__/realtime-collab-manager.test.js [2m([22m[2m61 tests[22m[2m)[22m[32m 102[2mms[22m[39m
2026-10-10T01:23:26.6848457Z  [32m✓[39m tests/unit/pages/OrganizationRolesPage.test.js [2m([22m[2m38 tests[22m[2m)[22m[33m 750[2mms[22m[39m
2026-10-10T01:23:26.7948240Z  [32m✓[39m tests/unit/ai-engine/data-collector.test.js [2m([22m[2m81 tests[22m[2m)[22m[32m 150[2mms[22m[39m
2026-10-10T01:23:27.4070047Z  [32m✓[39m tests/unit/ai-engine/checkpoint-validator.test.js [2m([22m[2m84 tests[22m[2m)[22m[32m 214[2mms[22m[39m
2026-10-10T01:23:27.5027719Z  [32m✓[39m src/main/ipfs/__tests__/ipfs-manager.test.js [2m([22m[2m52 tests[22m[2m)[22m[32m 176[2mms[22m[39m
2026-10-10T01:23:28.0551764Z  [32m✓[39m src/main/crypto/__tests__/zero-knowledge-manager.test.js [2m([22m[2m71 tests[22m[2m)[22m[32m 112[2mms[22m[39m
2026-10-10T01:23:28.6823024Z  [32m✓[39m src/main/ai-engine/cowork/skills/__tests__/skill-lazy-load.test.js [2m([22m[2m48 tests[22m[2m)[22m[32m 93[2mms[22m[39m
2026-10-10T01:23:29.3782842Z  [32m✓[39m src/renderer/stores/__tests__/didManagement.test.ts [2m([22m[2m51 tests[22m[2m)[22m[32m 75[2mms[22m[39m
2026-10-10T01:23:30.1484725Z  [32m✓[39m tests/unit/pages/DatabasePerformancePage.test.js [2m([22m[2m56 tests[22m[2m)[22m[32m 213[2mms[22m[39m
2026-10-10T01:23:30.1726268Z  [32m✓[39m tests/unit/pages/MarketPage.test.js [2m([22m[2m66 tests[22m[2m)[22m[33m 1826[2mms[22m[39m
2026-10-10T01:23:30.8398732Z  [32m✓[39m tests/unit/ai-engine/user-profile-manager.test.js [2m([22m[2m78 tests[22m[2m)[22m[32m 182[2mms[22m[39m
2026-10-10T01:23:30.8737075Z  [32m✓[39m tests/unit/pages/FeedList.test.js [2m([22m[2m50 tests[22m[2m)[22m[32m 164[2mms[22m[39m
2026-10-10T01:23:31.5059383Z  [32m✓[39m src/main/crypto/__tests__/post-quantum-manager.test.js [2m([22m[2m70 tests[22m[2m)[22m[32m 83[2mms[22m[39m
2026-10-10T01:23:32.1653266Z  [32m✓[39m tests/unit/tools/template-manager.test.js [2m([22m[2m45 tests[22m[2m)[22m[32m 113[2mms[22m[39m
2026-10-10T01:23:32.3099106Z  [32m✓[39m tests/unit/pages/EmailReader.test.js [2m([22m[2m56 tests[22m[2m | [22m[33m3 skipped[39m[2m)[22m[33m 607[2mms[22m[39m
2026-10-10T01:23:32.7742319Z  [32m✓[39m src/main/fine-tuning/__tests__/fine-tuning-manager.test.js [2m([22m[2m40 tests[22m[2m | [22m[33m3 skipped[39m[2m)[22m[32m 92[2mms[22m[39m
2026-10-10T01:23:32.9199942Z  [32m✓[39m tests/unit/import/import-ipc.test.js [2m([22m[2m42 tests[22m[2m)[22m[32m 108[2mms[22m[39m
2026-10-10T01:23:33.5302445Z  [32m✓[39m src/main/p2p/__tests__/call-manager.test.js [2m([22m[2m55 tests[22m[2m)[22m[32m 87[2mms[22m[39m
2026-10-10T01:23:34.4142264Z  [32m✓[39m src/main/social/__tests__/post-manager.test.js [2m([22m[2m63 tests[22m[2m)[22m[33m 344[2mms[22m[39m
2026-10-10T01:23:34.9203338Z  [32m✓[39m tests/unit/pages/PermissionManagementPage.test.js [2m([22m[2m54 tests[22m[2m)[22m[33m 746[2mms[22m[39m
2026-10-10T01:23:35.0468440Z  [32m✓[39m tests/unit/database/database-migration.test.js [2m([22m[2m68 tests[22m[2m)[22m[32m 117[2mms[22m[39m
2026-10-10T01:23:35.5760981Z  [32m✓[39m tests/unit/database/sqlcipher-wrapper-extended.test.js [2m([22m[2m81 tests[22m[2m)[22m[32m 151[2mms[22m[39m
2026-10-10T01:23:35.8437739Z  [32m✓[39m tests/unit/document/ppt-engine.test.js [2m([22m[2m56 tests[22m[2m)[22m[32m 236[2mms[22m[39m
2026-10-10T01:23:36.1950133Z  [32m✓[39m tests/unit/media/image-engine.test.js [2m([22m[2m47 tests[22m[2m | [22m[33m38 skipped[39m[2m)[22m[32m 120[2mms[22m[39m
2026-10-10T01:23:36.3073523Z  [32m✓[39m tests/unit/pages/ArticleReader.test.js [2m([22m[2m49 tests[22m[2m)[22m[32m 124[2mms[22m[39m
2026-10-10T01:23:36.7696864Z  [32m✓[39m src/main/ai-engine/cowork/__tests__/debate-review.test.js [2m([22m[2m42 tests[22m[2m)[22m[32m 74[2mms[22m[39m
2026-10-10T01:23:36.8828289Z  [32m✓[39m tests/unit/ai-engine/hybrid-recommender.test.js [2m([22m[2m60 tests[22m[2m)[22m[32m 80[2mms[22m[39m
2026-10-10T01:23:37.5291704Z  [32m✓[39m tests/unit/plugins/plugin-ipc-error-boundary.test.js [2m([22m[2m18 tests[22m[2m)[22m[32m 270[2mms[22m[39m
2026-10-10T01:23:38.1850698Z  [32m✓[39m tests/unit/knowledge-graph/graph-ipc.test.js [2m([22m[2m76 tests[22m[2m)[22m[32m 153[2mms[22m[39m
2026-10-10T01:23:38.5255435Z  [32m✓[39m tests/unit/pages/ArchivedPage.test.js [2m([22m[2m66 tests[22m[2m)[22m[33m 818[2mms[22m[39m
2026-10-10T01:23:38.8490863Z  [32m✓[39m tests/unit/ai-engine/ml-tool-matcher.test.js [2m([22m[2m73 tests[22m[2m)[22m[32m 130[2mms[22m[39m
2026-10-10T01:23:39.4440631Z  [32m✓[39m tests/unit/code-tools/code-ipc.test.js [2m([22m[2m43 tests[22m[2m)[22m[32m 72[2mms[22m[39m
2026-10-10T01:23:40.0693181Z  [32m✓[39m src/main/crypto/__tests__/homomorphic-manager.test.js [2m([22m[2m61 tests[22m[2m)[22m[32m 70[2mms[22m[39m
2026-10-10T01:23:40.2449708Z  [32m✓[39m tests/unit/pages/ProjectManagementPage.test.js [2m([22m[2m54 tests[22m[2m)[22m[33m 842[2mms[22m[39m
2026-10-10T01:23:40.7252926Z  [32m✓[39m tests/unit/database/database-ipc.test.js [2m([22m[2m75 tests[22m[2m)[22m[32m 182[2mms[22m[39m
2026-10-10T01:23:41.3562796Z (node:4455) MaxListenersExceededWarning: Possible EventEmitter memory leak detected. 51 llm:provider-changed listeners added to [LLMStateBus]. MaxListeners is 50. Use emitter.setMaxListeners() to increase limit
2026-10-10T01:23:41.3564212Z (Use `node --trace-warnings ...` to show where the warning was created)
2026-10-10T01:23:41.3565479Z (node:4455) MaxListenersExceededWarning: Possible EventEmitter memory leak detected. 51 llm:model-switched listeners added to [LLMStateBus]. MaxListeners is 50. Use emitter.setMaxListeners() to increase limit
2026-10-10T01:23:41.3567308Z (node:4455) MaxListenersExceededWarning: Possible EventEmitter memory leak detected. 51 llm:service-paused listeners added to [LLMStateBus]. MaxListeners is 50. Use emitter.setMaxListeners() to increase limit
2026-10-10T01:23:41.3568940Z (node:4455) MaxListenersExceededWarning: Possible EventEmitter memory leak detected. 51 llm:service-resumed listeners added to [LLMStateBus]. MaxListeners is 50. Use emitter.setMaxListeners() to increase limit
2026-10-10T01:23:41.3573856Z  [32m✓[39m tests/unit/ai-engine/multi-agent/agent-orchestrator.test.js [2m([22m[2m65 tests[22m[2m)[22m[33m 613[2mms[22m[39m
2026-10-10T01:23:41.7978612Z [1m[33m[@vue/compiler-sfc][0m[33m `defineExpose` is a compiler macro and no longer needs to be imported.[0m
2026-10-10T01:23:41.7979216Z 
2026-10-10T01:23:41.8318220Z  [2m[90m↓[39m[22m tests/unit/pages/SettingsPage.test.js [2m([22m[2m66 tests[22m[2m | [22m[33m66 skipped[39m[2m)[22m
2026-10-10T01:23:42.4984650Z  [32m✓[39m tests/unit/pages/OrganizationsPage.test.js [2m([22m[2m38 tests[22m[2m)[22m[32m 164[2mms[22m[39m
2026-10-10T01:23:42.8799058Z  [32m✓[39m tests/unit/pages/EmailComposer.test.js [2m([22m[2m54 tests[22m[2m)[22m[33m 752[2mms[22m[39m
2026-10-10T01:23:43.1032645Z  [32m✓[39m src/main/ai-engine/cowork/__tests__/code-knowledge-graph.test.js [2m([22m[2m45 tests[22m[2m)[22m[32m 51[2mms[22m[39m
2026-10-10T01:23:43.4693298Z  [32m✓[39m tests/unit/database/database-encryption-ipc.test.js [2m([22m[2m61 tests[22m[2m)[22m[32m 87[2mms[22m[39m
2026-10-10T01:23:44.1328585Z  [32m✓[39m src/main/crypto/__tests__/hsm-manager.test.js [2m([22m[2m53 tests[22m[2m)[22m[32m 149[2mms[22m[39m
2026-10-10T01:23:44.6570332Z  [32m✓[39m tests/unit/pages/CategoryManagePage.test.js [2m([22m[2m55 tests[22m[2m)[22m[33m 806[2mms[22m[39m
2026-10-10T01:23:44.6778218Z  [32m✓[39m src/main/social/__tests__/time-machine.test.js [2m([22m[2m55 tests[22m[2m)[22m[32m 74[2mms[22m[39m
2026-10-10T01:23:45.2305081Z  [32m✓[39m src/main/crypto/__tests__/mpc-manager.test.js [2m([22m[2m50 tests[22m[2m)[22m[32m 71[2mms[22m[39m
2026-10-10T01:23:45.2761856Z  [32m✓[39m src/main/analytics/__tests__/analytics-aggregator.test.js [2m([22m[2m65 tests[22m[2m)[22m[32m 140[2mms[22m[39m
2026-10-10T01:23:45.8316118Z  [32m✓[39m tests/unit/ai-engine/content-recommender.test.js [2m([22m[2m74 tests[22m[2m)[22m[32m 128[2mms[22m[39m
2026-10-10T01:23:45.8750368Z  [32m✓[39m tests/unit/ai-engine/dynamic-few-shot-learner.test.js [2m([22m[2m70 tests[22m[2m)[22m[32m 108[2mms[22m[39m
2026-10-10T01:23:46.4865028Z  [32m✓[39m tests/unit/ai-engine/feature-extractor.test.js [2m([22m[2m92 tests[22m[2m)[22m[32m 113[2mms[22m[39m
2026-10-10T01:23:46.5291219Z  [32m✓[39m tests/unit/llm/llm-manager.test.js [2m([22m[2m62 tests[22m[2m)[22m[32m 199[2mms[22m[39m
2026-10-10T01:23:47.1299670Z  [32m✓[39m tests/unit/p2p/p2p-ipc.test.js [2m([22m[2m59 tests[22m[2m)[22m[32m 118[2mms[22m[39m
2026-10-10T01:23:47.1398758Z  [32m✓[39m tests/unit/pages/KnowledgeGraphPage.test.js [2m([22m[2m57 tests[22m[2m)[22m[32m 176[2mms[22m[39m
2026-10-10T01:23:47.6257505Z  [2m[90m↓[39m[22m tests/unit/pages/TradingHub.test.js [2m([22m[2m42 tests[22m[2m | [22m[33m42 skipped[39m[2m)[22m
2026-10-10T01:23:48.1639297Z  [32m✓[39m tests/unit/ai-engine/collaborative-filter.test.js [2m([22m[2m62 tests[22m[2m)[22m[32m 80[2mms[22m[39m
2026-10-10T01:23:48.6751281Z  [32m✓[39m src/renderer/stores/__tests__/enterprise-org.test.ts [2m([22m[2m45 tests[22m[2m)[22m[32m 64[2mms[22m[39m
2026-10-10T01:23:50.5082999Z  [32m✓[39m src/main/task/__tests__/organization-project-goal-memory-ipc.test.js [2m([22m[2m41 tests[22m[2m)[22m[33m 2843[2mms[22m[39m
2026-10-10T01:23:51.5537661Z  [32m✓[39m tests/unit/pages/CollaborationPage.test.js [2m([22m[2m66 tests[22m[2m)[22m[33m 422[2mms[22m[39m
2026-10-10T01:23:52.2708401Z  [32m✓[39m tests/unit/pages/AccountManager.test.js [2m([22m[2m46 tests[22m[2m)[22m[32m 105[2mms[22m[39m
2026-10-10T01:23:52.7526526Z  [32m✓[39m tests/unit/ai-engine/hierarchical-task-planner.test.js [2m([22m[2m73 tests[22m[2m)[22m[32m 84[2mms[22m[39m
2026-10-10T01:23:53.3827737Z  [32m✓[39m tests/unit/llm/llm-ipc-governance.test.js [2m([22m[2m21 tests[22m[2m)[22m[32m 195[2mms[22m[39m
2026-10-10T01:23:53.8530923Z  [32m✓[39m tests/unit/utils/graph-extractor.test.js [2m([22m[2m61 tests[22m[2m)[22m[32m 56[2mms[22m[39m
2026-10-10T01:23:54.3053155Z  [32m✓[39m src/main/enterprise/__tests__/enterprise-org-manager.test.js [2m([22m[2m36 tests[22m[2m)[22m[32m 45[2mms[22m[39m
2026-10-10T01:23:54.9688341Z  [32m✓[39m tests/unit/integration/p2p-sync-engine.test.js [2m([22m[2m38 tests[22m[2m)[22m[32m 272[2mms[22m[39m
2026-10-10T01:23:55.4372466Z  [32m✓[39m tests/unit/ai-engine/intent-recognizer.test.js [2m([22m[2m54 tests[22m[2m)[22m[32m 78[2mms[22m[39m
2026-10-10T01:23:55.9045408Z  [32m✓[39m src/main/social/__tests__/sentiment-analyzer.test.js [2m([22m[2m46 tests[22m[2m)[22m[32m 49[2mms[22m[39m
2026-10-10T01:23:56.2991811Z Warning: A vi.mock("isomorphic-git") call in "/home/runner/work/chainlesschain/chainlesschain/desktop-app-vue/src/main/collab/__tests__/collab.test.js" is not at the top level of the module. Although it appears nested, it will be hoisted and executed before any tests run. Move it to the top level to reflect its actual execution order. This will become an error in a future version.
2026-10-10T01:23:56.4367871Z See: https://vitest.dev/guide/mocking/modules#how-it-works
2026-10-10T01:23:56.4369051Z  [32m✓[39m src/main/collab/__tests__/collab.test.js [2m([22m[2m59 tests[22m[2m)[22m[32m 97[2mms[22m[39m
2026-10-10T01:23:56.9089395Z  [32m✓[39m src/main/collaboration/__tests__/org-knowledge-sync-manager.test.js [2m([22m[2m52 tests[22m[2m)[22m[32m 65[2mms[22m[39m
2026-10-10T01:23:57.3601761Z  [32m✓[39m tests/unit/ai-engine/ai-engine-config.test.js [2m([22m[2m61 tests[22m[2m)[22m[32m 47[2mms[22m[39m
2026-10-10T01:23:58.4471287Z  [32m✓[39m src/renderer/components/projects/__tests__/project-task-description-drawer.test.ts [2m([22m[2m29 tests[22m[2m)[22m[33m 345[2mms[22m[39m
2026-10-10T01:23:58.8757414Z  [32m✓[39m tests/unit/llm/session-manager-enhanced.test.js [2m([22m[2m23 tests[22m[2m)[22m[32m 30[2mms[22m[39m
2026-10-10T01:23:59.3520773Z  [32m✓[39m tests/unit/rag/text-splitter.test.js [2m([22m[2m75 tests[22m[2m)[22m[32m 71[2mms[22m[39m
2026-10-10T01:24:00.1538329Z  [32m✓[39m tests/unit/pages/OrganizationSettingsPage.test.js [2m([22m[2m25 tests[22m[2m)[22m[33m 404[2mms[22m[39m
2026-10-10T01:24:00.5712568Z  [2m[90m↓[39m[22m tests/unit/media/video-engine.test.js [2m([22m[2m45 tests[22m[2m | [22m[33m45 skipped[39m[2m)[22m
2026-10-10T01:24:01.0160835Z  [32m✓[39m tests/unit/main/terminal/PtyManager.test.js [2m([22m[2m38 tests[22m[2m)[22m[32m 45[2mms[22m[39m
2026-10-10T01:24:01.5126070Z  [32m✓[39m tests/unit/llm/manus-optimizations.test.js [2m([22m[2m65 tests[22m[2m | [22m[33m5 skipped[39m[2m)[22m[32m 91[2mms[22m[39m
2026-10-10T01:24:01.9683984Z  [32m✓[39m src/main/screenshot/__tests__/screenshot-ipc.test.js [2m([22m[2m35 tests[22m[2m)[22m[32m 57[2mms[22m[39m
2026-10-10T01:24:04.0016119Z  [32m✓[39m src/renderer/components/projects/__tests__/organization-project-workbench.test.ts [2m([22m[2m20 tests[22m[2m)[22m[33m 1410[2mms[22m[39m
2026-10-10T01:24:04.4825614Z  [32m✓[39m tests/unit/ai-engine/response-parser.test.js [2m([22m[2m78 tests[22m[2m)[22m[32m 80[2mms[22m[39m
2026-10-10T01:24:04.9681816Z  [32m✓[39m tests/unit/api/backend-client.test.js [2m([22m[2m48 tests[22m[2m)[22m[32m 57[2mms[22m[39m
2026-10-10T01:24:05.4342094Z  [32m✓[39m src/main/p2p/__tests__/call-signaling.test.js [2m([22m[2m49 tests[22m[2m)[22m[32m 61[2mms[22m[39m
2026-10-10T01:24:05.9055568Z  [32m✓[39m src/renderer/stores/__tests__/task.test.ts [2m([22m[2m42 tests[22m[2m)[22m[32m 54[2mms[22m[39m
2026-10-10T01:24:06.4100908Z  [32m✓[39m src/main/ai-engine/cowork/__tests__/cross-org-task-router.test.js [2m([22m[2m57 tests[22m[2m)[22m[32m 73[2mms[22m[39m
2026-10-10T01:24:06.9739043Z  [32m✓[39m tests/unit/planning/task-planner-enhanced.test.js [2m([22m[2m47 tests[22m[2m)[22m[32m 99[2mms[22m[39m
2026-10-10T01:24:07.4031399Z  [2m[90m↓[39m[22m tests/unit/pages/DeviceManagementPage.test.js [2m([22m[2m53 tests[22m[2m | [22m[33m53 skipped[39m[2m)[22m
2026-10-10T01:24:09.5956601Z  [32m✓[39m tests/unit/ai/ai-engine-workflow.test.js [2m([22m[2m51 tests[22m[2m)[22m[33m 1578[2mms[22m[39m
2026-10-10T01:24:10.2297175Z  [32m✓[39m tests/unit/social/activitypub-bridge.test.js [2m([22m[2m43 tests[22m[2m)[22m[32m 177[2mms[22m[39m
2026-10-10T01:24:10.6644677Z  [32m✓[39m tests/unit/p2p/device-sync-manager-retry.test.js [2m([22m[2m12 tests[22m[2m)[22m[32m 40[2mms[22m[39m
2026-10-10T01:24:11.1196783Z  [32m✓[39m src/main/federated/__tests__/federated-learning-manager.test.js [2m([22m[2m32 tests[22m[2m)[22m[32m 50[2mms[22m[39m
2026-10-10T01:24:12.0039112Z  [32m✓[39m tests/unit/pages/OrganizationMembersPage.test.js [2m([22m[2m59 tests[22m[2m)[22m[32m 257[2mms[22m[39m
2026-10-10T01:24:12.4890986Z  [32m✓[39m src/renderer/stores/__tests__/project.test.ts [2m([22m[2m45 tests[22m[2m)[22m[32m 70[2mms[22m[39m
2026-10-10T01:24:12.9810871Z  [32m✓[39m tests/unit/file/file-manager.test.js [2m([22m[2m62 tests[22m[2m)[22m[32m 91[2mms[22m[39m
2026-10-10T01:24:13.5077556Z  [32m✓[39m src/main/ai-engine/autonomous/__tests__/agent-task-queue.test.js [2m([22m[2m59 tests[22m[2m)[22m[32m 134[2mms[22m[39m
2026-10-10T01:24:15.9635517Z  [32m✓[39m src/main/task/__tests__/organization-project-goal-completion-ipc.test.js [2m([22m[2m31 tests[22m[2m)[22m[33m 2035[2mms[22m[39m
2026-10-10T01:24:15.9636359Z      [33m[2m✓[22m[39m blocks acceptance of a prior member's unknown native action even without an action criterion [33m 345[2mms[22m[39m
2026-10-10T01:24:16.4247584Z  [32m✓[39m src/main/ai-engine/cowork/__tests__/ab-comparator.test.js [2m([22m[2m41 tests[22m[2m)[22m[32m 44[2mms[22m[39m
2026-10-10T01:24:16.8738729Z  [32m✓[39m src/main/hooks/__tests__/hook-middleware.test.js [2m([22m[2m48 tests[22m[2m)[22m[32m 47[2mms[22m[39m
2026-10-10T01:24:17.4423098Z  [32m✓[39m tests/unit/pages/ToolManagement.test.js [2m([22m[2m36 tests[22m[2m)[22m[32m 139[2mms[22m[39m
2026-10-10T01:24:18.0050648Z  [32m✓[39m tests/unit/pages/SkillManagement.test.js [2m([22m[2m37 tests[22m[2m)[22m[32m 156[2mms[22m[39m
2026-10-10T01:24:19.2293708Z  [32m✓[39m src/renderer/components/projects/__tests__/organization-project-goal-memory-panel.test.ts [2m([22m[2m23 tests[22m[2m)[22m[33m 784[2mms[22m[39m
2026-10-10T01:24:19.2295099Z      [33m[2m✓[22m[39m reaches shared memory from the workbench and lets another authorized member correct it [33m 312[2mms[22m[39m
2026-10-10T01:24:19.7123983Z  [32m✓[39m tests/unit/blockchain/asset-ipc.test.js [2m([22m[2m95 tests[22m[2m)[22m[32m 75[2mms[22m[39m
2026-10-10T01:24:20.2033189Z  [32m✓[39m tests/unit/ai/skill-manager.test.js [2m([22m[2m51 tests[22m[2m)[22m[32m 92[2mms[22m[39m
2026-10-10T01:24:20.6574445Z  [32m✓[39m tests/unit/core/response-parser.test.js [2m([22m[2m79 tests[22m[2m)[22m[32m 57[2mms[22m[39m
2026-10-10T01:24:21.0413477Z Warning: A vi.mock('../../../src/main/engines/document-engine') call in "/home/runner/work/chainlesschain/chainlesschain/desktop-app-vue/tests/unit/project/project-export-ipc.test.js" is not at the top level of the module. Although it appears nested, it will be hoisted and executed before any tests run. Move it to the top level to reflect its actual execution order. This will become an error in a future version.
2026-10-10T01:24:21.0414654Z See: https://vitest.dev/guide/mocking/modules#how-it-works
2026-10-10T01:24:21.0415693Z Warning: A vi.mock('../../../src/main/engines/ppt-engine') call in "/home/runner/work/chainlesschain/chainlesschain/desktop-app-vue/tests/unit/project/project-export-ipc.test.js" is not at the top level of the module. Although it appears nested, it will be hoisted and executed before any tests run. Move it to the top level to reflect its actual execution order. This will become an error in a future version.
2026-10-10T01:24:21.0416693Z See: https://vitest.dev/guide/mocking/modules#how-it-works
2026-10-10T01:24:21.0418019Z Warning: A vi.mock('crypto') call in "/home/runner/work/chainlesschain/chainlesschain/desktop-app-vue/tests/unit/project/project-export-ipc.test.js" is not at the top level of the module. Although it appears nested, it will be hoisted and executed before any tests run. Move it to the top level to reflect its actual execution order. This will become an error in a future version.
2026-10-10T01:24:21.0418825Z See: https://vitest.dev/guide/mocking/modules#how-it-works
2026-10-10T01:24:21.2243060Z  [32m✓[39m tests/unit/project/project-export-ipc.test.js [2m([22m[2m40 tests[22m[2m)[22m[32m 163[2mms[22m[39m
2026-10-10T01:24:22.0128279Z  [32m✓[39m tests/unit/pages/FileTransferPage.test.js [2m([22m[2m61 tests[22m[2m)[22m[32m 163[2mms[22m[39m
2026-10-10T01:24:22.4855688Z  [32m✓[39m tests/unit/did/did-updater.test.js [2m([22m[2m48 tests[22m[2m | [22m[33m1 skipped[39m[2m)[22m[32m 76[2mms[22m[39m
2026-10-10T01:24:22.9427606Z  [32m✓[39m tests/unit/ai-engine/multi-intent-recognizer.test.js [2m([22m[2m68 tests[22m[2m)[22m[32m 72[2mms[22m[39m
2026-10-10T01:24:23.4708209Z  [32m✓[39m tests/unit/document/word-engine.test.js [2m([22m[2m54 tests[22m[2m)[22m[32m 137[2mms[22m[39m
2026-10-10T01:24:24.1493686Z (node:5067) [MODULE_TYPELESS_PACKAGE_JSON] Warning: Module type of file:///home/runner/work/chainlesschain/chainlesschain/desktop-app-vue/src/main/utils/logger.js is not specified and it doesn't parse as CommonJS.
2026-10-10T01:24:24.1494367Z Reparsing as ES module because module syntax was detected. This incurs a performance overhead.
2026-10-10T01:24:24.1494858Z To eliminate this warning, add "type": "module" to /home/runner/work/chainlesschain/chainlesschain/desktop-app-vue/package.json.
2026-10-10T01:24:24.1495282Z (Use `node --trace-warnings ...` to show where the warning was created)
2026-10-10T01:24:26.4699597Z  [32m✓[39m src/main/ai-engine/code-agent/__tests__/desktop-graph-ipc-journey.test.js [2m([22m[2m5 tests[22m[2m)[22m[33m 2319[2mms[22m[39m
2026-10-10T01:24:26.4700697Z      [33m[2m✓[22m[39m recovers the packaged sql.js database and Graph journals after the writer process is killed [33m 2248[2mms[22m[39m
2026-10-10T01:24:26.9384011Z  [32m✓[39m tests/unit/utils/markdown-exporter.test.js [2m([22m[2m49 tests[22m[2m)[22m[32m 59[2mms[22m[39m
2026-10-10T01:24:27.4798866Z  [32m✓[39m tests/unit/pages/EnterpriseDashboard.test.js [2m([22m[2m30 tests[22m[2m)[22m[32m 126[2mms[22m[39m
2026-10-10T01:24:27.9367257Z  [32m✓[39m src/main/hooks/__tests__/hook-registry.test.js [2m([22m[2m82 tests[22m[2m)[22m[32m 67[2mms[22m[39m
2026-10-10T01:24:28.4062834Z  [32m✓[39m tests/unit/llm/llm-selector.test.js [2m([22m[2m75 tests[22m[2m)[22m[32m 72[2mms[22m[39m
2026-10-10T01:24:28.8641733Z  [32m✓[39m src/main/collaboration/__tests__/yjs-collab-ipc.test.js [2m([22m[2m32 tests[22m[2m)[22m[32m 55[2mms[22m[39m
2026-10-10T01:24:29.7244647Z  [32m✓[39m tests/unit/ai-engine/multi-agent/specialized-agent.test.js [2m([22m[2m53 tests[22m[2m)[22m[33m 454[2mms[22m[39m
2026-10-10T01:24:29.7245464Z        [33m[2m✓[22m[39m should apply exponential backoff on retries [33m 301[2mms[22m[39m
2026-10-10T01:24:30.2096164Z  [32m✓[39m src/main/ai-engine/code-agent/__tests__/desktop-runtime-authority.test.js [2m([22m[2m5 tests[22m[2m)[22m[32m 39[2mms[22m[39m
2026-10-10T01:24:30.6678352Z  [32m✓[39m src/main/benchmark/__tests__/benchmark-manager.test.js [2m([22m[2m39 tests[22m[2m)[22m[32m 68[2mms[22m[39m
2026-10-10T01:24:31.1293866Z  [32m✓[39m src/main/permission/__tests__/approval-workflow-manager.test.js [2m([22m[2m50 tests[22m[2m)[22m[32m 58[2mms[22m[39m
2026-10-10T01:24:31.6384273Z  [32m✓[39m tests/unit/pages/SyncConflictsPage.test.js [2m([22m[2m30 tests[22m[2m)[22m[32m 111[2mms[22m[39m
2026-10-10T01:24:32.0850760Z  [32m✓[39m tests/unit/ukey/multi-brand-drivers-extended.test.js [2m([22m[2m64 tests[22m[2m)[22m[32m 44[2mms[22m[39m
2026-10-10T01:24:32.5401258Z  [32m✓[39m tests/unit/code-tools/review-ipc.test.js [2m([22m[2m67 tests[22m[2m)[22m[32m 48[2mms[22m[39m
2026-10-10T01:24:33.0036804Z  [32m✓[39m tests/unit/ai-engine/intent-classifier.test.js [2m([22m[2m89 tests[22m[2m)[22m[32m 67[2mms[22m[39m
2026-10-10T01:24:33.4411318Z  [32m✓[39m src/main/ai-engine/cowork/__tests__/prompt-optimizer.test.js [2m([22m[2m30 tests[22m[2m)[22m[32m 35[2mms[22m[39m
2026-10-10T01:24:35.5814115Z  [32m✓[39m src/renderer/components/projects/__tests__/organization-project-goal-panel.test.ts [2m([22m[2m28 tests[22m[2m)[22m[33m 1690[2mms[22m[39m
2026-10-10T01:24:36.3815998Z  [32m✓[39m src/main/ai-engine/cowork/__tests__/office-skill.test.js [2m([22m[2m30 tests[22m[2m)[22m[33m 375[2mms[22m[39m
2026-10-10T01:24:36.8858291Z  [32m✓[39m tests/unit/media/ocr-service.test.js [2m([22m[2m43 tests[22m[2m | [22m[33m16 skipped[39m[2m)[22m[32m 106[2mms[22m[39m
2026-10-10T01:24:37.2896706Z  [32m✓[39m src/main/plugins/__tests__/plugin-public-projection.test.js [2m([22m[2m16 tests[22m[2m)[22m[32m 15[2mms[22m[39m
2026-10-10T01:24:37.7562637Z  [32m✓[39m tests/unit/ai-engine/tool-masking.test.js [2m([22m[2m54 tests[22m[2m)[22m[32m 64[2mms[22m[39m
2026-10-10T01:24:38.5625706Z  [32m✓[39m src/main/mtc/__tests__/channel-envelope-distribution.test.js [2m([22m[2m29 tests[22m[2m)[22m[33m 397[2mms[22m[39m
2026-10-10T01:24:39.0056375Z  [32m✓[39m src/main/ai-engine/__tests__/multimodal-router.test.js [2m([22m[2m46 tests[22m[2m)[22m[32m 44[2mms[22m[39m
2026-10-10T01:24:39.3102784Z  [32m✓[39m tests/unit/document/pdf-engine.test.js [2m([22m[2m50 tests[22m[2m)[22m[33m 50177[2mms[22m[39m
2026-10-10T01:24:39.3103428Z        [33m[2m✓[22m[39m should convert HTML to PDF [33m 1003[2mms[22m[39m
2026-10-10T01:24:39.3104006Z        [33m[2m✓[22m[39m should create BrowserWindow with correct options [33m 1004[2mms[22m[39m
2026-10-10T01:24:39.3104584Z        [33m[2m✓[22m[39m should handle landscape option [33m 1005[2mms[22m[39m
2026-10-10T01:24:39.3105031Z        [33m[2m✓[22m[39m should handle custom page size [33m 1003[2mms[22m[39m
2026-10-10T01:24:39.3105388Z        [33m[2m✓[22m[39m should encode HTML properly for data URL [33m 1002[2mms[22m[39m
2026-10-10T01:24:39.3105875Z        [33m[2m✓[22m[39m should convert markdown to PDF [33m 1003[2mms[22m[39m
2026-10-10T01:24:39.3106671Z        [33m[2m✓[22m[39m should pass options to markdown conversion [33m 1003[2mms[22m[39m
2026-10-10T01:24:39.3107270Z        [33m[2m✓[22m[39m should handle large markdown files [33m 1002[2mms[22m[39m
2026-10-10T01:24:39.3107834Z        [33m[2m✓[22m[39m should convert HTML file to PDF [33m 1003[2mms[22m[39m
2026-10-10T01:24:39.3108398Z        [33m[2m✓[22m[39m should pass options to htmlToPDF [33m 1003[2mms[22m[39m
2026-10-10T01:24:39.3108941Z        [33m[2m✓[22m[39m should convert text file to PDF [33m 1003[2mms[22m[39m
2026-10-10T01:24:39.3109515Z        [33m[2m✓[22m[39m should use filename as default title [33m 1003[2mms[22m[39m
2026-10-10T01:24:39.3110077Z        [33m[2m✓[22m[39m should handle empty text file [33m 1002[2mms[22m[39m
2026-10-10T01:24:39.3110693Z        [33m[2m✓[22m[39m should handle text with special characters [33m 1002[2mms[22m[39m
2026-10-10T01:24:39.3111320Z        [33m[2m✓[22m[39m should preserve whitespace and line breaks [33m 1003[2mms[22m[39m
2026-10-10T01:24:39.3111914Z        [33m[2m✓[22m[39m should batch convert markdown files [33m 3006[2mms[22m[39m
2026-10-10T01:24:39.3112478Z        [33m[2m✓[22m[39m should batch convert HTML files [33m 2006[2mms[22m[39m
2026-10-10T01:24:39.3113019Z        [33m[2m✓[22m[39m should batch convert text files [33m 2005[2mms[22m[39m
2026-10-10T01:24:39.3113566Z        [33m[2m✓[22m[39m should handle mixed file types [33m 3008[2mms[22m[39m
2026-10-10T01:24:39.3114143Z        [33m[2m✓[22m[39m should handle conversion errors gracefully [33m 1005[2mms[22m[39m
2026-10-10T01:24:39.3115169Z        [33m[2m✓[22m[39m should pass options to individual conversions [33m 1004[2mms[22m[39m
2026-10-10T01:24:39.3115830Z        [33m[2m✓[22m[39m should generate correct output paths [33m 3005[2mms[22m[39m
2026-10-10T01:24:39.3116578Z        [33m[2m✓[22m[39m should handle very long output paths [33m 1004[2mms[22m[39m
2026-10-10T01:24:39.3117142Z        [33m[2m✓[22m[39m should handle file system errors [33m 1007[2mms[22m[39m
2026-10-10T01:24:39.3117694Z        [33m[2m✓[22m[39m should handle printToPDF errors [33m 1005[2mms[22m[39m
2026-10-10T01:24:39.3118241Z        [33m[2m✓[22m[39m should handle Unicode content [33m 1003[2mms[22m[39m
2026-10-10T01:24:39.3118812Z        [33m[2m✓[22m[39m should handle concurrent PDF generation [33m 1004[2mms[22m[39m
2026-10-10T01:24:39.3119437Z        [33m[2m✓[22m[39m should handle batch conversion efficiently [33m 10024[2mms[22m[39m
2026-10-10T01:24:39.3120150Z        [33m[2m✓[22m[39m should not leak memory with multiple conversions [33m 5009[2mms[22m[39m
2026-10-10T01:24:39.3256154Z  [32m✓[39m src/main/hooks/__tests__/hook-executor.test.js [2m([22m[2m49 tests[22m[2m)[22m[32m 153[2mms[22m[39m
2026-10-10T01:24:39.8934039Z  [32m✓[39m src/main/social/__tests__/friend-manager.test.js [2m([22m[2m47 tests[22m[2m)[22m[32m 91[2mms[22m[39m
2026-10-10T01:24:39.9010799Z  [32m✓[39m src/renderer/stores/__tests__/app.test.ts [2m([22m[2m46 tests[22m[2m)[22m[32m 99[2mms[22m[39m
2026-10-10T01:24:40.4557224Z  [32m✓[39m src/main/quantization/__tests__/quantization-manager.test.js [2m([22m[2m42 tests[22m[2m)[22m[32m 80[2mms[22m[39m
2026-10-10T01:24:40.4687516Z  [32m✓[39m tests/unit/rag/metrics.test.js [2m([22m[2m61 tests[22m[2m)[22m[32m 104[2mms[22m[39m
2026-10-10T01:24:41.0147634Z  [32m✓[39m tests/unit/ai/skill-recommender.test.js [2m([22m[2m74 tests[22m[2m)[22m[32m 91[2mms[22m[39m
2026-10-10T01:24:41.0360091Z  [32m✓[39m tests/unit/tools/tool-manager.test.js [2m([22m[2m49 tests[22m[2m)[22m[32m 84[2mms[22m[39m
2026-10-10T01:24:41.6371818Z  [32m✓[39m tests/unit/credit/credit-ipc.test.js [2m([22m[2m42 tests[22m[2m)[22m[32m 84[2mms[22m[39m
2026-10-10T01:24:41.6941606Z  [32m✓[39m tests/unit/ai-engine/slot-filler.test.js [2m([22m[2m68 tests[22m[2m)[22m[32m 153[2mms[22m[39m
2026-10-10T01:24:42.2528457Z  [32m✓[39m src/renderer/stores/__tests__/performance-monitor.test.ts [2m([22m[2m42 tests[22m[2m)[22m[32m 103[2mms[22m[39m
2026-10-10T01:24:42.2755743Z  [32m✓[39m tests/unit/ai-engine/task-decomposition-enhancement.test.js [2m([22m[2m59 tests[22m[2m)[22m[32m 77[2mms[22m[39m
2026-10-10T01:24:42.8394293Z  [32m✓[39m src/main/performance/__tests__/unified-performance-collector.test.js [2m([22m[2m48 tests[22m[2m)[22m[32m 54[2mms[22m[39m
2026-10-10T01:24:42.8558047Z  [32m✓[39m src/renderer/stores/__tests__/llm.test.ts [2m([22m[2m42 tests[22m[2m)[22m[32m 117[2mms[22m[39m
2026-10-10T01:24:43.4933398Z  [32m✓[39m tests/unit/evomap/evomap-client.test.js [2m([22m[2m55 tests[22m[2m)[22m[32m 154[2mms[22m[39m
2026-10-10T01:24:43.5034231Z  [32m✓[39m tests/unit/ai/conversation-executor.test.js [2m([22m[2m39 tests[22m[2m)[22m[32m 144[2mms[22m[39m
2026-10-10T01:24:44.0902464Z  [32m✓[39m src/main/llm/__tests__/session-manager.test.js [2m([22m[2m43 tests[22m[2m)[22m[32m 85[2mms[22m[39m
2026-10-10T01:24:44.6779401Z  [32m✓[39m tests/unit/evomap/evomap-asset-bridge.test.js [2m([22m[2m35 tests[22m[2m)[22m[32m 111[2mms[22m[39m
2026-10-10T01:24:45.3656309Z  [32m✓[39m src/main/remote/__tests__/remote-gateway.test.js [2m([22m[2m36 tests[22m[2m | [22m[33m2 skipped[39m[2m)[22m[33m 392[2mms[22m[39m
2026-10-10T01:24:45.5057605Z  [32m✓[39m src/renderer/components/projects/__tests__/organization-project-risk-panel.test.ts [2m([22m[2m25 tests[22m[2m)[22m[33m 1477[2mms[22m[39m
2026-10-10T01:24:45.9851125Z  [32m✓[39m tests/unit/did/did-cache.test.js [2m([22m[2m46 tests[22m[2m)[22m[32m 132[2mms[22m[39m
2026-10-10T01:24:46.1062932Z  [32m✓[39m src/main/ai-engine/cowork/__tests__/pipeline-orchestrator.test.js [2m([22m[2m39 tests[22m[2m)[22m[32m 58[2mms[22m[39m
2026-10-10T01:24:46.5161196Z  [32m✓[39m src/main/ai-engine/cowork/__tests__/ipfs-cluster-manager.test.js [2m([22m[2m36 tests[22m[2m)[22m[32m 54[2mms[22m[39m
2026-10-10T01:24:46.8376642Z  [32m✓[39m src/renderer/components/projects/__tests__/project-goal-monitoring-panel.test.ts [2m([22m[2m24 tests[22m[2m)[22m[32m 221[2mms[22m[39m
2026-10-10T01:24:47.1949510Z  [32m✓[39m src/renderer/components/projects/__tests__/project-goal-memory-panel.test.ts [2m([22m[2m20 tests[22m[2m)[22m[32m 172[2mms[22m[39m
2026-10-10T01:24:47.3886045Z  [32m✓[39m src/main/web-shell/__tests__/multisig-handlers.test.js [2m([22m[2m40 tests[22m[2m)[22m[32m 39[2mms[22m[39m
2026-10-10T01:24:47.7383174Z  [2m[90m↓[39m[22m tests/unit/pages/KnowledgeListPage.test.js [2m([22m[2m48 tests[22m[2m | [22m[33m48 skipped[39m[2m)[22m
2026-10-10T01:24:47.9978579Z  [32m✓[39m src/main/ai-engine/cowork/skills/__tests__/skill-sync-security.test.js [2m([22m[2m21 tests[22m[2m)[22m[32m 52[2mms[22m[39m
2026-10-10T01:24:48.2704147Z  [32m✓[39m src/main/web-shell/__tests__/community-mtc-handlers.test.js [2m([22m[2m34 tests[22m[2m)[22m[32m 41[2mms[22m[39m
2026-10-10T01:24:48.5550458Z  [32m✓[39m src/renderer/stores/__tests__/audit.test.ts [2m([22m[2m34 tests[22m[2m)[22m[32m 60[2mms[22m[39m
2026-10-10T01:24:48.8424127Z (node:5504) [MODULE_TYPELESS_PACKAGE_JSON] Warning: Module type of file:///home/runner/work/chainlesschain/chainlesschain/desktop-app-vue/src/main/utils/logger.js is not specified and it doesn't parse as CommonJS.
2026-10-10T01:24:48.8425101Z Reparsing as ES module because module syntax was detected. This incurs a performance overhead.
2026-10-10T01:24:48.8425844Z To eliminate this warning, add "type": "module" to /home/runner/work/chainlesschain/chainlesschain/desktop-app-vue/package.json.
2026-10-10T01:24:48.8426702Z (Use `node --trace-warnings ...` to show where the warning was created)
2026-10-10T01:24:49.1509225Z  [32m✓[39m tests/unit/ai-engine/conversation-executor.test.js [2m([22m[2m34 tests[22m[2m)[22m[32m 45[2mms[22m[39m
2026-10-10T01:24:49.6778754Z  [32m✓[39m src/main/performance/__tests__/auto-tuner.test.js [2m([22m[2m51 tests[22m[2m)[22m[32m 64[2mms[22m[39m
2026-10-10T01:24:50.1921920Z  [32m✓[39m src/main/collaboration/__tests__/collab-permission-manager.test.js [2m([22m[2m47 tests[22m[2m)[22m[32m 59[2mms[22m[39m
2026-10-10T01:24:50.6659396Z  [32m✓[39m src/main/ukey/__tests__/multisig-signer.test.js [2m([22m[2m40 tests[22m[2m)[22m[32m 35[2mms[22m[39m
2026-10-10T01:24:51.2301127Z  [32m✓[39m src/main/ai-engine/code-agent/__tests__/sub-runtime-pool.test.js [2m([22m[2m32 tests[22m[2m)[22m[32m 125[2mms[22m[39m
2026-10-10T01:24:51.7324875Z  [32m✓[39m src/main/personal-data-hub/__tests__/aichat-wizard-controller.test.js [2m([22m[2m31 tests[22m[2m)[22m[32m 41[2mms[22m[39m
2026-10-10T01:24:52.2524065Z  [32m✓[39m tests/unit/sync/sync-ipc.test.js [2m([22m[2m37 tests[22m[2m)[22m[32m 74[2mms[22m[39m
2026-10-10T01:25:00.4767559Z  [32m✓[39m tests/unit/ai-engine/task-executor.test.js [2m([22m[2m41 tests[22m[2m)[22m[33m 7772[2mms[22m[39m
2026-10-10T01:25:00.4768192Z        [33m[2m✓[22m[39m 应该处理任务失败 [33m 1099[2mms[22m[39m
2026-10-10T01:25:00.4768600Z        [33m[2m✓[22m[39m 应该重试失败的任务 [33m 3007[2mms[22m[39m
2026-10-10T01:25:00.4768954Z        [33m[2m✓[22m[39m 应该在超时后失败 [33m 1288[2mms[22m[39m
2026-10-10T01:25:00.4769206Z        [33m[2m✓[22m[39m 应该处理部分失败 [33m 1024[2mms[22m[39m
2026-10-10T01:25:00.4769516Z        [33m[2m✓[22m[39m 应该支持stopOnFailure选项 [33m 1073[2mms[22m[39m
2026-10-10T01:25:01.3023086Z  [32m✓[39m tests/unit/database/key-manager.test.js [2m([22m[2m52 tests[22m[2m)[22m[32m 293[2mms[22m[39m
2026-10-10T01:25:01.9546786Z  [32m✓[39m src/main/ai-engine/code-agent/__tests__/app-server-pilot.test.js [2m([22m[2m11 tests[22m[2m)[22m[32m 116[2mms[22m[39m
2026-10-10T01:25:02.5093367Z  [32m✓[39m src/main/defi/__tests__/lending-manager.test.js [2m([22m[2m39 tests[22m[2m)[22m[32m 55[2mms[22m[39m
2026-10-10T01:25:03.1186730Z  [32m✓[39m tests/unit/session/session-core-ipc.test.js [2m([22m[2m33 tests[22m[2m)[22m[32m 128[2mms[22m[39m
2026-10-10T01:25:04.1768999Z  [32m✓[39m tests/unit/pages/OrganizationActivityLogPage.test.js [2m([22m[2m53 tests[22m[2m)[22m[32m 264[2mms[22m[39m
2026-10-10T01:25:04.7825960Z  [32m✓[39m tests/unit/rag/embeddings-service.test.js [2m([22m[2m60 tests[22m[2m | [22m[33m3 skipped[39m[2m)[22m[32m 105[2mms[22m[39m
2026-10-10T01:25:05.3088391Z  [32m✓[39m src/main/llm/__tests__/user-preference-learner.test.js [2m([22m[2m37 tests[22m[2m)[22m[32m 55[2mms[22m[39m
2026-10-10T01:25:05.9070885Z  [32m✓[39m tests/unit/llm/llm-ipc.test.js [2m([22m[2m51 tests[22m[2m)[22m[32m 137[2mms[22m[39m
2026-10-10T01:25:06.5537420Z  [32m✓[39m tests/unit/p2p/signal-security.test.js [2m([22m[2m29 tests[22m[2m)[22m[32m 174[2mms[22m[39m
2026-10-10T01:25:07.0658722Z  [32m✓[39m src/main/fine-tuning/__tests__/training-data-builder.test.js [2m([22m[2m34 tests[22m[2m)[22m[32m 56[2mms[22m[39m
2026-10-10T01:25:07.5836347Z  [32m✓[39m src/main/ai-engine/cowork/__tests__/agent-credential-manager.test.js [2m([22m[2m55 tests[22m[2m)[22m[32m 64[2mms[22m[39m
2026-10-10T01:25:08.1139321Z  [32m✓[39m src/main/social/__tests__/collab-engine.test.js [2m([22m[2m56 tests[22m[2m)[22m[32m 81[2mms[22m[39m
2026-10-10T01:25:08.6000295Z  [32m✓[39m src/main/ai-engine/cowork/__tests__/multimodal-output.test.js [2m([22m[2m48 tests[22m[2m)[22m[32m 43[2mms[22m[39m
2026-10-10T01:25:09.1136642Z  [32m✓[39m src/main/browser/actions/__tests__/vision-action.test.js [2m([22m[2m20 tests[22m[2m)[22m[32m 36[2mms[22m[39m
2026-10-10T01:25:09.6713131Z  [32m✓[39m tests/unit/llm/stream-controller.test.js [2m([22m[2m58 tests[22m[2m)[22m[32m 76[2mms[22m[39m
2026-10-10T01:25:10.2089123Z  [32m✓[39m tests/unit/stores/agentNetwork.test.ts [2m([22m[2m47 tests[22m[2m)[22m[32m 57[2mms[22m[39m
2026-10-10T01:25:10.7194407Z  [32m✓[39m tests/unit/social/nostr-bridge-ipc.test.js [2m([22m[2m23 tests[22m[2m)[22m[32m 49[2mms[22m[39m
2026-10-10T01:25:11.2459965Z  [32m✓[39m tests/unit/ai/ai-skill-scheduler.test.js [2m([22m[2m62 tests[22m[2m)[22m[32m 67[2mms[22m[39m
2026-10-10T01:25:16.1368168Z  [32m✓[39m src/renderer/components/projects/__tests__/organization-project-goal-actions-panel.test.ts [2m([22m[2m15 tests[22m[2m)[22m[33m 4360[2mms[22m[39m
2026-10-10T01:25:16.1369479Z      [33m[2m✓[22m[39m uses current risk evidence, previews without a write and submits to the existing approval chain [33m 342[2mms[22m[39m
2026-10-10T01:25:16.1370448Z      [33m[2m✓[22m[39m replays the same submitted intent after losing the approval proposal reply [33m 308[2mms[22m[39m
2026-10-10T01:25:16.1371560Z      [33m[2m✓[22m[39m preserves the original pending request through a parent goal refresh [33m 322[2mms[22m[39m
2026-10-10T01:25:16.1372482Z      [33m[2m✓[22m[39m opens a submitted goal proposal in the real workbench and requires two member approvals [33m 907[2mms[22m[39m
2026-10-10T01:25:16.1373368Z      [33m[2m✓[22m[39m keeps uncertain submission recovery after a same-session parent refresh [33m 360[2mms[22m[39m
2026-10-10T01:25:16.7140979Z  [32m✓[39m tests/unit/ai/skill-tool-ipc.test.js [2m([22m[2m40 tests[22m[2m)[22m[32m 89[2mms[22m[39m
2026-10-10T01:25:17.2728925Z  [32m✓[39m tests/unit/document/doc-generator.test.js [2m([22m[2m72 tests[22m[2m)[22m[32m 79[2mms[22m[39m
2026-10-10T01:25:17.7926254Z  [32m✓[39m src/main/ai-engine/cowork/__tests__/webauthn-passkey-manager.test.js [2m([22m[2m35 tests[22m[2m)[22m[32m 45[2mms[22m[39m
2026-10-10T01:25:18.3176081Z  [32m✓[39m src/main/llm/__tests__/ollama-client.test.js [2m([22m[2m31 tests[22m[2m | [22m[33m15 skipped[39m[2m)[22m[32m 45[2mms[22m[39m
2026-10-10T01:25:18.8160725Z  [32m✓[39m src/main/llm/__tests__/context-engineering.test.js [2m([22m[2m45 tests[22m[2m)[22m[32m 42[2mms[22m[39m
2026-10-10T01:25:19.3320482Z  [32m✓[39m tests/unit/stores/deployment.test.ts [2m([22m[2m40 tests[22m[2m)[22m[32m 52[2mms[22m[39m
2026-10-10T01:25:26.5985163Z  [32m✓[39m src/main/task/__tests__/organization-project-goal-workflow-ipc.test.js [2m([22m[2m19 tests[22m[2m)[22m[33m 6774[2mms[22m[39m
2026-10-10T01:25:26.5986374Z      [33m[2m✓[22m[39m requires two distinct reviewers then native requester confirmation for goal actions (create=false) [33m 470[2mms[22m[39m
2026-10-10T01:25:26.5987541Z      [33m[2m✓[22m[39m requires two distinct reviewers then native requester confirmation for goal actions (create=true) [33m 454[2mms[22m[39m
2026-10-10T01:25:26.5988577Z      [33m[2m✓[22m[39m replays original prepare/submit requests after lost replies without duplicate approvals [33m 329[2mms[22m[39m
2026-10-10T01:25:26.5992524Z      [33m[2m✓[22m[39m refuses stale goal execution after paused changes [33m 418[2mms[22m[39m
2026-10-10T01:25:26.5993252Z      [33m[2m✓[22m[39m refuses stale goal execution after source changes [33m 349[2mms[22m[39m
2026-10-10T01:25:26.5993913Z      [33m[2m✓[22m[39m refuses stale goal execution after policy changes [33m 369[2mms[22m[39m
2026-10-10T01:25:26.5994651Z      [33m[2m✓[22m[39m rejects same-DID reauthentication during final native confirmation [33m 379[2mms[22m[39m
2026-10-10T01:25:26.5995472Z      [33m[2m✓[22m[39m rechecks the goal revision when it is changed during final native confirmation [33m 442[2mms[22m[39m
2026-10-10T01:25:26.5996292Z      [33m[2m✓[22m[39m shares checks and the action admission budget across authorized members [33m 535[2mms[22m[39m
2026-10-10T01:25:26.5997316Z      [33m[2m✓[22m[39m requires goal and risk read permission from each goal-action reviewer [33m 345[2mms[22m[39m
2026-10-10T01:25:26.5998111Z      [33m[2m✓[22m[39m cancels an unexecuted goal proposal without charging an action run [33m 302[2mms[22m[39m
2026-10-10T01:25:26.5999046Z      [33m[2m✓[22m[39m records cancelled final native confirmation without a task write or charged action [33m 508[2mms[22m[39m
2026-10-10T01:25:26.5999948Z      [33m[2m✓[22m[39m rolls back task mutation and approval consumption when native SQLite rejects the write [33m 413[2mms[22m[39m
2026-10-10T01:25:27.5397147Z  [32m✓[39m src/main/mtc/__tests__/channel-event-batch.test.js [2m([22m[2m34 tests[22m[2m)[22m[33m 434[2mms[22m[39m
2026-10-10T01:25:28.0865680Z  [32m✓[39m tests/unit/rag/query-rewriter.test.js [2m([22m[2m46 tests[22m[2m | [22m[33m1 skipped[39m[2m)[22m[32m 63[2mms[22m[39m
2026-10-10T01:25:32.2486737Z  [32m✓[39m tests/unit/pages/NewProjectPage.test.js [2m([22m[2m27 tests[22m[2m)[22m[33m 3705[2mms[22m[39m
2026-10-10T01:25:32.2488228Z        [33m[2m✓[22m[39m 应该在挂载时检查模板推荐 [33m 604[2mms[22m[39m
2026-10-10T01:25:32.2488858Z        [33m[2m✓[22m[39m 应该在首次访问时显示模板推荐 [33m 604[2mms[22m[39m
2026-10-10T01:25:32.2489351Z        [33m[2m✓[22m[39m 应该在已访问时不显示模板推荐 [33m 605[2mms[22m[39m
2026-10-10T01:25:32.2489808Z        [33m[2m✓[22m[39m 应该能保存访问记录 [33m 604[2mms[22m[39m
2026-10-10T01:25:32.2492629Z        [33m[2m✓[22m[39m 应该能处理保存localStorage错误 [33m 606[2mms[22m[39m
2026-10-10T01:25:32.2493201Z        [33m[2m✓[22m[39m 应该处理已显示过推荐的情况 [33m 605[2mms[22m[39m
2026-10-10T01:25:32.9383597Z  [32m✓[39m tests/unit/components/organization/organization-members.test.js [2m([22m[2m26 tests[22m[2m | [22m[33m3 skipped[39m[2m)[22m[32m 180[2mms[22m[39m
2026-10-10T01:25:33.4648431Z  [32m✓[39m tests/unit/ukey/pkcs11-driver-enhanced.test.js [2m([22m[2m33 tests[22m[2m)[22m[32m 38[2mms[22m[39m
2026-10-10T01:25:33.9825064Z  [32m✓[39m src/main/defi/__tests__/insurance-pool-manager.test.js [2m([22m[2m34 tests[22m[2m)[22m[32m 37[2mms[22m[39m
2026-10-10T01:25:34.6128642Z  [32m✓[39m src/main/marketplace/__tests__/marketplace-client.test.js [2m([22m[2m54 tests[22m[2m)[22m[32m 69[2mms[22m[39m
2026-10-10T01:25:35.4189145Z  [32m✓[39m tests/unit/p2p/device-sync-manager-batched-writes.test.js [2m([22m[2m12 tests[22m[2m)[22m[33m 336[2mms[22m[39m
2026-10-10T01:25:35.4190259Z        [33m[2m✓[22m[39m 应该在1秒定时器到期时自动刷新 [33m 301[2mms[22m[39m
2026-10-10T01:25:36.0522179Z  [32m✓[39m tests/unit/p2p/signal-session-manager.test.js [2m([22m[2m39 tests[22m[2m)[22m[32m 128[2mms[22m[39m
2026-10-10T01:25:36.5922989Z  [32m✓[39m src/renderer/stores/__tests__/projectsQuick.test.ts [2m([22m[2m38 tests[22m[2m)[22m[32m 51[2mms[22m[39m
2026-10-10T01:25:37.0974651Z  [32m✓[39m src/main/llm/__tests__/memory-augmented-generation.test.js [2m([22m[2m32 tests[22m[2m)[22m[32m 42[2mms[22m[39m
2026-10-10T01:25:37.6512148Z  [32m✓[39m tests/unit/project/project-creation-transaction.test.js [2m([22m[2m18 tests[22m[2m)[22m[32m 74[2mms[22m[39m
2026-10-10T01:25:39.6658472Z  [32m✓[39m src/renderer/components/projects/__tests__/organization-project-goal-acceptance-panel.test.ts [2m([22m[2m17 tests[22m[2m)[22m[33m 1523[2mms[22m[39m
2026-10-10T01:25:40.1751107Z  [32m✓[39m src/main/ai-engine/cowork/__tests__/decision-knowledge-base.test.js [2m([22m[2m30 tests[22m[2m)[22m[32m 39[2mms[22m[39m
2026-10-10T01:25:40.6951603Z  [32m✓[39m src/renderer/stores/__tests__/file.test.ts [2m([22m[2m29 tests[22m[2m)[22m[32m 48[2mms[22m[39m
2026-10-10T01:25:44.0058469Z  [32m✓[39m tests/unit/did/did-invitation.test.js [2m([22m[2m28 tests[22m[2m)[22m[33m 55209[2mms[22m[39m
2026-10-10T01:25:44.0107571Z        [33m[2m✓[22m[39m 应该成功创建DID邀请 [33m 2074[2mms[22m[39m
2026-10-10T01:25:44.0116937Z        [33m[2m✓[22m[39m 应该发送P2P通知 [33m 1855[2mms[22m[39m
2026-10-10T01:25:44.0117385Z        [33m[2m✓[22m[39m 应该验证DID格式 [33m 1731[2mms[22m[39m
2026-10-10T01:25:44.0117849Z        [33m[2m✓[22m[39m 应该防止重复邀请 [33m 2126[2mms[22m[39m
2026-10-10T01:25:44.0118288Z        [33m[2m✓[22m[39m 应该防止邀请已有成员 [33m 1801[2mms[22m[39m
2026-10-10T01:25:44.0118688Z        [33m[2m✓[22m[39m 应该检查邀请权限 [33m 1755[2mms[22m[39m
2026-10-10T01:25:44.0119105Z        [33m[2m✓[22m[39m 应该支持设置过期时间 [33m 1808[2mms[22m[39m
2026-10-10T01:25:44.0119508Z        [33m[2m✓[22m[39m 应该成功接受邀请 [33m 2009[2mms[22m[39m
2026-10-10T01:25:44.0119945Z        [33m[2m✓[22m[39m 应该更新邀请状态为accepted [33m 1996[2mms[22m[39m
2026-10-10T01:25:44.0120415Z        [33m[2m✓[22m[39m 应该发送接受通知给邀请人 [33m 2012[2mms[22m[39m
2026-10-10T01:25:44.0134965Z        [33m[2m✓[22m[39m 应该拒绝过期的邀请 [33m 1954[2mms[22m[39m
2026-10-10T01:25:44.0135448Z        [33m[2m✓[22m[39m 应该拒绝非pending状态的邀请 [33m 2014[2mms[22m[39m
2026-10-10T01:25:44.0135881Z        [33m[2m✓[22m[39m 应该验证被邀请人身份 [33m 2004[2mms[22m[39m
2026-10-10T01:25:44.0136834Z        [33m[2m✓[22m[39m 应该成功拒绝邀请 [33m 1952[2mms[22m[39m
2026-10-10T01:25:44.0137269Z        [33m[2m✓[22m[39m 应该发送拒绝通知给邀请人 [33m 2000[2mms[22m[39m
2026-10-10T01:25:44.0137702Z        [33m[2m✓[22m[39m 应该拒绝非pending状态的邀请 [33m 1953[2mms[22m[39m
2026-10-10T01:25:44.0138133Z        [33m[2m✓[22m[39m 应该返回当前用户的待处理邀请 [33m 1934[2mms[22m[39m
2026-10-10T01:25:44.0138531Z        [33m[2m✓[22m[39m 应该过滤已过期的邀请 [33m 1943[2mms[22m[39m
2026-10-10T01:25:44.0138925Z        [33m[2m✓[22m[39m 应该返回多个邀请 [33m 2404[2mms[22m[39m
2026-10-10T01:25:44.0139346Z        [33m[2m✓[22m[39m 应该返回组织的所有DID邀请 [33m 1944[2mms[22m[39m
2026-10-10T01:25:44.0139740Z        [33m[2m✓[22m[39m 应该支持按状态筛选 [33m 2188[2mms[22m[39m
2026-10-10T01:25:44.0140140Z        [33m[2m✓[22m[39m 应该支持限制数量 [33m 1924[2mms[22m[39m
2026-10-10T01:25:44.0142157Z        [33m[2m✓[22m[39m 应该完成完整的邀请-接受流程 [33m 2043[2mms[22m[39m
2026-10-10T01:25:44.0142662Z        [33m[2m✓[22m[39m 应该完成完整的邀请-拒绝流程 [33m 1983[2mms[22m[39m
2026-10-10T01:25:44.0143126Z        [33m[2m✓[22m[39m P2P未初始化时应该仍能创建邀请 [33m 1965[2mms[22m[39m
2026-10-10T01:25:44.0143717Z        [33m[2m✓[22m[39m P2P发送失败时应该不影响邀请创建 [33m 1836[2mms[22m[39m
2026-10-10T01:25:44.0144122Z        [33m[2m✓[22m[39m 应该处理空的邀请消息 [33m 1863[2mms[22m[39m
2026-10-10T01:25:44.0144517Z        [33m[2m✓[22m[39m 应该处理不同的角色 [33m 2130[2mms[22m[39m
2026-10-10T01:25:44.2270584Z  [32m✓[39m src/main/permission/__tests__/permission-engine.test.js [2m([22m[2m30 tests[22m[2m)[22m[32m 30[2mms[22m[39m
2026-10-10T01:25:44.7056652Z  [32m✓[39m src/main/llm/__tests__/stream-controller.test.js [2m([22m[2m48 tests[22m[2m)[22m[32m 45[2mms[22m[39m
2026-10-10T01:25:44.7339086Z  [32m✓[39m tests/unit/p2p/p2p-realtime-sync.test.js [2m([22m[2m11 tests[22m[2m)[22m[33m 3577[2mms[22m[39m
2026-10-10T01:25:44.7339896Z        [33m[2m✓[22m[39m 实时通知应该快速送达 [33m 302[2mms[22m[39m
2026-10-10T01:25:44.7377383Z        [33m[2m✓[22m[39m 实时通知失败时应该依赖降级轮询 [33m 2105[2mms[22m[39m
2026-10-10T01:25:45.2890311Z  [32m✓[39m src/main/ai-engine/cowork/__tests__/incident-classifier.test.js [2m([22m[2m34 tests[22m[2m)[22m[32m 51[2mms[22m[39m
2026-10-10T01:25:45.2984764Z  [32m✓[39m src/main/social/__tests__/livestream-manager.test.js [2m([22m[2m32 tests[22m[2m)[22m[32m 64[2mms[22m[39m
2026-10-10T01:25:45.9048090Z  [32m✓[39m tests/unit/ai-engine/followup-intent-classifier.test.js [2m([22m[2m57 tests[22m[2m)[22m[32m 128[2mms[22m[39m
2026-10-10T01:25:45.9582378Z  [32m✓[39m tests/unit/social/nostr-bridge-ws.test.js [2m([22m[2m27 tests[22m[2m)[22m[32m 156[2mms[22m[39m
2026-10-10T01:25:48.6997907Z  [32m✓[39m tests/unit/p2p/voice-video-manager.test.js [2m([22m[2m27 tests[22m[2m)[22m[33m 2157[2mms[22m[39m
2026-10-10T01:25:48.6998394Z        [33m[2m✓[22m[39m 应该在超时后自动结束通话 [33m 1502[2mms[22m[39m
2026-10-10T01:25:48.6998682Z        [33m[2m✓[22m[39m 应该定期更新通话质量 [33m 602[2mms[22m[39m
2026-10-10T01:25:49.2363593Z  [32m✓[39m src/renderer/locales/__tests__/locales.test.ts [2m([22m[2m34 tests[22m[2m)[22m[32m 41[2mms[22m[39m
2026-10-10T01:25:49.9202674Z  [32m✓[39m tests/unit/document/excel-engine.test.js [2m([22m[2m43 tests[22m[2m)[22m[32m 241[2mms[22m[39m
2026-10-10T01:25:50.4090203Z  [32m✓[39m src/main/ai-engine/__tests__/tool-composition-system.test.js [2m([22m[2m54 tests[22m[2m)[22m[32m 47[2mms[22m[39m
2026-10-10T01:25:50.6162276Z  [32m✓[39m src/main/web-shell/__tests__/ws-cli-loader.test.js [2m([22m[2m21 tests[22m[2m)[22m[33m 4193[2mms[22m[39m
2026-10-10T01:25:50.6163024Z      [33m[2m✓[22m[39m listens on an OS-assigned port and exposes the expected handle shape [33m 2643[2mms[22m[39m
2026-10-10T01:25:50.6163520Z      [33m[2m✓[22m[39m session-create without a sessionManager does not crash the connection [33m 314[2mms[22m[39m
2026-10-10T01:25:50.6164128Z      [33m[2m✓[22m[39m auto-injected manager survives session-create over the live wire (no envelope error) [33m 406[2mms[22m[39m
2026-10-10T01:25:50.9595394Z  [32m✓[39m src/main/marketplace/__tests__/plugin-installer.test.js [2m([22m[2m45 tests[22m[2m)[22m[32m 63[2mms[22m[39m
2026-10-10T01:25:51.1998372Z  [32m✓[39m tests/unit/rag/rag-ipc.test.js [2m([22m[2m33 tests[22m[2m)[22m[32m 63[2mms[22m[39m
2026-10-10T01:25:52.1533072Z  [32m✓[39m tests/unit/edge-cases/edge-cases.test.js [2m([22m[2m33 tests[22m[2m | [22m[33m1 skipped[39m[2m)[22m[33m 685[2mms[22m[39m
2026-10-10T01:25:52.5983075Z  [32m✓[39m src/renderer/stores/__tests__/conversation.test.ts [2m([22m[2m33 tests[22m[2m)[22m[32m 59[2mms[22m[39m
2026-10-10T01:25:53.3261911Z  [32m✓[39m src/main/ai-engine/cowork/skills/__tests__/skill-loader-unit.test.js [2m([22m[2m26 tests[22m[2m)[22m[33m 311[2mms[22m[39m
2026-10-10T01:25:53.7793959Z  [32m✓[39m tests/unit/stores/social.test.ts [2m([22m[2m27 tests[22m[2m)[22m[32m 39[2mms[22m[39m
2026-10-10T01:25:53.8416807Z  [32m✓[39m tests/unit/p2p/p2p-enhanced-integration.test.js [2m([22m[2m24 tests[22m[2m)[22m[33m 2157[2mms[22m[39m
2026-10-10T01:25:53.8417946Z        [33m[2m✓[22m[39m 应该转发质量更新事件 [33m 602[2mms[22m[39m
2026-10-10T01:25:53.8418427Z        [33m[2m✓[22m[39m 应该在超时后自动结束通话 [33m 1503[2mms[22m[39m
2026-10-10T01:25:54.3133742Z  [32m✓[39m src/main/ai-engine/cowork/__tests__/self-improving-agent-handler.test.js [2m([22m[2m24 tests[22m[2m)[22m[32m 76[2mms[22m[39m
2026-10-10T01:25:54.3991103Z  [32m✓[39m src/main/rag/__tests__/embedding-cache.test.js [2m([22m[2m42 tests[22m[2m)[22m[32m 74[2mms[22m[39m
2026-10-10T01:25:54.8714919Z  [32m✓[39m src/renderer/stores/__tests__/conversation-preview.test.ts [2m([22m[2m33 tests[22m[2m)[22m[32m 69[2mms[22m[39m
2026-10-10T01:25:54.9339688Z  [32m✓[39m src/main/ai-engine/cowork/__tests__/multimodal-context.test.js [2m([22m[2m45 tests[22m[2m)[22m[32m 52[2mms[22m[39m
2026-10-10T01:25:55.4655595Z  [32m✓[39m src/main/remote/__tests__/knowledge-handler-phase6-3-step3.test.js [2m([22m[2m40 tests[22m[2m)[22m[32m 98[2mms[22m[39m
2026-10-10T01:25:55.5786008Z  [32m✓[39m src/main/ai-engine/cowork/__tests__/teammate-tool.test.js [2m([22m[2m32 tests[22m[2m)[22m[32m 126[2mms[22m[39m
2026-10-10T01:25:56.0553037Z  [32m✓[39m src/main/ai-engine/cowork/__tests__/modality-fusion.test.js [2m([22m[2m45 tests[22m[2m)[22m[32m 65[2mms[22m[39m
2026-10-10T01:25:56.1940320Z  [32m✓[39m src/main/remote/__tests__/permission-gate.test.js [2m([22m[2m36 tests[22m[2m | [22m[33m2 skipped[39m[2m)[22m[32m 60[2mms[22m[39m
2026-10-10T01:25:56.6038566Z  [32m✓[39m src/main/personal-data-hub/__tests__/aichat-wizard-factory.test.js [2m([22m[2m28 tests[22m[2m)[22m[32m 41[2mms[22m[39m
2026-10-10T01:25:56.7413489Z  [32m✓[39m tests/unit/media/speech-recognizer.test.js [2m([22m[2m43 tests[22m[2m | [22m[33m6 skipped[39m[2m)[22m[32m 36[2mms[22m[39m
2026-10-10T01:25:57.1256056Z  [32m✓[39m src/main/ai-engine/cowork/skills/__tests__/bundled-skill-process-broker.test.js [2m([22m[2m18 tests[22m[2m)[22m[32m 38[2mms[22m[39m
2026-10-10T01:25:57.5178406Z  [32m✓[39m tests/unit/components/planning-components.test.js [2m([22m[2m26 tests[22m[2m)[22m[32m 220[2mms[22m[39m
2026-10-10T01:25:57.6674450Z  [32m✓[39m src/main/evolution/__tests__/desktop-pm-clone-recovery-controller.test.js [2m([22m[2m5 tests[22m[2m)[22m[32m 19[2mms[22m[39m
2026-10-10T01:25:58.0867192Z  [32m✓[39m src/main/skill-tool-system/__tests__/tool-manager.test.js [2m([22m[2m18 tests[22m[2m)[22m[32m 62[2mms[22m[39m
2026-10-10T01:25:58.2131769Z  [32m✓[39m tests/unit/config/config-manager.test.js [2m([22m[2m34 tests[22m[2m)[22m[32m 44[2mms[22m[39m
2026-10-10T01:25:58.6998320Z  [32m✓[39m src/main/sync/__tests__/mobile-ipc.test.js [2m([22m[2m18 tests[22m[2m)[22m[32m 119[2mms[22m[39m
2026-10-10T01:25:58.8576947Z  [32m✓[39m src/main/social/__tests__/social-ipc.test.js [2m([22m[2m41 tests[22m[2m)[22m[32m 74[2mms[22m[39m
2026-10-10T01:25:59.2681767Z  [32m✓[39m src/renderer/stores/__tests__/permission.test.ts [2m([22m[2m27 tests[22m[2m)[22m[32m 66[2mms[22m[39m
2026-10-10T01:25:59.4339608Z  [32m✓[39m src/main/ai-engine/cowork/__tests__/agent-authenticator.test.js [2m([22m[2m46 tests[22m[2m)[22m[32m 65[2mms[22m[39m
2026-10-10T01:25:59.8102566Z  [32m✓[39m src/main/ai-engine/cowork/__tests__/anomaly-detector.test.js [2m([22m[2m29 tests[22m[2m)[22m[32m 35[2mms[22m[39m
2026-10-10T01:26:00.0128595Z  [32m✓[39m tests/unit/crypto/privacy-computing.test.js [2m([22m[2m44 tests[22m[2m)[22m[32m 54[2mms[22m[39m
2026-10-10T01:26:00.3647033Z  [32m✓[39m src/main/security/__tests__/agent-sandbox-v2.test.js [2m([22m[2m41 tests[22m[2m)[22m[32m 46[2mms[22m[39m
2026-10-10T01:26:00.5628502Z  [32m✓[39m tests/unit/multimedia/multimedia-api.test.ts [2m([22m[2m31 tests[22m[2m)[22m[32m 42[2mms[22m[39m
2026-10-10T01:26:00.9388322Z  [32m✓[39m tests/unit/ukey/ukey-ipc.test.js [2m([22m[2m38 tests[22m[2m)[22m[32m 61[2mms[22m[39m
2026-10-10T01:26:01.1067677Z  [32m✓[39m tests/unit/security/permission-system.test.js [2m([22m[2m29 tests[22m[2m)[22m[32m 44[2mms[22m[39m
2026-10-10T01:26:01.4777977Z  [32m✓[39m src/main/defi/__tests__/atomic-swap-manager.test.js [2m([22m[2m33 tests[22m[2m)[22m[32m 43[2mms[22m[39m
2026-10-10T01:26:01.7299404Z  [32m✓[39m tests/unit/evomap/evomap-gene-synthesizer.test.js [2m([22m[2m50 tests[22m[2m)[22m[32m 105[2mms[22m[39m
2026-10-10T01:26:02.0515513Z  [32m✓[39m src/main/remote/__tests__/ai-handler-phase6-4-commit1.test.js [2m([22m[2m38 tests[22m[2m)[22m[32m 70[2mms[22m[39m
2026-10-10T01:26:02.3038474Z  [32m✓[39m src/main/llm/__tests__/prompt-compressor.test.js [2m([22m[2m35 tests[22m[2m)[22m[32m 45[2mms[22m[39m
2026-10-10T01:26:02.8253182Z  [32m✓[39m src/main/llm/__tests__/token-tracker.test.js [2m([22m[2m34 tests[22m[2m)[22m[32m 40[2mms[22m[39m
2026-10-10T01:26:03.2727838Z  [32m✓[39m src/main/mtc/__tests__/mtc-ipc.test.js [2m([22m[2m31 tests[22m[2m)[22m[32m 48[2mms[22m[39m
2026-10-10T01:26:03.7240475Z  [32m✓[39m src/main/ai-engine/cowork/__tests__/file-sandbox.test.js [2m([22m[2m38 tests[22m[2m)[22m[32m 57[2mms[22m[39m
2026-10-10T01:26:04.1960653Z  [32m✓[39m src/main/mtc/__tests__/channel-envelope-archiver.test.js [2m([22m[2m26 tests[22m[2m)[22m[32m 250[2mms[22m[39m
2026-10-10T01:26:05.0158711Z  [32m✓[39m tests/unit/pages/Wallet.test.js [2m([22m[2m33 tests[22m[2m)[22m[32m 183[2mms[22m[39m
2026-10-10T01:26:05.4891696Z  [32m✓[39m tests/unit/social/nostr-bridge.test.js [2m([22m[2m28 tests[22m[2m)[22m[32m 56[2mms[22m[39m
2026-10-10T01:26:05.9156610Z  [32m✓[39m src/main/llm/__tests__/volcengine-function-capability.test.js [2m([22m[2m28 tests[22m[2m)[22m[32m 26[2mms[22m[39m
2026-10-10T01:26:06.0747451Z  [32m✓[39m tests/unit/ukey/hsm-federation.test.js [2m([22m[2m39 tests[22m[2m)[22m[33m 3476[2mms[22m[39m
2026-10-10T01:26:06.4461467Z  [32m✓[39m tests/unit/mcp/mcp-performance-monitor.test.js [2m([22m[2m37 tests[22m[2m)[22m[32m 60[2mms[22m[39m
2026-10-10T01:26:06.6017094Z  [32m✓[39m src/main/ai-engine/cowork/__tests__/skill-discoverer.test.js [2m([22m[2m25 tests[22m[2m)[22m[32m 35[2mms[22m[39m
2026-10-10T01:26:06.8673450Z  [32m✓[39m src/main/hooks/__tests__/hook-system.test.js [2m([22m[2m33 tests[22m[2m)[22m[32m 185[2mms[22m[39m
2026-10-10T01:26:07.1216883Z  [32m✓[39m src/main/browser/actions/__tests__/screen-recorder.test.js [2m([22m[2m44 tests[22m[2m)[22m[32m 58[2mms[22m[39m
2026-10-10T01:26:07.4120004Z  [32m✓[39m src/main/trade/__tests__/group-buying-manager.test.js [2m([22m[2m28 tests[22m[2m)[22m[32m 40[2mms[22m[39m
2026-10-10T01:26:07.6670810Z  [32m✓[39m src/main/ai-engine/cowork/__tests__/document-parser.test.js [2m([22m[2m27 tests[22m[2m)[22m[32m 30[2mms[22m[39m
2026-10-10T01:26:07.9742529Z  [32m✓[39m tests/unit/stores/llm.test.js [2m([22m[2m62 tests[22m[2m)[22m[32m 63[2mms[22m[39m
2026-10-10T01:26:08.2533643Z  [32m✓[39m src/renderer/stores/__tests__/session.test.ts [2m([22m[2m33 tests[22m[2m)[22m[32m 81[2mms[22m[39m
2026-10-10T01:26:08.5747725Z  [32m✓[39m tests/unit/project/project-root-path.test.js [2m([22m[2m31 tests[22m[2m)[22m[32m 52[2mms[22m[39m
2026-10-10T01:26:08.9398409Z  [32m✓[39m tests/unit/mcp/mcp-client-manager.test.js [2m([22m[2m34 tests[22m[2m)[22m[32m 66[2mms[22m[39m
2026-10-10T01:26:09.1953788Z  [32m✓[39m src/main/ai-engine/code-agent/__tests__/session-state-manager.test.js [2m([22m[2m37 tests[22m[2m)[22m[32m 96[2mms[22m[39m
2026-10-10T01:26:09.5048765Z  [32m✓[39m tests/unit/stores/autonomousOps.test.ts [2m([22m[2m38 tests[22m[2m)[22m[32m 37[2mms[22m[39m
2026-10-10T01:26:09.7880535Z  [32m✓[39m src/main/evolution/__tests__/desktop-pm-exploration-readiness.test.js [2m([22m[2m17 tests[22m[2m)[22m[32m 31[2mms[22m[39m
2026-10-10T01:26:10.0548222Z  [32m✓[39m tests/unit/llm/context-engineering.test.js [2m([22m[2m47 tests[22m[2m)[22m[32m 47[2mms[22m[39m
2026-10-10T01:26:10.4808421Z  [32m✓[39m src/main/personal-data-hub/__tests__/route-mobile.test.js [2m([22m[2m23 tests[22m[2m)[22m[32m 25[2mms[22m[39m
2026-10-10T01:26:10.6618474Z  [32m✓[39m tests/unit/stores/conversation.test.js [2m([22m[2m50 tests[22m[2m)[22m[32m 73[2mms[22m[39m
2026-10-10T01:26:11.0184457Z  [32m✓[39m src/main/web-shell/__tests__/notification-handlers.test.js [2m([22m[2m28 tests[22m[2m)[22m[32m 22[2mms[22m[39m
2026-10-10T01:26:11.2488306Z  [32m✓[39m src/main/ai-engine/cowork/skills/__tests__/bundled-skill-egress-broker.test.js [2m([22m[2m25 tests[22m[2m)[22m[32m 91[2mms[22m[39m
2026-10-10T01:26:11.5787980Z  [32m✓[39m src/main/marketplace/__tests__/skill-marketplace-client.test.js [2m([22m[2m34 tests[22m[2m)[22m[32m 45[2mms[22m[39m
2026-10-10T01:26:11.8141742Z  [32m✓[39m src/main/ai-engine/cowork/skills/__tests__/v1.2.0-debugging-strategies.test.js [2m([22m[2m35 tests[22m[2m)[22m[32m 58[2mms[22m[39m
2026-10-10T01:26:12.1316093Z  [32m✓[39m src/main/ai-engine/cowork/__tests__/project-style-analyzer.test.js [2m([22m[2m26 tests[22m[2m)[22m[32m 57[2mms[22m[39m
2026-10-10T01:26:12.5387642Z  [32m✓[39m src/main/database/__tests__/db-secret-provider-ukey.test.js [2m([22m[2m27 tests[22m[2m)[22m[32m 221[2mms[22m[39m
2026-10-10T01:26:12.6787007Z  [32m✓[39m tests/unit/rag/rag-manager.test.js [2m([22m[2m29 tests[22m[2m | [22m[33m14 skipped[39m[2m)[22m[32m 73[2mms[22m[39m
2026-10-10T01:26:13.1048185Z  [32m✓[39m src/main/trade/__tests__/auction-manager.test.js [2m([22m[2m28 tests[22m[2m)[22m[32m 51[2mms[22m[39m
2026-10-10T01:26:13.2641783Z  [32m✓[39m src/main/browser/actions/__tests__/audit-logger.test.js [2m([22m[2m33 tests[22m[2m)[22m[32m 85[2mms[22m[39m
2026-10-10T01:26:13.6182127Z  [32m✓[39m src/main/llm/__tests__/llm-ipc-groups-privacy.test.js [2m([22m[2m5 tests[22m[2m)[22m[32m 18[2mms[22m[39m
2026-10-10T01:26:13.8161342Z  [32m✓[39m src/main/llm/__tests__/llm-selector.test.js [2m([22m[2m44 tests[22m[2m)[22m[32m 46[2mms[22m[39m
2026-10-10T01:26:14.1632867Z  [32m✓[39m src/main/ai-engine/cowork/__tests__/spec-translator.test.js [2m([22m[2m31 tests[22m[2m)[22m[32m 37[2mms[22m[39m
2026-10-10T01:26:14.3530763Z  [32m✓[39m src/main/evolution/__tests__/desktop-pm-read-only-outcome-reader.test.js [2m([22m[2m12 tests[22m[2m)[22m[32m 41[2mms[22m[39m
2026-10-10T01:26:14.6967167Z  [32m✓[39m src/main/trade/__tests__/installment-manager.test.js [2m([22m[2m28 tests[22m[2m)[22m[32m 36[2mms[22m[39m
2026-10-10T01:26:14.9855390Z  [32m✓[39m src/main/ai-engine/plan-mode/__tests__/plan-mode.test.js [2m([22m[2m48 tests[22m[2m)[22m[32m 51[2mms[22m[39m
2026-10-10T01:26:15.3348401Z  [32m✓[39m tests/unit/components/OfflineQueueManager.test.ts [2m([22m[2m19 tests[22m[2m)[22m[32m 177[2mms[22m[39m
2026-10-10T01:26:15.5692593Z  [32m✓[39m src/main/remote/__tests__/android-file-handler.test.js [2m([22m[2m30 tests[22m[2m)[22m[32m 73[2mms[22m[39m
2026-10-10T01:26:15.8888809Z  [32m✓[39m src/main/browser/actions/__tests__/console-capture.test.js [2m([22m[2m37 tests[22m[2m)[22m[32m 42[2mms[22m[39m
2026-10-10T01:26:16.1347022Z  [32m✓[39m src/main/trade/__tests__/lightning-payment.test.js [2m([22m[2m30 tests[22m[2m)[22m[32m 41[2mms[22m[39m
2026-10-10T01:26:16.4773089Z  [32m✓[39m tests/unit/utils/ipc-validator.test.js [2m([22m[2m51 tests[22m[2m)[22m[32m 59[2mms[22m[39m
2026-10-10T01:26:16.7068690Z  [32m✓[39m tests/unit/stores/compliance.test.ts [2m([22m[2m34 tests[22m[2m)[22m[32m 44[2mms[22m[39m
2026-10-10T01:26:16.7537414Z  [32m✓[39m src/main/permission/__tests__/delegation-manager.test.js [2m([22m[2m25 tests[22m[2m)[22m[32m 34[2mms[22m[39m
2026-10-10T01:26:17.3527293Z  [32m✓[39m tests/unit/media/speech-manager.test.js [2m([22m[2m22 tests[22m[2m)[22m[32m 77[2mms[22m[39m
2026-10-10T01:26:17.4225988Z  [32m✓[39m src/main/ai-engine/cowork/skills/__tests__/skill-execution-security.test.js [2m([22m[2m24 tests[22m[2m)[22m[32m 184[2mms[22m[39m
2026-10-10T01:26:17.8826575Z  [32m✓[39m src/main/web-shell/__tests__/mcp-handlers.test.js [2m([22m[2m31 tests[22m[2m)[22m[32m 45[2mms[22m[39m
2026-10-10T01:26:17.9728264Z  [32m✓[39m tests/unit/database/sql-security.test.js [2m([22m[2m48 tests[22m[2m)[22m[32m 45[2mms[22m[39m
2026-10-10T01:26:18.4373150Z  [32m✓[39m src/main/blockchain/__tests__/dao-governance-v2.test.js [2m([22m[2m30 tests[22m[2m)[22m[32m 46[2mms[22m[39m
2026-10-10T01:26:18.7451779Z  [32m✓[39m src/main/templates/__tests__/demo-template-loader.test.js [2m([22m[2m48 tests[22m[2m)[22m[32m 264[2mms[22m[39m
2026-10-10T01:26:18.9952198Z  [32m✓[39m tests/unit/social/local-recommender.test.js [2m([22m[2m27 tests[22m[2m)[22m[32m 28[2mms[22m[39m
2026-10-10T01:26:19.3023414Z  [32m✓[39m src/renderer/stores/__tests__/skill.test.ts [2m([22m[2m29 tests[22m[2m)[22m[32m 59[2mms[22m[39m
2026-10-10T01:26:19.5138691Z  [32m✓[39m src/main/web-shell/__tests__/llm-handlers.test.js [2m([22m[2m24 tests[22m[2m)[22m[32m 23[2mms[22m[39m
2026-10-10T01:26:20.0728520Z  [32m✓[39m src/renderer/utils/__tests__/animation-controller.test.ts [2m([22m[2m37 tests[22m[2m)[22m[32m 38[2mms[22m[39m
2026-10-10T01:26:20.6008745Z  [32m✓[39m src/main/web-shell/__tests__/web-shell-bootstrap.test.js [2m([22m[2m25 tests[22m[2m)[22m[33m 777[2mms[22m[39m
2026-10-10T01:26:21.3087335Z  [32m✓[39m src/main/p2p/__tests__/mobile-bridge.test.js [2m([22m[2m17 tests[22m[2m)[22m[32m 298[2mms[22m[39m
2026-10-10T01:26:21.8218153Z  [32m✓[39m tests/unit/ai-engine/task-planner.test.js [2m([22m[2m42 tests[22m[2m)[22m[32m 108[2mms[22m[39m
2026-10-10T01:26:22.2512692Z  [32m✓[39m src/main/web-shell/__tests__/screenshot-handlers.test.js [2m([22m[2m22 tests[22m[2m)[22m[32m 24[2mms[22m[39m
2026-10-10T01:26:22.7274067Z  [32m✓[39m src/main/social/__tests__/photo-encryptor.test.js [2m([22m[2m55 tests[22m[2m)[22m[32m 63[2mms[22m[39m
2026-10-10T01:26:22.9304490Z  [32m✓[39m src/main/permission/__tests__/team-manager.test.js [2m([22m[2m31 tests[22m[2m)[22m[32m 29[2mms[22m[39m
2026-10-10T01:26:24.1213567Z  [32m✓[39m src/main/task/__tests__/organization-project-risk-ipc.test.js [2m([22m[2m24 tests[22m[2m)[22m[33m 772[2mms[22m[39m
2026-10-10T01:26:24.5581460Z  [32m✓[39m tests/unit/project/path-security.test.js [2m([22m[2m44 tests[22m[2m)[22m[32m 39[2mms[22m[39m
2026-10-10T01:26:24.9830214Z  [32m✓[39m src/main/web-shell/__tests__/window-open-handler.test.js [2m([22m[2m26 tests[22m[2m)[22m[32m 22[2mms[22m[39m
2026-10-10T01:26:25.4026950Z  [32m✓[39m src/main/remote/__tests__/command-history-handler-phase6-5.test.js [2m([22m[2m21 tests[22m[2m)[22m[32m 25[2mms[22m[39m
2026-10-10T01:26:26.4590461Z  [32m✓[39m src/main/task/__tests__/organization-project-goal-ipc.test.js [2m([22m[2m24 tests[22m[2m)[22m[33m 640[2mms[22m[39m
2026-10-10T01:26:27.2063915Z  [32m✓[39m src/main/task/__tests__/project-goal-monitoring-host.test.js [2m([22m[2m20 tests[22m[2m)[22m[33m 344[2mms[22m[39m
2026-10-10T01:26:27.7201298Z  [32m✓[39m src/main/task/__tests__/task-description-ipc.test.js [2m([22m[2m28 tests[22m[2m)[22m[32m 107[2mms[22m[39m
2026-10-10T01:26:28.2974968Z  [32m✓[39m src/main/federated/__tests__/differential-privacy.test.js [2m([22m[2m34 tests[22m[2m)[22m[32m 182[2mms[22m[39m
2026-10-10T01:26:28.7421494Z  [32m✓[39m tests/unit/ukey/biometric-binding.test.js [2m([22m[2m38 tests[22m[2m)[22m[32m 46[2mms[22m[39m
2026-10-10T01:26:29.1933961Z  [32m✓[39m tests/unit/stores/app.test.js [2m([22m[2m51 tests[22m[2m | [22m[33m2 skipped[39m[2m)[22m[32m 52[2mms[22m[39m
2026-10-10T01:26:29.6278349Z  [32m✓[39m tests/unit/ukey/unified-key-manager.test.js [2m([22m[2m33 tests[22m[2m)[22m[32m 38[2mms[22m[39m
2026-10-10T01:26:30.1652732Z  [32m✓[39m src/main/sync/__tests__/oss-client.test.js [2m([22m[2m29 tests[22m[2m)[22m[33m 9616[2mms[22m[39m
2026-10-10T01:26:30.1653589Z      [33m[2m✓[22m[39m 501 → conflict (IfMatch not supported degrade) [33m 1854[2mms[22m[39m
2026-10-10T01:26:30.1654246Z      [33m[2m✓[22m[39m 5xx retries up to RETRY_MAX then fails [33m 1659[2mms[22m[39m
2026-10-10T01:26:30.1667689Z      [33m[2m✓[22m[39m 5xx retries then fails [33m 1704[2mms[22m[39m
2026-10-10T01:26:30.1668341Z      [33m[2m✓[22m[39m 5xx throws after retries [33m 1877[2mms[22m[39m
2026-10-10T01:26:30.1668994Z      [33m[2m✓[22m[39m 429 retries [33m 1916[2mms[22m[39m
2026-10-10T01:26:30.1669692Z      [33m[2m✓[22m[39m 503 retries [33m 589[2mms[22m[39m
2026-10-10T01:26:30.5009192Z  [32m✓[39m tests/unit/ukey/threshold-signature-manager.test.js [2m([22m[2m38 tests[22m[2m)[22m[33m 482[2mms[22m[39m
2026-10-10T01:26:30.6658027Z  [32m✓[39m tests/unit/stores/socialAI.test.ts [2m([22m[2m32 tests[22m[2m)[22m[32m 48[2mms[22m[39m
2026-10-10T01:26:31.2153159Z  [32m✓[39m src/main/evomap/__tests__/evomap-ipc.test.js [2m([22m[2m37 tests[22m[2m)[22m[32m 63[2mms[22m[39m
2026-10-10T01:26:31.3463216Z  [32m✓[39m src/main/browser/__tests__/browser-engine-navigation-guard.test.js [2m([22m[2m14 tests[22m[2m)[22m[32m 123[2mms[22m[39m
2026-10-10T01:26:31.7454683Z  [32m✓[39m tests/unit/mcp/mcp-tool-adapter.test.js [2m([22m[2m29 tests[22m[2m)[22m[32m 32[2mms[22m[39m
2026-10-10T01:26:31.9332710Z  [32m✓[39m tests/unit/planning/taskPlanner.test.js [2m([22m[2m28 tests[22m[2m)[22m[32m 38[2mms[22m[39m
2026-10-10T01:26:32.3139997Z  [32m✓[39m tests/unit/p2p/signaling-server.test.js [2m([22m[2m26 tests[22m[2m)[22m[32m 45[2mms[22m[39m
2026-10-10T01:26:32.4480133Z  [32m✓[39m tests/unit/utils/field-mapper.test.js [2m([22m[2m22 tests[22m[2m)[22m[32m 18[2mms[22m[39m
2026-10-10T01:26:32.9962794Z  [32m✓[39m src/renderer/stores/__tests__/taskBoard.test.ts [2m([22m[2m28 tests[22m[2m)[22m[32m 43[2mms[22m[39m
2026-10-10T01:26:33.0006902Z  [32m✓[39m tests/unit/ai/builtin-tools.test.js [2m([22m[2m42 tests[22m[2m)[22m[32m 157[2mms[22m[39m
2026-10-10T01:26:33.5328789Z  [32m✓[39m src/main/ai-engine/cowork/skills/__tests__/bundled-skill-network-diagnostics-broker.test.js [2m([22m[2m20 tests[22m[2m)[22m[32m 38[2mms[22m[39m
2026-10-10T01:26:33.5934460Z  [32m✓[39m tests/unit/pages/AIPromptsPage.test.js [2m([22m[2m32 tests[22m[2m)[22m[32m 97[2mms[22m[39m
2026-10-10T01:26:34.1328472Z  [32m✓[39m tests/unit/evomap/evomap-store.test.ts [2m([22m[2m31 tests[22m[2m)[22m[32m 30[2mms[22m[39m
2026-10-10T01:26:34.5493373Z  [32m✓[39m tests/unit/core/core-components.test.ts [2m([22m[2m19 tests[22m[2m)[22m[33m 495[2mms[22m[39m
2026-10-10T01:26:34.6147462Z  [32m✓[39m tests/unit/enterprise/scim-server.test.js [2m([22m[2m23 tests[22m[2m)[22m[32m 42[2mms[22m[39m
2026-10-10T01:26:35.0718335Z  [32m✓[39m tests/unit/integration/rag-llm-git.test.js [2m([22m[2m29 tests[22m[2m)[22m[32m 40[2mms[22m[39m
2026-10-10T01:26:35.1798163Z  [32m✓[39m src/main/ai-engine/agents/__tests__/agent-registry.test.js [2m([22m[2m33 tests[22m[2m)[22m[32m 42[2mms[22m[39m
2026-10-10T01:26:35.8073683Z  [32m✓[39m src/main/ai-engine/cowork/__tests__/graphql-api-manager.test.js [2m([22m[2m39 tests[22m[2m)[22m[32m 223[2mms[22m[39m
2026-10-10T01:26:35.9284418Z  [32m✓[39m tests/unit/multimedia/ProgressMonitor.test.ts [2m([22m[2m28 tests[22m[2m)[22m[32m 195[2mms[22m[39m
2026-10-10T01:26:36.3951166Z  [32m✓[39m src/main/llm/__tests__/llm-manager-category-routing.test.js [2m([22m[2m35 tests[22m[2m)[22m[32m 28[2mms[22m[39m
2026-10-10T01:26:36.5002355Z  [32m✓[39m tests/unit/evomap/evomap-ipc.test.js [2m([22m[2m33 tests[22m[2m)[22m[32m 72[2mms[22m[39m
2026-10-10T01:26:36.9396739Z  [32m✓[39m tests/unit/git/git-path-converter.test.js [2m([22m[2m54 tests[22m[2m)[22m[32m 56[2mms[22m[39m
2026-10-10T01:26:37.0266373Z  [32m✓[39m tests/unit/project/conflict-resolver.test.js [2m([22m[2m21 tests[22m[2m)[22m[32m 20[2mms[22m[39m
2026-10-10T01:26:37.4600976Z  [32m✓[39m tests/unit/remote/device-manager-handler.test.js [2m([22m[2m22 tests[22m[2m)[22m[32m 45[2mms[22m[39m
2026-10-10T01:26:37.5569324Z  [32m✓[39m src/main/ai-engine/__tests__/intent-classifier.test.js [2m([22m[2m57 tests[22m[2m)[22m[32m 46[2mms[22m[39m
2026-10-10T01:26:38.0001778Z  [32m✓[39m tests/unit/ai-engine/agents/agents-ipc.test.js [2m([22m[2m22 tests[22m[2m)[22m[32m 55[2mms[22m[39m
2026-10-10T01:26:38.0599961Z  [32m✓[39m tests/unit/file/file-permission-manager.test.js [2m([22m[2m12 tests[22m[2m)[22m[32m 12[2mms[22m[39m
2026-10-10T01:26:38.6651590Z  [32m✓[39m src/main/rag/__tests__/query-rewriter.test.js [2m([22m[2m36 tests[22m[2m)[22m[32m 49[2mms[22m[39m
2026-10-10T01:26:38.8612379Z  [32m✓[39m tests/unit/browser/browser-engine.test.js [2m([22m[2m27 tests[22m[2m)[22m[32m 70[2mms[22m[39m
2026-10-10T01:26:39.2144912Z  [32m✓[39m tests/unit/stores/planning-store.test.js [2m([22m[2m24 tests[22m[2m)[22m[32m 37[2mms[22m[39m
2026-10-10T01:26:39.4079633Z  [32m✓[39m tests/unit/enterprise/scim-sync.test.js [2m([22m[2m29 tests[22m[2m)[22m[32m 47[2mms[22m[39m
2026-10-10T01:26:39.7455025Z  [32m✓[39m tests/unit/remote/project-management-handler.test.js [2m([22m[2m33 tests[22m[2m)[22m[32m 41[2mms[22m[39m
2026-10-10T01:26:39.9347510Z  [32m✓[39m src/main/ai-engine/cowork/__tests__/knowledge-graph-handler.test.js [2m([22m[2m22 tests[22m[2m)[22m[32m 29[2mms[22m[39m
2026-10-10T01:26:40.4432673Z  [32m✓[39m src/main/enterprise/automation/__tests__/automation-engine.test.js [2m([22m[2m26 tests[22m[2m)[22m[32m 29[2mms[22m[39m
2026-10-10T01:26:40.8285910Z  [32m✓[39m src/main/ai-engine/cowork/__tests__/long-running-task-manager.test.js [2m([22m[2m17 tests[22m[2m)[22m[33m 555[2mms[22m[39m
2026-10-10T01:26:41.0399064Z  [32m✓[39m src/main/ai-engine/cowork/skills/__tests__/skill-workflow-engine.test.js [2m([22m[2m28 tests[22m[2m)[22m[32m 43[2mms[22m[39m
2026-10-10T01:26:41.5647892Z  [32m✓[39m src/main/enterprise/low-code/__tests__/app-builder.test.js [2m([22m[2m27 tests[22m[2m)[22m[32m 41[2mms[22m[39m
2026-10-10T01:26:42.1654604Z  [32m✓[39m tests/unit/mcp/community-registry.test.js [2m([22m[2m43 tests[22m[2m)[22m[32m 55[2mms[22m[39m
2026-10-10T01:26:42.1778426Z  [32m✓[39m src/renderer/components/projects/__tests__/organization-project-transfer.test.ts [2m([22m[2m12 tests[22m[2m)[22m[33m 774[2mms[22m[39m
2026-10-10T01:26:43.0966986Z  [32m✓[39m tests/unit/sync/sync-queue.test.js [2m([22m[2m17 tests[22m[2m)[22m[33m 642[2mms[22m[39m
2026-10-10T01:26:43.7373482Z  [32m✓[39m src/main/evolution/__tests__/desktop-browser-quarantine-lock-maintenance.test.js [2m([22m[2m4 tests[22m[2m)[22m[32m 167[2mms[22m[39m
2026-10-10T01:26:44.0896708Z  [32m✓[39m src/renderer/components/projects/__tests__/organization-project-goal-periodic-panel.test.ts [2m([22m[2m18 tests[22m[2m)[22m[33m 1399[2mms[22m[39m
2026-10-10T01:26:44.3638228Z  [32m✓[39m src/main/evolution/__tests__/desktop-browser-quarantine-operator-revocation.test.js [2m([22m[2m5 tests[22m[2m)[22m[32m 157[2mms[22m[39m
2026-10-10T01:26:44.6609423Z  [32m✓[39m tests/unit/ukey/simkey-zkp.test.js [2m([22m[2m28 tests[22m[2m)[22m[32m 45[2mms[22m[39m
2026-10-10T01:26:44.9232677Z  [32m✓[39m src/main/ai-engine/cowork/__tests__/zkp-verifiable-credentials.test.js [2m([22m[2m30 tests[22m[2m)[22m[32m 41[2mms[22m[39m
2026-10-10T01:26:45.1662356Z  [32m✓[39m tests/unit/social/interest-profiler.test.js [2m([22m[2m23 tests[22m[2m)[22m[32m 21[2mms[22m[39m
2026-10-10T01:26:45.4639616Z  [32m✓[39m src/main/git/__tests__/diff-sync.test.js [2m([22m[2m38 tests[22m[2m)[22m[32m 50[2mms[22m[39m
2026-10-10T01:26:45.7520079Z  [32m✓[39m src/renderer/utils/__tests__/file-utils.test.js [2m([22m[2m45 tests[22m[2m)[22m[32m 40[2mms[22m[39m
2026-10-10T01:26:46.0114628Z  [32m✓[39m tests/unit/social/topic-analyzer.test.js [2m([22m[2m30 tests[22m[2m)[22m[32m 44[2mms[22m[39m
2026-10-10T01:26:46.5431697Z  [32m✓[39m src/main/rag/__tests__/text-splitter.test.js [2m([22m[2m37 tests[22m[2m)[22m[32m 43[2mms[22m[39m
2026-10-10T01:26:47.0748071Z  [32m✓[39m src/main/mtc/__tests__/governance-multisig.test.js [2m([22m[2m27 tests[22m[2m)[22m[33m 312[2mms[22m[39m
2026-10-10T01:26:47.4421083Z  [32m✓[39m src/main/task/__tests__/organization-project-goal-periodic-ipc.test.js [2m([22m[2m23 tests[22m[2m)[22m[33m 1156[2mms[22m[39m
2026-10-10T01:26:47.5998961Z  [32m✓[39m src/main/remote/__tests__/knowledge-handler-phase6-3.test.js [2m([22m[2m30 tests[22m[2m)[22m[32m 67[2mms[22m[39m
2026-10-10T01:26:48.0022853Z  [32m✓[39m src/main/enterprise/__tests__/enterprise-ipc.test.js [2m([22m[2m19 tests[22m[2m)[22m[32m 45[2mms[22m[39m
2026-10-10T01:26:48.1813445Z  [32m✓[39m tests/unit/trade/contract-engine.test.js [2m([22m[2m13 tests[22m[2m)[22m[32m 26[2mms[22m[39m
2026-10-10T01:26:49.4064951Z  [32m✓[39m src/main/remote/__tests__/ai-handler-phase5-fix.test.js [2m([22m[2m23 tests[22m[2m)[22m[33m 733[2mms[22m[39m
2026-10-10T01:26:49.9122385Z  [32m✓[39m tests/unit/tools/tool-runner.test.js [2m([22m[2m36 tests[22m[2m)[22m[32m 64[2mms[22m[39m
2026-10-10T01:26:50.0191643Z  [32m✓[39m tests/unit/pages/PythonExecutionPanel.test.ts [2m([22m[2m27 tests[22m[2m)[22m[33m 810[2mms[22m[39m
2026-10-10T01:26:50.4043650Z  [32m✓[39m src/main/remote/__tests__/mobile-skill-whitelist.test.js [2m([22m[2m25 tests[22m[2m)[22m[32m 31[2mms[22m[39m
2026-10-10T01:26:50.5933204Z  [32m✓[39m src/main/notification/__tests__/notification-authority-ipc.test.js [2m([22m[2m29 tests[22m[2m)[22m[32m 69[2mms[22m[39m
2026-10-10T01:26:51.0260446Z  [32m✓[39m tests/unit/utils/optimistic-update-manager.test.ts [2m([22m[2m15 tests[22m[2m)[22m[32m 78[2mms[22m[39m
2026-10-10T01:26:51.0735511Z Warning: A vi.mock('electron') call in "/home/runner/work/chainlesschain/chainlesschain/desktop-app-vue/src/main/browser/actions/__tests__/desktop-action.test.js" is not at the top level of the module. Although it appears nested, it will be hoisted and executed before any tests run. Move it to the top level to reflect its actual execution order. This will become an error in a future version.
2026-10-10T01:26:51.0737237Z See: https://vitest.dev/guide/mocking/modules#how-it-works
2026-10-10T01:26:51.0892490Z  [2m[90m↓[39m[22m src/main/browser/actions/__tests__/desktop-action.test.js [2m([22m[2m1 test[22m[2m | [22m[33m1 skipped[39m[2m)[22m
2026-10-10T01:26:51.6204207Z  [32m✓[39m src/renderer/stores/__tests__/workflow.test.ts [2m([22m[2m15 tests[22m[2m)[22m[32m 21[2mms[22m[39m
2026-10-10T01:26:51.6318624Z  [32m✓[39m src/main/remote/__tests__/knowledge-handler-phase6-3-step2.test.js [2m([22m[2m23 tests[22m[2m)[22m[32m 101[2mms[22m[39m
2026-10-10T01:26:52.1617248Z  [32m✓[39m src/renderer/stores/__tests__/workflow-designer.test.ts [2m([22m[2m24 tests[22m[2m)[22m[32m 43[2mms[22m[39m
2026-10-10T01:26:52.4928206Z  [32m✓[39m src/renderer/shell-preview/widgets/__tests__/federation-governance-widget.test.ts [2m([22m[2m12 tests[22m[2m)[22m[32m 90[2mms[22m[39m
2026-10-10T01:26:52.6941928Z  [32m✓[39m tests/unit/database/database-edge-cases.test.js [2m([22m[2m37 tests[22m[2m)[22m[32m 53[2mms[22m[39m
2026-10-10T01:26:53.0263937Z  [32m✓[39m tests/unit/stores/multimodal.test.ts [2m([22m[2m33 tests[22m[2m)[22m[32m 35[2mms[22m[39m
2026-10-10T01:26:53.2396598Z  [32m✓[39m src/main/ai-engine/cowork/__tests__/zkp-proof-engine.test.js [2m([22m[2m30 tests[22m[2m)[22m[32m 52[2mms[22m[39m
2026-10-10T01:26:53.7848347Z  [32m✓[39m tests/unit/browser/browser-ipc.test.js [2m([22m[2m14 tests[22m[2m)[22m[32m 254[2mms[22m[39m
2026-10-10T01:26:53.7951824Z  [32m✓[39m src/main/benchmark/__tests__/metrics-calculator.test.js [2m([22m[2m57 tests[22m[2m)[22m[32m 41[2mms[22m[39m
2026-10-10T01:26:54.3327195Z  [32m✓[39m tests/unit/llm/prompt-compressor.test.js [2m([22m[2m28 tests[22m[2m | [22m[33m1 skipped[39m[2m)[22m[32m 54[2mms[22m[39m
2026-10-10T01:26:54.3459701Z  [32m✓[39m src/main/ai-engine/cowork/__tests__/federated-learning-manager.test.js [2m([22m[2m30 tests[22m[2m)[22m[32m 66[2mms[22m[39m
2026-10-10T01:26:54.8897966Z  [32m✓[39m src/main/ai-engine/cowork/__tests__/security-audit-handler.test.js [2m([22m[2m14 tests[22m[2m)[22m[32m 28[2mms[22m[39m
2026-10-10T01:26:55.0058465Z  [32m✓[39m src/main/sync/__tests__/webdav-engine.test.js [2m([22m[2m12 tests[22m[2m)[22m[32m 132[2mms[22m[39m
2026-10-10T01:26:55.5022544Z  [32m✓[39m src/main/ai-engine/cowork/__tests__/deploy-agent.test.js [2m([22m[2m21 tests[22m[2m)[22m[32m 40[2mms[22m[39m
2026-10-10T01:26:55.5853429Z  [32m✓[39m src/main/ai-engine/cowork/__tests__/post-deploy-monitor.test.js [2m([22m[2m23 tests[22m[2m)[22m[32m 29[2mms[22m[39m
2026-10-10T01:26:56.1155104Z  [32m✓[39m src/main/llm/__tests__/volcengine-ipc-privacy.test.js [2m([22m[2m11 tests[22m[2m)[22m[32m 20[2mms[22m[39m
2026-10-10T01:26:56.5218619Z  [32m✓[39m src/main/task/__tests__/organization-project-ipc.test.js [2m([22m[2m14 tests[22m[2m)[22m[33m 506[2mms[22m[39m
2026-10-10T01:26:56.5932029Z  [32m✓[39m tests/unit/file/file-import.test.js [2m([22m[2m26 tests[22m[2m)[22m[32m 21[2mms[22m[39m
2026-10-10T01:26:57.1088730Z  [32m✓[39m tests/unit/evomap/evomap-node-manager.test.js [2m([22m[2m26 tests[22m[2m)[22m[32m 100[2mms[22m[39m
2026-10-10T01:26:57.1529517Z  [32m✓[39m src/renderer/stores/__tests__/workspace.test.ts [2m([22m[2m20 tests[22m[2m)[22m[32m 31[2mms[22m[39m
2026-10-10T01:26:57.6600917Z  [32m✓[39m tests/unit/crypto/zkp-engine.test.js [2m([22m[2m27 tests[22m[2m)[22m[32m 52[2mms[22m[39m
2026-10-10T01:26:57.6858579Z  [32m✓[39m src/main/browser/actions/__tests__/session-manager.test.js [2m([22m[2m34 tests[22m[2m)[22m[32m 47[2mms[22m[39m
2026-10-10T01:26:58.2085270Z  [32m✓[39m tests/unit/api/rss-fetcher.test.js [2m([22m[2m18 tests[22m[2m)[22m[32m 42[2mms[22m[39m
2026-10-10T01:26:58.2128768Z  [32m✓[39m src/main/enterprise/saas/__tests__/tenant-manager.test.js [2m([22m[2m27 tests[22m[2m)[22m[32m 40[2mms[22m[39m
2026-10-10T01:26:58.8246360Z  [32m✓[39m src/main/llm/__tests__/token-tracker-ipc-privacy.test.js [2m([22m[2m7 tests[22m[2m)[22m[32m 34[2mms[22m[39m
2026-10-10T01:26:58.8543583Z  [32m✓[39m src/main/database/__tests__/query-builder.test.js [2m([22m[2m37 tests[22m[2m)[22m[32m 45[2mms[22m[39m
2026-10-10T01:26:59.3656311Z  [32m✓[39m src/main/ai-engine/cowork/__tests__/graphql-resolvers.test.js [2m([22m[2m27 tests[22m[2m)[22m[32m 56[2mms[22m[39m
2026-10-10T01:26:59.4010368Z  [32m✓[39m tests/unit/social/social-graph.test.js [2m([22m[2m27 tests[22m[2m)[22m[32m 52[2mms[22m[39m
2026-10-10T01:26:59.8835134Z  [32m✓[39m src/main/ai-engine/cowork/__tests__/github-manager-handler.test.js [2m([22m[2m17 tests[22m[2m)[22m[32m 26[2mms[22m[39m
2026-10-10T01:26:59.9827662Z  [32m✓[39m tests/unit/workflow/workflow-snapshot.test.js [2m([22m[2m20 tests[22m[2m)[22m[32m 98[2mms[22m[39m
2026-10-10T01:27:00.4198769Z  [32m✓[39m src/main/knowledge/__tests__/notion-importer.test.js [2m([22m[2m35 tests[22m[2m)[22m[32m 48[2mms[22m[39m
2026-10-10T01:27:00.6108415Z  [32m✓[39m src/main/sync/__tests__/sync-external-store.test.js [2m([22m[2m18 tests[22m[2m)[22m[32m 112[2mms[22m[39m
2026-10-10T01:27:01.1011398Z  [32m✓[39m src/main/personal-data-hub/__tests__/wechat-wiring.test.js [2m([22m[2m15 tests[22m[2m)[22m[32m 15[2mms[22m[39m
2026-10-10T01:27:01.5276775Z  [32m✓[39m src/renderer/stores/__tests__/planning.test.ts [2m([22m[2m19 tests[22m[2m)[22m[32m 22[2mms[22m[39m
2026-10-10T01:27:01.9576671Z  [32m✓[39m tests/unit/stores/dlp.test.ts [2m([22m[2m27 tests[22m[2m)[22m[32m 25[2mms[22m[39m
2026-10-10T01:27:02.0152781Z  [32m✓[39m tests/unit/p2p/p2p-enhanced-voice-video.test.js [2m([22m[2m20 tests[22m[2m)[22m[33m 1057[2mms[22m[39m
2026-10-10T01:27:02.0153507Z        [33m[2m✓[22m[39m 应该转发call:ended事件 [33m 1003[2mms[22m[39m
2026-10-10T01:27:02.5043195Z  [32m✓[39m tests/unit/bootstrap/initializer-factory.test.js [2m([22m[2m23 tests[22m[2m)[22m[32m 74[2mms[22m[39m
2026-10-10T01:27:02.5497841Z  [32m✓[39m tests/unit/stores/nlProgram.test.ts [2m([22m[2m29 tests[22m[2m)[22m[32m 33[2mms[22m[39m
2026-10-10T01:27:03.0381246Z  [32m✓[39m src/main/ai-engine/cowork/__tests__/federated-learning-aggregator.test.js [2m([22m[2m25 tests[22m[2m)[22m[32m 50[2mms[22m[39m
2026-10-10T01:27:03.0576358Z  [32m✓[39m src/main/evolution/__tests__/desktop-browser-download-action.test.js [2m([22m[2m5 tests[22m[2m)[22m[32m 20[2mms[22m[39m
2026-10-10T01:27:03.6028255Z  [32m✓[39m tests/unit/social/nostr-identity.test.js [2m([22m[2m20 tests[22m[2m)[22m[32m 80[2mms[22m[39m
2026-10-10T01:27:03.6999609Z  [32m✓[39m tests/unit/social/nostr-bridge-nips.test.js [2m([22m[2m20 tests[22m[2m)[22m[32m 120[2mms[22m[39m
2026-10-10T01:27:04.2304713Z  [32m✓[39m src/main/ipc/__tests__/phase-modules.test.js [2m([22m[2m56 tests[22m[2m)[22m[32m 181[2mms[22m[39m
2026-10-10T01:27:04.3638752Z  [32m✓[39m src/main/did/__tests__/did-signer.test.js [2m([22m[2m22 tests[22m[2m)[22m[32m 168[2mms[22m[39m
2026-10-10T01:27:04.8884586Z  [32m✓[39m src/main/knowledge/__tests__/static-site-exporter.test.js [2m([22m[2m41 tests[22m[2m)[22m[32m 44[2mms[22m[39m
2026-10-10T01:27:05.2244166Z  [32m✓[39m src/main/remote/__tests__/m4-d2-cross-end-approval.test.js [2m([22m[2m10 tests[22m[2m)[22m[33m 521[2mms[22m[39m
2026-10-10T01:27:05.2256289Z      [33m[2m✓[22m[39m Android slow-response → channel timeout fires first → command denied with timeout [33m 503[2mms[22m[39m
2026-10-10T01:27:05.3206656Z  [32m✓[39m src/main/llm/__tests__/prompt-compressor-ipc-authorization.test.js [2m([22m[2m8 tests[22m[2m)[22m[32m 18[2mms[22m[39m
2026-10-10T01:27:05.7988447Z  [32m✓[39m src/main/ipfs/__tests__/ipfs-ipc.test.js [2m([22m[2m28 tests[22m[2m)[22m[32m 62[2mms[22m[39m
2026-10-10T01:27:05.8894251Z  [32m✓[39m tests/unit/ipfs/filecoin-storage.test.js [2m([22m[2m34 tests[22m[2m)[22m[32m 38[2mms[22m[39m
2026-10-10T01:27:06.4041972Z  [32m✓[39m src/main/remote/__tests__/workflow-handler-phase6-5-clone-export-import.test.js [2m([22m[2m17 tests[22m[2m)[22m[32m 31[2mms[22m[39m
2026-10-10T01:27:06.8143165Z  [32m✓[39m src/main/web-shell/__tests__/terminal-handlers.test.js [2m([22m[2m18 tests[22m[2m)[22m[32m 18[2mms[22m[39m
2026-10-10T01:27:07.7587614Z  [32m✓[39m src/main/web-shell/__tests__/web-shell-integration.test.js [2m([22m[2m10 tests[22m[2m)[22m[33m 527[2mms[22m[39m
2026-10-10T01:27:08.2213621Z  [32m✓[39m src/main/browser/actions/__tests__/safe-mode.test.js [2m([22m[2m36 tests[22m[2m)[22m[32m 58[2mms[22m[39m
2026-10-10T01:27:08.5152541Z  [32m✓[39m src/main/sync/__tests__/webdav-client.test.js [2m([22m[2m23 tests[22m[2m)[22m[33m 2232[2mms[22m[39m
2026-10-10T01:27:08.5153256Z      [33m[2m✓[22m[39m retries on 503 up to 3 times [33m 1624[2mms[22m[39m
2026-10-10T01:27:08.5153753Z      [33m[2m✓[22m[39m retries on 429 then succeeds [33m 569[2mms[22m[39m
2026-10-10T01:27:08.6789670Z  [32m✓[39m tests/unit/remote/command-history-handler.test.js [2m([22m[2m19 tests[22m[2m)[22m[32m 32[2mms[22m[39m
2026-10-10T01:27:09.1108171Z  [32m✓[39m src/renderer/stores/__tests__/goal-notifications.test.ts [2m([22m[2m27 tests[22m[2m)[22m[32m 67[2mms[22m[39m
2026-10-10T01:27:09.2391645Z  [32m✓[39m src/main/remote/__tests__/ai-handler-phase6-4-commit2.test.js [2m([22m[2m23 tests[22m[2m)[22m[32m 41[2mms[22m[39m
2026-10-10T01:27:09.8032169Z  [32m✓[39m tests/unit/audit/dlp-engine.test.js [2m([22m[2m26 tests[22m[2m)[22m[32m 44[2mms[22m[39m
2026-10-10T01:27:09.8660892Z  [32m✓[39m tests/unit/ukey/tee-integration.test.js [2m([22m[2m27 tests[22m[2m)[22m[32m 247[2mms[22m[39m
2026-10-10T01:27:10.4809153Z  [32m✓[39m tests/unit/audit/data-classifier.test.js [2m([22m[2m30 tests[22m[2m)[22m[32m 49[2mms[22m[39m
2026-10-10T01:27:10.5416341Z  [32m✓[39m src/main/social/__tests__/channel-manager-signing.integration.test.js [2m([22m[2m8 tests[22m[2m)[22m[32m 207[2mms[22m[39m
2026-10-10T01:27:11.0704975Z  [32m✓[39m src/main/git/__tests__/conflict-resolution.test.js [2m([22m[2m23 tests[22m[2m)[22m[32m 57[2mms[22m[39m
2026-10-10T01:27:11.1255625Z  [32m✓[39m tests/unit/stores/thresholdSecurity.test.ts [2m([22m[2m24 tests[22m[2m)[22m[32m 29[2mms[22m[39m
2026-10-10T01:27:11.7633363Z  [32m✓[39m src/main/browser/actions/__tests__/network-interceptor.test.js [2m([22m[2m33 tests[22m[2m)[22m[32m 170[2mms[22m[39m
2026-10-10T01:27:12.1134668Z  [32m✓[39m src/main/rag/__tests__/bm25-search.test.js [2m([22m[2m30 tests[22m[2m)[22m[32m 42[2mms[22m[39m
2026-10-10T01:27:12.3258537Z  [32m✓[39m src/main/database/__tests__/database-graph.test.js [2m([22m[2m19 tests[22m[2m)[22m[32m 26[2mms[22m[39m
2026-10-10T01:27:12.7044393Z  [32m✓[39m tests/unit/ai-engine/autonomous/autonomous-ipc.test.js [2m([22m[2m12 tests[22m[2m)[22m[32m 30[2mms[22m[39m
2026-10-10T01:27:12.8968185Z  [32m✓[39m src/main/ai-engine/memory/__tests__/hierarchical-memory.test.js [2m([22m[2m29 tests[22m[2m)[22m[32m 43[2mms[22m[39m
2026-10-10T01:27:13.3229465Z  [32m✓[39m tests/unit/ai-engine/extended-tools.test.js [2m([22m[2m29 tests[22m[2m)[22m[32m 69[2mms[22m[39m
2026-10-10T01:27:13.4921127Z  [32m✓[39m tests/unit/document/api-doc-generator.test.js [2m([22m[2m36 tests[22m[2m)[22m[32m 51[2mms[22m[39m
2026-10-10T01:27:13.8959457Z  [32m✓[39m src/main/skill-tool-system/__tests__/skill-manager.test.js [2m([22m[2m14 tests[22m[2m)[22m[32m 47[2mms[22m[39m
2026-10-10T01:27:14.0534527Z  [32m✓[39m tests/unit/database/database.test.js [2m([22m[2m22 tests[22m[2m)[22m[32m 23[2mms[22m[39m
2026-10-10T01:27:14.5366032Z  [32m✓[39m src/main/social/__tests__/collab-sync-boundaries.test.js [2m([22m[2m11 tests[22m[2m)[22m[32m 107[2mms[22m[39m
2026-10-10T01:27:14.7278717Z  [32m✓[39m tests/unit/components/MCPSettings.test.js [2m([22m[2m2 tests[22m[2m)[22m[32m 137[2mms[22m[39m
2026-10-10T01:27:15.1355905Z  [32m✓[39m tests/unit/blockchain/bridge-manager.test.js [2m([22m[2m16 tests[22m[2m)[22m[32m 32[2mms[22m[39m
2026-10-10T01:27:15.2737004Z  [32m✓[39m tests/unit/p2p/voice-video-ipc.test.js [2m([22m[2m21 tests[22m[2m)[22m[32m 17[2mms[22m[39m
2026-10-10T01:27:15.7526027Z  [32m✓[39m src/main/remote/__tests__/command-router.test.js [2m([22m[2m31 tests[22m[2m)[22m[32m 61[2mms[22m[39m
2026-10-10T01:27:15.8475059Z  [32m✓[39m src/main/remote/__tests__/notification-handler-phase4-fix.test.js [2m([22m[2m16 tests[22m[2m)[22m[32m 32[2mms[22m[39m
2026-10-10T01:27:16.3945624Z  [32m✓[39m src/main/ai-engine/cowork/skills/__tests__/bundled-skill-filesystem-broker.test.js [2m([22m[2m9 tests[22m[2m)[22m[32m 97[2mms[22m[39m
2026-10-10T01:27:16.5158613Z  [32m✓[39m src/main/ai-engine/cowork/skills/__tests__/governed-skill-loading.test.js [2m([22m[2m8 tests[22m[2m)[22m[32m 28[2mms[22m[39m
2026-10-10T01:27:16.9542715Z  [32m✓[39m src/main/sync/__tests__/oss-ipc.test.js [2m([22m[2m19 tests[22m[2m)[22m[32m 27[2mms[22m[39m
2026-10-10T01:27:17.1124985Z  [32m✓[39m tests/unit/audit/siem-exporter.test.js [2m([22m[2m26 tests[22m[2m)[22m[32m 55[2mms[22m[39m
2026-10-10T01:27:17.5712509Z  [32m✓[39m src/renderer/utils/__tests__/adaptive-performance.test.ts [2m([22m[2m27 tests[22m[2m)[22m[32m 56[2mms[22m[39m
2026-10-10T01:27:17.6673155Z  [32m✓[39m src/main/ai-engine/code-agent/__tests__/coding-agent-tool-adapter.test.js [2m([22m[2m8 tests[22m[2m)[22m[32m 18[2mms[22m[39m
2026-10-10T01:27:18.1825082Z  [32m✓[39m src/main/p2p/__tests__/p2p-manager-dispatch.test.js [2m([22m[2m22 tests[22m[2m)[22m[32m 35[2mms[22m[39m
2026-10-10T01:27:18.2544306Z  [32m✓[39m tests/unit/ukey/fido2-authenticator.test.js [2m([22m[2m21 tests[22m[2m)[22m[32m 40[2mms[22m[39m
2026-10-10T01:27:18.7448370Z  [32m✓[39m tests/unit/multimedia/types.test.ts [2m([22m[2m39 tests[22m[2m)[22m[32m 37[2mms[22m[39m
2026-10-10T01:27:18.8469249Z  [32m✓[39m src/main/browser/actions/__tests__/action-suggestion.test.js [2m([22m[2m27 tests[22m[2m)[22m[32m 26[2mms[22m[39m
2026-10-10T01:27:19.3499080Z  [32m✓[39m src/main/ai-engine/agents/__tests__/agent-capabilities.test.js [2m([22m[2m33 tests[22m[2m)[22m[32m 49[2mms[22m[39m
2026-10-10T01:27:19.4718618Z  [32m✓[39m src/main/ai-engine/cowork/__tests__/debugging-strategies-handler.test.js [2m([22m[2m25 tests[22m[2m)[22m[32m 40[2mms[22m[39m
2026-10-10T01:27:20.2992849Z  [32m✓[39m src/main/task/__tests__/project-goal-auth-session.test.js [2m([22m[2m21 tests[22m[2m)[22m[32m 216[2mms[22m[39m
2026-10-10T01:27:20.7433014Z  [32m✓[39m src/main/notification/__tests__/project-goal-notification-journey.test.js [2m([22m[2m12 tests[22m[2m)[22m[33m 802[2mms[22m[39m
2026-10-10T01:27:21.2482882Z  [32m✓[39m src/main/blockchain/__tests__/agent-economy.test.js [2m([22m[2m29 tests[22m[2m)[22m[32m 33[2mms[22m[39m
2026-10-10T01:27:43.3096075Z  [32m✓[39m tests/unit/ukey/esim-ota-manager.test.js [2m([22m[2m24 tests[22m[2m)[22m[33m 21609[2mms[22m[39m
2026-10-10T01:27:43.3098949Z        [33m[2m✓[22m[39m should download and install a profile [33m 1557[2mms[22m[39m
2026-10-10T01:27:43.3099858Z        [33m[2m✓[22m[39m should list the installed profile [33m 1558[2mms[22m[39m
2026-10-10T01:27:43.3101368Z        [33m[2m✓[22m[39m should emit download-progress events [33m 1558[2mms[22m[39m
2026-10-10T01:27:43.3102152Z        [33m[2m✓[22m[39m should enable an installed profile [33m 1555[2mms[22m[39m
2026-10-10T01:27:43.3103065Z        [33m[2m✓[22m[39m should disable previously enabled profile when enabling another [33m 3009[2mms[22m[39m
2026-10-10T01:27:43.3103825Z        [33m[2m✓[22m[39m should disable an enabled profile [33m 1556[2mms[22m[39m
2026-10-10T01:27:43.3104489Z        [33m[2m✓[22m[39m should delete a disabled profile [33m 1555[2mms[22m[39m
2026-10-10T01:27:43.3105184Z        [33m[2m✓[22m[39m should refuse to delete an enabled profile [33m 1557[2mms[22m[39m
2026-10-10T01:27:43.3105852Z        [33m[2m✓[22m[39m should deploy a new key successfully [33m 704[2mms[22m[39m
2026-10-10T01:27:43.3106661Z        [33m[2m✓[22m[39m should deploy ml-dsa-65 key type [33m 704[2mms[22m[39m
2026-10-10T01:27:43.3107277Z        [33m[2m✓[22m[39m should import existing key material [33m 604[2mms[22m[39m
2026-10-10T01:27:43.3107961Z        [33m[2m✓[22m[39m should emit state-changed events during deployment [33m 704[2mms[22m[39m
2026-10-10T01:27:43.3108608Z        [33m[2m✓[22m[39m should batch deploy to multiple targets [33m 705[2mms[22m[39m
2026-10-10T01:27:43.3109168Z        [33m[2m✓[22m[39m should emit batch-progress events [33m 705[2mms[22m[39m
2026-10-10T01:27:43.3109783Z        [33m[2m✓[22m[39m should rotate a key successfully [33m 804[2mms[22m[39m
2026-10-10T01:27:43.3110475Z        [33m[2m✓[22m[39m should return to COMPLETED state after successful deploy [33m 704[2mms[22m[39m
2026-10-10T01:27:43.3111146Z        [33m[2m✓[22m[39m should clean up resources on close [33m 1556[2mms[22m[39m
2026-10-10T01:27:43.7663244Z  [32m✓[39m tests/unit/core/ipc-guard.test.js [2m([22m[2m12 tests[22m[2m)[22m[32m 15[2mms[22m[39m
2026-10-10T01:27:44.5524019Z  [32m✓[39m src/main/ai-engine/cowork/skills/__tests__/external-skill-executor.test.js [2m([22m[2m10 tests[22m[2m)[22m[33m 334[2mms[22m[39m
2026-10-10T01:27:45.0174684Z  [32m✓[39m src/main/browser/actions/__tests__/automation-policy.test.js [2m([22m[2m30 tests[22m[2m)[22m[32m 26[2mms[22m[39m
2026-10-10T01:27:45.5898389Z  [32m✓[39m src/main/sync/__tests__/oss-engine.test.js [2m([22m[2m10 tests[22m[2m)[22m[32m 103[2mms[22m[39m
2026-10-10T01:27:46.0743428Z  [32m✓[39m src/main/did/__tests__/did-v2-manager.test.js [2m([22m[2m23 tests[22m[2m)[22m[32m 26[2mms[22m[39m
2026-10-10T01:27:46.5497649Z  [32m✓[39m src/renderer/shell-preview/services/__tests__/llm-preview-bridge.test.ts [2m([22m[2m31 tests[22m[2m)[22m[32m 25[2mms[22m[39m
2026-10-10T01:27:48.7095980Z  [32m✓[39m tests/unit/ukey/satellite-sim-driver.test.js [2m([22m[2m29 tests[22m[2m)[22m[33m 27882[2mms[22m[39m
2026-10-10T01:27:48.7096930Z        [33m[2m✓[22m[39m should initialize successfully [33m 1408[2mms[22m[39m
2026-10-10T01:27:48.7097486Z        [33m[2m✓[22m[39m should be idempotent [33m 703[2mms[22m[39m
2026-10-10T01:27:48.7098078Z        [33m[2m✓[22m[39m should provide status after initialization [33m 702[2mms[22m[39m
2026-10-10T01:27:48.7098652Z        [33m[2m✓[22m[39m should detect satellite SIM [33m 703[2mms[22m[39m
2026-10-10T01:27:48.7099153Z        [33m[2m✓[22m[39m should sign Buffer data [33m 759[2mms[22m[39m
2026-10-10T01:27:48.7099640Z        [33m[2m✓[22m[39m should sign string data [33m 755[2mms[22m[39m
2026-10-10T01:27:48.7100161Z        [33m[2m✓[22m[39m should include transport mode in result [33m 754[2mms[22m[39m
2026-10-10T01:27:48.7100694Z        [33m[2m✓[22m[39m should return queued result when in queue mode [33m 1004[2mms[22m[39m
2026-10-10T01:27:48.7101061Z        [33m[2m✓[22m[39m should batch sign multiple data items [33m 754[2mms[22m[39m
2026-10-10T01:27:48.7101421Z        [33m[2m✓[22m[39m should include merkle proof for each item [33m 756[2mms[22m[39m
2026-10-10T01:27:48.7102101Z        [33m[2m✓[22m[39m should calculate savings percentage [33m 754[2mms[22m[39m
2026-10-10T01:27:48.7102443Z        [33m[2m✓[22m[39m should handle single item batch [33m 756[2mms[22m[39m
2026-10-10T01:27:48.7102805Z        [33m[2m✓[22m[39m should queue a sign request when in queue mode [33m 1406[2mms[22m[39m
2026-10-10T01:27:48.7103161Z        [33m[2m✓[22m[39m should process empty offline queue [33m 703[2mms[22m[39m
2026-10-10T01:27:48.7103497Z        [33m[2m✓[22m[39m should report queue size in status [33m 702[2mms[22m[39m
2026-10-10T01:27:48.7103827Z        [33m[2m✓[22m[39m should switch to terrestrial mode [33m 703[2mms[22m[39m
2026-10-10T01:27:48.7104153Z        [33m[2m✓[22m[39m should switch to satellite mode [33m 703[2mms[22m[39m
2026-10-10T01:27:48.7104510Z        [33m[2m✓[22m[39m should switch to hybrid mode [33m 703[2mms[22m[39m
2026-10-10T01:27:48.7104851Z        [33m[2m✓[22m[39m should emit transport-switched event [33m 703[2mms[22m[39m
2026-10-10T01:27:48.7105326Z        [33m[2m✓[22m[39m should update transport mode in status [33m 703[2mms[22m[39m
2026-10-10T01:27:48.7105704Z        [33m[2m✓[22m[39m should auto switch based on network availability [33m 703[2mms[22m[39m
2026-10-10T01:27:48.7106090Z        [33m[2m✓[22m[39m should not switch when autoSwitch is disabled [33m 1405[2mms[22m[39m
2026-10-10T01:27:48.7106642Z        [33m[2m✓[22m[39m should sign via Beidou SMS when enabled [33m 2706[2mms[22m[39m
2026-10-10T01:27:48.7106994Z        [33m[2m✓[22m[39m should throw when Beidou is disabled [33m 1407[2mms[22m[39m
2026-10-10T01:27:48.7107312Z        [33m[2m✓[22m[39m should sign string data [33m 2706[2mms[22m[39m
2026-10-10T01:27:48.7107623Z        [33m[2m✓[22m[39m should have TIANTONG system info [33m 707[2mms[22m[39m
2026-10-10T01:27:48.7107943Z        [33m[2m✓[22m[39m should have BEIDOU system info [33m 705[2mms[22m[39m
2026-10-10T01:27:48.7108260Z        [33m[2m✓[22m[39m should close without error [33m 704[2mms[22m[39m
2026-10-10T01:27:48.7108575Z        [33m[2m✓[22m[39m should set link state to LOST [33m 704[2mms[22m[39m
2026-10-10T01:27:49.1775783Z  [32m✓[39m src/main/blockchain/__tests__/cross-chain-bridge.test.js [2m([22m[2m23 tests[22m[2m)[22m[32m 25[2mms[22m[39m
2026-10-10T01:27:49.6723244Z  [32m✓[39m tests/unit/audit/dlp-policy.test.js [2m([22m[2m29 tests[22m[2m)[22m[32m 45[2mms[22m[39m
2026-10-10T01:27:50.1486115Z  [32m✓[39m src/main/ai-engine/knowledge/__tests__/enterprise-kg.test.js [2m([22m[2m29 tests[22m[2m)[22m[32m 35[2mms[22m[39m
2026-10-10T01:27:50.6289826Z  [32m✓[39m src/main/ipc/__tests__/ipc-sender-guard.test.js [2m([22m[2m27 tests[22m[2m)[22m[32m 30[2mms[22m[39m
2026-10-10T01:27:51.0968113Z  [32m✓[39m tests/unit/stores/nostrBridge.test.ts [2m([22m[2m25 tests[22m[2m)[22m[32m 26[2mms[22m[39m
2026-10-10T01:27:51.5759477Z  [32m✓[39m tests/unit/social/ap-content-sync.test.js [2m([22m[2m22 tests[22m[2m)[22m[32m 43[2mms[22m[39m
2026-10-10T01:27:52.0851083Z  [32m✓[39m src/main/federated/__tests__/gradient-aggregator.test.js [2m([22m[2m29 tests[22m[2m)[22m[32m 25[2mms[22m[39m
2026-10-10T01:27:52.5463671Z  [32m✓[39m src/main/browser/actions/__tests__/file-handler.test.js [2m([22m[2m27 tests[22m[2m)[22m[32m 31[2mms[22m[39m
2026-10-10T01:27:53.0200384Z  [32m✓[39m src/main/llm/__tests__/secure-storage-ipc-privacy.test.js [2m([22m[2m8 tests[22m[2m)[22m[32m 21[2mms[22m[39m
2026-10-10T01:27:53.5475914Z  [32m✓[39m tests/unit/rag/reranker.test.js [2m([22m[2m37 tests[22m[2m)[22m[32m 74[2mms[22m[39m
2026-10-10T01:27:54.0264156Z  [32m✓[39m src/main/ai-engine/cowork/__tests__/proactive-agent-handler.test.js [2m([22m[2m20 tests[22m[2m)[22m[32m 30[2mms[22m[39m
2026-10-10T01:27:54.4777411Z  [32m✓[39m src/main/ai-engine/cowork/skills/__tests__/skill-outcome-db-authority.test.js [2m([22m[2m7 tests[22m[2m)[22m[32m 23[2mms[22m[39m
2026-10-10T01:27:54.7738033Z  [32m✓[39m tests/unit/ukey/simkey-roaming.test.js [2m([22m[2m26 tests[22m[2m)[22m[33m 7776[2mms[22m[39m
2026-10-10T01:27:54.7738956Z        [33m[2m✓[22m[39m should establish a roaming session with a known carrier [33m 707[2mms[22m[39m
2026-10-10T01:27:54.7739702Z        [33m[2m✓[22m[39m should set state to ROAMING after session established [33m 703[2mms[22m[39m
2026-10-10T01:27:54.7740373Z        [33m[2m✓[22m[39m should include session info in status [33m 705[2mms[22m[39m
2026-10-10T01:27:54.7740969Z        [33m[2m✓[22m[39m should emit roaming-started event [33m 703[2mms[22m[39m
2026-10-10T01:27:54.7741569Z        [33m[2m✓[22m[39m should sign data via roaming network [33m 704[2mms[22m[39m
2026-10-10T01:27:54.7742152Z        [33m[2m✓[22m[39m should increment sign count [33m 708[2mms[22m[39m
2026-10-10T01:27:54.7742776Z        [33m[2m✓[22m[39m should reject when sign limit reached [33m 705[2mms[22m[39m
2026-10-10T01:27:54.7743392Z        [33m[2m✓[22m[39m should throw when not in roaming state [33m 704[2mms[22m[39m
2026-10-10T01:27:54.7744336Z        [33m[2m✓[22m[39m should verify a signature [33m 704[2mms[22m[39m
2026-10-10T01:27:54.7744893Z        [33m[2m✓[22m[39m should end the roaming session [33m 704[2mms[22m[39m
2026-10-10T01:27:54.7745470Z        [33m[2m✓[22m[39m should emit roaming-ended event [33m 704[2mms[22m[39m
2026-10-10T01:27:55.1039918Z  [32m✓[39m src/main/federated/__tests__/model-parameter-sync-boundaries.test.js [2m([22m[2m12 tests[22m[2m)[22m[32m 147[2mms[22m[39m
2026-10-10T01:27:55.4188140Z  [32m✓[39m src/main/ai-engine/__tests__/followup-intent-classifier.test.js [2m([22m[2m20 tests[22m[2m)[22m[32m 90[2mms[22m[39m
2026-10-10T01:27:55.8035682Z  [32m✓[39m tests/unit/integration/code-executor.test.js [2m([22m[2m26 tests[22m[2m | [22m[33m4 skipped[39m[2m)[22m[32m 79[2mms[22m[39m
2026-10-10T01:27:56.0308690Z  [32m✓[39m tests/unit/ai-engine/sub-runtime-conflict-resolution.test.js [2m([22m[2m17 tests[22m[2m)[22m[32m 38[2mms[22m[39m
2026-10-10T01:27:56.3784768Z  [32m✓[39m src/main/evolution/__tests__/desktop-browser-vision-action.test.js [2m([22m[2m4 tests[22m[2m)[22m[32m 12[2mms[22m[39m
2026-10-10T01:27:56.6184119Z  [32m✓[39m src/main/marketplace/__tests__/plugin-ecosystem-v2.test.js [2m([22m[2m23 tests[22m[2m)[22m[32m 38[2mms[22m[39m
2026-10-10T01:27:56.9778033Z  [32m✓[39m src/main/speech/__tests__/local-tts-client.test.js [2m([22m[2m15 tests[22m[2m)[22m[32m 25[2mms[22m[39m
2026-10-10T01:27:57.2272222Z  [32m✓[39m src/renderer/stores/__tests__/agents.test.ts [2m([22m[2m13 tests[22m[2m)[22m[32m 24[2mms[22m[39m
2026-10-10T01:27:57.5739618Z  [32m✓[39m src/main/social/__tests__/gossip-channel-receiver.integration.test.js [2m([22m[2m8 tests[22m[2m)[22m[32m 37[2mms[22m[39m
2026-10-10T01:27:57.8282438Z  [32m✓[39m src/main/knowledge/__tests__/evernote-importer.test.js [2m([22m[2m28 tests[22m[2m)[22m[32m 38[2mms[22m[39m
2026-10-10T01:27:58.1661706Z  [32m✓[39m tests/unit/scripts/build-win-with-deref.test.js [2m([22m[2m15 tests[22m[2m)[22m[32m 38[2mms[22m[39m
2026-10-10T01:27:58.4006998Z  [32m✓[39m src/main/web-shell/__tests__/fs-handlers.test.js [2m([22m[2m15 tests[22m[2m)[22m[32m 18[2mms[22m[39m
2026-10-10T01:27:58.7323383Z  [32m✓[39m src/main/runtime/__tests__/universal-runtime.test.js [2m([22m[2m23 tests[22m[2m)[22m[32m 28[2mms[22m[39m
2026-10-10T01:27:58.9670913Z  [32m✓[39m src/main/ai-engine/cowork/skills/__tests__/pdh-im-collect.test.js [2m([22m[2m19 tests[22m[2m)[22m[32m 29[2mms[22m[39m
2026-10-10T01:27:59.2874507Z  [32m✓[39m tests/unit/remote/knowledge-handler.test.js [2m([22m[2m19 tests[22m[2m)[22m[32m 31[2mms[22m[39m
2026-10-10T01:27:59.5758037Z  [32m✓[39m src/main/browser/actions/__tests__/template-actions.test.js [2m([22m[2m33 tests[22m[2m)[22m[32m 45[2mms[22m[39m
2026-10-10T01:28:00.1487188Z  [32m✓[39m src/main/llm/__tests__/response-cache.test.js [2m([22m[2m24 tests[22m[2m)[22m[32m 43[2mms[22m[39m
2026-10-10T01:28:00.6025244Z  [32m✓[39m src/main/llm/__tests__/instinct-ipc-authorization.test.js [2m([22m[2m6 tests[22m[2m)[22m[32m 15[2mms[22m[39m
2026-10-10T01:28:01.0590159Z  [32m✓[39m src/main/ai-engine/cowork/skills/__tests__/skill-retrieval-adapter.test.js [2m([22m[2m9 tests[22m[2m)[22m[32m 29[2mms[22m[39m
2026-10-10T01:28:01.5832102Z  [32m✓[39m src/main/social/__tests__/collab-awareness.test.js [2m([22m[2m25 tests[22m[2m)[22m[32m 56[2mms[22m[39m
2026-10-10T01:28:01.9537947Z  [32m✓[39m tests/unit/project/file-cache-manager.test.js [2m([22m[2m15 tests[22m[2m)[22m[33m 2068[2mms[22m[39m
2026-10-10T01:28:01.9539095Z        [33m[2m✓[22m[39m 应该检测文件添加 [33m 1006[2mms[22m[39m
2026-10-10T01:28:01.9539395Z        [33m[2m✓[22m[39m 应该检测文件删除 [33m 1005[2mms[22m[39m
2026-10-10T01:28:02.3323577Z  [32m✓[39m src/main/task/__tests__/organization-project-authority-host.test.js [2m([22m[2m12 tests[22m[2m)[22m[32m 45[2mms[22m[39m
2026-10-10T01:28:02.5838070Z  [32m✓[39m src/renderer/stores/__tests__/blockchain.test.ts [2m([22m[2m13 tests[22m[2m)[22m[32m 25[2mms[22m[39m
2026-10-10T01:28:02.8878058Z  [2m[90m↓[39m[22m src/main/knowledge/__tests__/version-manager.test.js [2m([22m[2m16 tests[22m[2m | [22m[33m16 skipped[39m[2m)[22m
2026-10-10T01:28:03.1623353Z  [32m✓[39m src/main/enterprise/bi/__tests__/bi-engine.test.js [2m([22m[2m23 tests[22m[2m)[22m[32m 34[2mms[22m[39m
2026-10-10T01:28:03.4925023Z  [32m✓[39m src/main/personal-data-hub/__tests__/registry-parity.test.js [2m([22m[2m18 tests[22m[2m)[22m[32m 32[2mms[22m[39m
2026-10-10T01:28:03.7817375Z  [32m✓[39m tests/unit/audit/audit-ipc.test.js [2m([22m[2m23 tests[22m[2m)[22m[32m 44[2mms[22m[39m
2026-10-10T01:28:04.0858685Z  [32m✓[39m tests/unit/auth/sso-ipc-wiring.test.js [2m([22m[2m17 tests[22m[2m)[22m[32m 46[2mms[22m[39m
2026-10-10T01:28:04.3740617Z  [32m✓[39m tests/unit/ai-engine/code-agent/code-agent-ipc.test.js [2m([22m[2m25 tests[22m[2m)[22m[32m 51[2mms[22m[39m
2026-10-10T01:28:04.7344022Z  [32m✓[39m tests/unit/ai-engine/a2a/a2a-ipc.test.js [2m([22m[2m27 tests[22m[2m)[22m[32m 64[2mms[22m[39m
2026-10-10T01:28:05.1845733Z  [32m✓[39m src/main/llm/__tests__/secure-config-atomic-file.test.js [2m([22m[2m14 tests[22m[2m)[22m[32m 228[2mms[22m[39m
2026-10-10T01:28:05.3121822Z  [32m✓[39m tests/unit/mcp/mcp-function-executor.test.js [2m([22m[2m26 tests[22m[2m)[22m[32m 32[2mms[22m[39m
2026-10-10T01:28:05.7644902Z  [32m✓[39m tests/unit/ai-engine/autonomous/tech-learning-ipc.test.js [2m([22m[2m22 tests[22m[2m)[22m[32m 49[2mms[22m[39m
2026-10-10T01:28:05.8958416Z  [32m✓[39m src/main/file/__tests__/file-security-validator.test.js [2m([22m[2m33 tests[22m[2m)[22m[32m 30[2mms[22m[39m
2026-10-10T01:28:06.3613993Z  [32m✓[39m tests/unit/llm/token-tracker.test.js [2m([22m[2m27 tests[22m[2m)[22m[32m 90[2mms[22m[39m
2026-10-10T01:28:06.4809259Z  [32m✓[39m tests/unit/config/initial-setup-config.test.js [2m([22m[2m19 tests[22m[2m)[22m[32m 45[2mms[22m[39m
2026-10-10T01:28:06.9788442Z  [32m✓[39m src/main/utils/__tests__/progress-emitter.test.js [2m([22m[2m20 tests[22m[2m)[22m[32m 50[2mms[22m[39m
2026-10-10T01:28:07.2595655Z  [32m✓[39m src/renderer/components/projects/__tests__/project-task-description-journey.test.ts [2m([22m[2m5 tests[22m[2m)[22m[32m 196[2mms[22m[39m
2026-10-10T01:28:07.7488861Z  [32m✓[39m src/renderer/components/projects/__tests__/project-goal-notification-policy-panel.test.ts [2m([22m[2m25 tests[22m[2m)[22m[32m 213[2mms[22m[39m
2026-10-10T01:28:07.9542819Z  [32m✓[39m tests/unit/components/OnlineStatusIndicator.test.ts [2m([22m[2m26 tests[22m[2m)[22m[32m 114[2mms[22m[39m
2026-10-10T01:28:08.3339378Z  [32m✓[39m src/main/ai-engine/code-agent/__tests__/workflow-session-ipc.test.js [2m([22m[2m18 tests[22m[2m)[22m[32m 43[2mms[22m[39m
2026-10-10T01:28:08.7210308Z  [32m✓[39m tests/unit/remote/browser-extension-handlers.smoke.test.js [2m([22m[2m5 tests[22m[2m)[22m[32m 215[2mms[22m[39m
2026-10-10T01:28:08.9318798Z  [32m✓[39m src/main/sync/__tests__/webdav-ipc.test.js [2m([22m[2m17 tests[22m[2m)[22m[32m 32[2mms[22m[39m
2026-10-10T01:28:09.3039585Z  [32m✓[39m tests/unit/enterprise/scim-ipc.test.js [2m([22m[2m13 tests[22m[2m)[22m[32m 21[2mms[22m[39m
2026-10-10T01:28:09.5109682Z  [32m✓[39m tests/unit/crossorg/b2b-exchange-manager.test.js [2m([22m[2m9 tests[22m[2m)[22m[32m 23[2mms[22m[39m
2026-10-10T01:28:09.8672013Z  [32m✓[39m src/renderer/stores/__tests__/workflow-session.test.ts [2m([22m[2m13 tests[22m[2m)[22m[32m 22[2mms[22m[39m
2026-10-10T01:28:10.0888614Z  [32m✓[39m src/main/browser/actions/__tests__/screen-analyzer.test.js [2m([22m[2m24 tests[22m[2m)[22m[32m 42[2mms[22m[39m
2026-10-10T01:28:10.1411607Z  [32m✓[39m tests/unit/database/soft-delete.test.js [2m([22m[2m21 tests[22m[2m)[22m[32m 23[2mms[22m[39m
2026-10-10T01:28:10.7154270Z  [32m✓[39m src/main/browser/actions/__tests__/action-replay.test.js [2m([22m[2m33 tests[22m[2m)[22m[32m 108[2mms[22m[39m
2026-10-10T01:28:10.8247213Z  [32m✓[39m src/main/ipc/__tests__/phase-16-skill-metrics-wiring.test.js [2m([22m[2m2 tests[22m[2m)[22m[32m 24[2mms[22m[39m
2026-10-10T01:28:11.2876969Z  [32m✓[39m src/main/hooks/__tests__/governed-hook-loading.test.js [2m([22m[2m5 tests[22m[2m)[22m[32m 20[2mms[22m[39m
2026-10-10T01:28:11.4778635Z  [32m✓[39m tests/unit/file/file-ipc.test.js [2m([22m[2m29 tests[22m[2m)[22m[32m 98[2mms[22m[39m
2026-10-10T01:28:11.8038484Z  [32m✓[39m src/main/mtc/__tests__/auto-archive-scheduler.test.js [2m([22m[2m19 tests[22m[2m)[22m[32m 28[2mms[22m[39m
2026-10-10T01:28:11.8715522Z  [32m✓[39m src/renderer/components/__tests__/CodingAgentElicitationPanel.test.ts [2m([22m[2m5 tests[22m[2m)[22m[32m 68[2mms[22m[39m
2026-10-10T01:28:12.3499533Z  [32m✓[39m src/main/database/__tests__/index-optimizer.test.js [2m([22m[2m19 tests[22m[2m)[22m[32m 41[2mms[22m[39m
2026-10-10T01:28:12.4389961Z  [32m✓[39m tests/unit/ai-engine/ai-engine-ipc.test.js [2m([22m[2m9 tests[22m[2m)[22m[32m 28[2mms[22m[39m
2026-10-10T01:28:12.9999177Z  [32m✓[39m src/main/browser/actions/__tests__/notification-manager.test.js [2m([22m[2m32 tests[22m[2m)[22m[32m 90[2mms[22m[39m
2026-10-10T01:28:13.0840960Z  [32m✓[39m src/main/plugins/__tests__/plugin-lazy-ipc-error-boundary.test.js [2m([22m[2m3 tests[22m[2m)[22m[32m 17[2mms[22m[39m
2026-10-10T01:28:13.6424769Z  [32m✓[39m src/main/browser/actions/__tests__/computer-use-metrics.test.js [2m([22m[2m26 tests[22m[2m)[22m[32m 37[2mms[22m[39m
2026-10-10T01:28:13.6870191Z  [32m✓[39m tests/unit/ai-engine/multi-agent/index.test.js [2m([22m[2m23 tests[22m[2m)[22m[32m 164[2mms[22m[39m
2026-10-10T01:28:14.2225857Z  [32m✓[39m src/main/web-shell/__tests__/sync-oss-handlers.test.js [2m([22m[2m21 tests[22m[2m)[22m[32m 33[2mms[22m[39m
2026-10-10T01:28:14.2660868Z  [32m✓[39m src/main/llm/__tests__/llm-state-bus.test.js [2m([22m[2m21 tests[22m[2m)[22m[32m 31[2mms[22m[39m
2026-10-10T01:28:14.7717251Z  [32m✓[39m src/main/process/__tests__/desktop-process-broker.test.js [2m([22m[2m9 tests[22m[2m)[22m[32m 28[2mms[22m[39m
2026-10-10T01:28:15.3579894Z  [32m✓[39m tests/unit/llm/permanent-memory-manager.test.js [2m([22m[2m21 tests[22m[2m)[22m[32m 92[2mms[22m[39m
2026-10-10T01:28:15.5305230Z  [32m✓[39m src/main/browser/actions/__tests__/context-memory.test.js [2m([22m[2m29 tests[22m[2m)[22m[32m 230[2mms[22m[39m
2026-10-10T01:28:16.0957961Z  [32m✓[39m tests/unit/monitoring/error-monitor-boundary.test.js [2m([22m[2m11 tests[22m[2m)[22m[32m 30[2mms[22m[39m
2026-10-10T01:28:16.5796562Z  [32m✓[39m src/renderer/stores/__tests__/analytics-dashboard.test.ts [2m([22m[2m20 tests[22m[2m)[22m[32m 28[2mms[22m[39m
2026-10-10T01:28:17.0575125Z  [32m✓[39m tests/unit/utils/ipc-error-handler.test.js [2m([22m[2m26 tests[22m[2m)[22m[32m 26[2mms[22m[39m
2026-10-10T01:28:17.4588608Z  [32m✓[39m tests/unit/p2p/p2p-enhancement.test.js [2m([22m[2m20 tests[22m[2m)[22m[33m 1567[2mms[22m[39m
2026-10-10T01:28:17.4630163Z        [33m[2m✓[22m[39m 应该触发健康检查事件 [33m 1105[2mms[22m[39m
2026-10-10T01:28:17.4631256Z        [33m[2m✓[22m[39m 应该在连接失败时触发重连 [33m 303[2mms[22m[39m
2026-10-10T01:28:17.5565563Z  [32m✓[39m tests/unit/ai-engine/autonomous/collaboration-governance-ipc.test.js [2m([22m[2m21 tests[22m[2m)[22m[32m 31[2mms[22m[39m
2026-10-10T01:28:18.0624055Z  [32m✓[39m src/main/ai-engine/workflow/__tests__/workflow-engine.test.js [2m([22m[2m23 tests[22m[2m)[22m[32m 56[2mms[22m[39m
2026-10-10T01:28:18.6912634Z  [32m✓[39m src/main/ukey/__tests__/integration.test.js [2m([22m[2m11 tests[22m[2m)[22m[33m 589[2mms[22m[39m
2026-10-10T01:28:18.7408158Z  [32m✓[39m tests/unit/remote/browser-extension/content-state-bounds.test.js [2m([22m[2m7 tests[22m[2m)[22m[32m 56[2mms[22m[39m
2026-10-10T01:28:19.2865609Z  [32m✓[39m src/main/web-shell/__tests__/manual-pair-listener.test.js [2m([22m[2m14 tests[22m[2m)[22m[32m 20[2mms[22m[39m
2026-10-10T01:28:19.2956705Z  [32m✓[39m src/main/remote/__tests__/command-router-mobile-bridge.test.js [2m([22m[2m11 tests[22m[2m)[22m[32m 77[2mms[22m[39m
2026-10-10T01:28:19.8447783Z  [32m✓[39m src/renderer/shell/helpers/__tests__/friendsHelpers.test.ts [2m([22m[2m33 tests[22m[2m)[22m[32m 33[2mms[22m[39m
2026-10-10T01:28:19.9977139Z  [32m✓[39m tests/unit/scripts/asar-surgery.test.js [2m([22m[2m8 tests[22m[2m)[22m[32m 140[2mms[22m[39m
2026-10-10T01:28:20.5960007Z  [32m✓[39m src/main/permission/__tests__/rbac-authority.test.js [2m([22m[2m27 tests[22m[2m)[22m[32m 48[2mms[22m[39m
2026-10-10T01:28:20.7136092Z  [32m✓[39m tests/unit/database/project-root-attestation.test.js [2m([22m[2m5 tests[22m[2m)[22m[32m 273[2mms[22m[39m
2026-10-10T01:28:21.1711594Z  [32m✓[39m src/renderer/shell/helpers/__tests__/chatPanelHelpers.test.ts [2m([22m[2m32 tests[22m[2m)[22m[32m 56[2mms[22m[39m
2026-10-10T01:28:21.2683754Z  [32m✓[39m tests/unit/utils/request-batcher.test.ts [2m([22m[2m14 tests[22m[2m)[22m[32m 20[2mms[22m[39m
2026-10-10T01:28:21.7078550Z  [32m✓[39m src/main/web-shell/__tests__/sync-status-handlers.test.js [2m([22m[2m16 tests[22m[2m)[22m[32m 20[2mms[22m[39m
2026-10-10T01:28:21.8083929Z  [32m✓[39m src/renderer/stores/__tests__/socialCollab.test.ts [2m([22m[2m14 tests[22m[2m)[22m[32m 25[2mms[22m[39m
2026-10-10T01:28:22.3741197Z  [32m✓[39m src/renderer/stores/__tests__/cowork.test.ts [2m([22m[2m14 tests[22m[2m)[22m[32m 26[2mms[22m[39m
2026-10-10T01:28:22.7238921Z  [32m✓[39m src/main/rag/__tests__/hybrid-search-engine.test.js [2m([22m[2m25 tests[22m[2m)[22m[32m 47[2mms[22m[39m
2026-10-10T01:28:22.9538840Z  [32m✓[39m tests/unit/social/ap-webfinger.test.js [2m([22m[2m22 tests[22m[2m)[22m[32m 42[2mms[22m[39m
2026-10-10T01:28:23.3122204Z  [32m✓[39m src/renderer/stores/__tests__/social.test.ts [2m([22m[2m14 tests[22m[2m)[22m[32m 33[2mms[22m[39m
2026-10-10T01:28:23.5507199Z  [32m✓[39m src/main/ai-engine/code-agent/__tests__/coding-agent-permission-gate.test.js [2m([22m[2m14 tests[22m[2m)[22m[32m 40[2mms[22m[39m
2026-10-10T01:28:23.9028020Z  [32m✓[39m src/main/ai-engine/code-agent/__tests__/desktop-graph-execution-adapter.test.js [2m([22m[2m10 tests[22m[2m)[22m[32m 14[2mms[22m[39m
2026-10-10T01:28:24.1218620Z  [32m✓[39m src/main/marketplace/__tests__/skill-packager.test.js [2m([22m[2m18 tests[22m[2m)[22m[32m 22[2mms[22m[39m
2026-10-10T01:28:24.4954458Z  [32m✓[39m src/main/ai-engine/agents/__tests__/agent-coordinator-execution-contract.test.js [2m([22m[2m9 tests[22m[2m)[22m[32m 26[2mms[22m[39m
2026-10-10T01:28:24.7016338Z  [32m✓[39m src/renderer/stores/__tests__/design.test.ts [2m([22m[2m17 tests[22m[2m)[22m[32m 30[2mms[22m[39m
2026-10-10T01:28:25.0691395Z  [32m✓[39m src/renderer/stores/__tests__/collab.test.ts [2m([22m[2m15 tests[22m[2m)[22m[32m 29[2mms[22m[39m
2026-10-10T01:28:25.2828307Z  [32m✓[39m tests/unit/social/governance-ai.test.js [2m([22m[2m25 tests[22m[2m)[22m[32m 39[2mms[22m[39m
2026-10-10T01:28:25.6370265Z  [32m✓[39m src/main/trade/__tests__/asset-manager-atomicity.test.js [2m([22m[2m7 tests[22m[2m)[22m[32m 25[2mms[22m[39m
2026-10-10T01:28:25.8414362Z  [32m✓[39m src/main/crypto/__tests__/zkp-engine.test.js [2m([22m[2m19 tests[22m[2m)[22m[32m 28[2mms[22m[39m
2026-10-10T01:28:26.2092415Z  [32m✓[39m tests/unit/stores/recommendation.test.ts [2m([22m[2m21 tests[22m[2m)[22m[32m 27[2mms[22m[39m
2026-10-10T01:28:26.4084131Z  [32m✓[39m src/main/core/__tests__/shared-cache.test.js [2m([22m[2m28 tests[22m[2m)[22m[32m 38[2mms[22m[39m
2026-10-10T01:28:26.7619395Z  [32m✓[39m tests/unit/remote/browser-extension/handlers/network-bounds.test.js [2m([22m[2m7 tests[22m[2m)[22m[32m 16[2mms[22m[39m
2026-10-10T01:28:26.9461207Z  [32m✓[39m src/main/llm/__tests__/llm-core-ipc-authorization.test.js [2m([22m[2m6 tests[22m[2m)[22m[32m 18[2mms[22m[39m
2026-10-10T01:28:27.3465120Z  [32m✓[39m tests/unit/stores/siem.test.ts [2m([22m[2m22 tests[22m[2m)[22m[32m 27[2mms[22m[39m
2026-10-10T01:28:27.5143267Z  [32m✓[39m src/main/ai-engine/cowork/skills/__tests__/v1.2.0-summarizer.test.js [2m([22m[2m12 tests[22m[2m)[22m[32m 36[2mms[22m[39m
2026-10-10T01:28:28.0240854Z  [32m✓[39m src/main/crypto/__tests__/privacy-computing.test.js [2m([22m[2m19 tests[22m[2m)[22m[32m 24[2mms[22m[39m
2026-10-10T01:28:28.3975078Z  [32m✓[39m src/main/browser/actions/__tests__/smart-element-detector.test.js [2m([22m[2m20 tests[22m[2m)[22m[33m 527[2mms[22m[39m
2026-10-10T01:28:28.4018615Z        [33m[2m✓[22m[39m should timeout when element not found [33m 503[2mms[22m[39m
2026-10-10T01:28:28.5428730Z  [32m✓[39m tests/unit/project/project-git-ipc-simple.test.js [2m([22m[2m19 tests[22m[2m)[22m[32m 62[2mms[22m[39m
2026-10-10T01:28:28.9588827Z  [32m✓[39m src/main/marketplace/__tests__/marketplace-ipc.test.js [2m([22m[2m23 tests[22m[2m)[22m[32m 47[2mms[22m[39m
2026-10-10T01:28:29.1337603Z  [32m✓[39m tests/unit/ukey/pqc-migration-manager.test.js [2m([22m[2m27 tests[22m[2m)[22m[32m 59[2mms[22m[39m
2026-10-10T01:28:29.5718440Z  [32m✓[39m tests/unit/ai-engine/extended-tools-2.test.js [2m([22m[2m23 tests[22m[2m)[22m[32m 74[2mms[22m[39m
2026-10-10T01:28:29.6937981Z  [32m✓[39m src/main/ai-engine/a2a/__tests__/a2a-protocol-engine.test.js [2m([22m[2m24 tests[22m[2m)[22m[32m 30[2mms[22m[39m
2026-10-10T01:28:30.1459021Z  [32m✓[39m src/main/social/__tests__/community-ipc-dual-track.integration.test.js [2m([22m[2m12 tests[22m[2m)[22m[32m 37[2mms[22m[39m
2026-10-10T01:28:30.2427112Z  [32m✓[39m tests/unit/mcp/mcp-stdio-server-backpressure.test.js [2m([22m[2m12 tests[22m[2m)[22m[32m 25[2mms[22m[39m
2026-10-10T01:28:30.6948246Z  [32m✓[39m src/main/ai-engine/cowork/skills/__tests__/bundled-skill-local-service-broker.test.js [2m([22m[2m17 tests[22m[2m)[22m[32m 28[2mms[22m[39m
2026-10-10T01:28:30.9357317Z  [32m✓[39m tests/unit/components/GovernedSkillMarketplacePanel.test.ts [2m([22m[2m7 tests[22m[2m)[22m[32m 123[2mms[22m[39m
2026-10-10T01:28:31.2566935Z  [32m✓[39m tests/unit/stores/bleUkey.test.ts [2m([22m[2m22 tests[22m[2m)[22m[32m 24[2mms[22m[39m
2026-10-10T01:28:31.4783459Z  [32m✓[39m tests/unit/audit/soc2-compliance.test.js [2m([22m[2m22 tests[22m[2m)[22m[32m 36[2mms[22m[39m
2026-10-10T01:28:31.8315434Z  [32m✓[39m tests/unit/enterprise/terraform-manager.test.js [2m([22m[2m26 tests[22m[2m)[22m[32m 42[2mms[22m[39m
2026-10-10T01:28:32.0436275Z  [32m✓[39m src/main/browser/actions/__tests__/element-highlighter.test.js [2m([22m[2m29 tests[22m[2m)[22m[32m 43[2mms[22m[39m
2026-10-10T01:28:32.6854249Z  [32m✓[39m src/main/bootstrap/__tests__/mtc-auto-bridge.integration.test.js [2m([22m[2m16 tests[22m[2m)[22m[32m 197[2mms[22m[39m
2026-10-10T01:28:32.8929315Z  [32m✓[39m tests/unit/sync/sync-p1-fixes.test.js [2m([22m[2m18 tests[22m[2m)[22m[33m 813[2mms[22m[39m
2026-10-10T01:28:32.8930077Z      [33m[2m✓[22m[39m 应该在失败后重试直到成功 [33m 310[2mms[22m[39m
2026-10-10T01:28:32.8930816Z      [33m[2m✓[22m[39m 应该支持自定义重试回调 [33m 344[2mms[22m[39m
2026-10-10T01:28:33.1846185Z  [32m✓[39m src/main/browser/actions/__tests__/clipboard-manager.test.js [2m([22m[2m29 tests[22m[2m)[22m[32m 42[2mms[22m[39m
2026-10-10T01:28:33.4258078Z  [32m✓[39m tests/unit/remote/browser-extension/handlers/network-boundary.test.js [2m([22m[2m9 tests[22m[2m)[22m[32m 14[2mms[22m[39m
2026-10-10T01:28:33.7682991Z  [32m✓[39m tests/unit/mcp/community-registry-remote.test.js [2m([22m[2m14 tests[22m[2m)[22m[32m 47[2mms[22m[39m
2026-10-10T01:28:34.0003053Z  [32m✓[39m tests/unit/ai/skill-executor.test.js [2m([22m[2m23 tests[22m[2m)[22m[32m 51[2mms[22m[39m
2026-10-10T01:28:34.3212854Z  [32m✓[39m tests/unit/git/git-manager.test.js [2m([22m[2m10 tests[22m[2m)[22m[32m 15[2mms[22m[39m
2026-10-10T01:28:34.9357832Z  [32m✓[39m tests/unit/organization/organization-ipc.test.js [2m([22m[2m33 tests[22m[2m)[22m[32m 84[2mms[22m[39m
2026-10-10T01:28:35.5013007Z  [32m✓[39m src/renderer/components/__tests__/AppUpdateNotifier.test.ts [2m([22m[2m8 tests[22m[2m)[22m[32m 188[2mms[22m[39m
2026-10-10T01:28:35.5107449Z  [32m✓[39m src/main/llm/__tests__/llm-ipc-token-success-privacy.test.js [2m([22m[2m4 tests[22m[2m)[22m[32m 17[2mms[22m[39m
2026-10-10T01:28:36.0616914Z  [32m✓[39m src/main/bootstrap/__tests__/social-startup-policy.test.js [2m([22m[2m8 tests[22m[2m)[22m[32m 23[2mms[22m[39m
2026-10-10T01:28:36.0695835Z  [32m✓[39m src/main/ai-engine/code-agent/__tests__/intake-classifier.test.js [2m([22m[2m22 tests[22m[2m)[22m[32m 29[2mms[22m[39m
2026-10-10T01:28:36.6548032Z  [32m✓[39m tests/unit/remote/browser-extension/handlers/console-capture-bounds.test.js [2m([22m[2m6 tests[22m[2m)[22m[32m 18[2mms[22m[39m
2026-10-10T01:28:36.6722672Z  [32m✓[39m src/renderer/stores/__tests__/callHistory.test.ts [2m([22m[2m15 tests[22m[2m)[22m[32m 24[2mms[22m[39m
2026-10-10T01:28:37.3418654Z  [32m✓[39m src/renderer/components/projects/__tests__/project-risk-review-panel.test.ts [2m([22m[2m9 tests[22m[2m)[22m[32m 121[2mms[22m[39m
2026-10-10T01:28:37.3618531Z  [32m✓[39m src/renderer/components/projects/__tests__/project-goal-notification-drawer.test.ts [2m([22m[2m22 tests[22m[2m)[22m[32m 135[2mms[22m[39m
2026-10-10T01:28:37.8911471Z  [32m✓[39m src/main/database/__tests__/legacy-rekey.test.js [2m([22m[2m10 tests[22m[2m)[22m[32m 19[2mms[22m[39m
2026-10-10T01:28:37.9158778Z  [32m✓[39m src/main/ai-engine/cowork/skills/__tests__/v1.2.0-doc-coauthoring.test.js [2m([22m[2m17 tests[22m[2m)[22m[32m 46[2mms[22m[39m
2026-10-10T01:28:38.5279416Z  [32m✓[39m src/renderer/stores/__tests__/memory.test.ts [2m([22m[2m21 tests[22m[2m)[22m[32m 29[2mms[22m[39m
2026-10-10T01:28:38.8246349Z  [32m✓[39m src/renderer/components/mtc/__tests__/MtcInclusionProofDrawer.test.ts [2m([22m[2m7 tests[22m[2m)[22m[32m 106[2mms[22m[39m
2026-10-10T01:28:39.0564706Z  [32m✓[39m src/main/ai-engine/code-agent/__tests__/code-generator-v2.test.js [2m([22m[2m26 tests[22m[2m)[22m[32m 30[2mms[22m[39m
2026-10-10T01:28:39.6037758Z  [32m✓[39m tests/unit/main/terminal/policy-aware-pty-manager.test.js [2m([22m[2m9 tests[22m[2m)[22m[32m 13[2mms[22m[39m
2026-10-10T01:28:39.6990904Z  [32m✓[39m src/main/ukey/__tests__/cloud-backup-manager.test.js [2m([22m[2m14 tests[22m[2m)[22m[33m 368[2mms[22m[39m
2026-10-10T01:28:40.1760468Z  [32m✓[39m tests/unit/llm/response-cache.test.js [2m([22m[2m23 tests[22m[2m | [22m[33m6 skipped[39m[2m)[22m[32m 64[2mms[22m[39m
2026-10-10T01:28:40.2516840Z  [32m✓[39m tests/unit/audit/compliance-ipc.test.js [2m([22m[2m16 tests[22m[2m)[22m[32m 26[2mms[22m[39m
2026-10-10T01:28:40.8512707Z  [32m✓[39m src/renderer/stores/__tests__/zkpCredentials.test.ts [2m([22m[2m12 tests[22m[2m)[22m[32m 51[2mms[22m[39m
2026-10-10T01:28:40.9311053Z  [32m✓[39m src/main/task/__tests__/project-goal-memory-ipc.test.js [2m([22m[2m17 tests[22m[2m)[22m[32m 223[2mms[22m[39m
2026-10-10T01:28:41.4088536Z  [32m✓[39m src/main/git/__tests__/p2p-git-sync.test.js [2m([22m[2m23 tests[22m[2m)[22m[32m 40[2mms[22m[39m
2026-10-10T01:28:41.4960472Z  [32m✓[39m tests/unit/project/checkpoint-manager.test.js [2m([22m[2m19 tests[22m[2m)[22m[32m 31[2mms[22m[39m
2026-10-10T01:28:41.9740433Z  [32m✓[39m src/main/llm/__tests__/response-cache-ipc-authorization.test.js [2m([22m[2m6 tests[22m[2m)[22m[32m 26[2mms[22m[39m
2026-10-10T01:28:42.0515537Z  [32m✓[39m tests/unit/components/graphRunDebuggerUtils.test.js [2m([22m[2m6 tests[22m[2m)[22m[32m 13[2mms[22m[39m
2026-10-10T01:28:42.6025868Z  [32m✓[39m src/main/ai-engine/cowork/skills/__tests__/v1.2.0-api-gateway.test.js [2m([22m[2m14 tests[22m[2m)[22m[32m 32[2mms[22m[39m
2026-10-10T01:28:42.6278729Z  [32m✓[39m tests/unit/api/email-ipc.test.js [2m([22m[2m7 tests[22m[2m)[22m[32m 29[2mms[22m[39m
2026-10-10T01:28:43.2267640Z  [32m✓[39m src/renderer/stores/__tests__/category.test.ts [2m([22m[2m13 tests[22m[2m)[22m[32m 18[2mms[22m[39m
2026-10-10T01:28:43.5754157Z  [32m✓[39m src/main/remote/__tests__/mobile-approval-channel.test.js [2m([22m[2m20 tests[22m[2m)[22m[33m 433[2mms[22m[39m
2026-10-10T01:28:43.8098597Z  [32m✓[39m src/main/web-shell/__tests__/desktop-pair-handlers.test.js [2m([22m[2m15 tests[22m[2m)[22m[32m 76[2mms[22m[39m
2026-10-10T01:28:44.2796763Z  [32m✓[39m src/main/llm/__tests__/llm-ipc-core-success-privacy.test.js [2m([22m[2m5 tests[22m[2m)[22m[32m 61[2mms[22m[39m
2026-10-10T01:28:44.5267498Z  [32m✓[39m tests/unit/security/xss-sanitizer.test.js [2m([22m[2m27 tests[22m[2m)[22m[32m 26[2mms[22m[39m
2026-10-10T01:28:44.8208809Z  [32m✓[39m src/main/social/__tests__/community-ipc-merkle-enqueue.integration.test.js [2m([22m[2m8 tests[22m[2m)[22m[32m 18[2mms[22m[39m
2026-10-10T01:28:45.1581762Z  [32m✓[39m tests/unit/utils/accessibility.test.ts [2m([22m[2m12 tests[22m[2m)[22m[32m 87[2mms[22m[39m
2026-10-10T01:28:45.4042115Z  [32m✓[39m tests/unit/utils/advanced-analytics.test.ts [2m([22m[2m13 tests[22m[2m)[22m[32m 27[2mms[22m[39m
2026-10-10T01:28:45.6948209Z  [32m✓[39m src/renderer/stores/__tests__/agentNetwork.test.ts [2m([22m[2m11 tests[22m[2m)[22m[32m 23[2mms[22m[39m
2026-10-10T01:28:45.9490185Z  [32m✓[39m src/main/ai-engine/agents/__tests__/sub-agent-context.test.js [2m([22m[2m21 tests[22m[2m)[22m[32m 21[2mms[22m[39m
2026-10-10T01:28:46.2382754Z  [32m✓[39m src/main/auth/__tests__/auth-fail-closed.test.js [2m([22m[2m14 tests[22m[2m)[22m[32m 23[2mms[22m[39m
2026-10-10T01:28:46.5067475Z  [32m✓[39m src/main/web-shell/__tests__/window-geometry-persister.test.js [2m([22m[2m12 tests[22m[2m)[22m[32m 17[2mms[22m[39m
2026-10-10T01:28:46.9459194Z  [32m✓[39m src/main/auth/__tests__/sso-session-manager.test.js [2m([22m[2m11 tests[22m[2m)[22m[32m 157[2mms[22m[39m
2026-10-10T01:28:47.0506113Z  [32m✓[39m src/main/ai-engine/cowork/skills/__tests__/bundled-skill-environment-authority.test.js [2m([22m[2m6 tests[22m[2m)[22m[32m 15[2mms[22m[39m
2026-10-10T01:28:47.6071383Z  [32m✓[39m src/main/evolution/__tests__/desktop-browser-navigation-action.test.js [2m([22m[2m6 tests[22m[2m)[22m[32m 18[2mms[22m[39m
2026-10-10T01:28:48.0952301Z  [32m✓[39m src/main/analytics/__tests__/analytics-ipc.test.js [2m([22m[2m28 tests[22m[2m)[22m[32m 37[2mms[22m[39m
2026-10-10T01:28:48.5608379Z  [32m✓[39m src/renderer/stores/__tests__/deployment.test.ts [2m([22m[2m11 tests[22m[2m)[22m[32m 19[2mms[22m[39m
2026-10-10T01:28:49.0293290Z  [32m✓[39m src/main/database/__tests__/migration-manager.test.js [2m([22m[2m21 tests[22m[2m)[22m[32m 37[2mms[22m[39m
2026-10-10T01:28:49.5326341Z  [32m✓[39m src/main/ai-engine/workflow/__tests__/workflow-engine-resume.test.js [2m([22m[2m9 tests[22m[2m)[22m[32m 19[2mms[22m[39m
2026-10-10T01:28:49.9901455Z  [32m✓[39m src/main/ukey/__tests__/contract-signer.test.js [2m([22m[2m16 tests[22m[2m)[22m[32m 22[2mms[22m[39m
2026-10-10T01:28:50.4608220Z  [32m✓[39m src/renderer/stores/__tests__/template.test.ts [2m([22m[2m13 tests[22m[2m)[22m[32m 23[2mms[22m[39m
2026-10-10T01:28:51.0079165Z  [32m✓[39m src/main/trade/__tests__/settlement-escrow-ipc.test.js [2m([22m[2m18 tests[22m[2m)[22m[32m 112[2mms[22m[39m
2026-10-10T01:28:51.4608087Z  [32m✓[39m src/main/web-shell/__tests__/sync-webdav-handlers.test.js [2m([22m[2m18 tests[22m[2m)[22m[32m 19[2mms[22m[39m
2026-10-10T01:28:51.5473420Z  [32m✓[39m src/main/mtc/__tests__/mtc-federation-roundtrip.test.js [2m([22m[2m4 tests[22m[2m)[22m[33m 4359[2mms[22m[39m
2026-10-10T01:28:51.5474665Z      [33m[2m✓[22m[39m call path runs end-to-end across two nodes without throwing (gossipsub smoke) [33m 3934[2mms[22m[39m
2026-10-10T01:28:51.9848479Z  [32m✓[39m src/main/llm/__tests__/llm-ipc-selector-privacy.test.js [2m([22m[2m5 tests[22m[2m)[22m[32m 15[2mms[22m[39m
2026-10-10T01:28:52.1025157Z  [32m✓[39m src/renderer/stores/__tests__/extensionRegistry.test.ts [2m([22m[2m10 tests[22m[2m)[22m[32m 21[2mms[22m[39m
2026-10-10T01:28:52.5493815Z  [32m✓[39m tests/unit/social/matrix-bridge.test.js [2m([22m[2m26 tests[22m[2m)[22m[32m 50[2mms[22m[39m
2026-10-10T01:28:52.6738577Z  [32m✓[39m src/renderer/stores/__tests__/ipfsCluster.test.ts [2m([22m[2m11 tests[22m[2m)[22m[32m 22[2mms[22m[39m
2026-10-10T01:28:53.0932463Z  [32m✓[39m tests/unit/remote/browser-extension/handlers/webrtc-bounds.test.js [2m([22m[2m6 tests[22m[2m)[22m[32m 13[2mms[22m[39m
2026-10-10T01:28:53.2313901Z (node:10015) ExperimentalWarning: SQLite is an experimental feature and might change at any time
2026-10-10T01:28:53.2314950Z (Use `node --trace-warnings ...` to show where the warning was created)
2026-10-10T01:28:53.3393973Z  [32m✓[39m src/main/collaboration/__tests__/collab-recovery-conformance.test.js [2m([22m[2m3 tests[22m[2m)[22m[32m 103[2mms[22m[39m
2026-10-10T01:28:53.6582782Z  [32m✓[39m tests/unit/audit/classification-policy.test.js [2m([22m[2m25 tests[22m[2m)[22m[32m 36[2mms[22m[39m
2026-10-10T01:28:53.9138539Z  [32m✓[39m src/main/collaboration/__tests__/collab-retained-state.test.js [2m([22m[2m11 tests[22m[2m)[22m[32m 26[2mms[22m[39m
2026-10-10T01:28:54.4563199Z  [32m✓[39m src/main/task/__tests__/organization-project-transfer-ipc.test.js [2m([22m[2m8 tests[22m[2m)[22m[32m 196[2mms[22m[39m
2026-10-10T01:28:54.5168799Z  [32m✓[39m src/main/git/__tests__/hosting.test.js [2m([22m[2m26 tests[22m[2m)[22m[32m 38[2mms[22m[39m
2026-10-10T01:28:55.0048575Z  [32m✓[39m src/main/ai-engine/cowork/__tests__/tavily-search-handler.test.js [2m([22m[2m13 tests[22m[2m)[22m[32m 27[2mms[22m[39m
2026-10-10T01:28:55.1066903Z  [32m✓[39m tests/unit/ai/builtin-skills.test.js [2m([22m[2m27 tests[22m[2m)[22m[32m 63[2mms[22m[39m
2026-10-10T01:28:55.6020955Z  [32m✓[39m src/main/plugins/__tests__/semver-utils.test.js [2m([22m[2m28 tests[22m[2m)[22m[32m 38[2mms[22m[39m
2026-10-10T01:28:55.6883695Z  [32m✓[39m src/main/ai-engine/cowork/skills/__tests__/bundled-skill-filesystem-authority.test.js [2m([22m[2m7 tests[22m[2m)[22m[32m 21[2mms[22m[39m
2026-10-10T01:28:56.1978766Z  [32m✓[39m tests/unit/mcp/mcp-ipc.test.js [2m([22m[2m7 tests[22m[2m)[22m[32m 40[2mms[22m[39m
2026-10-10T01:28:56.5167080Z  [32m✓[39m src/main/remote/__tests__/ai-handler-phase6-4-v0_3-agentstream.test.js [2m([22m[2m10 tests[22m[2m)[22m[32m 259[2mms[22m[39m
2026-10-10T01:28:56.7211188Z  [32m✓[39m src/main/personal-data-hub/__tests__/desktop-adb-bridge.test.js [2m([22m[2m14 tests[22m[2m)[22m[32m 30[2mms[22m[39m
2026-10-10T01:28:57.2561633Z  [32m✓[39m src/main/browser/workflow/__tests__/control-flow.test.js [2m([22m[2m19 tests[22m[2m)[22m[32m 23[2mms[22m[39m
2026-10-10T01:28:59.8816334Z  [32m✓[39m src/main/browser/actions/__tests__/error-recovery-manager.test.js [2m([22m[2m21 tests[22m[2m)[22m[33m 2836[2mms[22m[39m
2026-10-10T01:28:59.8817334Z        [33m[2m✓[22m[39m should fail after max retries [33m 303[2mms[22m[39m
2026-10-10T01:28:59.8817689Z        [33m[2m✓[22m[39m should classify errors correctly [33m 302[2mms[22m[39m
2026-10-10T01:28:59.8818091Z        [33m[2m✓[22m[39m should classify element not found errors [33m 1102[2mms[22m[39m
2026-10-10T01:28:59.8818671Z        [33m[2m✓[22m[39m should classify network errors [33m 603[2mms[22m[39m
2026-10-10T01:29:00.3380298Z  [32m✓[39m src/main/mtc/__tests__/mtc-federation-manager.test.js [2m([22m[2m17 tests[22m[2m)[22m[32m 23[2mms[22m[39m
2026-10-10T01:29:00.8794769Z  [32m✓[39m src/main/browser/actions/__tests__/browser-actions-edge-cases.test.js [2m([22m[2m12 tests[22m[2m)[22m[32m 67[2mms[22m[39m
2026-10-10T01:29:01.3450692Z  [32m✓[39m tests/unit/ukey/webusb-fallback.test.js [2m([22m[2m21 tests[22m[2m)[22m[32m 27[2mms[22m[39m
2026-10-10T01:29:01.8004409Z  [32m✓[39m src/main/ai-engine/cowork/skills/__tests__/v1.2.0-humanizer.test.js [2m([22m[2m17 tests[22m[2m)[22m[32m 19[2mms[22m[39m
2026-10-10T01:29:02.3480004Z  [32m✓[39m src/main/ukey/__tests__/multi-device-signer.test.js [2m([22m[2m21 tests[22m[2m)[22m[33m 4637[2mms[22m[39m
2026-10-10T01:29:02.3481558Z      [33m[2m✓[22m[39m returns { txHash, ukeySignature, hwSignature: null, combined: false } [33m 302[2mms[22m[39m
2026-10-10T01:29:02.3482504Z      [33m[2m✓[22m[39m calls ukey.sign but NOT hwWallet.signTx [33m 302[2mms[22m[39m
2026-10-10T01:29:02.3483303Z      [33m[2m✓[22m[39m with hwDeviceId → returns { combined: true } [33m 302[2mms[22m[39m
2026-10-10T01:29:02.3484063Z      [33m[2m✓[22m[39m calls both ukey.sign and hwWallet.signTx [33m 302[2mms[22m[39m
2026-10-10T01:29:02.3484789Z      [33m[2m✓[22m[39m without hwDeviceId → no hw signing (optional) [33m 301[2mms[22m[39m
2026-10-10T01:29:02.3485551Z      [33m[2m✓[22m[39m with hwDeviceId → uses hw wallet (optional) [33m 302[2mms[22m[39m
2026-10-10T01:29:02.3486282Z      [33m[2m✓[22m[39m emits "step" events during low-risk signing [33m 302[2mms[22m[39m
2026-10-10T01:29:02.3487300Z      [33m[2m✓[22m[39m emits hw steps during high-risk signing [33m 302[2mms[22m[39m
2026-10-10T01:29:02.3487973Z      [33m[2m✓[22m[39m emits "signed" event on completion [33m 303[2mms[22m[39m
2026-10-10T01:29:02.3489324Z      [33m[2m✓[22m[39m falls back to simulation when ukey.sign throws [33m 1104[2mms[22m[39m
2026-10-10T01:29:02.5886279Z  [32m✓[39m tests/unit/pages/PlanningView.test.js [2m([22m[2m15 tests[22m[2m)[22m[32m 127[2mms[22m[39m
2026-10-10T01:29:02.8603318Z  [32m✓[39m src/renderer/stores/__tests__/call.test.ts [2m([22m[2m14 tests[22m[2m)[22m[32m 19[2mms[22m[39m
2026-10-10T01:29:03.1770441Z  [32m✓[39m src/renderer/stores/__tests__/history.test.ts [2m([22m[2m11 tests[22m[2m)[22m[32m 43[2mms[22m[39m
2026-10-10T01:29:03.4160766Z  [32m✓[39m tests/unit/ukey/usb-transport.test.js [2m([22m[2m18 tests[22m[2m)[22m[32m 35[2mms[22m[39m
2026-10-10T01:29:03.7719234Z  [32m✓[39m src/main/workflow/__tests__/workflow-graph-authority.test.js [2m([22m[2m6 tests[22m[2m)[22m[32m 21[2mms[22m[39m
2026-10-10T01:29:04.0199864Z  [32m✓[39m src/main/social/__tests__/gossip-boundaries.test.js [2m([22m[2m9 tests[22m[2m)[22m[32m 70[2mms[22m[39m
2026-10-10T01:29:04.3298434Z  [32m✓[39m tests/unit/utils/safe-open.test.js [2m([22m[2m21 tests[22m[2m)[22m[32m 21[2mms[22m[39m
2026-10-10T01:29:04.6001921Z  [32m✓[39m src/main/ai-engine/cowork/__tests__/agent-did.test.js [2m([22m[2m23 tests[22m[2m)[22m[32m 38[2mms[22m[39m
2026-10-10T01:29:04.8715373Z  [32m✓[39m src/main/ukey/__tests__/risk-analyzer.test.js [2m([22m[2m18 tests[22m[2m)[22m[32m 20[2mms[22m[39m
2026-10-10T01:29:05.3805504Z  [32m✓[39m src/renderer/stores/__tests__/trade.test.ts [2m([22m[2m9 tests[22m[2m)[22m[32m 16[2mms[22m[39m
2026-10-10T01:29:05.8415579Z  [32m✓[39m src/renderer/stores/__tests__/dlp.test.ts [2m([22m[2m11 tests[22m[2m)[22m[32m 17[2mms[22m[39m
2026-10-10T01:29:06.2994436Z  [32m✓[39m src/renderer/stores/__tests__/sessionCore.test.ts [2m([22m[2m10 tests[22m[2m)[22m[32m 20[2mms[22m[39m
2026-10-10T01:29:06.7745206Z  [32m✓[39m src/renderer/stores/__tests__/livestream.test.ts [2m([22m[2m13 tests[22m[2m)[22m[32m 26[2mms[22m[39m
2026-10-10T01:29:07.1658948Z  [32m✓[39m src/main/ukey/__tests__/hw-wallet-bridge.test.js [2m([22m[2m19 tests[22m[2m)[22m[33m 2036[2mms[22m[39m
2026-10-10T01:29:07.1677714Z      [33m[2m✓[22m[39m returns array of device objects (≥1) [33m 503[2mms[22m[39m
2026-10-10T01:29:07.1697873Z      [33m[2m✓[22m[39m each device has id, model, brand, transport fields [33m 503[2mms[22m[39m
2026-10-10T01:29:07.1730863Z      [33m[2m✓[22m[39m includes Ledger, Trezor, and OneKey devices [33m 503[2mms[22m[39m
2026-10-10T01:29:07.1758475Z      [33m[2m✓[22m[39m emits "devices-found" event [33m 502[2mms[22m[39m
2026-10-10T01:29:07.2655526Z  [32m✓[39m src/renderer/stores/__tests__/memoryBank.test.ts [2m([22m[2m12 tests[22m[2m)[22m[32m 23[2mms[22m[39m
2026-10-10T01:29:07.7434536Z  [32m✓[39m tests/unit/utils/worker-scheduler.test.ts [2m([22m[2m13 tests[22m[2m)[22m[32m 32[2mms[22m[39m
2026-10-10T01:29:07.8369286Z  [32m✓[39m tests/unit/performance/performance-baseline.test.js [2m([22m[2m21 tests[22m[2m)[22m[32m 34[2mms[22m[39m
2026-10-10T01:29:08.3055322Z  [32m✓[39m tests/unit/mcp/mcp-http-server-backpressure.test.js [2m([22m[2m7 tests[22m[2m)[22m[32m 18[2mms[22m[39m
2026-10-10T01:29:08.3868442Z  [32m✓[39m src/main/utils/__tests__/http-optimizer.test.js [2m([22m[2m15 tests[22m[2m)[22m[32m 20[2mms[22m[39m
2026-10-10T01:29:08.8681642Z  [32m✓[39m tests/unit/mcp/community-registry-lifecycle.test.js [2m([22m[2m8 tests[22m[2m)[22m[32m 56[2mms[22m[39m
2026-10-10T01:29:08.9350426Z  [32m✓[39m src/main/ai-engine/cowork/skills/__tests__/v1.2.0-notion.test.js [2m([22m[2m10 tests[22m[2m)[22m[32m 12[2mms[22m[39m
2026-10-10T01:29:09.9136375Z  [32m✓[39m tests/unit/scripts/phase1.4-path-math.test.js [2m([22m[2m8 tests[22m[2m)[22m[33m 522[2mms[22m[39m
2026-10-10T01:29:10.1148298Z  [32m✓[39m src/main/browser/actions/__tests__/coordinate-action.test.js [2m([22m[2m19 tests[22m[2m)[22m[33m 691[2mms[22m[39m
2026-10-10T01:29:10.1149996Z        [33m[2m✓[22m[39m should execute swipe up gesture [33m 305[2mms[22m[39m
2026-10-10T01:29:10.1151035Z        [33m[2m✓[22m[39m should execute swipe down gesture [33m 304[2mms[22m[39m
2026-10-10T01:29:10.5458925Z  [32m✓[39m src/main/ipc/__tests__/personal-data-hub-open-web-window.test.js [2m([22m[2m10 tests[22m[2m)[22m[32m 19[2mms[22m[39m
2026-10-10T01:29:10.6459092Z  [32m✓[39m src/main/ai-engine/cowork/skills/__tests__/v1.2.0-free-model-manager.test.js [2m([22m[2m13 tests[22m[2m)[22m[32m 21[2mms[22m[39m
2026-10-10T01:29:11.1316609Z  [32m✓[39m src/main/remote/__tests__/mobile-sign-client.test.js [2m([22m[2m18 tests[22m[2m)[22m[32m 79[2mms[22m[39m
2026-10-10T01:29:11.1871976Z  [32m✓[39m src/main/ukey/__tests__/tx-parser.test.js [2m([22m[2m30 tests[22m[2m)[22m[32m 25[2mms[22m[39m
2026-10-10T01:29:11.4032037Z  [32m✓[39m src/main/mtc/__tests__/cross-fed-trust.test.js [2m([22m[2m17 tests[22m[2m)[22m[32m 34[2mms[22m[39m
2026-10-10T01:29:11.8179168Z  [32m✓[39m tests/unit/monitoring/performance-monitor-boundary.test.js [2m([22m[2m8 tests[22m[2m)[22m[32m 16[2mms[22m[39m
2026-10-10T01:29:11.9741031Z  [32m✓[39m src/main/sync/__tests__/orphan-detector.test.js [2m([22m[2m15 tests[22m[2m)[22m[32m 19[2mms[22m[39m
2026-10-10T01:29:12.4028522Z  [32m✓[39m src/main/knowledge-graph/__tests__/entity-extraction.test.js [2m([22m[2m18 tests[22m[2m)[22m[32m 44[2mms[22m[39m
2026-10-10T01:29:12.5041135Z  [32m✓[39m src/renderer/stores/__tests__/evomap.test.ts [2m([22m[2m12 tests[22m[2m)[22m[32m 22[2mms[22m[39m
2026-10-10T01:29:12.9438425Z  [32m✓[39m tests/unit/config/read-settings-sync.test.js [2m([22m[2m14 tests[22m[2m)[22m[32m 36[2mms[22m[39m
2026-10-10T01:29:13.1033556Z  [32m✓[39m src/main/ai-engine/cowork/__tests__/auto-remediator.test.js [2m([22m[2m19 tests[22m[2m)[22m[32m 37[2mms[22m[39m
2026-10-10T01:29:13.4888970Z  [32m✓[39m tests/unit/trade/asset-escrow-transfer.test.js [2m([22m[2m8 tests[22m[2m)[22m[32m 27[2mms[22m[39m
2026-10-10T01:29:13.6624872Z  [32m✓[39m tests/unit/crossorg/shared-workspace-manager.test.js [2m([22m[2m7 tests[22m[2m)[22m[32m 17[2mms[22m[39m
2026-10-10T01:29:14.2360903Z  [32m✓[39m src/main/ai-engine/cowork/skills/__tests__/v1.2.0-obsidian.test.js [2m([22m[2m11 tests[22m[2m)[22m[32m 20[2mms[22m[39m
2026-10-10T01:29:14.7869873Z  [32m✓[39m tests/unit/ukey/firmware-ota-manager.test.js [2m([22m[2m22 tests[22m[2m)[22m[32m 34[2mms[22m[39m
2026-10-10T01:29:15.5966047Z  [32m✓[39m src/main/core/__tests__/service-container.test.js [2m([22m[2m24 tests[22m[2m)[22m[32m 73[2mms[22m[39m
2026-10-10T01:29:16.2382858Z  [32m✓[39m src/main/defi/__tests__/insurance-pool-manager-atomicity.test.js [2m([22m[2m5 tests[22m[2m)[22m[32m 17[2mms[22m[39m
2026-10-10T01:29:16.7894296Z  [32m✓[39m src/main/ipc/__tests__/lazy-phase-loader.test.js [2m([22m[2m21 tests[22m[2m)[22m[32m 35[2mms[22m[39m
2026-10-10T01:29:17.4112359Z  [32m✓[39m src/main/remote/__tests__/ai-handler-phase6-4-commit3.test.js [2m([22m[2m17 tests[22m[2m)[22m[32m 44[2mms[22m[39m
2026-10-10T01:29:17.9263018Z  [32m✓[39m src/main/ai-engine/__tests__/unified-tool-registry.test.js [2m([22m[2m4 tests[22m[2m)[22m[32m 15[2mms[22m[39m
2026-10-10T01:29:18.5332388Z  [32m✓[39m tests/unit/autonomous/collaboration-governance.test.js [2m([22m[2m22 tests[22m[2m)[22m[32m 40[2mms[22m[39m
2026-10-10T01:29:19.1658708Z  [32m✓[39m src/main/evolution/__tests__/desktop-browser-tab-open-action.test.js [2m([22m[2m3 tests[22m[2m)[22m[32m 10[2mms[22m[39m
2026-10-10T01:29:19.5119374Z  [32m✓[39m tests/unit/renderer/shell/AppShell.interaction.test.ts [2m([22m[2m4 tests[22m[2m)[22m[33m 444[2mms[22m[39m
2026-10-10T01:29:19.7311577Z  [32m✓[39m src/renderer/stores/__tests__/federatedLearning.test.ts [2m([22m[2m11 tests[22m[2m)[22m[32m 20[2mms[22m[39m
2026-10-10T01:29:20.0663558Z  [32m✓[39m src/main/llm/__tests__/stream-controller-ipc-privacy.test.js [2m([22m[2m4 tests[22m[2m)[22m[32m 17[2mms[22m[39m
2026-10-10T01:29:20.2803363Z  [32m✓[39m tests/unit/config/database-config.test.js [2m([22m[2m9 tests[22m[2m)[22m[32m 29[2mms[22m[39m
2026-10-10T01:29:20.6510538Z  [32m✓[39m tests/unit/utils/followup-intent-helper.test.js [2m([22m[2m21 tests[22m[2m)[22m[32m 32[2mms[22m[39m
2026-10-10T01:29:20.8019792Z  [32m✓[39m src/renderer/components/graph/__tests__/GraphRunDebugger.test.ts [2m([22m[2m3 tests[22m[2m)[22m[32m 56[2mms[22m[39m
2026-10-10T01:29:21.1965997Z  [32m✓[39m src/renderer/stores/__tests__/timeMachine.test.ts [2m([22m[2m12 tests[22m[2m)[22m[32m 20[2mms[22m[39m
2026-10-10T01:29:21.3645914Z  [32m✓[39m src/main/ai-engine/cowork/skills/__tests__/v1.2.0-github-manager.test.js [2m([22m[2m9 tests[22m[2m)[22m[32m 18[2mms[22m[39m
2026-10-10T01:29:21.7557805Z  [32m✓[39m src/renderer/stores/__tests__/nostrBridge.test.ts [2m([22m[2m10 tests[22m[2m)[22m[32m 15[2mms[22m[39m
2026-10-10T01:29:21.9355832Z  [32m✓[39m src/main/rag/__tests__/semantic-chunker.test.js [2m([22m[2m13 tests[22m[2m)[22m[32m 17[2mms[22m[39m
2026-10-10T01:29:22.4042676Z  [32m✓[39m src/renderer/components/projects/__tests__/project-goal-acceptance-panel.test.ts [2m([22m[2m8 tests[22m[2m)[22m[32m 118[2mms[22m[39m
2026-10-10T01:29:22.5472838Z  [32m✓[39m src/renderer/components/projects/__tests__/project-goal-actions-panel.test.ts [2m([22m[2m7 tests[22m[2m)[22m[32m 78[2mms[22m[39m
2026-10-10T01:29:22.9464081Z  [32m✓[39m src/main/knowledge-graph/__tests__/graph-analytics.test.js [2m([22m[2m17 tests[22m[2m)[22m[32m 18[2mms[22m[39m
2026-10-10T01:29:23.1272014Z  [32m✓[39m tests/unit/crossorg/resource-sharing-manager.test.js [2m([22m[2m7 tests[22m[2m)[22m[32m 20[2mms[22m[39m
2026-10-10T01:29:23.5402971Z  [32m✓[39m src/main/enterprise/__tests__/profile-packager.test.js [2m([22m[2m8 tests[22m[2m)[22m[32m 63[2mms[22m[39m
2026-10-10T01:29:23.7652434Z  [32m✓[39m src/renderer/stores/__tests__/git-hooks.test.ts [2m([22m[2m14 tests[22m[2m)[22m[32m 25[2mms[22m[39m
2026-10-10T01:29:24.1110327Z  [32m✓[39m src/main/ipc/__tests__/ipc-middleware.test.js [2m([22m[2m20 tests[22m[2m)[22m[32m 25[2mms[22m[39m
2026-10-10T01:29:24.3150054Z  [32m✓[39m src/main/llm/__tests__/llm-ipc-core-failure-privacy.test.js [2m([22m[2m5 tests[22m[2m)[22m[32m 21[2mms[22m[39m
2026-10-10T01:29:24.6556938Z  [32m✓[39m src/main/plugins/__tests__/plugin-loader-process-broker.test.js [2m([22m[2m9 tests[22m[2m)[22m[32m 25[2mms[22m[39m
2026-10-10T01:29:24.8478947Z  [32m✓[39m src/renderer/stores/__tests__/thresholdSecurity.test.ts [2m([22m[2m8 tests[22m[2m)[22m[32m 17[2mms[22m[39m
2026-10-10T01:29:25.1959347Z  [32m✓[39m tests/unit/video/video-editing-ipc.test.js [2m([22m[2m13 tests[22m[2m)[22m[32m 20[2mms[22m[39m
2026-10-10T01:29:25.3999101Z  [32m✓[39m src/renderer/stores/__tests__/graphqlApi.test.ts [2m([22m[2m10 tests[22m[2m)[22m[32m 28[2mms[22m[39m
2026-10-10T01:29:25.9656754Z  [32m✓[39m src/main/ai-engine/cowork/__tests__/find-skills-handler.test.js [2m([22m[2m16 tests[22m[2m)[22m[32m 36[2mms[22m[39m
2026-10-10T01:29:26.4558333Z  [32m✓[39m src/renderer/stores/__tests__/marketplace.test.ts [2m([22m[2m12 tests[22m[2m)[22m[32m 21[2mms[22m[39m
2026-10-10T01:29:26.9399278Z  [32m✓[39m src/main/web-shell/__tests__/sync-streaming-helper.test.js [2m([22m[2m9 tests[22m[2m)[22m[32m 22[2mms[22m[39m
2026-10-10T01:29:27.4552062Z  [32m✓[39m src/renderer/shell/helpers/__tests__/memoryBankHelpers.test.ts [2m([22m[2m24 tests[22m[2m)[22m[32m 33[2mms[22m[39m
2026-10-10T01:29:27.6252793Z  [32m✓[39m tests/unit/scripts/prepare-web-shell-vendor.test.js [2m([22m[2m7 tests[22m[2m)[22m[33m 1892[2mms[22m[39m
2026-10-10T01:29:27.6254188Z      [33m[2m✓[22m[39m real run materialises the expected vendor layout [33m 411[2mms[22m[39m
2026-10-10T01:29:27.6255547Z      [33m[2m✓[22m[39m excludes the assets/web-panel duplicate from the cli vendor [33m 423[2mms[22m[39m
2026-10-10T01:29:27.6256929Z      [33m[2m✓[22m[39m excludes any __tests__ subtree if one ever sneaks into cli/src [33m 410[2mms[22m[39m
2026-10-10T01:29:27.6260025Z      [33m[2m✓[22m[39m is idempotent — second run overwrites without error [33m 625[2mms[22m[39m
2026-10-10T01:29:27.9854743Z  [32m✓[39m src/main/evolution/__tests__/desktop-pm-pre-run-seal.test.js [2m([22m[2m6 tests[22m[2m)[22m[32m 48[2mms[22m[39m
2026-10-10T01:29:28.1935086Z  [32m✓[39m src/renderer/stores/__tests__/webauthn.test.ts [2m([22m[2m10 tests[22m[2m)[22m[32m 19[2mms[22m[39m
2026-10-10T01:29:28.5689729Z  [32m✓[39m src/main/p2p/__tests__/connection-pool.test.js [2m([22m[2m15 tests[22m[2m)[22m[32m 32[2mms[22m[39m
2026-10-10T01:29:28.7460519Z  [32m✓[39m src/main/git/__tests__/p2p-git-transport.test.js [2m([22m[2m18 tests[22m[2m)[22m[32m 19[2mms[22m[39m
2026-10-10T01:29:29.1001884Z  [32m✓[39m src/main/llm/__tests__/llm-ipc-token-authorization.test.js [2m([22m[2m3 tests[22m[2m)[22m[32m 16[2mms[22m[39m
2026-10-10T01:29:29.5848563Z  [32m✓[39m src/main/task/__tests__/project-goal-workflow-ipc.test.js [2m([22m[2m14 tests[22m[2m)[22m[33m 306[2mms[22m[39m
2026-10-10T01:29:29.6726670Z  [32m✓[39m src/renderer/components/chat/governed-knowledge-revocation-utils.test.js [2m([22m[2m5 tests[22m[2m)[22m[32m 45[2mms[22m[39m
2026-10-10T01:29:30.1940650Z  [32m✓[39m src/main/sync/__tests__/sync-conflict-notifier.test.js [2m([22m[2m14 tests[22m[2m)[22m[32m 15[2mms[22m[39m
2026-10-10T01:29:30.2433201Z  [32m✓[39m src/main/enterprise/low-code/__tests__/rest-connection-probe.test.js [2m([22m[2m21 tests[22m[2m)[22m[32m 169[2mms[22m[39m
2026-10-10T01:29:30.7058313Z  [32m✓[39m src/renderer/stores/__tests__/hardening.test.ts [2m([22m[2m9 tests[22m[2m)[22m[32m 18[2mms[22m[39m
2026-10-10T01:29:30.7833221Z  [32m✓[39m src/renderer/stores/__tests__/skill-pipeline.test.ts [2m([22m[2m11 tests[22m[2m)[22m[32m 22[2mms[22m[39m
2026-10-10T01:29:31.3135464Z  [32m✓[39m tests/unit/sync/syncScheduler.test.ts [2m([22m[2m16 tests[22m[2m)[22m[32m 35[2mms[22m[39m
2026-10-10T01:29:31.4137739Z  [32m✓[39m src/main/task/__tests__/project-goal-completion-ipc.test.js [2m([22m[2m14 tests[22m[2m)[22m[32m 102[2mms[22m[39m
2026-10-10T01:29:31.8242197Z  [32m✓[39m tests/unit/remote/browser-extension/handlers/websocket-debug-registry.test.js [2m([22m[2m7 tests[22m[2m)[22m[32m 13[2mms[22m[39m
2026-10-10T01:29:31.9806919Z  [32m✓[39m src/main/git/diff-sync/__tests__/packfile-optimizer.test.js [2m([22m[2m19 tests[22m[2m)[22m[32m 21[2mms[22m[39m
2026-10-10T01:29:32.3927892Z  [32m✓[39m tests/unit/remote/browser-extension/handlers/compression-bounds.test.js [2m([22m[2m8 tests[22m[2m)[22m[32m 30[2mms[22m[39m
2026-10-10T01:29:32.5648079Z  [32m✓[39m src/main/ai-engine/cowork/skills/__tests__/v1.2.0-self-improving-agent.test.js [2m([22m[2m12 tests[22m[2m)[22m[32m 33[2mms[22m[39m
2026-10-10T01:29:32.9377928Z  [32m✓[39m src/main/ai-engine/perception/__tests__/perception-engine.test.js [2m([22m[2m21 tests[22m[2m)[22m[32m 25[2mms[22m[39m
2026-10-10T01:29:33.1009563Z  [32m✓[39m src/main/sync/__tests__/sync-credentials.test.js [2m([22m[2m18 tests[22m[2m)[22m[32m 23[2mms[22m[39m
2026-10-10T01:29:33.5080693Z  [32m✓[39m src/renderer/stores/__tests__/community.test.ts [2m([22m[2m9 tests[22m[2m)[22m[32m 24[2mms[22m[39m
2026-10-10T01:29:33.6503224Z  [32m✓[39m src/main/ai-engine/cowork/skills/__tests__/skill-loader.test.js [2m([22m[2m11 tests[22m[2m)[22m[32m 25[2mms[22m[39m
2026-10-10T01:29:34.0456642Z  [32m✓[39m src/renderer/stores/__tests__/identity.test.ts [2m([22m[2m9 tests[22m[2m)[22m[32m 16[2mms[22m[39m
2026-10-10T01:29:34.2148582Z  [32m✓[39m src/main/utils/__tests__/ipc-validator.test.js [2m([22m[2m15 tests[22m[2m)[22m[32m 25[2mms[22m[39m
2026-10-10T01:29:34.6810402Z  [32m✓[39m src/main/ai-engine/cowork/skills/__tests__/skill-workflow-ipc.test.js [2m([22m[2m13 tests[22m[2m)[22m[32m 37[2mms[22m[39m
2026-10-10T01:29:34.8555624Z  [32m✓[39m tests/unit/components/ScreenshotImportDialog.test.ts [2m([22m[2m4 tests[22m[2m)[22m[32m 98[2mms[22m[39m
2026-10-10T01:29:35.2643632Z  [32m✓[39m tests/unit/llm/llm-manager-media-categories.test.js [2m([22m[2m25 tests[22m[2m)[22m[32m 21[2mms[22m[39m
2026-10-10T01:29:35.4359431Z  [32m✓[39m src/main/ai-engine/cowork/skills/__tests__/bundled-skill-process-authority.test.js [2m([22m[2m5 tests[22m[2m)[22m[32m 23[2mms[22m[39m
2026-10-10T01:29:35.8303646Z  [32m✓[39m src/main/ipfs/__tests__/filecoin-storage.test.js [2m([22m[2m11 tests[22m[2m)[22m[32m 16[2mms[22m[39m
2026-10-10T01:29:36.0938416Z  [32m✓[39m tests/unit/api/email-client.test.js [2m([22m[2m15 tests[22m[2m)[22m[32m 15[2mms[22m[39m
2026-10-10T01:29:36.3818244Z  [32m✓[39m src/main/web-shell/__tests__/notification-settings-handlers.test.js [2m([22m[2m11 tests[22m[2m)[22m[32m 21[2mms[22m[39m
2026-10-10T01:29:36.6593347Z  [32m✓[39m src/renderer/stores/__tests__/encryption.test.ts [2m([22m[2m12 tests[22m[2m)[22m[32m 24[2mms[22m[39m
2026-10-10T01:29:37.0018646Z  [32m✓[39m src/main/sync/__tests__/db-sync-manager-project-root-boundary.test.js [2m([22m[2m4 tests[22m[2m)[22m[32m 59[2mms[22m[39m
2026-10-10T01:29:37.2141821Z  [32m✓[39m src/renderer/stores/__tests__/team.test.ts [2m([22m[2m13 tests[22m[2m)[22m[32m 24[2mms[22m[39m
2026-10-10T01:29:37.6339789Z  [32m✓[39m src/main/core/__tests__/event-bus.test.js [2m([22m[2m23 tests[22m[2m)[22m[32m 31[2mms[22m[39m
2026-10-10T01:29:37.8105665Z  [32m✓[39m src/main/evolution/__tests__/desktop-browser-keyboard-action.test.js [2m([22m[2m7 tests[22m[2m)[22m[32m 14[2mms[22m[39m
2026-10-10T01:29:38.1871779Z  [32m✓[39m src/renderer/stores/__tests__/compliance.test.ts [2m([22m[2m9 tests[22m[2m)[22m[32m 15[2mms[22m[39m
2026-10-10T01:29:38.3759001Z  [32m✓[39m src/renderer/stores/__tests__/slaManager.test.ts [2m([22m[2m9 tests[22m[2m)[22m[32m 21[2mms[22m[39m
2026-10-10T01:29:38.8803131Z  [32m✓[39m src/main/ai-engine/code-agent/__tests__/workflow-hook-runner.test.js [2m([22m[2m16 tests[22m[2m)[22m[32m 142[2mms[22m[39m
2026-10-10T01:29:38.9008438Z  [32m✓[39m src/renderer/stores/__tests__/governance.test.ts [2m([22m[2m8 tests[22m[2m)[22m[32m 14[2mms[22m[39m
2026-10-10T01:29:39.4088811Z  [32m✓[39m src/renderer/stores/__tests__/sso.test.ts [2m([22m[2m9 tests[22m[2m)[22m[32m 25[2mms[22m[39m
2026-10-10T01:29:39.4425188Z  [32m✓[39m src/renderer/stores/__tests__/terraform.test.ts [2m([22m[2m8 tests[22m[2m)[22m[32m 22[2mms[22m[39m
2026-10-10T01:29:40.0156071Z  [32m✓[39m src/renderer/stores/__tests__/pqcMigration.test.ts [2m([22m[2m8 tests[22m[2m)[22m[32m 19[2mms[22m[39m
2026-10-10T01:29:40.0398539Z  [32m✓[39m src/main/ai-engine/cowork/skills/__tests__/v1.2.0-api-design.test.js [2m([22m[2m13 tests[22m[2m)[22m[32m 40[2mms[22m[39m
2026-10-10T01:29:40.5655737Z  [32m✓[39m src/main/ai-engine/cowork/skills/__tests__/v1.2.0-youtube-summarizer.test.js [2m([22m[2m12 tests[22m[2m)[22m[32m 26[2mms[22m[39m
2026-10-10T01:29:40.6148782Z  [32m✓[39m src/renderer/stores/__tests__/collaborationGovernance.test.ts [2m([22m[2m9 tests[22m[2m)[22m[32m 18[2mms[22m[39m
2026-10-10T01:29:40.8054296Z  [32m✓[39m src/main/mtc/__tests__/archive-provider-factory.test.js [2m([22m[2m11 tests[22m[2m)[22m[32m 14[2mms[22m[39m
2026-10-10T01:29:41.1361976Z  [32m✓[39m src/main/ai-engine/cowork/skills/__tests__/v1.2.0-google-workspace.test.js [2m([22m[2m8 tests[22m[2m)[22m[32m 11[2mms[22m[39m
2026-10-10T01:29:41.3387261Z  [32m✓[39m src/main/ai-engine/cowork/__tests__/agent-reputation.test.js [2m([22m[2m17 tests[22m[2m)[22m[32m 29[2mms[22m[39m
2026-10-10T01:29:41.6814121Z  [32m✓[39m src/renderer/stores/__tests__/multimodal.test.ts [2m([22m[2m10 tests[22m[2m)[22m[32m 14[2mms[22m[39m
2026-10-10T01:29:41.9099057Z  [32m✓[39m src/main/ai-engine/cowork/skills/__tests__/bundled-skill-network-authority.test.js [2m([22m[2m7 tests[22m[2m)[22m[32m 28[2mms[22m[39m
2026-10-10T01:29:42.2328615Z  [32m✓[39m src/main/ai-engine/cowork/skills/__tests__/markdown-skill.test.js [2m([22m[2m11 tests[22m[2m)[22m[32m 16[2mms[22m[39m
2026-10-10T01:29:42.4636863Z  [32m✓[39m src/main/ai-engine/cowork/skills/__tests__/v1.2.0-weather.test.js [2m([22m[2m9 tests[22m[2m)[22m[32m 11[2mms[22m[39m
2026-10-10T01:29:42.8008810Z  [32m✓[39m tests/unit/crossorg/partnership-manager.test.js [2m([22m[2m6 tests[22m[2m)[22m[32m 10[2mms[22m[39m
2026-10-10T01:29:42.9876699Z  [32m✓[39m tests/unit/remote/browser-extension/handlers/performance-trace-bounds.test.js [2m([22m[2m7 tests[22m[2m)[22m[32m 14[2mms[22m[39m
2026-10-10T01:29:43.3388459Z  [32m✓[39m src/main/plugins/__tests__/plugin-sandbox-error-boundary.test.js [2m([22m[2m5 tests[22m[2m)[22m[32m 15[2mms[22m[39m
2026-10-10T01:29:43.5395410Z  [32m✓[39m src/renderer/stores/__tests__/albums.test.ts [2m([22m[2m10 tests[22m[2m)[22m[32m 17[2mms[22m[39m
2026-10-10T01:29:43.8995582Z  [32m✓[39m tests/unit/utils/offlineManager.test.ts [2m([22m[2m10 tests[22m[2m)[22m[32m 37[2mms[22m[39m
2026-10-10T01:29:44.0879241Z  [32m✓[39m tests/unit/main/terminal/terminal-ipc.test.js [2m([22m[2m12 tests[22m[2m)[22m[32m 22[2mms[22m[39m
2026-10-10T01:29:44.4350041Z  [32m✓[39m src/main/ai-engine/cowork/skills/__tests__/v1.2.0-k8s-deployer.test.js [2m([22m[2m16 tests[22m[2m)[22m[32m 18[2mms[22m[39m
2026-10-10T01:29:44.6519243Z  [32m✓[39m tests/unit/ai-engine/ai-engine-ipc-output.test.js [2m([22m[2m10 tests[22m[2m)[22m[32m 28[2mms[22m[39m
2026-10-10T01:29:44.9941550Z  [32m✓[39m src/main/ai-engine/cowork/skills/__tests__/bundled-skill-specialized-network.test.js [2m([22m[2m4 tests[22m[2m)[22m[32m 16[2mms[22m[39m
2026-10-10T01:29:45.2398558Z  [32m✓[39m src/main/ai-engine/cowork/skills/__tests__/skill-gating.test.js [2m([22m[2m19 tests[22m[2m)[22m[32m 71[2mms[22m[39m
2026-10-10T01:29:45.2647670Z  [32m✓[39m tests/unit/p2p/standalone-signaling-server-bounds.test.js [2m([22m[2m8 tests[22m[2m)[22m[32m 14[2mms[22m[39m
2026-10-10T01:29:45.7705381Z  [32m✓[39m src/main/remote/__tests__/mobile-approval-transport.test.js [2m([22m[2m10 tests[22m[2m)[22m[32m 15[2mms[22m[39m
2026-10-10T01:29:45.8428628Z  [32m✓[39m tests/unit/autonomous/tech-learning-engine.test.js [2m([22m[2m18 tests[22m[2m)[22m[32m 30[2mms[22m[39m
2026-10-10T01:29:46.3591456Z  [32m✓[39m src/renderer/stores/__tests__/ipfs-storage.test.ts [2m([22m[2m10 tests[22m[2m)[22m[32m 39[2mms[22m[39m
2026-10-10T01:29:46.3971857Z  [32m✓[39m src/renderer/stores/__tests__/firmwareOta.test.ts [2m([22m[2m8 tests[22m[2m)[22m[32m 14[2mms[22m[39m
2026-10-10T01:29:46.9017366Z  [32m✓[39m tests/unit/monitoring/analytics-manager-bounds.test.js [2m([22m[2m6 tests[22m[2m)[22m[32m 28[2mms[22m[39m
2026-10-10T01:29:47.0001122Z  [32m✓[39m src/main/social/__tests__/collab-engine-boundaries.test.js [2m([22m[2m7 tests[22m[2m)[22m[32m 82[2mms[22m[39m
2026-10-10T01:29:47.4268458Z  [32m✓[39m src/renderer/stores/__tests__/skill-metrics.test.ts [2m([22m[2m7 tests[22m[2m)[22m[32m 19[2mms[22m[39m
2026-10-10T01:29:47.5469761Z  [32m✓[39m src/renderer/stores/__tests__/artifacts.test.ts [2m([22m[2m12 tests[22m[2m)[22m[32m 17[2mms[22m[39m
2026-10-10T01:29:47.9906715Z  [32m✓[39m src/main/web-shell/__tests__/mtc-status-handlers.test.js [2m([22m[2m7 tests[22m[2m)[22m[32m 51[2mms[22m[39m
2026-10-10T01:29:48.0805456Z  [32m✓[39m src/main/web-shell/__tests__/git-config-handlers.test.js [2m([22m[2m11 tests[22m[2m)[22m[32m 11[2mms[22m[39m
2026-10-10T01:29:48.5788219Z  [32m✓[39m src/main/evolution/__tests__/desktop-browser-download-artifact-disposal.test.js [2m([22m[2m3 tests[22m[2m)[22m[32m 14[2mms[22m[39m
2026-10-10T01:29:48.6676848Z  [32m✓[39m src/main/ai-engine/cowork/skills/__tests__/v1.2.0-pr-reviewer.test.js [2m([22m[2m11 tests[22m[2m)[22m[32m 19[2mms[22m[39m
2026-10-10T01:29:49.1856749Z  [32m✓[39m src/renderer/stores/__tests__/nlProgram.test.ts [2m([22m[2m10 tests[22m[2m)[22m[32m 20[2mms[22m[39m
2026-10-10T01:29:49.6712837Z  [32m✓[39m src/renderer/stores/__tests__/autonomousDev.test.ts [2m([22m[2m8 tests[22m[2m)[22m[32m 15[2mms[22m[39m
2026-10-10T01:29:50.1143417Z  [32m✓[39m src/main/browser/actions/__tests__/coordinate-mapping.test.js [2m([22m[2m15 tests[22m[2m)[22m[32m 16[2mms[22m[39m
2026-10-10T01:29:50.3759019Z  [32m✓[39m src/main/p2p/__tests__/p2p-gossip-roundtrip.test.js [2m([22m[2m3 tests[22m[2m)[22m[33m 1543[2mms[22m[39m
2026-10-10T01:29:50.3760036Z      [33m[2m✓[22m[39m A → B sendMessage round-trip emits message:typed on the receiver [33m 601[2mms[22m[39m
2026-10-10T01:29:50.3760845Z      [33m[2m✓[22m[39m A.broadcast(community) is received by B's gossip layer [33m 607[2mms[22m[39m
2026-10-10T01:29:50.6024427Z  [32m✓[39m tests/unit/remote/browser-extension/handlers/devtools-debug-websocket-bounds.test.js [2m([22m[2m4 tests[22m[2m)[22m[32m 11[2mms[22m[39m
2026-10-10T01:29:50.9610348Z  [32m✓[39m tests/unit/utils/errorHandler.test.ts [2m([22m[2m10 tests[22m[2m)[22m[32m 23[2mms[22m[39m
2026-10-10T01:29:51.1916128Z  [32m✓[39m tests/unit/autonomous/autonomous-developer.test.js [2m([22m[2m19 tests[22m[2m)[22m[32m 44[2mms[22m[39m
2026-10-10T01:29:51.5300796Z  [32m✓[39m src/renderer/stores/__tests__/recommendation.test.ts [2m([22m[2m8 tests[22m[2m)[22m[32m 18[2mms[22m[39m
2026-10-10T01:29:51.7895834Z  [32m✓[39m src/main/core/__tests__/resource-pool.test.js [2m([22m[2m20 tests[22m[2m)[22m[32m 21[2mms[22m[39m
2026-10-10T01:29:52.3575757Z  [32m✓[39m src/main/family-guard/__tests__/child-event-query.test.js [2m([22m[2m6 tests[22m[2m)[22m[32m 46[2mms[22m[39m
2026-10-10T01:29:52.4290260Z  [32m✓[39m src/main/task/__tests__/organization-project-goal-periodic-host.test.js [2m([22m[2m5 tests[22m[2m)[22m[33m 303[2mms[22m[39m
2026-10-10T01:29:52.8685584Z  [32m✓[39m src/main/git/__tests__/git-credential-store.test.js [2m([22m[2m6 tests[22m[2m)[22m[32m 25[2mms[22m[39m
2026-10-10T01:29:52.9828582Z  [32m✓[39m src/renderer/stores/__tests__/dbPerformance.test.ts [2m([22m[2m13 tests[22m[2m)[22m[32m 23[2mms[22m[39m
2026-10-10T01:29:53.4678848Z  [32m✓[39m src/main/ai-engine/cowork/skills/__tests__/skill-md-parser.test.js [2m([22m[2m13 tests[22m[2m)[22m[32m 31[2mms[22m[39m
2026-10-10T01:29:53.5208661Z  [32m✓[39m src/renderer/stores/__tests__/matrixBridge.test.ts [2m([22m[2m8 tests[22m[2m)[22m[32m 12[2mms[22m[39m
2026-10-10T01:29:53.9818567Z  [32m✓[39m tests/unit/window-registry.test.js [2m([22m[2m17 tests[22m[2m)[22m[32m 17[2mms[22m[39m
2026-10-10T01:29:54.0811158Z  [32m✓[39m src/main/ai-engine/cowork/skills/__tests__/v1.2.0-planning-files.test.js [2m([22m[2m13 tests[22m[2m)[22m[32m 37[2mms[22m[39m
2026-10-10T01:29:54.5574732Z  [32m✓[39m tests/unit/trade/contract-engine-system-cancel.test.js [2m([22m[2m4 tests[22m[2m)[22m[32m 25[2mms[22m[39m
2026-10-10T01:29:54.6422604Z  [32m✓[39m src/main/ai-engine/cowork/__tests__/federated-agent-registry.test.js [2m([22m[2m17 tests[22m[2m)[22m[32m 31[2mms[22m[39m
2026-10-10T01:29:55.1128380Z  [32m✓[39m src/main/workflow/__tests__/workflow-state-machine.test.js [2m([22m[2m13 tests[22m[2m)[22m[32m 25[2mms[22m[39m
2026-10-10T01:29:55.2037519Z  [32m✓[39m tests/unit/social/protocol-fusion-bridge.test.js [2m([22m[2m19 tests[22m[2m)[22m[32m 33[2mms[22m[39m
2026-10-10T01:29:55.7409218Z  [32m✓[39m src/main/sync/__tests__/incremental-walker.test.js [2m([22m[2m12 tests[22m[2m)[22m[32m 85[2mms[22m[39m
2026-10-10T01:29:55.7666066Z  [32m✓[39m tests/unit/monitoring/crash-reporter-privacy.test.js [2m([22m[2m3 tests[22m[2m)[22m[32m 26[2mms[22m[39m
2026-10-10T01:29:56.2856539Z  [32m✓[39m src/renderer/stores/__tests__/autonomous-agent.test.ts [2m([22m[2m9 tests[22m[2m)[22m[32m 24[2mms[22m[39m
2026-10-10T01:29:56.3069569Z  [32m✓[39m src/renderer/stores/__tests__/reputationOptimizer.test.ts [2m([22m[2m8 tests[22m[2m)[22m[32m 21[2mms[22m[39m
2026-10-10T01:29:56.8767589Z  [32m✓[39m src/renderer/stores/__tests__/graph.test.ts [2m([22m[2m9 tests[22m[2m)[22m[32m 19[2mms[22m[39m
2026-10-10T01:29:56.9096955Z  [32m✓[39m tests/unit/evomap/evomap-federation.test.js [2m([22m[2m17 tests[22m[2m)[22m[32m 40[2mms[22m[39m
2026-10-10T01:29:57.4659657Z  [32m✓[39m tests/unit/permission/approval-workflow-manager.test.js [2m([22m[2m6 tests[22m[2m)[22m[32m 20[2mms[22m[39m
2026-10-10T01:29:57.9806855Z  [32m✓[39m tests/unit/scripts/forge-vendor-runtime-import.test.js [2m([22m[2m2 tests[22m[2m)[22m[33m 613[2mms[22m[39m
2026-10-10T01:29:57.9807964Z      [33m[2m✓[22m[39m imports the real Plugin-bin collector from the staged Resources layout [33m 610[2mms[22m[39m
2026-10-10T01:29:57.9906108Z  [32m✓[39m tests/unit/cowork/federation-hardening.test.js [2m([22m[2m18 tests[22m[2m)[22m[32m 28[2mms[22m[39m
2026-10-10T01:29:58.5435208Z  [32m✓[39m src/main/llm/__tests__/gemini-client.test.js [2m([22m[2m10 tests[22m[2m)[22m[32m 25[2mms[22m[39m
2026-10-10T01:29:58.6525098Z  [32m✓[39m tests/unit/pages/SyncSettings.test.ts [2m([22m[2m4 tests[22m[2m)[22m[32m 107[2mms[22m[39m
2026-10-10T01:29:59.2019287Z  [32m✓[39m src/main/ai-engine/cowork/__tests__/postmortem-generator.test.js [2m([22m[2m14 tests[22m[2m)[22m[32m 21[2mms[22m[39m
2026-10-10T01:29:59.3209931Z  [32m✓[39m src/main/llm/__tests__/secure-config-backup-retention.test.js [2m([22m[2m8 tests[22m[2m)[22m[32m 289[2mms[22m[39m
2026-10-10T01:29:59.7549673Z  [32m✓[39m src/main/utils/__tests__/file-integrity.test.js [2m([22m[2m14 tests[22m[2m)[22m[32m 53[2mms[22m[39m
2026-10-10T01:29:59.8323453Z  [32m✓[39m src/main/database/__tests__/encrypted-migration.test.js [2m([22m[2m5 tests[22m[2m)[22m[32m 12[2mms[22m[39m
2026-10-10T01:30:00.3100689Z  [32m✓[39m src/main/llm/__tests__/anthropic-client.test.js [2m([22m[2m14 tests[22m[2m)[22m[32m 22[2mms[22m[39m
2026-10-10T01:30:00.3833526Z  [32m✓[39m src/main/p2p/__tests__/signaling-message-queue.test.js [2m([22m[2m14 tests[22m[2m)[22m[32m 20[2mms[22m[39m
2026-10-10T01:30:00.8395988Z  [32m✓[39m src/renderer/stores/__tests__/techLearning.test.ts [2m([22m[2m7 tests[22m[2m)[22m[32m 18[2mms[22m[39m
2026-10-10T01:30:00.9639672Z  [32m✓[39m src/main/ai-engine/cowork/__tests__/rollback-manager.test.js [2m([22m[2m16 tests[22m[2m)[22m[32m 28[2mms[22m[39m
2026-10-10T01:30:01.3949021Z  [32m✓[39m tests/unit/knowledge/knowledge-ipc.test.js [2m([22m[2m19 tests[22m[2m)[22m[32m 54[2mms[22m[39m
2026-10-10T01:30:01.5063853Z  [32m✓[39m src/renderer/stores/__tests__/llmPerformance.test.ts [2m([22m[2m11 tests[22m[2m)[22m[32m 15[2mms[22m[39m
2026-10-10T01:30:02.0078373Z  [32m✓[39m tests/unit/components/ClipboardImportDialog.test.ts [2m([22m[2m4 tests[22m[2m)[22m[32m 98[2mms[22m[39m
2026-10-10T01:30:02.0598527Z  [32m✓[39m src/main/ai-engine/cowork/skills/__tests__/v1.2.0-remotion-video.test.js [2m([22m[2m16 tests[22m[2m)[22m[32m 19[2mms[22m[39m
2026-10-10T01:30:02.5490210Z  [32m✓[39m src/renderer/stores/__tests__/tool.test.ts [2m([22m[2m10 tests[22m[2m)[22m[32m 23[2mms[22m[39m
2026-10-10T01:30:02.6052737Z  [32m✓[39m tests/unit/utils/loading-manager.test.js [2m([22m[2m13 tests[22m[2m)[22m[32m 22[2mms[22m[39m
2026-10-10T01:30:03.1181587Z  [32m✓[39m src/main/database/__tests__/database-optimizer.test.js [2m([22m[2m15 tests[22m[2m)[22m[32m 30[2mms[22m[39m
2026-10-10T01:30:03.1614345Z  [32m✓[39m tests/unit/security/file-validator.test.js [2m([22m[2m14 tests[22m[2m)[22m[32m 28[2mms[22m[39m
2026-10-10T01:30:03.6189116Z  [32m✓[39m src/main/llm/__tests__/llm-ipc-alert-authorization.test.js [2m([22m[2m3 tests[22m[2m)[22m[32m 15[2mms[22m[39m
2026-10-10T01:30:03.7043266Z  [32m✓[39m tests/unit/evomap/evomap-dao.test.js [2m([22m[2m18 tests[22m[2m)[22m[32m 24[2mms[22m[39m
2026-10-10T01:30:04.1939105Z  [32m✓[39m src/main/workflow/__tests__/quality-gate-manager.test.js [2m([22m[2m12 tests[22m[2m)[22m[32m 35[2mms[22m[39m
2026-10-10T01:30:04.2490936Z  [32m✓[39m src/main/ai-engine/cowork/skills/__tests__/v1.2.0-brainstorming.test.js [2m([22m[2m13 tests[22m[2m)[22m[32m 14[2mms[22m[39m
2026-10-10T01:30:04.7308590Z  [32m✓[39m tests/unit/remote/browser-extension/handlers/devtools-inspect-profiling-bounds.test.js [2m([22m[2m5 tests[22m[2m)[22m[32m 17[2mms[22m[39m
2026-10-10T01:30:04.7753761Z  [32m✓[39m src/renderer/stores/__tests__/bleUkey.test.ts [2m([22m[2m9 tests[22m[2m)[22m[32m 17[2mms[22m[39m
2026-10-10T01:30:05.2648503Z  [32m✓[39m src/renderer/stores/__tests__/inferenceNetwork.test.ts [2m([22m[2m7 tests[22m[2m)[22m[32m 19[2mms[22m[39m
2026-10-10T01:30:05.3988652Z  [32m✓[39m src/main/evolution/__tests__/model-egress-inventory.test.js [2m([22m[2m2 tests[22m[2m)[22m[32m 92[2mms[22m[39m
2026-10-10T01:30:05.7898244Z  [32m✓[39m src/renderer/stores/__tests__/federationHardening.test.ts [2m([22m[2m8 tests[22m[2m)[22m[32m 11[2mms[22m[39m
2026-10-10T01:30:05.9616621Z  [32m✓[39m src/main/ai-engine/cowork/__tests__/alert-manager.test.js [2m([22m[2m15 tests[22m[2m)[22m[32m 22[2mms[22m[39m
2026-10-10T01:30:06.3358604Z  [32m✓[39m src/main/p2p/__tests__/p2p-stream-boundaries.test.js [2m([22m[2m7 tests[22m[2m)[22m[32m 18[2mms[22m[39m
2026-10-10T01:30:06.5747763Z  [32m✓[39m src/main/utils/__tests__/database-concurrency.test.js [2m([22m[2m15 tests[22m[2m)[22m[32m 46[2mms[22m[39m
2026-10-10T01:30:06.8637375Z  [32m✓[39m src/main/web-shell/__tests__/knowledge-handlers.test.js [2m([22m[2m12 tests[22m[2m)[22m[32m 12[2mms[22m[39m
2026-10-10T01:30:07.1152179Z  [32m✓[39m src/main/utils/__tests__/ipc-error-handler.test.js [2m([22m[2m23 tests[22m[2m)[22m[32m 28[2mms[22m[39m
2026-10-10T01:30:07.3981029Z  [32m✓[39m src/renderer/stores/__tests__/siem.test.ts [2m([22m[2m8 tests[22m[2m)[22m[32m 12[2mms[22m[39m
2026-10-10T01:30:07.6624247Z  [32m✓[39m src/main/utils/__tests__/transaction-manager.test.js [2m([22m[2m11 tests[22m[2m)[22m[32m 19[2mms[22m[39m
2026-10-10T01:30:07.9488444Z  [32m✓[39m src/renderer/stores/__tests__/crossOrg.test.ts [2m([22m[2m9 tests[22m[2m)[22m[32m 22[2mms[22m[39m
2026-10-10T01:30:08.2059260Z  [32m✓[39m src/renderer/stores/__tests__/video-editing.test.ts [2m([22m[2m13 tests[22m[2m)[22m[32m 18[2mms[22m[39m
2026-10-10T01:30:08.4825687Z  [32m✓[39m src/main/llm/__tests__/llm-ipc-retention-authorization.test.js [2m([22m[2m3 tests[22m[2m)[22m[32m 12[2mms[22m[39m
2026-10-10T01:30:08.7934018Z  [32m✓[39m tests/unit/ai-engine/intent-fusion.test.js [2m([22m[2m13 tests[22m[2m)[22m[32m 57[2mms[22m[39m
2026-10-10T01:30:09.0446808Z  [32m✓[39m src/main/bootstrap/__tests__/core-initializer-rekey.test.js [2m([22m[2m8 tests[22m[2m)[22m[32m 16[2mms[22m[39m
2026-10-10T01:30:09.3738575Z  [32m✓[39m src/main/llm/__tests__/provider-log-privacy.test.js [2m([22m[2m6 tests[22m[2m)[22m[32m 12[2mms[22m[39m
2026-10-10T01:30:09.5856982Z  [32m✓[39m src/renderer/stores/__tests__/skillService.test.ts [2m([22m[2m8 tests[22m[2m)[22m[32m 14[2mms[22m[39m
2026-10-10T01:30:09.9189142Z  [32m✓[39m src/main/ai-engine/cowork/skills/__tests__/bundled-skill-environment-broker.test.js [2m([22m[2m10 tests[22m[2m)[22m[32m 11[2mms[22m[39m
2026-10-10T01:30:10.1331175Z  [32m✓[39m src/main/utils/__tests__/message-aggregator.test.js [2m([22m[2m12 tests[22m[2m)[22m[32m 32[2mms[22m[39m
2026-10-10T01:30:10.4728066Z  [32m✓[39m tests/unit/stores/matrixBridge.test.ts [2m([22m[2m16 tests[22m[2m)[22m[32m 24[2mms[22m[39m
2026-10-10T01:30:10.6435654Z  [32m✓[39m tests/unit/remote/browser-extension/handlers/input-recording-bounds.test.js [2m([22m[2m4 tests[22m[2m)[22m[32m 11[2mms[22m[39m
2026-10-10T01:30:11.0213752Z  [32m✓[39m src/renderer/stores/__tests__/rag.test.ts [2m([22m[2m12 tests[22m[2m)[22m[32m 18[2mms[22m[39m
2026-10-10T01:30:11.2010269Z  [32m✓[39m src/main/social/__tests__/mesh-social-boundaries.test.js [2m([22m[2m7 tests[22m[2m)[22m[32m 22[2mms[22m[39m
2026-10-10T01:30:11.5469700Z  [32m✓[39m src/main/ai-engine/cowork/skills/__tests__/v1.2.0-create-pr.test.js [2m([22m[2m14 tests[22m[2m)[22m[32m 22[2mms[22m[39m
2026-10-10T01:30:11.7298263Z  [32m✓[39m src/renderer/composables/__tests__/useMessageEnvelope.test.ts [2m([22m[2m10 tests[22m[2m)[22m[32m 14[2mms[22m[39m
2026-10-10T01:30:12.2848897Z  [32m✓[39m tests/unit/blockchain/bridge-security.test.js [2m([22m[2m9 tests[22m[2m)[22m[32m 113[2mms[22m[39m
2026-10-10T01:30:12.2915435Z  [32m✓[39m tests/unit/cowork/sla-manager.test.js [2m([22m[2m16 tests[22m[2m)[22m[32m 33[2mms[22m[39m
2026-10-10T01:30:12.8054096Z  [32m✓[39m tests/unit/remote/browser-extension/handlers/broadcast-bounds.test.js [2m([22m[2m6 tests[22m[2m)[22m[32m 13[2mms[22m[39m
2026-10-10T01:30:12.8432432Z  [2m[90m↓[39m[22m src/renderer/services/__tests__/api.test.js [2m([22m[2m1 test[22m[2m | [22m[33m1 skipped[39m[2m)[22m
2026-10-10T01:30:13.3628752Z  [32m✓[39m tests/unit/remote/browser-extension/handlers/events-monitor-bounds.test.js [2m([22m[2m4 tests[22m[2m)[22m[32m 10[2mms[22m[39m
2026-10-10T01:30:13.3726287Z  [32m✓[39m src/main/ai-engine/cowork/skills/__tests__/skill-invocation-receipt.test.js [2m([22m[2m3 tests[22m[2m)[22m[32m 16[2mms[22m[39m
2026-10-10T01:30:13.8918428Z  [32m✓[39m src/main/system/__tests__/deep-link-handler-lifecycle.test.js [2m([22m[2m6 tests[22m[2m)[22m[32m 14[2mms[22m[39m
2026-10-10T01:30:13.9035767Z  [32m✓[39m tests/unit/ai-engine/ai-engine-ipc-input.test.js [2m([22m[2m18 tests[22m[2m)[22m[32m 27[2mms[22m[39m
2026-10-10T01:30:14.2779071Z  [32m✓[39m tests/unit/database/sqljs-transactions.test.js [2m([22m[2m7 tests[22m[2m)[22m[32m 67[2mms[22m[39m
2026-10-10T01:30:14.5065195Z  [32m✓[39m src/renderer/stores/__tests__/stressTest.test.ts [2m([22m[2m8 tests[22m[2m)[22m[32m 15[2mms[22m[39m
2026-10-10T01:30:14.8114491Z  [32m✓[39m src/main/ai-engine/cowork/skills/__tests__/v1.2.0-database-query.test.js [2m([22m[2m13 tests[22m[2m)[22m[32m 15[2mms[22m[39m
2026-10-10T01:30:15.0295246Z  [32m✓[39m src/main/llm/__tests__/llm-manager-privacy.test.js [2m([22m[2m7 tests[22m[2m)[22m[32m 12[2mms[22m[39m
2026-10-10T01:30:15.3683454Z  [32m✓[39m src/main/ai-engine/cowork/skills/__tests__/v1.2.0-frontend-design.test.js [2m([22m[2m12 tests[22m[2m)[22m[32m 13[2mms[22m[39m
2026-10-10T01:30:15.6077423Z  [32m✓[39m src/main/ai-engine/cowork/skills/__tests__/bundled-skill-media-process-handlers.test.js [2m([22m[2m5 tests[22m[2m)[22m[32m 23[2mms[22m[39m
2026-10-10T01:30:15.8950450Z  [32m✓[39m src/main/marketplace/__tests__/plugin-persisted-error-migration.test.js [2m([22m[2m2 tests[22m[2m)[22m[32m 16[2mms[22m[39m
2026-10-10T01:30:15.9407501Z  [32m✓[39m src/renderer/stores/__tests__/tokenIncentive.test.ts [2m([22m[2m8 tests[22m[2m)[22m[32m 13[2mms[22m[39m
2026-10-10T01:30:16.4391689Z  [32m✓[39m tests/unit/stores/governance.test.ts [2m([22m[2m14 tests[22m[2m)[22m[32m 34[2mms[22m[39m
2026-10-10T01:30:16.5019999Z  [32m✓[39m tests/unit/ukey/hsm-adapter-manager.test.js [2m([22m[2m17 tests[22m[2m)[22m[32m 27[2mms[22m[39m
2026-10-10T01:30:17.0001777Z  [32m✓[39m src/renderer/stores/__tests__/identityStore.test.ts [2m([22m[2m8 tests[22m[2m)[22m[32m 19[2mms[22m[39m
2026-10-10T01:30:17.0514676Z  [32m✓[39m src/renderer/stores/__tests__/wallet.test.ts [2m([22m[2m13 tests[22m[2m)[22m[32m 25[2mms[22m[39m
2026-10-10T01:30:17.5508225Z  [32m✓[39m src/main/llm/__tests__/llm-runtime-privacy.test.js [2m([22m[2m7 tests[22m[2m)[22m[32m 15[2mms[22m[39m
2026-10-10T01:30:17.5917561Z  [32m✓[39m tests/unit/remote/browser-extension/handlers/devtools-inspect-heap-snapshot.test.js [2m([22m[2m5 tests[22m[2m)[22m[32m 11[2mms[22m[39m
2026-10-10T01:30:18.0903708Z  [32m✓[39m src/main/__tests__/database-wrapper-passthrough.test.js [2m([22m[2m10 tests[22m[2m)[22m[32m 20[2mms[22m[39m
2026-10-10T01:30:18.1412491Z  [32m✓[39m src/main/ai-engine/cowork/skills/__tests__/v1.2.0-ultrathink.test.js [2m([22m[2m14 tests[22m[2m)[22m[32m 19[2mms[22m[39m
2026-10-10T01:30:18.7719805Z  [32m✓[39m src/main/ai-engine/cowork/__tests__/requirement-parser.test.js [2m([22m[2m16 tests[22m[2m)[22m[32m 28[2mms[22m[39m
2026-10-10T01:30:18.8391554Z  [32m✓[39m src/main/task/__tests__/organization-project-goal-host.test.js [2m([22m[2m9 tests[22m[2m)[22m[32m 113[2mms[22m[39m
2026-10-10T01:30:19.3060266Z  [32m✓[39m src/main/utils/__tests__/resumable-processor.test.js [2m([22m[2m8 tests[22m[2m)[22m[32m 36[2mms[22m[39m
2026-10-10T01:30:19.4170057Z  [32m✓[39m src/main/browser/workflow/__tests__/workflow-variables.test.js [2m([22m[2m17 tests[22m[2m)[22m[32m 26[2mms[22m[39m
2026-10-10T01:30:19.8750366Z  [32m✓[39m src/main/trade/__tests__/contract-engine-atomicity.test.js [2m([22m[2m4 tests[22m[2m)[22m[32m 28[2mms[22m[39m
2026-10-10T01:30:19.9573840Z  [32m✓[39m src/preload/__tests__/legacy-ipc-policy.test.js [2m([22m[2m6 tests[22m[2m)[22m[32m 19[2mms[22m[39m
2026-10-10T01:30:20.5871599Z  [32m✓[39m tests/unit/utils/message-types.test.js [2m([22m[2m15 tests[22m[2m)[22m[32m 34[2mms[22m[39m
2026-10-10T01:30:20.6630302Z  [32m✓[39m src/main/ai-engine/cowork/__tests__/multi-search-engine-handler.test.js [2m([22m[2m16 tests[22m[2m)[22m[32m 34[2mms[22m[39m
2026-10-10T01:30:21.1782336Z  [32m✓[39m src/renderer/stores/__tests__/videoEditing.test.ts [2m([22m[2m12 tests[22m[2m)[22m[32m 32[2mms[22m[39m
2026-10-10T01:30:21.2570915Z  [32m✓[39m src/main/ai-engine/__tests__/followup-intent-ipc.test.js [2m([22m[2m5 tests[22m[2m)[22m[32m 30[2mms[22m[39m
2026-10-10T01:30:21.8154535Z  [32m✓[39m tests/unit/stores/terraform.test.ts [2m([22m[2m14 tests[22m[2m)[22m[32m 39[2mms[22m[39m
2026-10-10T01:30:21.8338458Z  [32m✓[39m src/main/system/__tests__/enhanced-tray-manager.test.js [2m([22m[2m10 tests[22m[2m)[22m[32m 25[2mms[22m[39m
2026-10-10T01:30:22.3978351Z  [32m✓[39m tests/unit/utils/performance-tracker.test.ts [2m([22m[2m13 tests[22m[2m)[22m[32m 23[2mms[22m[39m
2026-10-10T01:30:22.4098537Z  [32m✓[39m src/main/p2p/__tests__/webrtc-quality-monitor.test.js [2m([22m[2m10 tests[22m[2m)[22m[32m 14[2mms[22m[39m
2026-10-10T01:30:22.9328957Z  [32m✓[39m src/main/ai-engine/cowork/skills/__tests__/v1.2.0-docker-compose.test.js [2m([22m[2m15 tests[22m[2m)[22m[32m 22[2mms[22m[39m
2026-10-10T01:30:22.9574064Z  [32m✓[39m tests/unit/stores/pqcMigration.test.ts [2m([22m[2m14 tests[22m[2m)[22m[32m 35[2mms[22m[39m
2026-10-10T01:30:23.1836653Z  [32m✓[39m tests/unit/sync/sync-p0-fixes.test.js [2m([22m[2m9 tests[22m[2m)[22m[32m 10[2mms[22m[39m
2026-10-10T01:30:23.4899237Z  [32m✓[39m src/main/collaboration/__tests__/collab-boundaries.test.js [2m([22m[2m6 tests[22m[2m)[22m[32m 32[2mms[22m[39m
2026-10-10T01:30:23.8058155Z  [32m✓[39m src/main/did/__tests__/did-manager-keystore.test.js [2m([22m[2m3 tests[22m[2m)[22m[32m 75[2mms[22m[39m
2026-10-10T01:30:24.0568439Z  [32m✓[39m src/main/evolution/__tests__/desktop-browser-vision-observation.test.js [2m([22m[2m3 tests[22m[2m)[22m[32m 10[2mms[22m[39m
2026-10-10T01:30:24.3847383Z  [32m✓[39m tests/unit/security/anti-censorship-manager.test.js [2m([22m[2m15 tests[22m[2m)[22m[32m 30[2mms[22m[39m
2026-10-10T01:30:24.6285434Z  [32m✓[39m src/renderer/stores/__tests__/hsmAdapter.test.ts [2m([22m[2m7 tests[22m[2m)[22m[32m 11[2mms[22m[39m
2026-10-10T01:30:25.1990794Z  [32m✓[39m tests/unit/ai-engine/ml-task-scheduler.test.js [2m([22m[2m14 tests[22m[2m)[22m[32m 18[2mms[22m[39m
2026-10-10T01:30:25.2338627Z  [32m✓[39m src/renderer/shell-preview/widgets/__tests__/mtc-status-widget.test.ts [2m([22m[2m6 tests[22m[2m)[22m[32m 70[2mms[22m[39m
2026-10-10T01:30:25.7211751Z  [32m✓[39m src/main/llm/__tests__/llm-ipc-budgets-authorization.test.js [2m([22m[2m3 tests[22m[2m)[22m[32m 16[2mms[22m[39m
2026-10-10T01:30:25.8497147Z  [32m✓[39m tests/unit/llm/llm-service.test.js [2m([22m[2m9 tests[22m[2m)[22m[32m 63[2mms[22m[39m
2026-10-10T01:30:26.2698592Z  [32m✓[39m tests/unit/ai-engine/load-balancer.test.js [2m([22m[2m14 tests[22m[2m)[22m[32m 19[2mms[22m[39m
2026-10-10T01:30:26.8213379Z  [32m✓[39m src/main/llm/__tests__/secure-storage-ipc-authorization.test.js [2m([22m[2m7 tests[22m[2m)[22m[32m 9[2mms[22m[39m
2026-10-10T01:30:27.1839838Z  [32m✓[39m src/renderer/components/chat/evolution-workbench-utils.test.js [2m([22m[2m7 tests[22m[2m)[22m[32m 23[2mms[22m[39m
2026-10-10T01:30:27.4310219Z  [32m✓[39m tests/unit/composables/plugin-extensions.test.ts [2m([22m[2m6 tests[22m[2m)[22m[32m 14[2mms[22m[39m
2026-10-10T01:30:27.7558211Z  [32m✓[39m tests/unit/scripts/verify-release-artifacts.test.js [2m([22m[2m10 tests[22m[2m)[22m[32m 17[2mms[22m[39m
2026-10-10T01:30:27.9699140Z  [32m✓[39m src/renderer/stores/__tests__/protocolFusion.test.ts [2m([22m[2m7 tests[22m[2m)[22m[32m 13[2mms[22m[39m
2026-10-10T01:30:28.3108128Z  [32m✓[39m src/main/bootstrap/__tests__/core-initializer-ukey-escrow.test.js [2m([22m[2m9 tests[22m[2m)[22m[32m 15[2mms[22m[39m
2026-10-10T01:30:28.5257529Z  [32m✓[39m src/main/llm/__tests__/volcengine-tools-privacy.test.js [2m([22m[2m5 tests[22m[2m)[22m[32m 16[2mms[22m[39m
2026-10-10T01:30:28.8534710Z  [32m✓[39m src/main/web-shell/__tests__/mobile-pair-handlers.test.js [2m([22m[2m9 tests[22m[2m)[22m[32m 13[2mms[22m[39m
2026-10-10T01:30:29.1071196Z  [32m✓[39m tests/unit/audit/security-auditor.test.js [2m([22m[2m15 tests[22m[2m)[22m[32m 29[2mms[22m[39m
2026-10-10T01:30:29.4396805Z  [32m✓[39m tests/unit/ukey/trust-root-manager.test.js [2m([22m[2m15 tests[22m[2m)[22m[32m 23[2mms[22m[39m
2026-10-10T01:30:29.6565129Z  [32m✓[39m tests/unit/cowork/federation-stress-tester.test.js [2m([22m[2m14 tests[22m[2m)[22m[32m 37[2mms[22m[39m
2026-10-10T01:30:30.0017000Z  [32m✓[39m tests/unit/remote/remote-command-audit-redaction.test.js [2m([22m[2m5 tests[22m[2m)[22m[32m 26[2mms[22m[39m
2026-10-10T01:30:30.1928436Z  [32m✓[39m tests/unit/remote/streams/bounded-poll-stream-registry.test.js [2m([22m[2m7 tests[22m[2m)[22m[32m 10[2mms[22m[39m
2026-10-10T01:30:30.5672155Z  [32m✓[39m tests/unit/stores/firmwareOta.test.ts [2m([22m[2m14 tests[22m[2m)[22m[32m 18[2mms[22m[39m
2026-10-10T01:30:30.7819615Z  [32m✓[39m src/main/llm/__tests__/governed-vision-model-client.test.js [2m([22m[2m3 tests[22m[2m)[22m[32m 12[2mms[22m[39m
2026-10-10T01:30:31.1076737Z  [32m✓[39m src/main/llm/__tests__/volcengine-ipc-authorization.test.js [2m([22m[2m7 tests[22m[2m)[22m[32m 9[2mms[22m[39m
2026-10-10T01:30:31.3447591Z  [32m✓[39m src/main/ai-engine/cowork/skills/__tests__/v1.2.0-content-publisher.test.js [2m([22m[2m12 tests[22m[2m)[22m[32m 24[2mms[22m[39m
2026-10-10T01:30:31.6689352Z  [32m✓[39m tests/unit/cowork/reputation-optimizer.test.js [2m([22m[2m13 tests[22m[2m)[22m[32m 22[2mms[22m[39m
2026-10-10T01:30:31.8851796Z  [32m✓[39m src/main/bootstrap/__tests__/core-initializer-db-password.test.js [2m([22m[2m8 tests[22m[2m)[22m[32m 17[2mms[22m[39m
2026-10-10T01:30:32.2117304Z  [32m✓[39m src/main/web-shell/__tests__/ukey-sign-handler.test.js [2m([22m[2m11 tests[22m[2m)[22m[32m 12[2mms[22m[39m
2026-10-10T01:30:32.4596184Z  [32m✓[39m src/main/ai-engine/agents/__tests__/agent-coordinator-parallel.test.js [2m([22m[2m7 tests[22m[2m)[22m[32m 11[2mms[22m[39m
2026-10-10T01:30:32.7836597Z  [32m✓[39m src/main/ai-engine/code-agent/__tests__/artifact-workbench-client.test.js [2m([22m[2m4 tests[22m[2m)[22m[32m 21[2mms[22m[39m
2026-10-10T01:30:32.9825269Z  [32m✓[39m src/renderer/stores/__tests__/evoMapFederation.test.ts [2m([22m[2m7 tests[22m[2m)[22m[32m 14[2mms[22m[39m
2026-10-10T01:30:33.3276318Z  [32m✓[39m src/main/ai-engine/cowork/skills/__tests__/v1.2.0-terraform-iac.test.js [2m([22m[2m13 tests[22m[2m)[22m[32m 15[2mms[22m[39m
2026-10-10T01:30:33.5445390Z  [32m✓[39m tests/unit/utils/activity-manager.test.js [2m([22m[2m13 tests[22m[2m)[22m[32m 23[2mms[22m[39m
2026-10-10T01:30:33.8666608Z  [32m✓[39m tests/unit/ai-engine/history-memory-optimization.test.js [2m([22m[2m10 tests[22m[2m)[22m[32m 24[2mms[22m[39m
2026-10-10T01:30:34.1003862Z  [32m✓[39m tests/unit/ai-engine/ai-engine-ipc-authorization.test.js [2m([22m[2m7 tests[22m[2m)[22m[32m 13[2mms[22m[39m
2026-10-10T01:30:34.4102352Z  [32m✓[39m tests/unit/utils/file-utils.test.ts [2m([22m[2m9 tests[22m[2m)[22m[32m 12[2mms[22m[39m
2026-10-10T01:30:34.6549921Z  [32m✓[39m src/renderer/stores/__tests__/p2pMessaging.test.ts [2m([22m[2m7 tests[22m[2m)[22m[32m 11[2mms[22m[39m
2026-10-10T01:30:34.9307446Z  [32m✓[39m src/main/database/__tests__/db-secret-provider.test.js [2m([22m[2m7 tests[22m[2m)[22m[32m 9[2mms[22m[39m
2026-10-10T01:30:35.1843148Z  [32m✓[39m src/main/ai-engine/cowork/skills/__tests__/bundled-skill-archive-codec.test.js [2m([22m[2m4 tests[22m[2m)[22m[32m 27[2mms[22m[39m
2026-10-10T01:30:35.2401130Z  [32m✓[39m tests/unit/utils/chat-helpers.test.js [2m([22m[2m15 tests[22m[2m)[22m[32m 44[2mms[22m[39m
2026-10-10T01:30:35.7378321Z  [32m✓[39m src/main/defi/__tests__/lending-manager-atomicity.test.js [2m([22m[2m3 tests[22m[2m)[22m[32m 19[2mms[22m[39m
2026-10-10T01:30:36.0702294Z  [32m✓[39m src/renderer/shell-preview/widgets/__tests__/bridge-mtc-status-widget.test.ts [2m([22m[2m5 tests[22m[2m)[22m[32m 64[2mms[22m[39m
2026-10-10T01:30:36.2645169Z  [32m✓[39m src/main/trade/__tests__/group-buying-manager-atomicity.test.js [2m([22m[2m3 tests[22m[2m)[22m[32m 12[2mms[22m[39m
2026-10-10T01:30:36.6185065Z  [32m✓[39m src/main/trade/__tests__/installment-manager-atomicity.test.js [2m([22m[2m3 tests[22m[2m)[22m[32m 11[2mms[22m[39m
2026-10-10T01:30:36.8123966Z  [32m✓[39m src/main/ai-engine/cowork/skills/__tests__/v1.2.0-api-docs-gen.test.js [2m([22m[2m8 tests[22m[2m)[22m[32m 23[2mms[22m[39m
2026-10-10T01:30:37.1842034Z  [32m✓[39m src/main/ai-engine/cowork/skills/__tests__/v1.2.0-cron-scheduler.test.js [2m([22m[2m10 tests[22m[2m)[22m[32m 19[2mms[22m[39m
2026-10-10T01:30:37.3568483Z  [32m✓[39m src/renderer/stores/__tests__/organizations.test.ts [2m([22m[2m10 tests[22m[2m)[22m[32m 18[2mms[22m[39m
2026-10-10T01:30:37.8061674Z  [32m✓[39m tests/unit/ai-engine/autonomous-agent-concurrency.test.js [2m([22m[2m3 tests[22m[2m)[22m[32m 15[2mms[22m[39m
2026-10-10T01:30:37.9058729Z  [32m✓[39m src/main/web-shell/__tests__/family-guard-handlers.test.js [2m([22m[2m4 tests[22m[2m)[22m[32m 39[2mms[22m[39m
2026-10-10T01:30:38.3443561Z  [32m✓[39m src/renderer/stores/__tests__/antiCensorship.test.ts [2m([22m[2m7 tests[22m[2m)[22m[32m 15[2mms[22m[39m
2026-10-10T01:30:38.4563748Z  [32m✓[39m src/main/bootstrap/__tests__/coding-agent-bootstrap.test.js [2m([22m[2m5 tests[22m[2m)[22m[32m 14[2mms[22m[39m
2026-10-10T01:30:38.8669492Z  [32m✓[39m src/main/browser/__tests__/browser-log-redaction.test.js [2m([22m[2m6 tests[22m[2m)[22m[32m 16[2mms[22m[39m
2026-10-10T01:30:38.9968743Z  [32m✓[39m src/main/web-shell/__tests__/ws-bridge.test.js [2m([22m[2m6 tests[22m[2m)[22m[32m 29[2mms[22m[39m
2026-10-10T01:30:39.4136353Z  [32m✓[39m src/renderer/stores/__tests__/evoMapGovernance.test.ts [2m([22m[2m6 tests[22m[2m)[22m[32m 15[2mms[22m[39m
2026-10-10T01:30:39.5458594Z  [32m✓[39m src/main/ai-engine/cowork/skills/__tests__/v1.2.0-proactive-agent.test.js [2m([22m[2m10 tests[22m[2m)[22m[32m 22[2mms[22m[39m
2026-10-10T01:30:39.9950810Z  [32m✓[39m tests/unit/utils/incremental-sync.test.ts [2m([22m[2m7 tests[22m[2m)[22m[32m 13[2mms[22m[39m
2026-10-10T01:30:40.1013940Z  [32m✓[39m tests/unit/security/satellite-comm.test.js [2m([22m[2m14 tests[22m[2m)[22m[32m 26[2mms[22m[39m
2026-10-10T01:30:40.5538490Z  [32m✓[39m tests/unit/utils/global-search-manager.test.js [2m([22m[2m11 tests[22m[2m)[22m[32m 24[2mms[22m[39m
2026-10-10T01:30:40.6777690Z  [32m✓[39m tests/unit/api/rss-ipc.test.js [2m([22m[2m5 tests[22m[2m)[22m[32m 23[2mms[22m[39m
2026-10-10T01:30:41.0848295Z  [32m✓[39m src/main/database/__tests__/database-performance-ipc.test.js [2m([22m[2m6 tests[22m[2m)[22m[32m 12[2mms[22m[39m
2026-10-10T01:30:41.2493556Z  [32m✓[39m src/main/p2p/__tests__/device-sync-boundaries.test.js [2m([22m[2m5 tests[22m[2m)[22m[32m 16[2mms[22m[39m
2026-10-10T01:30:41.6229044Z  [32m✓[39m src/main/permission/__tests__/current-user-context.test.js [2m([22m[2m13 tests[22m[2m)[22m[32m 14[2mms[22m[39m
2026-10-10T01:30:41.8057546Z  [32m✓[39m tests/unit/api/notification-manager.test.js [2m([22m[2m5 tests[22m[2m)[22m[32m 20[2mms[22m[39m
2026-10-10T01:30:42.1676347Z  [32m✓[39m src/main/marketplace/__tests__/token-ledger.test.js [2m([22m[2m9 tests[22m[2m)[22m[32m 11[2mms[22m[39m
2026-10-10T01:30:42.3542134Z  [32m✓[39m src/renderer/stores/__tests__/satellite.test.ts [2m([22m[2m7 tests[22m[2m)[22m[32m 14[2mms[22m[39m
2026-10-10T01:30:42.7236217Z  [32m✓[39m src/main/context-memory/__tests__/permanent-memory-adapter.test.js [2m([22m[2m4 tests[22m[2m)[22m[32m 17[2mms[22m[39m
2026-10-10T01:30:42.9108557Z  [32m✓[39m tests/unit/remote/remote-log-redaction.test.js [2m([22m[2m5 tests[22m[2m)[22m[32m 18[2mms[22m[39m
2026-10-10T01:30:43.2681937Z  [32m✓[39m tests/unit/ukey/pqc-ecosystem-manager.test.js [2m([22m[2m13 tests[22m[2m)[22m[32m 19[2mms[22m[39m
2026-10-10T01:30:43.4478484Z  [32m✓[39m tests/unit/utils/logger.test.js [2m([22m[2m3 tests[22m[2m)[22m[32m 7[2mms[22m[39m
2026-10-10T01:30:43.7864293Z  [32m✓[39m tests/unit/utils/lru-cache.test.ts [2m([22m[2m10 tests[22m[2m)[22m[32m 11[2mms[22m[39m
2026-10-10T01:30:44.0062828Z  [32m✓[39m src/main/ai-engine/workflow/__tests__/workflow-engine-cyclic-guard.test.js [2m([22m[2m4 tests[22m[2m)[22m[32m 24[2mms[22m[39m
2026-10-10T01:30:44.2259747Z  [32m✓[39m tests/unit/p2p/signaling-server-bounds.test.js [2m([22m[2m6 tests[22m[2m)[22m[32m 13[2mms[22m[39m
2026-10-10T01:30:44.3810989Z  [32m✓[39m tests/unit/ai-engine/knowledge-distillation.test.js [2m([22m[2m9 tests[22m[2m)[22m[32m 36[2mms[22m[39m
2026-10-10T01:30:44.7328106Z  [32m✓[39m src/main/ipc/__tests__/phase-34-collab-wiring.test.js [2m([22m[2m4 tests[22m[2m)[22m[32m 8[2mms[22m[39m
2026-10-10T01:30:44.8992333Z  [32m✓[39m src/main/utils/__tests__/file-cache.test.js [2m([22m[2m10 tests[22m[2m)[22m[32m 8[2mms[22m[39m
2026-10-10T01:30:45.2804282Z  [32m✓[39m tests/unit/social/realtime-translator.test.js [2m([22m[2m13 tests[22m[2m)[22m[32m 21[2mms[22m[39m
2026-10-10T01:30:45.4514897Z  [32m✓[39m src/renderer/stores/__tests__/trustRoot.test.ts [2m([22m[2m7 tests[22m[2m)[22m[32m 12[2mms[22m[39m
2026-10-10T01:30:45.8182963Z  [32m✓[39m src/main/ai-engine/cowork/skills/__tests__/bundled-skill-credential-ipc.test.js [2m([22m[2m3 tests[22m[2m)[22m[32m 7[2mms[22m[39m
2026-10-10T01:30:45.9894591Z  [32m✓[39m src/main/did/__tests__/did-keystore.test.js [2m([22m[2m11 tests[22m[2m)[22m[32m 17[2mms[22m[39m
2026-10-10T01:30:46.3580640Z  [32m✓[39m tests/unit/renderer/commands/desktop-command-registry.test.ts [2m([22m[2m5 tests[22m[2m)[22m[32m 9[2mms[22m[39m
2026-10-10T01:30:46.5246621Z  [32m✓[39m src/main/ai-engine/cowork/skills/__tests__/v1.2.0-agent-browser.test.js [2m([22m[2m13 tests[22m[2m)[22m[32m 20[2mms[22m[39m
2026-10-10T01:30:46.8855089Z  [32m✓[39m src/main/llm/__tests__/llm-ipc-record-success-privacy.test.js [2m([22m[2m3 tests[22m[2m)[22m[32m 6[2mms[22m[39m
2026-10-10T01:30:47.0537832Z  [32m✓[39m src/main/system/__tests__/auto-updater.test.js [2m([22m[2m8 tests[22m[2m)[22m[32m 11[2mms[22m[39m
2026-10-10T01:30:47.4662336Z  [32m✓[39m tests/unit/stores/collaborationGovernance.test.ts [2m([22m[2m12 tests[22m[2m)[22m[32m 20[2mms[22m[39m
2026-10-10T01:30:47.6092794Z  [32m✓[39m src/main/permission/__tests__/team-manager-setlead-atomicity.test.js [2m([22m[2m2 tests[22m[2m)[22m[32m 13[2mms[22m[39m
2026-10-10T01:30:48.0007544Z  [32m✓[39m src/main/web-shell/__tests__/skill-list-handler.test.js [2m([22m[2m8 tests[22m[2m)[22m[32m 16[2mms[22m[39m
2026-10-10T01:30:48.1306282Z  [32m✓[39m src/renderer/stores/__tests__/social-ai.test.ts [2m([22m[2m9 tests[22m[2m)[22m[32m 22[2mms[22m[39m
2026-10-10T01:30:48.5468603Z  [32m✓[39m src/renderer/stores/__tests__/decentralizedStorage.test.ts [2m([22m[2m6 tests[22m[2m)[22m[32m 15[2mms[22m[39m
2026-10-10T01:30:48.6525090Z  [32m✓[39m src/main/ai-engine/evolution/__tests__/structured-memory-post-compact-hook.test.js [2m([22m[2m5 tests[22m[2m)[22m[32m 10[2mms[22m[39m
2026-10-10T01:30:49.0898383Z  [32m✓[39m tests/unit/evomap/gene-ip-manager.test.js [2m([22m[2m13 tests[22m[2m)[22m[32m 38[2mms[22m[39m
2026-10-10T01:30:49.1909483Z  [32m✓[39m tests/unit/llm/stream-controller-registry.test.js [2m([22m[2m6 tests[22m[2m)[22m[32m 9[2mms[22m[39m
2026-10-10T01:30:49.6390077Z  [32m✓[39m src/renderer/stores/__tests__/pqcEcosystem.test.ts [2m([22m[2m6 tests[22m[2m)[22m[32m 12[2mms[22m[39m
2026-10-10T01:30:49.7249624Z  [32m✓[39m src/main/ai-engine/cowork/skills/__tests__/v1.2.0-deep-research.test.js [2m([22m[2m11 tests[22m[2m)[22m[32m 14[2mms[22m[39m
2026-10-10T01:30:50.1872582Z  [32m✓[39m tests/unit/prompt-template/prompt-template-ipc.test.js [2m([22m[2m13 tests[22m[2m)[22m[32m 44[2mms[22m[39m
2026-10-10T01:30:50.2794868Z  [32m✓[39m src/main/collaboration/__tests__/collaboration-manager-lifecycle.test.js [2m([22m[2m6 tests[22m[2m)[22m[32m 41[2mms[22m[39m
2026-10-10T01:30:50.7718426Z  [32m✓[39m tests/unit/utils/shortcutManager.test.ts [2m([22m[2m9 tests[22m[2m)[22m[32m 24[2mms[22m[39m
2026-10-10T01:30:50.8333655Z  [32m✓[39m src/main/evolution/__tests__/desktop-pm-workspace-snapshot.test.js [2m([22m[2m3 tests[22m[2m)[22m[32m 36[2mms[22m[39m
2026-10-10T01:30:51.3178530Z  [32m✓[39m src/main/trade/__tests__/auction-manager-atomicity.test.js [2m([22m[2m2 tests[22m[2m)[22m[32m 12[2mms[22m[39m
2026-10-10T01:30:51.3819138Z  [32m✓[39m src/main/sub-runtime/__tests__/sub-runtime-entry.test.js [2m([22m[2m6 tests[22m[2m)[22m[32m 19[2mms[22m[39m
2026-10-10T01:30:51.8392453Z  [32m✓[39m tests/unit/remote/browser-extension/handlers/page-css-boundary.test.js [2m([22m[2m4 tests[22m[2m)[22m[32m 13[2mms[22m[39m
2026-10-10T01:30:51.9530439Z  [32m✓[39m src/main/browser/workflow/__tests__/workflow-engine-cancellation.test.js [2m([22m[2m3 tests[22m[2m)[22m[32m 64[2mms[22m[39m
2026-10-10T01:30:52.3573438Z  [32m✓[39m src/main/ai-engine/cowork/skills/__tests__/v1.2.0-git-worktree.test.js [2m([22m[2m9 tests[22m[2m)[22m[32m 16[2mms[22m[39m
2026-10-10T01:30:52.4972026Z  [32m✓[39m tests/unit/remote/browser-extension/handlers/console-capture-registry.test.js [2m([22m[2m5 tests[22m[2m)[22m[32m 10[2mms[22m[39m
2026-10-10T01:30:52.8708289Z  [32m✓[39m src/main/social/__tests__/owned-source-listeners.test.js [2m([22m[2m6 tests[22m[2m)[22m[32m 20[2mms[22m[39m
2026-10-10T01:30:53.0167539Z  [32m✓[39m src/main/p2p/__tests__/signaling-peer-registry.test.js [2m([22m[2m9 tests[22m[2m)[22m[32m 12[2mms[22m[39m
2026-10-10T01:30:53.3610967Z  [32m✓[39m src/main/ipc/__tests__/logger-ipc.test.js [2m([22m[2m5 tests[22m[2m)[22m[32m 9[2mms[22m[39m
2026-10-10T01:30:53.5099679Z  [32m✓[39m tests/unit/p2p/voice-video-manager-simple.test.js [2m([22m[2m6 tests[22m[2m)[22m[32m 36[2mms[22m[39m
2026-10-10T01:30:53.8838411Z  [32m✓[39m src/renderer/stores/__tests__/autonomous-ops.test.ts [2m([22m[2m9 tests[22m[2m)[22m[32m 18[2mms[22m[39m
2026-10-10T01:30:54.0015117Z  [32m✓[39m tests/unit/components/invitationManagerUtils.test.js [2m([22m[2m14 tests[22m[2m)[22m[32m 16[2mms[22m[39m
2026-10-10T01:30:54.3980829Z  [32m✓[39m src/renderer/shell/__tests__/slash-dispatch.test.ts [2m([22m[2m8 tests[22m[2m)[22m[32m 16[2mms[22m[39m
2026-10-10T01:30:54.5657488Z  [32m✓[39m src/main/task/__tests__/project-goal-ipc.test.js [2m([22m[2m5 tests[22m[2m)[22m[32m 29[2mms[22m[39m
2026-10-10T01:30:54.9128510Z  [32m✓[39m src/renderer/stores/__tests__/family-guard.test.ts [2m([22m[2m9 tests[22m[2m)[22m[32m 16[2mms[22m[39m
2026-10-10T01:30:55.0898275Z  [32m✓[39m src/main/ai-engine/cowork/skills/__tests__/v1.2.0-cursor-rules.test.js [2m([22m[2m7 tests[22m[2m)[22m[32m 16[2mms[22m[39m
2026-10-10T01:30:55.3062862Z  [32m✓[39m src/main/plugins/__tests__/plugin-registry.test.js [2m([22m[2m6 tests[22m[2m)[22m[32m 13[2mms[22m[39m
2026-10-10T01:30:55.4318715Z  [32m✓[39m tests/unit/remote/handlers/ai-handler-stream-bounds.test.js [2m([22m[2m4 tests[22m[2m)[22m[32m 10[2mms[22m[39m
2026-10-10T01:30:55.9410459Z  [32m✓[39m src/renderer/components/common/__tests__/goal-notification-list.test.ts [2m([22m[2m5 tests[22m[2m)[22m[32m 94[2mms[22m[39m
2026-10-10T01:30:56.0086549Z  [32m✓[39m src/renderer/utils/__tests__/yjs-ipc-provider.test.ts [2m([22m[2m2 tests[22m[2m)[22m[32m 15[2mms[22m[39m
2026-10-10T01:30:56.4838540Z  [32m✓[39m tests/unit/database/database-migrations-ops-playbook.test.js [2m([22m[2m5 tests[22m[2m)[22m[32m 9[2mms[22m[39m
2026-10-10T01:30:56.5539211Z  [32m✓[39m tests/unit/composables/p2p-call.test.ts [2m([22m[2m8 tests[22m[2m)[22m[32m 27[2mms[22m[39m
2026-10-10T01:30:56.9811619Z (node:13368) ExperimentalWarning: SQLite is an experimental feature and might change at any time
2026-10-10T01:30:56.9812862Z (Use `node --trace-warnings ...` to show where the warning was created)
2026-10-10T01:30:57.0138698Z  [32m✓[39m tests/unit/llm/response-cache-identity.test.js [2m([22m[2m3 tests[22m[2m)[22m[32m 27[2mms[22m[39m
2026-10-10T01:30:57.0641645Z  [32m✓[39m src/main/utils/__tests__/safe-open.test.js [2m([22m[2m11 tests[22m[2m)[22m[32m 17[2mms[22m[39m
2026-10-10T01:30:57.3248194Z  [32m✓[39m src/main/blockchain/__tests__/order-export.test.js [2m([22m[2m10 tests[22m[2m)[22m[32m 20[2mms[22m[39m
2026-10-10T01:30:57.5784322Z  [32m✓[39m tests/unit/components/GraphRunDebugger.smoke.test.js [2m([22m[2m1 test[22m[2m)[22m[32m 57[2mms[22m[39m
2026-10-10T01:30:57.8417383Z  [32m✓[39m tests/unit/remote/browser-extension/handlers/heap-snapshot-boundary.test.js [2m([22m[2m5 tests[22m[2m)[22m[32m 7[2mms[22m[39m
2026-10-10T01:30:58.1160680Z  [32m✓[39m tests/unit/database/soft-delete-stats.test.js [2m([22m[2m4 tests[22m[2m)[22m[32m 9[2mms[22m[39m
2026-10-10T01:30:58.6643742Z  [32m✓[39m tests/unit/shell/communityDetailsDrawerUtils.test.js [2m([22m[2m12 tests[22m[2m)[22m[32m 27[2mms[22m[39m
2026-10-10T01:30:59.1601743Z  [32m✓[39m tests/unit/utils/memory-optimization.test.ts [2m([22m[2m7 tests[22m[2m)[22m[32m 8[2mms[22m[39m
2026-10-10T01:30:59.6618805Z  [32m✓[39m tests/unit/utils/themeManager.test.ts [2m([22m[2m8 tests[22m[2m)[22m[32m 28[2mms[22m[39m
2026-10-10T01:31:00.1728658Z  [32m✓[39m tests/unit/utils/dragUploadManager.test.ts [2m([22m[2m5 tests[22m[2m)[22m[32m 16[2mms[22m[39m
2026-10-10T01:31:00.5764507Z  [32m✓[39m tests/unit/renderer/shell/AppShell.languageSwitcher.test.ts [2m([22m[2m1 test[22m[2m)[22m[33m 575[2mms[22m[39m
2026-10-10T01:31:00.5765904Z      [33m[2m✓[22m[39m renders LanguageSwitcher inside the shell header [33m 574[2mms[22m[39m
2026-10-10T01:31:01.0982065Z  [32m✓[39m tests/unit/remote/browser-extension/handlers/performance-trace-registry.test.js [2m([22m[2m5 tests[22m[2m)[22m[32m 9[2mms[22m[39m
2026-10-10T01:31:01.1622395Z  [32m✓[39m src/main/web-shell/__tests__/web-ui-loader.test.js [2m([22m[2m5 tests[22m[2m)[22m[33m 433[2mms[22m[39m
2026-10-10T01:31:01.5700287Z  [32m✓[39m src/main/context-memory/__tests__/permanent-memory-ipc-cutover.test.js [2m([22m[2m3 tests[22m[2m)[22m[32m 11[2mms[22m[39m
2026-10-10T01:31:01.6615312Z  [32m✓[39m tests/unit/remote/browser-extension/handlers/injected-style-registry.test.js [2m([22m[2m5 tests[22m[2m)[22m[32m 7[2mms[22m[39m
2026-10-10T01:31:02.0678320Z  [32m✓[39m tests/unit/config/write-settings-sync.test.js [2m([22m[2m7 tests[22m[2m)[22m[32m 13[2mms[22m[39m
2026-10-10T01:31:02.1594119Z  [32m✓[39m src/main/web-shell/__tests__/shell-switch-handler.test.js [2m([22m[2m8 tests[22m[2m)[22m[32m 13[2mms[22m[39m
2026-10-10T01:31:02.7969708Z  [32m✓[39m src/main/ukey/__tests__/shamir-split.test.js [2m([22m[2m15 tests[22m[2m)[22m[32m 16[2mms[22m[39m
2026-10-10T01:31:02.8064920Z  [32m✓[39m src/main/image/__tests__/ocr-model-egress.test.js [2m([22m[2m6 tests[22m[2m)[22m[32m 11[2mms[22m[39m
2026-10-10T01:31:03.0643153Z  [32m✓[39m src/main/p2p/__tests__/file-transfer-manager.test.js [2m([22m[2m3 tests[22m[2m)[22m[32m 7[2mms[22m[39m
2026-10-10T01:31:03.3385434Z  [32m✓[39m tests/unit/composables/multimedia-theme.test.ts [2m([22m[2m8 tests[22m[2m)[22m[32m 18[2mms[22m[39m
2026-10-10T01:31:03.5475632Z  [32m✓[39m src/main/web-shell/__tests__/project-handlers.test.js [2m([22m[2m7 tests[22m[2m)[22m[32m 10[2mms[22m[39m
2026-10-10T01:31:03.8489747Z  [32m✓[39m tests/unit/marketplace/skill-service-protocol.test.js [2m([22m[2m11 tests[22m[2m)[22m[32m 30[2mms[22m[39m
2026-10-10T01:31:04.3247840Z  [32m✓[39m src/main/llm/__tests__/llm-config-projection.test.js [2m([22m[2m3 tests[22m[2m)[22m[32m 6[2mms[22m[39m
2026-10-10T01:31:04.5288330Z  [32m✓[39m src/main/ukey/__tests__/backup-encryptor.test.js [2m([22m[2m10 tests[22m[2m)[22m[33m 498[2mms[22m[39m
2026-10-10T01:31:04.8190559Z  [32m✓[39m src/renderer/stores/__tests__/auth.test.ts [2m([22m[2m6 tests[22m[2m)[22m[32m 14[2mms[22m[39m
2026-10-10T01:31:05.0766666Z  [32m✓[39m tests/unit/ipfs/content-distributor.test.js [2m([22m[2m11 tests[22m[2m)[22m[32m 19[2mms[22m[39m
2026-10-10T01:31:05.3551052Z  [32m✓[39m src/main/sync/__tests__/markdown-renderer.test.js [2m([22m[2m14 tests[22m[2m)[22m[32m 17[2mms[22m[39m
2026-10-10T01:31:05.6563328Z  [32m✓[39m src/main/browser/workflow/__tests__/workflow-storage-reads.test.js [2m([22m[2m4 tests[22m[2m)[22m[32m 12[2mms[22m[39m
2026-10-10T01:31:05.9624324Z  [32m✓[39m src/renderer/shell-preview/components/__tests__/TaskProgressPanel.test.ts [2m([22m[2m8 tests[22m[2m)[22m[32m 51[2mms[22m[39m
2026-10-10T01:31:06.1872723Z  [32m✓[39m src/main/ai-engine/cowork/skills/builtin/code-runner/__tests__/code-runner-security.test.js [2m([22m[2m2 tests[22m[2m)[22m[32m 10[2mms[22m[39m
2026-10-10T01:31:06.4796750Z  [32m✓[39m src/renderer/components/chat/artifact-workbench-utils.test.js [2m([22m[2m3 tests[22m[2m)[22m[32m 6[2mms[22m[39m
2026-10-10T01:31:06.7591960Z  [32m✓[39m src/main/ai-engine/cowork/skills/__tests__/bundled-skill-git-process-handlers.test.js [2m([22m[2m17 tests[22m[2m)[22m[32m 49[2mms[22m[39m
2026-10-10T01:31:07.0243818Z  [32m✓[39m tests/unit/ai-engine/computer-use-tools.test.js [2m([22m[2m6 tests[22m[2m)[22m[32m 11[2mms[22m[39m
2026-10-10T01:31:07.3284405Z  [32m✓[39m tests/unit/mcp/brokered-stdio-client-transport.test.js [2m([22m[2m4 tests[22m[2m)[22m[32m 11[2mms[22m[39m
2026-10-10T01:31:07.5574283Z  [32m✓[39m src/main/ipc/__tests__/advanced-features-ipc-sanitize.test.js [2m([22m[2m9 tests[22m[2m)[22m[32m 10[2mms[22m[39m
2026-10-10T01:31:07.8545967Z  [32m✓[39m tests/unit/config/config-ipc.test.js [2m([22m[2m6 tests[22m[2m)[22m[32m 24[2mms[22m[39m
2026-10-10T01:31:08.0748561Z  [32m✓[39m tests/unit/utils/editor-pool.test.ts [2m([22m[2m6 tests[22m[2m)[22m[32m 9[2mms[22m[39m
2026-10-10T01:31:08.3936130Z  [32m✓[39m src/main/knowledge-graph/__tests__/graph-exporter.test.js [2m([22m[2m10 tests[22m[2m)[22m[32m 10[2mms[22m[39m
2026-10-10T01:31:08.4039606Z  [32m✓[39m src/main/ai-engine/__tests__/real-implementations-reminder.test.js [2m([22m[2m5 tests[22m[2m)[22m[32m 8[2mms[22m[39m
2026-10-10T01:31:08.9188378Z  [32m✓[39m tests/unit/rag/advanced-memory-search.test.js [2m([22m[2m9 tests[22m[2m)[22m[32m 21[2mms[22m[39m
2026-10-10T01:31:08.9307580Z  [32m✓[39m tests/unit/stores/autonomousDev.test.ts [2m([22m[2m10 tests[22m[2m)[22m[32m 21[2mms[22m[39m
2026-10-10T01:31:09.4583156Z  [32m✓[39m tests/unit/remote/browser-extension/handlers/page-monitor-boundary.test.js [2m([22m[2m5 tests[22m[2m)[22m[32m 15[2mms[22m[39m
2026-10-10T01:31:09.4856103Z  [32m✓[39m tests/unit/stores/slaManager.test.ts [2m([22m[2m10 tests[22m[2m)[22m[32m 34[2mms[22m[39m
2026-10-10T01:31:10.0577629Z  [32m✓[39m tests/unit/social/content-quality-assessor.test.js [2m([22m[2m10 tests[22m[2m)[22m[32m 24[2mms[22m[39m
2026-10-10T01:31:10.1632415Z  [32m✓[39m tests/unit/components/SkillCard.test.ts [2m([22m[2m7 tests[22m[2m)[22m[32m 78[2mms[22m[39m
2026-10-10T01:31:10.5760012Z  [32m✓[39m src/renderer/shell/helpers/__tests__/dbPerformanceHelpers.test.ts [2m([22m[2m13 tests[22m[2m)[22m[32m 30[2mms[22m[39m
2026-10-10T01:31:10.6480800Z  [32m✓[39m src/renderer/stores/__tests__/unified-tools.test.ts [2m([22m[2m2 tests[22m[2m)[22m[32m 6[2mms[22m[39m
2026-10-10T01:31:11.1773597Z  [32m✓[39m tests/unit/composables/theme.test.ts [2m([22m[2m8 tests[22m[2m)[22m[32m 25[2mms[22m[39m
2026-10-10T01:31:11.7259189Z  [32m✓[39m src/main/__tests__/signed-desktop-launch-probe.test.js [2m([22m[2m4 tests[22m[2m)[22m[32m 12[2mms[22m[39m
2026-10-10T01:31:12.0114033Z  [32m✓[39m src/main/ai-engine/cowork/skills/__tests__/bundled-skill-capability-catalog.test.js [2m([22m[2m5 tests[22m[2m)[22m[33m 969[2mms[22m[39m
2026-10-10T01:31:12.0114819Z      [33m[2m✓[22m[39m matches every checked-in manifest, handler digest, and audited host surface [33m 917[2mms[22m[39m
2026-10-10T01:31:12.2530739Z  [32m✓[39m tests/unit/renderer/shell/slash-dispatch.test.ts [2m([22m[2m7 tests[22m[2m)[22m[32m 11[2mms[22m[39m
2026-10-10T01:31:12.5135866Z  [32m✓[39m src/main/system/__tests__/update-window-visibility.test.js [2m([22m[2m8 tests[22m[2m)[22m[32m 8[2mms[22m[39m
2026-10-10T01:31:12.7986089Z  [32m✓[39m tests/unit/utils/project-detail-optimizations.test.js [2m([22m[2m8 tests[22m[2m)[22m[32m 16[2mms[22m[39m
2026-10-10T01:31:13.0678795Z  [32m✓[39m tests/unit/ai-engine/agents/agent-coordinator-select.test.js [2m([22m[2m3 tests[22m[2m)[22m[32m 12[2mms[22m[39m
2026-10-10T01:31:13.3105197Z  [32m✓[39m src/main/browser/__tests__/storage-tag-like-escape.test.js [2m([22m[2m2 tests[22m[2m)[22m[32m 8[2mms[22m[39m
2026-10-10T01:31:13.5576646Z  [32m✓[39m src/renderer/shell/helpers/__tests__/desktopContextCenter.test.ts [2m([22m[2m7 tests[22m[2m)[22m[32m 19[2mms[22m[39m
2026-10-10T01:31:13.5797967Z  [32m✓[39m src/main/knowledge/__tests__/version-diff-stats.test.js [2m([22m[2m11 tests[22m[2m)[22m[32m 10[2mms[22m[39m
2026-10-10T01:31:14.0838513Z  [32m✓[39m tests/unit/utils/main-log-listener.test.ts [2m([22m[2m5 tests[22m[2m)[22m[32m 19[2mms[22m[39m
2026-10-10T01:31:14.1290880Z  [32m✓[39m src/renderer/shell/helpers/__tests__/llmPerformanceHelpers.test.ts [2m([22m[2m12 tests[22m[2m)[22m[32m 13[2mms[22m[39m
2026-10-10T01:31:14.6538421Z  [32m✓[39m tests/unit/utils/predictive-prefetcher.test.ts [2m([22m[2m6 tests[22m[2m)[22m[32m 13[2mms[22m[39m
2026-10-10T01:31:14.8060055Z  [32m✓[39m tests/unit/ai-engine/ai-engine-output-engine-integration.test.js [2m([22m[2m2 tests[22m[2m)[22m[32m 86[2mms[22m[39m
2026-10-10T01:31:15.1806362Z  [32m✓[39m src/main/ai-engine/cowork/skills/__tests__/v1.2.0-find-skills.test.js [2m([22m[2m10 tests[22m[2m)[22m[32m 41[2mms[22m[39m
2026-10-10T01:31:15.3232017Z  [32m✓[39m tests/unit/stores/hardening.test.ts [2m([22m[2m10 tests[22m[2m)[22m[32m 14[2mms[22m[39m
2026-10-10T01:31:16.0098377Z  [32m✓[39m src/main/browser/__tests__/legacy-agent-mutation-governance.test.js [2m([22m[2m22 tests[22m[2m)[22m[32m 21[2mms[22m[39m
2026-10-10T01:31:16.4328709Z  [32m✓[39m src/main/ai-engine/code-agent/__tests__/workflow-command-parser.test.js [2m([22m[2m13 tests[22m[2m)[22m[32m 12[2mms[22m[39m
2026-10-10T01:31:16.8495292Z  [32m✓[39m tests/unit/utils/resource-hints.test.ts [2m([22m[2m6 tests[22m[2m)[22m[32m 16[2mms[22m[39m
2026-10-10T01:31:17.2469280Z  [32m✓[39m src/main/ai-engine/code-agent/__tests__/desktop-graph-production-surface.test.js [2m([22m[2m4 tests[22m[2m)[22m[32m 5[2mms[22m[39m
2026-10-10T01:31:17.6454040Z  [32m✓[39m tests/unit/utils/ipc-shim.test.ts [2m([22m[2m7 tests[22m[2m)[22m[32m 13[2mms[22m[39m
2026-10-10T01:31:18.0502568Z  [32m✓[39m tests/unit/stores/techLearning.test.ts [2m([22m[2m9 tests[22m[2m)[22m[32m 11[2mms[22m[39m
2026-10-10T01:31:18.4463756Z  [32m✓[39m src/main/mtc/__tests__/mtc-runtime-boundaries.test.js [2m([22m[2m6 tests[22m[2m)[22m[32m 8[2mms[22m[39m
2026-10-10T01:31:18.8332691Z  [32m✓[39m src/main/ai-engine/code-agent/__tests__/workflow-command-runner.test.js [2m([22m[2m4 tests[22m[2m)[22m[32m 12[2mms[22m[39m
2026-10-10T01:31:18.8479963Z  [32m✓[39m src/main/utils/__tests__/file-handler-batch.test.js [2m([22m[2m4 tests[22m[2m)[22m[33m 3178[2mms[22m[39m
2026-10-10T01:31:18.8481503Z      [33m[2m✓[22m[39m 处理器抛错的文件归入 errors，其余仍成功 [33m 3096[2mms[22m[39m
2026-10-10T01:31:19.2957519Z  [32m✓[39m tests/unit/main/terminal/confirmation-dialog.test.js [2m([22m[2m5 tests[22m[2m)[22m[32m 6[2mms[22m[39m
2026-10-10T01:31:19.3068333Z  [32m✓[39m tests/unit/utils/data-compression.test.ts [2m([22m[2m6 tests[22m[2m)[22m[32m 23[2mms[22m[39m
2026-10-10T01:31:19.5412093Z  [32m✓[39m src/main/speech/__tests__/whisper-client.test.js [2m([22m[2m8 tests[22m[2m)[22m[32m 15[2mms[22m[39m
2026-10-10T01:31:19.7668026Z  [32m✓[39m src/main/system/__tests__/menu-manager.test.js [2m([22m[2m5 tests[22m[2m)[22m[32m 9[2mms[22m[39m
2026-10-10T01:31:20.0316599Z  [32m✓[39m src/renderer/stores/__tests__/theme-preview.test.ts [2m([22m[2m10 tests[22m[2m)[22m[32m 13[2mms[22m[39m
2026-10-10T01:31:20.2701836Z  [32m✓[39m tests/unit/components/conversationSearchPanelUtils.test.js [2m([22m[2m11 tests[22m[2m)[22m[32m 21[2mms[22m[39m
2026-10-10T01:31:20.5008921Z  [32m✓[39m src/renderer/shell/helpers/__tests__/settingsHelpers.test.ts [2m([22m[2m13 tests[22m[2m)[22m[32m 11[2mms[22m[39m
2026-10-10T01:31:20.7218932Z  [32m✓[39m src/main/ai-engine/cowork/skills/__tests__/bundled-skill-credential-store.test.js [2m([22m[2m4 tests[22m[2m)[22m[32m 6[2mms[22m[39m
2026-10-10T01:31:20.9728491Z  [32m✓[39m tests/unit/remote/browser-extension/handlers/dom-mutation-bounds.test.js [2m([22m[2m2 tests[22m[2m)[22m[32m 6[2mms[22m[39m
2026-10-10T01:31:21.1876642Z  [32m✓[39m tests/unit/p2p/signal-driver-official.test.js [2m([22m[2m3 tests[22m[2m)[22m[32m 9[2mms[22m[39m
2026-10-10T01:31:21.4504926Z  [32m✓[39m src/main/project/__tests__/project-rag-like-escape.test.js [2m([22m[2m1 test[22m[2m)[22m[32m 6[2mms[22m[39m
2026-10-10T01:31:21.7459774Z  [32m✓[39m src/main/ipfs/__tests__/ipfs-content-runtime.test.js [2m([22m[2m4 tests[22m[2m)[22m[32m 6[2mms[22m[39m
2026-10-10T01:31:22.0075790Z  [32m✓[39m src/main/sync/__tests__/p2p-sync-engine-lifecycle.test.js [2m([22m[2m3 tests[22m[2m)[22m[32m 7[2mms[22m[39m
2026-10-10T01:31:22.2194643Z  [32m✓[39m tests/unit/main/terminal/database-project-binding-resolver.test.js [2m([22m[2m4 tests[22m[2m)[22m[32m 7[2mms[22m[39m
2026-10-10T01:31:22.7721346Z  [32m✓[39m tests/unit/llm/desktop-workflow-admission.test.js [2m([22m[2m5 tests[22m[2m)[22m[32m 10[2mms[22m[39m
2026-10-10T01:31:23.2450024Z (node:14107) [MODULE_TYPELESS_PACKAGE_JSON] Warning: Module type of file:///home/runner/work/chainlesschain/chainlesschain/desktop-app-vue/src/main/utils/logger.js is not specified and it doesn't parse as CommonJS.
2026-10-10T01:31:23.2460361Z Reparsing as ES module because module syntax was detected. This incurs a performance overhead.
2026-10-10T01:31:23.2477141Z To eliminate this warning, add "type": "module" to /home/runner/work/chainlesschain/chainlesschain/desktop-app-vue/package.json.
2026-10-10T01:31:23.2487034Z (Use `node --trace-warnings ...` to show where the warning was created)
2026-10-10T01:31:23.2627962Z  [32m✓[39m src/main/ukey/__tests__/unified-key-manager-setprimary-atomicity.test.js [2m([22m[2m2 tests[22m[2m)[22m[32m 12[2mms[22m[39m
2026-10-10T01:31:23.5714845Z  [32m✓[39m tests/unit/renderer/shell-preview/AppShellPreview.languageSwitcher.test.ts [2m([22m[2m1 test[22m[2m)[22m[32m 60[2mms[22m[39m
2026-10-10T01:31:23.7509101Z  [32m✓[39m src/renderer/stores/__tests__/network.test.ts [2m([22m[2m4 tests[22m[2m)[22m[32m 7[2mms[22m[39m
2026-10-10T01:31:24.0607159Z  [32m✓[39m tests/unit/utils/content-visibility.test.ts [2m([22m[2m6 tests[22m[2m)[22m[32m 15[2mms[22m[39m
2026-10-10T01:31:24.2429105Z  [32m✓[39m src/main/ai-engine/cowork/skills/__tests__/v1.2.0-webapp-testing.test.js [2m([22m[2m8 tests[22m[2m)[22m[32m 14[2mms[22m[39m
2026-10-10T01:31:24.7382565Z  [32m✓[39m src/main/collaboration/__tests__/yjs-collab-loaddocument.test.js [2m([22m[2m3 tests[22m[2m)[22m[32m 14[2mms[22m[39m
2026-10-10T01:31:24.7937357Z  [32m✓[39m src/renderer/shell-preview/components/__tests__/ToolInvocationCard.test.ts [2m([22m[2m7 tests[22m[2m)[22m[32m 40[2mms[22m[39m
2026-10-10T01:31:25.2348223Z  [32m✓[39m src/main/blockchain/__tests__/rpc-manager.test.js [2m([22m[2m7 tests[22m[2m)[22m[32m 11[2mms[22m[39m
2026-10-10T01:31:25.6289455Z  [32m✓[39m src/main/social/__tests__/channel-manager-sign-failclosed.test.js [2m([22m[2m5 tests[22m[2m)[22m[32m 8[2mms[22m[39m
2026-10-10T01:31:25.8183945Z  [32m✓[39m src/main/ai-engine/cowork/skills/__tests__/v1.2.0-news-monitor.test.js [2m([22m[2m9 tests[22m[2m)[22m[33m 561[2mms[22m[39m
2026-10-10T01:31:25.8185163Z        [33m[2m✓[22m[39m should attempt to fetch news (may fail without network) [33m 552[2mms[22m[39m
2026-10-10T01:31:26.0394041Z  [32m✓[39m src/renderer/stores/__tests__/taskBoard.reports.test.ts [2m([22m[2m5 tests[22m[2m)[22m[32m 10[2mms[22m[39m
2026-10-10T01:31:26.3050442Z  [32m✓[39m src/main/remote/handlers/__tests__/application-handler-injection.test.js [2m([22m[2m6 tests[22m[2m)[22m[32m 9[2mms[22m[39m
2026-10-10T01:31:26.5249976Z  [32m✓[39m tests/unit/composables/keyboard-shortcuts.test.ts [2m([22m[2m5 tests[22m[2m)[22m[32m 24[2mms[22m[39m
2026-10-10T01:31:26.7850308Z  [32m✓[39m tests/unit/api/email-credential-store.test.js [2m([22m[2m4 tests[22m[2m)[22m[32m 7[2mms[22m[39m
2026-10-10T01:31:26.9951392Z  [32m✓[39m src/main/blockchain/__tests__/transaction-monitor-reentrancy.test.js [2m([22m[2m3 tests[22m[2m)[22m[32m 5[2mms[22m[39m
2026-10-10T01:31:27.2473850Z  [32m✓[39m tests/unit/ai-engine/extended-tools-vision.test.js [2m([22m[2m5 tests[22m[2m | [22m[33m1 skipped[39m[2m)[22m[32m 19[2mms[22m[39m
2026-10-10T01:31:27.4868816Z  [32m✓[39m src/main/p2p/__tests__/signaling-handlers.test.js [2m([22m[2m4 tests[22m[2m)[22m[32m 9[2mms[22m[39m
2026-10-10T01:31:27.7068833Z  [32m✓[39m src/main/database/__tests__/db-encryption-flag.test.js [2m([22m[2m7 tests[22m[2m)[22m[32m 8[2mms[22m[39m
2026-10-10T01:31:27.9671052Z  [32m✓[39m src/main/personal-data-hub/__tests__/sync-result.test.js [2m([22m[2m6 tests[22m[2m)[22m[32m 11[2mms[22m[39m
2026-10-10T01:31:28.2049464Z  [32m✓[39m tests/unit/utils/speech-optimizer.test.ts [2m([22m[2m6 tests[22m[2m)[22m[32m 6[2mms[22m[39m
2026-10-10T01:31:28.4522727Z  [32m✓[39m src/main/organization/__tests__/org-p2p-network-lifecycle.test.js [2m([22m[2m2 tests[22m[2m)[22m[32m 8[2mms[22m[39m
2026-10-10T01:31:28.7055023Z  [32m✓[39m tests/unit/components/transactionTimelineUtils.test.js [2m([22m[2m9 tests[22m[2m)[22m[32m 19[2mms[22m[39m
2026-10-10T01:31:28.9854451Z  [32m✓[39m tests/unit/utils/code-splitting.test.ts [2m([22m[2m6 tests[22m[2m)[22m[32m 39[2mms[22m[39m
2026-10-10T01:31:29.1968041Z  [32m✓[39m src/renderer/shell-preview/services/__tests__/flatToTree.test.ts [2m([22m[2m8 tests[22m[2m)[22m[32m 13[2mms[22m[39m
2026-10-10T01:31:29.5204815Z  [32m✓[39m tests/unit/composables/responsive.test.ts [2m([22m[2m5 tests[22m[2m)[22m[32m 40[2mms[22m[39m
2026-10-10T01:31:29.7332515Z  [32m✓[39m src/main/llm/__tests__/volcengine-tool-success-projection.test.js [2m([22m[2m4 tests[22m[2m)[22m[32m 6[2mms[22m[39m
2026-10-10T01:31:30.0738390Z  [32m✓[39m tests/unit/composables/multimedia-i18n.test.ts [2m([22m[2m9 tests[22m[2m)[22m[32m 9[2mms[22m[39m
2026-10-10T01:31:30.2114145Z  [32m✓[39m tests/unit/components/mcpSettingsUtils.test.js [2m([22m[2m8 tests[22m[2m)[22m[32m 10[2mms[22m[39m
2026-10-10T01:31:30.5784402Z  [32m✓[39m tests/unit/components/tradeTransactionListUtils.test.js [2m([22m[2m17 tests[22m[2m)[22m[32m 29[2mms[22m[39m
2026-10-10T01:31:30.6614514Z  [32m✓[39m tests/unit/security/security-latent-fixes.test.js [2m([22m[2m3 tests[22m[2m)[22m[32m 5[2mms[22m[39m
2026-10-10T01:31:31.0408397Z  [32m✓[39m tests/unit/ai-engine/multi-agent/multi-agent-ipc.test.js [2m([22m[2m3 tests[22m[2m)[22m[32m 6[2mms[22m[39m
2026-10-10T01:31:31.1288697Z  [32m✓[39m tests/unit/components/invitationLinkManagerUtils.test.js [2m([22m[2m8 tests[22m[2m)[22m[32m 11[2mms[22m[39m
2026-10-10T01:31:31.5028216Z  [32m✓[39m tests/unit/web-shell/pair-ack-injection-guard.test.js [2m([22m[2m5 tests[22m[2m)[22m[32m 6[2mms[22m[39m
2026-10-10T01:31:31.6018517Z  [32m✓[39m tests/unit/pages/marketPageUtils.test.js [2m([22m[2m9 tests[22m[2m)[22m[32m 8[2mms[22m[39m
2026-10-10T01:31:31.9908164Z  [32m✓[39m tests/unit/plugins/plugin-log-redaction.test.js [2m([22m[2m3 tests[22m[2m)[22m[32m 11[2mms[22m[39m
2026-10-10T01:31:32.4884163Z  [32m✓[39m tests/unit/enterprise/capability-ipc.test.js [2m([22m[2m2 tests[22m[2m)[22m[32m 6[2mms[22m[39m
2026-10-10T01:31:32.7798651Z  [32m✓[39m src/renderer/components/chat/governed-knowledge-review-utils.test.js [2m([22m[2m4 tests[22m[2m)[22m[32m 5[2mms[22m[39m
2026-10-10T01:31:32.9615481Z  [32m✓[39m src/main/organization/__tests__/did-invitation-manager-lifecycle.test.js [2m([22m[2m3 tests[22m[2m)[22m[32m 7[2mms[22m[39m
2026-10-10T01:31:33.2395903Z  [32m✓[39m src/main/ai-engine/agents/__tests__/agents-ipc-registry-contract.test.js [2m([22m[2m3 tests[22m[2m)[22m[32m 7[2mms[22m[39m
2026-10-10T01:31:33.4305446Z  [32m✓[39m tests/unit/components/assetHistoryUtils.test.js [2m([22m[2m7 tests[22m[2m)[22m[32m 15[2mms[22m[39m
2026-10-10T01:31:33.7296754Z  [32m✓[39m src/main/plugins/__tests__/plugin-api-model-egress.test.js [2m([22m[2m9 tests[22m[2m)[22m[32m 14[2mms[22m[39m
2026-10-10T01:31:33.9143816Z  [32m✓[39m src/main/ai-engine/cowork/__tests__/federation-hardening-circuit.test.js [2m([22m[2m5 tests[22m[2m)[22m[32m 9[2mms[22m[39m
2026-10-10T01:31:34.2308659Z  [32m✓[39m src/main/ai-engine/cowork/skills/__tests__/v1.2.0-tavily-search.test.js [2m([22m[2m6 tests[22m[2m)[22m[32m 11[2mms[22m[39m
2026-10-10T01:31:34.4070000Z  [32m✓[39m src/main/browser/__tests__/browser-compat-log-redaction.test.js [2m([22m[2m2 tests[22m[2m)[22m[32m 15[2mms[22m[39m
2026-10-10T01:31:34.7329305Z  [32m✓[39m tests/unit/api/email-ipc-boundaries.test.js [2m([22m[2m4 tests[22m[2m)[22m[32m 8[2mms[22m[39m
2026-10-10T01:31:34.9078652Z  [32m✓[39m src/main/audit/__tests__/data-classifier.test.js [2m([22m[2m7 tests[22m[2m)[22m[32m 9[2mms[22m[39m
2026-10-10T01:31:35.2488826Z  [32m✓[39m tests/unit/components/recordingPanelUtils.test.js [2m([22m[2m8 tests[22m[2m)[22m[32m 16[2mms[22m[39m
2026-10-10T01:31:35.4286684Z  [32m✓[39m tests/unit/utils/image-optimization.test.ts [2m([22m[2m4 tests[22m[2m)[22m[32m 10[2mms[22m[39m
2026-10-10T01:31:35.7950535Z  [32m✓[39m src/main/project/__tests__/stats-collector.test.js [2m([22m[2m6 tests[22m[2m)[22m[32m 12[2mms[22m[39m
2026-10-10T01:31:35.9411104Z  [32m✓[39m src/main/ipc/__tests__/degraded-registry.test.js [2m([22m[2m6 tests[22m[2m)[22m[32m 7[2mms[22m[39m
2026-10-10T01:31:36.3458160Z  [32m✓[39m src/main/plugins/__tests__/update-manager-error-boundary.test.js [2m([22m[2m3 tests[22m[2m)[22m[32m 12[2mms[22m[39m
2026-10-10T01:31:36.4639970Z  [32m✓[39m tests/unit/ai-engine/humanizer-handler.test.js [2m([22m[2m6 tests[22m[2m)[22m[32m 20[2mms[22m[39m
2026-10-10T01:31:36.8686123Z  [32m✓[39m src/main/quantization/__tests__/quantizer-process-broker.test.js [2m([22m[2m2 tests[22m[2m)[22m[32m 9[2mms[22m[39m
2026-10-10T01:31:36.9903181Z  [32m✓[39m tests/unit/main/terminal/RingBuffer.test.js [2m([22m[2m7 tests[22m[2m)[22m[32m 8[2mms[22m[39m
2026-10-10T01:31:37.4248376Z  [32m✓[39m src/main/marketplace/__tests__/plugin-updater-compare.test.js [2m([22m[2m5 tests[22m[2m)[22m[32m 10[2mms[22m[39m
2026-10-10T01:31:37.5062745Z  [32m✓[39m src/renderer/pages/__tests__/aiChatPageWorktreeUtils.test.js [2m([22m[2m6 tests[22m[2m)[22m[32m 5[2mms[22m[39m
2026-10-10T01:31:37.9047929Z  [32m✓[39m tests/unit/ai-engine/extended-tools-addtime.test.js [2m([22m[2m8 tests[22m[2m)[22m[32m 9[2mms[22m[39m
2026-10-10T01:31:38.0008838Z  [32m✓[39m tests/unit/ai-engine/multi-model-router-handler.test.js [2m([22m[2m6 tests[22m[2m)[22m[32m 24[2mms[22m[39m
2026-10-10T01:31:38.4078342Z  [32m✓[39m tests/unit/ai-engine/cron-scheduler-handler.test.js [2m([22m[2m8 tests[22m[2m)[22m[32m 28[2mms[22m[39m
2026-10-10T01:31:38.4979794Z  [32m✓[39m src/main/git/conflict-resolution/__tests__/conflict-resolver-learn-cache.test.js [2m([22m[2m2 tests[22m[2m)[22m[32m 8[2mms[22m[39m
2026-10-10T01:31:38.8768457Z  [32m✓[39m src/main/audit/__tests__/enterprise-audit-logger-preview.test.js [2m([22m[2m2 tests[22m[2m)[22m[32m 6[2mms[22m[39m
2026-10-10T01:31:38.9992247Z  [32m✓[39m tests/unit/components/transactionDetailModalUtils.test.js [2m([22m[2m8 tests[22m[2m)[22m[32m 15[2mms[22m[39m
2026-10-10T01:31:39.3668563Z  [32m✓[39m tests/unit/remote/browser-extension/handlers/lifecycle-log-bounds.test.js [2m([22m[2m2 tests[22m[2m)[22m[32m 8[2mms[22m[39m
2026-10-10T01:31:39.4805869Z  [32m✓[39m src/main/ai-engine/code-agent/__tests__/coding-agent-production-surface.test.js [2m([22m[2m2 tests[22m[2m)[22m[32m 6[2mms[22m[39m
2026-10-10T01:31:39.8938314Z  [32m✓[39m tests/unit/utils/performance-benchmark.test.ts [2m([22m[2m6 tests[22m[2m)[22m[32m 11[2mms[22m[39m
2026-10-10T01:31:39.9882215Z  [32m✓[39m tests/unit/stores/reputationOptimizer.test.ts [2m([22m[2m7 tests[22m[2m)[22m[32m 13[2mms[22m[39m
2026-10-10T01:31:40.4048835Z  [32m✓[39m src/main/memory/__tests__/usage-report-generator.test.js [2m([22m[2m4 tests[22m[2m)[22m[32m 9[2mms[22m[39m
2026-10-10T01:31:40.5028541Z  [32m✓[39m src/renderer/router/__tests__/v6-shell-default.test.ts [2m([22m[2m9 tests[22m[2m)[22m[32m 14[2mms[22m[39m
2026-10-10T01:31:40.8910012Z  [32m✓[39m src/main/context-memory/__tests__/authority.test.js [2m([22m[2m3 tests[22m[2m)[22m[32m 8[2mms[22m[39m
2026-10-10T01:31:40.9981289Z  [32m✓[39m tests/unit/pages/organizationMembersPageUtils.test.js [2m([22m[2m9 tests[22m[2m)[22m[32m 16[2mms[22m[39m
2026-10-10T01:31:41.3855998Z  [32m✓[39m tests/unit/stores/stressTest.test.ts [2m([22m[2m7 tests[22m[2m)[22m[32m 14[2mms[22m[39m
2026-10-10T01:31:41.5046644Z  [32m✓[39m tests/unit/ai-engine/cowork/pr-reviewer-injection.test.js [2m([22m[2m4 tests[22m[2m)[22m[32m 8[2mms[22m[39m
2026-10-10T01:31:41.8888429Z  [32m✓[39m tests/unit/monitoring/chromium-log-privacy.test.js [2m([22m[2m3 tests[22m[2m)[22m[32m 8[2mms[22m[39m
2026-10-10T01:31:42.0450699Z  [32m✓[39m src/main/ai-engine/workflow/__tests__/workflow-engine-eviction.test.js [2m([22m[2m4 tests[22m[2m)[22m[32m 14[2mms[22m[39m
2026-10-10T01:31:42.1265901Z  [32m✓[39m src/main/audit/__tests__/dlp-policy.test.js [2m([22m[2m3 tests[22m[2m)[22m[32m 5[2mms[22m[39m
2026-10-10T01:31:42.5139639Z  [32m✓[39m tests/unit/api/rss-bounded-text-fetcher.test.js [2m([22m[2m2 tests[22m[2m)[22m[32m 9[2mms[22m[39m
2026-10-10T01:31:42.6102866Z  [32m✓[39m src/main/ai-engine/cowork/__tests__/prompt-active-release-ipc.test.js [2m([22m[2m2 tests[22m[2m)[22m[32m 6[2mms[22m[39m
2026-10-10T01:31:43.0115332Z  [32m✓[39m src/main/p2p/__tests__/mobile-command-log.test.js [2m([22m[2m3 tests[22m[2m)[22m[32m 6[2mms[22m[39m
2026-10-10T01:31:43.1031824Z  [32m✓[39m tests/unit/stores/aiSocialEnhancement.test.ts [2m([22m[2m4 tests[22m[2m)[22m[32m 8[2mms[22m[39m
2026-10-10T01:31:43.5325742Z  [32m✓[39m tests/unit/marketplace/token-ledger.test.js [2m([22m[2m8 tests[22m[2m)[22m[32m 19[2mms[22m[39m
2026-10-10T01:31:43.5945562Z  [32m✓[39m src/main/memory/__tests__/auto-backup-manager-schedule.test.js [2m([22m[2m3 tests[22m[2m)[22m[32m 5[2mms[22m[39m
2026-10-10T01:31:44.0409322Z  [32m✓[39m tests/unit/remote/remote-error-disclosure-boundary.test.js [2m([22m[2m3 tests[22m[2m)[22m[32m 11[2mms[22m[39m
2026-10-10T01:31:44.0889868Z  [32m✓[39m src/main/ai-engine/__tests__/extended-tools-model-egress.test.js [2m([22m[2m3 tests[22m[2m)[22m[32m 7[2mms[22m[39m
2026-10-10T01:31:44.5488461Z  [32m✓[39m tests/unit/plugins/permission-dialog-backpressure.test.js [2m([22m[2m3 tests[22m[2m)[22m[32m 22[2mms[22m[39m
2026-10-10T01:31:44.5828479Z  [32m✓[39m src/main/image-gen/__tests__/image-gen-evolution-ingress.test.js [2m([22m[2m2 tests[22m[2m)[22m[32m 9[2mms[22m[39m
2026-10-10T01:31:45.0504791Z  [32m✓[39m src/main/ai-engine/code-agent/__tests__/desktop-packaged-graph-fixture.test.js [2m([22m[2m2 tests[22m[2m)[22m[32m 4[2mms[22m[39m
2026-10-10T01:31:45.0733012Z  [32m✓[39m src/main/ai-engine/__tests__/extended-tools-datascience-process-broker.test.js [2m([22m[2m2 tests[22m[2m)[22m[32m 62[2mms[22m[39m
2026-10-10T01:31:45.5215252Z  [32m✓[39m tests/unit/ai-engine/cowork/k8s-deployer-injection.test.js [2m([22m[2m4 tests[22m[2m)[22m[32m 7[2mms[22m[39m
2026-10-10T01:31:45.5313610Z  [32m✓[39m tests/unit/stores/evoMapGovernance.test.ts [2m([22m[2m4 tests[22m[2m)[22m[32m 9[2mms[22m[39m
2026-10-10T01:31:45.7388256Z  [32m✓[39m src/main/rag/__tests__/memory-analytics.test.js [2m([22m[2m2 tests[22m[2m)[22m[32m 4[2mms[22m[39m
2026-10-10T01:31:46.3436643Z  [32m✓[39m src/main/ipc/__tests__/personal-data-hub-evolution-ingress.test.js [2m([22m[2m2 tests[22m[2m)[22m[32m 8[2mms[22m[39m
2026-10-10T01:31:46.6857101Z  [32m✓[39m tests/unit/components/AdditionalToolsStats.smoke.test.js [2m([22m[2m1 test[22m[2m)[22m[32m 37[2mms[22m[39m
2026-10-10T01:31:46.7985133Z  [32m✓[39m tests/unit/stores/protocolFusion.test.ts [2m([22m[2m4 tests[22m[2m)[22m[32m 7[2mms[22m[39m
2026-10-10T01:31:47.1778470Z  [32m✓[39m src/main/bootstrap/__tests__/social-manager-lifecycle.test.js [2m([22m[2m3 tests[22m[2m)[22m[32m 13[2mms[22m[39m
2026-10-10T01:31:47.2868200Z  [32m✓[39m tests/unit/components/imageUploadUtils.test.js [2m([22m[2m9 tests[22m[2m)[22m[32m 16[2mms[22m[39m
2026-10-10T01:31:47.6790931Z  [32m✓[39m tests/unit/components/taskCardUtils.test.js [2m([22m[2m9 tests[22m[2m)[22m[32m 23[2mms[22m[39m
2026-10-10T01:31:47.7645595Z  [32m✓[39m tests/unit/stores/federationHardening.test.ts [2m([22m[2m6 tests[22m[2m)[22m[32m 9[2mms[22m[39m
2026-10-10T01:31:48.1588291Z  [32m✓[39m src/main/browser/__tests__/browser-diagnostic-log-wiring.test.js [2m([22m[2m2 tests[22m[2m)[22m[32m 8[2mms[22m[39m
2026-10-10T01:31:48.2581288Z  [32m✓[39m tests/unit/stores/hsmAdapter.test.ts [2m([22m[2m4 tests[22m[2m)[22m[32m 8[2mms[22m[39m
2026-10-10T01:31:48.6728421Z  [32m✓[39m src/main/bootstrap/__tests__/hooks-initializer.test.js [2m([22m[2m2 tests[22m[2m)[22m[32m 8[2mms[22m[39m
2026-10-10T01:31:48.7893185Z  [32m✓[39m tests/unit/auth/sso-session-cache-eviction.test.js [2m([22m[2m3 tests[22m[2m)[22m[32m 6[2mms[22m[39m
2026-10-10T01:31:49.2552289Z  [32m✓[39m tests/unit/remote/remote-ipc-error-boundary.test.js [2m([22m[2m3 tests[22m[2m)[22m[32m 12[2mms[22m[39m
2026-10-10T01:31:49.3445495Z  [32m✓[39m tests/unit/pages/commandLogsPageUtils.test.js [2m([22m[2m10 tests[22m[2m)[22m[32m 11[2mms[22m[39m
2026-10-10T01:31:49.7518435Z  [32m✓[39m src/main/project/__tests__/project-config-path-security.test.js [2m([22m[2m4 tests[22m[2m)[22m[32m 10[2mms[22m[39m
2026-10-10T01:31:49.8508801Z  [32m✓[39m tests/unit/components/taskDetailUtils.test.js [2m([22m[2m6 tests[22m[2m)[22m[32m 16[2mms[22m[39m
2026-10-10T01:31:50.2505202Z  [32m✓[39m tests/unit/ai-engine/color-picker-handler.test.js [2m([22m[2m6 tests[22m[2m)[22m[32m 22[2mms[22m[39m
2026-10-10T01:31:50.3815099Z  [32m✓[39m tests/unit/components/contractDetailUtils.test.js [2m([22m[2m7 tests[22m[2m)[22m[32m 20[2mms[22m[39m
2026-10-10T01:31:50.7544888Z  [32m✓[39m tests/unit/ai-engine/inference-node-registry.test.js [2m([22m[2m7 tests[22m[2m)[22m[32m 14[2mms[22m[39m
2026-10-10T01:31:50.9116764Z  [32m✓[39m tests/unit/pages/enterpriseDashboardUtils.test.js [2m([22m[2m8 tests[22m[2m)[22m[32m 23[2mms[22m[39m
2026-10-10T01:31:51.1142195Z  [32m✓[39m src/main/p2p/__tests__/message-manager.test.js [2m([22m[2m3 tests[22m[2m)[22m[32m 6[2mms[22m[39m
2026-10-10T01:31:51.2688903Z  [32m✓[39m src/main/p2p/__tests__/knowledge-sync-progress.test.js [2m([22m[2m3 tests[22m[2m)[22m[32m 5[2mms[22m[39m
2026-10-10T01:31:51.6178572Z  [32m✓[39m tests/unit/pages/organizationActivityLogPageUtils.test.js [2m([22m[2m7 tests[22m[2m)[22m[32m 9[2mms[22m[39m
2026-10-10T01:31:51.8198588Z  [32m✓[39m tests/unit/stores/pqcEcosystem.test.ts [2m([22m[2m4 tests[22m[2m)[22m[32m 19[2mms[22m[39m
2026-10-10T01:31:52.1997045Z  [32m✓[39m src/main/ipfs/__tests__/ipfs-boundaries.test.js [2m([22m[2m4 tests[22m[2m)[22m[32m 7[2mms[22m[39m
2026-10-10T01:31:52.6098686Z  [32m✓[39m src/renderer/shell-preview/widgets/__tests__/widget-registry.test.ts [2m([22m[2m5 tests[22m[2m)[22m[32m 7[2mms[22m[39m
2026-10-10T01:31:52.7132650Z  [32m✓[39m tests/unit/stores/antiCensorship.test.ts [2m([22m[2m4 tests[22m[2m)[22m[32m 10[2mms[22m[39m
2026-10-10T01:31:53.1304339Z  [32m✓[39m src/main/engines/__tests__/code-executor-process-broker.test.js [2m([22m[2m2 tests[22m[2m)[22m[32m 9[2mms[22m[39m
2026-10-10T01:31:53.2224833Z  [32m✓[39m src/main/speech/__tests__/edge-tts-client.test.js [2m([22m[2m3 tests[22m[2m)[22m[32m 10[2mms[22m[39m
2026-10-10T01:31:53.6218621Z  [32m✓[39m src/main/collaboration/__tests__/insert-comment-markers.test.js [2m([22m[2m6 tests[22m[2m)[22m[32m 7[2mms[22m[39m
2026-10-10T01:31:53.7168564Z  [32m✓[39m tests/unit/components/additionalToolsStatsUtils.test.js [2m([22m[2m8 tests[22m[2m)[22m[32m 9[2mms[22m[39m
2026-10-10T01:31:54.1469796Z  [32m✓[39m src/main/config/__tests__/settings-manager-watcher.test.js [2m([22m[2m3 tests[22m[2m)[22m[32m 9[2mms[22m[39m
2026-10-10T01:31:54.2289099Z  [32m✓[39m src/main/remote/handlers/__tests__/power-handler-delay-injection.test.js [2m([22m[2m2 tests[22m[2m)[22m[32m 7[2mms[22m[39m
2026-10-10T01:31:54.6593564Z  [32m✓[39m tests/unit/components/taskExecutionMonitorUtils.test.js [2m([22m[2m7 tests[22m[2m)[22m[32m 22[2mms[22m[39m
2026-10-10T01:31:54.7180222Z  [32m✓[39m tests/unit/pages/toolManagementUtils.test.js [2m([22m[2m7 tests[22m[2m)[22m[32m 8[2mms[22m[39m
2026-10-10T01:31:55.1638694Z  [32m✓[39m src/main/permission/__tests__/permission-engine-cache.test.js [2m([22m[2m5 tests[22m[2m)[22m[32m 7[2mms[22m[39m
2026-10-10T01:31:55.2007351Z  [32m✓[39m src/main/ai-engine/cowork/__tests__/screen-recorder-cache.test.js [2m([22m[2m4 tests[22m[2m)[22m[32m 7[2mms[22m[39m
2026-10-10T01:31:55.7071368Z  [32m✓[39m src/main/mcp/__tests__/mcp-security-policy-path-match.test.js [2m([22m[2m4 tests[22m[2m)[22m[32m 6[2mms[22m[39m
2026-10-10T01:31:55.7310933Z  [32m✓[39m src/main/rag/__tests__/rag-manager-dedup.test.js [2m([22m[2m5 tests[22m[2m)[22m[32m 9[2mms[22m[39m
2026-10-10T01:31:56.2144265Z  [32m✓[39m tests/unit/pages/useAiChatHarnessGraph.test.js [2m([22m[2m2 tests[22m[2m)[22m[32m 8[2mms[22m[39m
2026-10-10T01:31:56.2274896Z  [32m✓[39m src/main/speech/__tests__/local-tts-process-broker.test.js [2m([22m[2m2 tests[22m[2m)[22m[32m 9[2mms[22m[39m
2026-10-10T01:31:56.7564300Z  [32m✓[39m src/renderer/utils/__tests__/sanitizeHtml.test.ts [2m([22m[2m11 tests[22m[2m)[22m[32m 31[2mms[22m[39m
2026-10-10T01:31:56.8049017Z  [32m✓[39m src/main/ai-engine/agents/__tests__/agent-coordinator-eviction.test.js [2m([22m[2m4 tests[22m[2m)[22m[32m 9[2mms[22m[39m
2026-10-10T01:31:57.2378472Z  [32m✓[39m src/main/ai-engine/cowork/__tests__/webhook-manager.test.js [2m([22m[2m2 tests[22m[2m)[22m[32m 10[2mms[22m[39m
2026-10-10T01:31:57.3038611Z  [32m✓[39m src/main/collaboration/__tests__/collaboration-manager-release-doc.test.js [2m([22m[2m4 tests[22m[2m)[22m[32m 6[2mms[22m[39m
2026-10-10T01:31:57.7308508Z  [32m✓[39m tests/unit/api/rss-email-production-wiring.test.js [2m([22m[2m3 tests[22m[2m)[22m[32m 7[2mms[22m[39m
2026-10-10T01:31:57.8358266Z  [32m✓[39m tests/unit/components/knowledgeVersionHistoryUtils.test.js [2m([22m[2m8 tests[22m[2m)[22m[32m 23[2mms[22m[39m
2026-10-10T01:31:58.2518443Z  [32m✓[39m tests/unit/p2p/knowledge-sync-order-by-injection.test.js [2m([22m[2m2 tests[22m[2m)[22m[32m 6[2mms[22m[39m
2026-10-10T01:31:58.3521461Z  [32m✓[39m tests/unit/shell/enterpriseAuditPanelUtils.test.js [2m([22m[2m7 tests[22m[2m)[22m[32m 10[2mms[22m[39m
2026-10-10T01:31:58.5578812Z  [32m✓[39m tests/unit/video/volcengine-video.test.js [2m([22m[2m2 tests[22m[2m)[22m[32m 6[2mms[22m[39m
2026-10-10T01:31:58.7959790Z  [32m✓[39m tests/unit/mcp/mcp-egress-policy.test.js [2m([22m[2m11 tests[22m[2m)[22m[32m 16[2mms[22m[39m
2026-10-10T01:31:59.0708781Z  [32m✓[39m tests/unit/stores/trustRoot.test.ts [2m([22m[2m4 tests[22m[2m)[22m[32m 7[2mms[22m[39m
2026-10-10T01:31:59.3165056Z  [32m✓[39m tests/unit/components/workflowProgressUtils.test.js [2m([22m[2m9 tests[22m[2m)[22m[32m 8[2mms[22m[39m
2026-10-10T01:31:59.5508354Z  [32m✓[39m src/main/ai-engine/__tests__/response-parser-path-boundary.test.js [2m([22m[2m3 tests[22m[2m)[22m[32m 4[2mms[22m[39m
2026-10-10T01:31:59.8277606Z  [32m✓[39m src/main/p2p/__tests__/signaling-ipc.test.js [2m([22m[2m2 tests[22m[2m)[22m[32m 8[2mms[22m[39m
2026-10-10T01:32:00.0812072Z  [32m✓[39m src/main/cowork/integrations/__tests__/llm-integration.test.js [2m([22m[2m5 tests[22m[2m)[22m[32m 10[2mms[22m[39m
2026-10-10T01:32:00.3702507Z  [32m✓[39m tests/unit/stores/evoMapFederation.test.ts [2m([22m[2m3 tests[22m[2m)[22m[32m 8[2mms[22m[39m
2026-10-10T01:32:00.6053875Z  [32m✓[39m src/main/evolution/__tests__/artifact-lifecycle-ipc.test.js [2m([22m[2m3 tests[22m[2m)[22m[32m 6[2mms[22m[39m
2026-10-10T01:32:00.9143940Z  [32m✓[39m src/main/ai-engine/agents/__tests__/agent-coordinator-sessions-eviction.test.js [2m([22m[2m3 tests[22m[2m)[22m[32m 9[2mms[22m[39m
2026-10-10T01:32:01.1246683Z  [32m✓[39m src/main/ai-engine/code-agent/__tests__/desktop-graph-run-registry.test.js [2m([22m[2m2 tests[22m[2m)[22m[32m 4[2mms[22m[39m
2026-10-10T01:32:01.4325728Z  [32m✓[39m src/renderer/stores/__tests__/activeContext.test.ts [2m([22m[2m4 tests[22m[2m)[22m[32m 9[2mms[22m[39m
2026-10-10T01:32:01.6186622Z  [32m✓[39m tests/unit/ai-engine/cowork/git-worktree-injection.test.js [2m([22m[2m3 tests[22m[2m)[22m[32m 5[2mms[22m[39m
2026-10-10T01:32:01.9238256Z  [32m✓[39m tests/unit/mcp/mcp-stdio-transport-boundary.test.js [2m([22m[2m3 tests[22m[2m)[22m[32m 5[2mms[22m[39m
2026-10-10T01:32:02.1292672Z  [32m✓[39m tests/unit/components/escrowDetailUtils.test.js [2m([22m[2m5 tests[22m[2m)[22m[32m 16[2mms[22m[39m
2026-10-10T01:32:02.4355202Z  [32m✓[39m tests/unit/components/assetDetailUtils.test.js [2m([22m[2m5 tests[22m[2m)[22m[32m 7[2mms[22m[39m
2026-10-10T01:32:02.6618438Z  [32m✓[39m tests/unit/components/vcManagementUtils.test.js [2m([22m[2m8 tests[22m[2m)[22m[32m 16[2mms[22m[39m
2026-10-10T01:32:03.0598260Z  [32m✓[39m tests/unit/components/teamDetailPanelUtils.test.js [2m([22m[2m6 tests[22m[2m)[22m[32m 8[2mms[22m[39m
2026-10-10T01:32:03.1703705Z  [32m✓[39m src/main/social/__tests__/group-chat-manager-membercount.test.js [2m([22m[2m1 test[22m[2m)[22m[32m 6[2mms[22m[39m
2026-10-10T01:32:03.5318564Z  [32m✓[39m tests/unit/api/notification-manager-boundaries.test.js [2m([22m[2m3 tests[22m[2m)[22m[32m 6[2mms[22m[39m
2026-10-10T01:32:03.6932494Z  [32m✓[39m tests/unit/components/memberListUtils.test.js [2m([22m[2m6 tests[22m[2m)[22m[32m 15[2mms[22m[39m
2026-10-10T01:32:04.0368004Z  [32m✓[39m tests/unit/components/contractCardUtils.test.js [2m([22m[2m6 tests[22m[2m)[22m[32m 23[2mms[22m[39m
2026-10-10T01:32:04.2082762Z  [32m✓[39m tests/unit/ai-engine/skill-metrics-collector-listener-cleanup.test.js [2m([22m[2m1 test[22m[2m)[22m[32m 4[2mms[22m[39m
2026-10-10T01:32:04.5482161Z  [32m✓[39m tests/unit/components/orderDetailUtils.test.js [2m([22m[2m5 tests[22m[2m)[22m[32m 14[2mms[22m[39m
2026-10-10T01:32:04.7272452Z  [32m✓[39m tests/unit/stores/decentralizedStorage.test.ts [2m([22m[2m3 tests[22m[2m)[22m[32m 11[2mms[22m[39m
2026-10-10T01:32:05.0719353Z  [32m✓[39m tests/unit/security/file-validator-svg-xss.test.js [2m([22m[2m2 tests[22m[2m)[22m[32m 7[2mms[22m[39m
2026-10-10T01:32:05.2298430Z  [32m✓[39m tests/unit/shell/complianceDashboardPanelUtils.test.js [2m([22m[2m7 tests[22m[2m)[22m[32m 16[2mms[22m[39m
2026-10-10T01:32:05.5638243Z  [32m✓[39m src/main/llm/__tests__/volcengine-models-privacy.test.js [2m([22m[2m2 tests[22m[2m)[22m[32m 5[2mms[22m[39m
2026-10-10T01:32:05.7267903Z  [32m✓[39m tests/unit/components/stageDetailUtils.test.js [2m([22m[2m7 tests[22m[2m)[22m[32m 9[2mms[22m[39m
2026-10-10T01:32:06.0814047Z  [32m✓[39m src/main/llm/__tests__/llm-selector-privacy.test.js [2m([22m[2m2 tests[22m[2m)[22m[32m 5[2mms[22m[39m
2026-10-10T01:32:06.2339190Z  [32m✓[39m src/main/ai-engine/__tests__/intent-classifier-keyword-escape.test.js [2m([22m[2m3 tests[22m[2m)[22m[32m 6[2mms[22m[39m
2026-10-10T01:32:06.5692934Z  [32m✓[39m tests/unit/api/rss-ipc-boundaries.test.js [2m([22m[2m3 tests[22m[2m)[22m[32m 5[2mms[22m[39m
2026-10-10T01:32:06.7684402Z  [32m✓[39m tests/unit/pages/projectDetailPageUtils.test.js [2m([22m[2m6 tests[22m[2m)[22m[32m 17[2mms[22m[39m
2026-10-10T01:32:07.2569185Z  [32m✓[39m tests/unit/components/taskDetailPanelUtils.test.js [2m([22m[2m5 tests[22m[2m)[22m[32m 16[2mms[22m[39m
2026-10-10T01:32:07.2667787Z  [32m✓[39m tests/unit/components/transactionListUtils.test.js [2m([22m[2m4 tests[22m[2m)[22m[32m 23[2mms[22m[39m
2026-10-10T01:32:07.7276068Z  [32m✓[39m tests/unit/components/enhancedFileTreeUtils.test.js [2m([22m[2m7 tests[22m[2m)[22m[32m 9[2mms[22m[39m
2026-10-10T01:32:07.9025041Z  [32m✓[39m tests/unit/ai-engine/extended-tools-office.test.js [2m([22m[2m4 tests[22m[2m | [22m[33m1 skipped[39m[2m)[22m[32m 177[2mms[22m[39m
2026-10-10T01:32:08.2005360Z  [32m✓[39m tests/unit/p2p/media-stream-bridge-backpressure.test.js [2m([22m[2m2 tests[22m[2m)[22m[32m 7[2mms[22m[39m
2026-10-10T01:32:08.3966680Z  [32m✓[39m tests/unit/utils/categoryMap.test.ts [2m([22m[2m5 tests[22m[2m)[22m[32m 7[2mms[22m[39m
2026-10-10T01:32:08.6992260Z  [32m✓[39m tests/unit/llm/instinct-order-by-injection.test.js [2m([22m[2m3 tests[22m[2m)[22m[32m 4[2mms[22m[39m
2026-10-10T01:32:08.8861754Z  [32m✓[39m tests/unit/p2p/connection-health-listener-cleanup.test.js [2m([22m[2m1 test[22m[2m)[22m[32m 5[2mms[22m[39m
2026-10-10T01:32:09.1937749Z  [32m✓[39m tests/unit/stores/satellite.test.ts [2m([22m[2m3 tests[22m[2m)[22m[32m 7[2mms[22m[39m
2026-10-10T01:32:09.3568162Z  [32m✓[39m tests/unit/utils/safe-date.test.js [2m([22m[2m4 tests[22m[2m)[22m[32m 5[2mms[22m[39m
2026-10-10T01:32:09.6996617Z  [32m✓[39m src/main/llm/__tests__/openai-client.test.js [2m([22m[2m2 tests[22m[2m)[22m[32m 6[2mms[22m[39m
2026-10-10T01:32:09.8398455Z  [32m✓[39m src/main/plugins/__tests__/marketplace-api-error-boundary.test.js [2m([22m[2m3 tests[22m[2m)[22m[32m 9[2mms[22m[39m
2026-10-10T01:32:10.2268403Z  [32m✓[39m tests/unit/utils/sql-order-by.test.js [2m([22m[2m4 tests[22m[2m)[22m[32m 7[2mms[22m[39m
2026-10-10T01:32:10.3400270Z  [32m✓[39m tests/unit/marketplace/contribution-tracker.test.js [2m([22m[2m6 tests[22m[2m)[22m[32m 14[2mms[22m[39m
2026-10-10T01:32:10.7268527Z  [32m✓[39m src/main/utils/__tests__/path-boundary.test.js [2m([22m[2m6 tests[22m[2m)[22m[32m 9[2mms[22m[39m
2026-10-10T01:32:10.8478017Z  [32m✓[39m src/renderer/composables/__tests__/useResponsive.test.ts [2m([22m[2m5 tests[22m[2m)[22m[32m 5[2mms[22m[39m
2026-10-10T01:32:11.2163958Z  [32m✓[39m tests/unit/renderer/safe-json-parse.test.js [2m([22m[2m5 tests[22m[2m)[22m[32m 5[2mms[22m[39m
2026-10-10T01:32:11.3560799Z  [32m✓[39m src/main/web-shell/handlers/__tests__/screenshot-handlers.test.js [2m([22m[2m1 test[22m[2m)[22m[32m 6[2mms[22m[39m
2026-10-10T01:32:11.7190080Z  [32m✓[39m tests/unit/ai-engine/inference-scheduler.test.js [2m([22m[2m7 tests[22m[2m)[22m[32m 12[2mms[22m[39m
2026-10-10T01:32:11.8714112Z  [32m✓[39m src/main/organization/__tests__/organization-manager-lifecycle.test.js [2m([22m[2m1 test[22m[2m)[22m[32m 6[2mms[22m[39m
2026-10-10T01:32:12.1913551Z  [32m✓[39m tests/unit/p2p/connection-pool-reacquire-active.test.js [2m([22m[2m1 test[22m[2m)[22m[32m 5[2mms[22m[39m
2026-10-10T01:32:12.3830594Z  [32m✓[39m tests/unit/marketplace/skill-invoker.test.js [2m([22m[2m6 tests[22m[2m)[22m[32m 18[2mms[22m[39m
2026-10-10T01:32:12.6747764Z  [32m✓[39m tests/unit/remote/p2p-command-adapter-backpressure.test.js [2m([22m[2m2 tests[22m[2m)[22m[32m 6[2mms[22m[39m
2026-10-10T01:32:12.8815865Z  [32m✓[39m tests/unit/monitoring/health-check-optional-docker.test.js [2m([22m[2m3 tests[22m[2m)[22m[32m 6[2mms[22m[39m
2026-10-10T01:32:13.1650553Z  [32m✓[39m tests/unit/api/rss-feed-normalizer.test.js [2m([22m[2m2 tests[22m[2m)[22m[32m 4[2mms[22m[39m
2026-10-10T01:32:13.3817238Z  [32m✓[39m tests/unit/p2p/device-sync-overflow-status-cleanup.test.js [2m([22m[2m1 test[22m[2m)[22m[32m 5[2mms[22m[39m
2026-10-10T01:32:13.6565493Z  [32m✓[39m tests/unit/ai-engine/cowork/backup-manager-traversal.test.js [2m([22m[2m2 tests[22m[2m)[22m[32m 4[2mms[22m[39m
2026-10-10T01:32:13.8557071Z  [32m✓[39m tests/unit/ai-engine/computer-use-bridge.test.js [2m([22m[2m1 test[22m[2m)[22m[32m 11[2mms[22m[39m
2026-10-10T01:32:14.1248841Z  [32m✓[39m src/main/mcp/transports/__tests__/jsonrpc-id.test.js [2m([22m[2m6 tests[22m[2m)[22m[32m 7[2mms[22m[39m
2026-10-10T01:32:14.6037970Z  [32m✓[39m tests/unit/components/gitHistoryDialogUtils.test.js [2m([22m[2m5 tests[22m[2m)[22m[32m 7[2mms[22m[39m
2026-10-10T01:32:14.6155008Z  [32m✓[39m tests/unit/components/orderCardUtils.test.js [2m([22m[2m5 tests[22m[2m)[22m[32m 14[2mms[22m[39m
2026-10-10T01:32:15.0863310Z  [32m✓[39m tests/unit/pages/organizationKnowledgePageUtils.test.js [2m([22m[2m7 tests[22m[2m)[22m[32m 7[2mms[22m[39m
2026-10-10T01:32:15.1108642Z  [32m✓[39m tests/unit/p2p/p2p-signal-driver-routing.test.js [2m([22m[2m3 tests[22m[2m)[22m[32m 6[2mms[22m[39m
2026-10-10T01:32:15.6281010Z  [32m✓[39m src/renderer/composables/__tests__/useMultimediaI18n.test.ts [2m([22m[2m5 tests[22m[2m)[22m[32m 6[2mms[22m[39m
2026-10-10T01:32:15.6387942Z  [32m✓[39m tests/unit/ai-engine/cowork/env-file-manager-traversal.test.js [2m([22m[2m3 tests[22m[2m)[22m[32m 5[2mms[22m[39m
2026-10-10T01:32:16.1488881Z  [32m✓[39m tests/unit/pages/taskMonitorUtils.test.js [2m([22m[2m5 tests[22m[2m)[22m[32m 7[2mms[22m[39m
2026-10-10T01:32:16.2333880Z  [32m✓[39m tests/unit/ai-engine/cowork/agent-pool.test.js [2m([22m[2m2 tests[22m[2m)[22m[32m 54[2mms[22m[39m
2026-10-10T01:32:16.7140725Z  [32m✓[39m src/main/social/__tests__/friend-manager-persist.test.js [2m([22m[2m2 tests[22m[2m)[22m[32m 7[2mms[22m[39m
2026-10-10T01:32:16.8055107Z  [32m✓[39m tests/unit/pages/externalDeviceBrowserUtils.test.js [2m([22m[2m6 tests[22m[2m)[22m[32m 5[2mms[22m[39m
2026-10-10T01:32:17.2278796Z  [32m✓[39m src/main/llm/__tests__/mistral-client.test.js [2m([22m[2m5 tests[22m[2m)[22m[32m 6[2mms[22m[39m
2026-10-10T01:32:17.3793751Z  [32m✓[39m src/main/mcp/__tests__/mcp-client-manager-latency.test.js [2m([22m[2m4 tests[22m[2m)[22m[32m 7[2mms[22m[39m
2026-10-10T01:32:17.7021174Z  [32m✓[39m tests/unit/components/virtualFileTreeUtils.test.js [2m([22m[2m5 tests[22m[2m)[22m[32m 6[2mms[22m[39m
2026-10-10T01:32:17.8731797Z  [32m✓[39m tests/unit/stores/tokenIncentive.test.ts [2m([22m[2m3 tests[22m[2m)[22m[32m 9[2mms[22m[39m
2026-10-10T01:32:18.2072571Z  [32m✓[39m tests/unit/pages/fileTransferPageUtils.test.js [2m([22m[2m4 tests[22m[2m)[22m[32m 21[2mms[22m[39m
2026-10-10T01:32:18.3924904Z  [32m✓[39m src/main/workflow/__tests__/workflow-ipc-graph-history.test.js [2m([22m[2m1 test[22m[2m)[22m[32m 7[2mms[22m[39m
2026-10-10T01:32:18.7340343Z  [32m✓[39m tests/unit/project/project-ai-ingress-governance.test.js [2m([22m[2m2 tests[22m[2m)[22m[32m 5[2mms[22m[39m
2026-10-10T01:32:18.8968983Z  [32m✓[39m tests/unit/remote/knowledge-workflow-handler-log-boundary.test.js [2m([22m[2m2 tests[22m[2m)[22m[32m 7[2mms[22m[39m
2026-10-10T01:32:19.2198709Z  [32m✓[39m tests/unit/stores/inferenceNetwork.test.ts [2m([22m[2m3 tests[22m[2m)[22m[32m 9[2mms[22m[39m
2026-10-10T01:32:19.4161078Z  [32m✓[39m src/main/crypto/__tests__/advanced-crypto-manager-cache.test.js [2m([22m[2m3 tests[22m[2m)[22m[32m 6[2mms[22m[39m
2026-10-10T01:32:19.7155402Z  [32m✓[39m tests/unit/ai-engine/cowork/create-pr-injection.test.js [2m([22m[2m2 tests[22m[2m)[22m[32m 6[2mms[22m[39m
2026-10-10T01:32:19.9058934Z  [32m✓[39m src/main/organization/__tests__/organization-manager-activity.test.js [2m([22m[2m1 test[22m[2m)[22m[32m 5[2mms[22m[39m
2026-10-10T01:32:20.2300655Z  [32m✓[39m tests/unit/pages/errorMonitorPageUtils.test.js [2m([22m[2m4 tests[22m[2m)[22m[32m 16[2mms[22m[39m
2026-10-10T01:32:20.4358776Z  [32m✓[39m src/renderer/utils/__tests__/chatHelpers.test.ts [2m([22m[2m6 tests[22m[2m)[22m[32m 33[2mms[22m[39m
2026-10-10T01:32:20.7305610Z  [32m✓[39m tests/unit/components/messageQueuePageUtils.test.js [2m([22m[2m5 tests[22m[2m)[22m[32m 14[2mms[22m[39m
2026-10-10T01:32:20.9596718Z  [32m✓[39m tests/unit/stores/skillService.test.ts [2m([22m[2m3 tests[22m[2m)[22m[32m 7[2mms[22m[39m
2026-10-10T01:32:21.2072179Z  [32m✓[39m src/main/p2p/__tests__/signaling-boundaries.test.js [2m([22m[2m3 tests[22m[2m)[22m[32m 6[2mms[22m[39m
2026-10-10T01:32:21.7228383Z  [32m✓[39m tests/unit/ipfs/ipfs-production-wiring.test.js [2m([22m[2m2 tests[22m[2m)[22m[32m 4[2mms[22m[39m
2026-10-10T01:32:21.7727591Z  [32m✓[39m tests/unit/renderer/shell/AdminShortcut.test.ts [2m([22m[2m2 tests[22m[2m)[22m[32m 35[2mms[22m[39m
2026-10-10T01:32:22.2437742Z  [32m✓[39m src/main/ai-engine/cowork/skills/__tests__/skills-ipc-surface.test.js [2m([22m[2m1 test[22m[2m)[22m[32m 7[2mms[22m[39m
2026-10-10T01:32:22.2578252Z  [32m✓[39m tests/unit/pages/projectManagementPageUtils.test.js [2m([22m[2m4 tests[22m[2m)[22m[32m 15[2mms[22m[39m
2026-10-10T01:32:22.7554123Z  [32m✓[39m src/main/runtime/__tests__/universal-runtime-cache.test.js [2m([22m[2m3 tests[22m[2m)[22m[32m 6[2mms[22m[39m
2026-10-10T01:32:22.7658234Z  [32m✓[39m src/main/browser/__tests__/element-locator-first.test.js [2m([22m[2m1 test[22m[2m)[22m[32m 5[2mms[22m[39m
2026-10-10T01:32:23.2488409Z  [32m✓[39m src/main/git/__tests__/ai-commit-message.test.js [2m([22m[2m2 tests[22m[2m)[22m[32m 7[2mms[22m[39m
2026-10-10T01:32:23.2797385Z  [32m✓[39m src/main/mcp/__tests__/mcp-performance-monitor-empty.test.js [2m([22m[2m2 tests[22m[2m)[22m[32m 7[2mms[22m[39m
2026-10-10T01:32:23.7592281Z  [32m✓[39m tests/unit/components/bridgeHistoryUtils.test.js [2m([22m[2m3 tests[22m[2m)[22m[32m 22[2mms[22m[39m
2026-10-10T01:32:23.7757255Z  [32m✓[39m tests/unit/pages/systemSettingsUtils.test.js [2m([22m[2m6 tests[22m[2m)[22m[32m 8[2mms[22m[39m
2026-10-10T01:32:24.2729898Z  [32m✓[39m src/main/project/__tests__/python-bridge.test.js [2m([22m[2m1 test[22m[2m)[22m[32m 10[2mms[22m[39m
2026-10-10T01:32:24.2827274Z  [32m✓[39m tests/unit/remote/system-handler-log-boundary.test.js [2m([22m[2m2 tests[22m[2m)[22m[32m 7[2mms[22m[39m
2026-10-10T01:32:24.7658769Z  [32m✓[39m src/main/remote/handlers/__tests__/android-file-handler-chunkindex.test.js [2m([22m[2m2 tests[22m[2m)[22m[32m 13[2mms[22m[39m
2026-10-10T01:32:24.7807185Z  [32m✓[39m src/main/memory/__tests__/behavior-tracker-ensuretables.test.js [2m([22m[2m1 test[22m[2m)[22m[32m 5[2mms[22m[39m
2026-10-10T01:32:25.2514010Z  [32m✓[39m tests/unit/components/recordingTimelineUtils.test.js [2m([22m[2m5 tests[22m[2m)[22m[32m 7[2mms[22m[39m
2026-10-10T01:32:25.2624521Z  [32m✓[39m tests/unit/components/graphDebugHistoryCrossProduct.test.js [2m([22m[2m1 test[22m[2m)[22m[32m 6[2mms[22m[39m
2026-10-10T01:32:25.7613377Z  [32m✓[39m tests/unit/renderer/shell/widget-registry.test.ts [2m([22m[2m5 tests[22m[2m)[22m[32m 8[2mms[22m[39m
2026-10-10T01:32:25.7777131Z  [32m✓[39m tests/unit/api/rss-fetcher-boundaries.test.js [2m([22m[2m3 tests[22m[2m)[22m[32m 6[2mms[22m[39m
2026-10-10T01:32:26.2488988Z  [32m✓[39m tests/unit/ai-engine/extended-tools-datascience.test.js [2m([22m[2m3 tests[22m[2m | [22m[33m1 skipped[39m[2m)[22m[32m 18[2mms[22m[39m
2026-10-10T01:32:26.2572351Z  [32m✓[39m tests/unit/collaboration/realtime-collab-destroy.test.js [2m([22m[2m1 test[22m[2m)[22m[32m 4[2mms[22m[39m
2026-10-10T01:32:26.7509740Z  [32m✓[39m tests/unit/components/p2pMessagingUtils.test.js [2m([22m[2m5 tests[22m[2m)[22m[32m 21[2mms[22m[39m
2026-10-10T01:32:26.7618941Z  [32m✓[39m src/main/remote/handlers/__tests__/media-handler-playsound-injection.test.js [2m([22m[2m2 tests[22m[2m)[22m[32m 7[2mms[22m[39m
2026-10-10T01:32:27.2439252Z  [32m✓[39m tests/unit/mcp/mcp-security-audit-store.test.js [2m([22m[2m1 test[22m[2m)[22m[32m 13[2mms[22m[39m
2026-10-10T01:32:27.2699053Z  [32m✓[39m tests/unit/components/GraphRunDebugger.wiring.test.js [2m([22m[2m4 tests[22m[2m)[22m[32m 6[2mms[22m[39m
2026-10-10T01:32:27.7472999Z  [32m✓[39m src/main/system/__tests__/menu-manager-process-broker.test.js [2m([22m[2m1 test[22m[2m)[22m[32m 7[2mms[22m[39m
2026-10-10T01:32:27.7759082Z  [32m✓[39m src/main/permission/__tests__/permission-engine-check-shape.test.js [2m([22m[2m2 tests[22m[2m)[22m[32m 6[2mms[22m[39m
2026-10-10T01:32:28.2117162Z  [32m✓[39m tests/unit/remote/browser-extension/extension-static-console-boundary.test.js [2m([22m[2m2 tests[22m[2m)[22m[32m 6[2mms[22m[39m
2026-10-10T01:32:28.2841380Z  [32m✓[39m src/main/project/__tests__/automation-manager-process-broker.test.js [2m([22m[2m1 test[22m[2m)[22m[32m 6[2mms[22m[39m
2026-10-10T01:32:28.5026333Z  [32m✓[39m tests/unit/media/vision-manager-governance.test.js [2m([22m[2m2 tests[22m[2m)[22m[32m 4[2mms[22m[39m
2026-10-10T01:32:28.7093058Z  [32m✓[39m src/main/sync/__tests__/field-mapper-knowledge-items.test.js [2m([22m[2m1 test[22m[2m)[22m[32m 4[2mms[22m[39m
2026-10-10T01:32:28.9897698Z  [32m✓[39m tests/unit/remote/browser-extension/background-webrtc-extraction.test.js [2m([22m[2m1 test[22m[2m)[22m[32m 4[2mms[22m[39m
2026-10-10T01:32:29.1773228Z  [32m✓[39m tests/unit/pages/collaborationPageUtils.test.js [2m([22m[2m4 tests[22m[2m)[22m[32m 7[2mms[22m[39m
2026-10-10T01:32:29.5101723Z  [32m✓[39m tests/unit/sync/group-chat-sync-cleanup-timer.test.js [2m([22m[2m1 test[22m[2m)[22m[32m 4[2mms[22m[39m
2026-10-10T01:32:29.7045206Z  [32m✓[39m tests/unit/remote/browser-extension/background-broadcast-extraction.test.js [2m([22m[2m1 test[22m[2m)[22m[32m 5[2mms[22m[39m
2026-10-10T01:32:30.0692059Z  [32m✓[39m tests/unit/remote/browser-extension/browser-extension-server-log-boundary.test.js [2m([22m[2m2 tests[22m[2m)[22m[32m 5[2mms[22m[39m
2026-10-10T01:32:30.2663376Z  [32m✓[39m tests/unit/knowledge/collaboration-session-cleanup-timer.test.js [2m([22m[2m1 test[22m[2m)[22m[32m 5[2mms[22m[39m
2026-10-10T01:32:30.5752184Z  [32m✓[39m tests/unit/remote/user-browser-handler-log-boundary.test.js [2m([22m[2m2 tests[22m[2m)[22m[32m 4[2mms[22m[39m
2026-10-10T01:32:30.7638651Z  [32m✓[39m tests/unit/remote/storage-handler-log-boundary.test.js [2m([22m[2m2 tests[22m[2m)[22m[32m 5[2mms[22m[39m
2026-10-10T01:32:31.0871309Z  [32m✓[39m tests/unit/remote/p2p-command-adapter-log-boundary.test.js [2m([22m[2m2 tests[22m[2m)[22m[32m 6[2mms[22m[39m
2026-10-10T01:32:31.2808311Z  [32m✓[39m tests/unit/mcp/http-sse-transport-backpressure.test.js [2m([22m[2m1 test[22m[2m)[22m[32m 6[2mms[22m[39m
2026-10-10T01:32:31.6248450Z  [32m✓[39m tests/unit/pages/emailReaderUtils.test.js [2m([22m[2m4 tests[22m[2m)[22m[32m 7[2mms[22m[39m
2026-10-10T01:32:31.7867304Z  [32m✓[39m tests/unit/remote/command-router-log-boundary.test.js [2m([22m[2m2 tests[22m[2m)[22m[32m 5[2mms[22m[39m
2026-10-10T01:32:32.1593970Z  [32m✓[39m tests/unit/remote/remote-gateway-log-boundary.test.js [2m([22m[2m2 tests[22m[2m)[22m[32m 5[2mms[22m[39m
2026-10-10T01:32:32.3023547Z  [32m✓[39m tests/unit/remote/permission-gate-log-boundary.test.js [2m([22m[2m2 tests[22m[2m)[22m[32m 8[2mms[22m[39m
2026-10-10T01:32:32.7792158Z  [32m✓[39m tests/unit/components/permissionManagerUtils.test.js [2m([22m[2m4 tests[22m[2m)[22m[32m 13[2mms[22m[39m
2026-10-10T01:32:32.9447183Z  [32m✓[39m tests/unit/p2p/message-manager-cleanup-timer.test.js [2m([22m[2m1 test[22m[2m)[22m[32m 4[2mms[22m[39m
2026-10-10T01:32:34.2024464Z  [32m✓[39m tests/unit/components/P2PMessaging.smoke.test.js [2m([22m[2m1 test[22m[2m)[22m[32m 56[2mms[22m[39m
2026-10-10T01:32:34.2676186Z  [32m✓[39m tests/unit/components/TaskExecutionMonitor.smoke.test.js [2m([22m[2m1 test[22m[2m)[22m[32m 25[2mms[22m[39m
2026-10-10T01:32:34.6707726Z  [32m✓[39m tests/unit/media/dalle-client-governance.test.js [2m([22m[2m3 tests[22m[2m)[22m[32m 8[2mms[22m[39m
2026-10-10T01:32:35.7160281Z  [32m✓[39m tests/unit/components/EnhancedFileTree.smoke.test.js [2m([22m[2m1 test[22m[2m)[22m[32m 32[2mms[22m[39m
2026-10-10T01:32:36.2196708Z  [32m✓[39m tests/unit/main/terminal/terminal-create-request.test.js [2m([22m[2m1 test[22m[2m)[22m[32m 5[2mms[22m[39m
2026-10-10T01:32:36.7173320Z  [32m✓[39m tests/unit/document/document-backend-ingress-governance.test.js [2m([22m[2m5 tests[22m[2m)[22m[32m 7[2mms[22m[39m
2026-10-10T01:32:37.2368269Z  [32m✓[39m src/main/hooks/__tests__/hook-environment.test.js [2m([22m[2m2 tests[22m[2m)[22m[32m 5[2mms[22m[39m
2026-10-10T01:32:37.3420137Z  [32m✓[39m tests/unit/pages/ProjectDetailPage.smoke.test.js [2m([22m[2m1 test[22m[2m)[22m[32m 3[2mms[22m[39m
2026-10-10T01:32:38.4265014Z  [32m✓[39m tests/unit/shell/CommunityDetailsDrawer.smoke.test.js [2m([22m[2m1 test[22m[2m)[22m[32m 3[2mms[22m[39m
2026-10-10T01:32:38.6005127Z  [32m✓[39m tests/unit/pages/ExternalDeviceBrowser.smoke.test.js [2m([22m[2m1 test[22m[2m)[22m[32m 3[2mms[22m[39m
2026-10-10T01:32:38.6638498Z  [32m✓[39m tests/unit/media/llava-client-governance.test.js [2m([22m[2m3 tests[22m[2m)[22m[32m 7[2mms[22m[39m
2026-10-10T01:32:39.1488379Z  [32m✓[39m src/main/preview/__tests__/preview-manager.test.js [2m([22m[2m1 test[22m[2m)[22m[32m 8[2mms[22m[39m
2026-10-10T01:32:39.1772381Z  [32m✓[39m tests/unit/media/sd-client-governance.test.js [2m([22m[2m4 tests[22m[2m)[22m[32m 7[2mms[22m[39m
2026-10-10T01:32:39.7058771Z  [32m✓[39m src/main/remote/handlers/__tests__/knowledge-handler.test.js [2m([22m[2m1 test[22m[2m)[22m[32m 4[2mms[22m[39m
2026-10-10T01:32:40.9287707Z  [32m✓[39m tests/unit/pages/TaskMonitor.smoke.test.js [2m([22m[2m1 test[22m[2m)[22m[32m 3[2mms[22m[39m
2026-10-10T01:32:41.1639416Z  [32m✓[39m tests/unit/pages/ErrorMonitorPage.smoke.test.js [2m([22m[2m1 test[22m[2m)[22m[32m 3[2mms[22m[39m
2026-10-10T01:32:41.9008462Z  [32m✓[39m tests/unit/components/RecordingTimeline.smoke.test.js [2m([22m[2m1 test[22m[2m)[22m[32m 4[2mms[22m[39m
2026-10-10T01:32:42.1378384Z  [32m✓[39m tests/unit/pages/OrganizationActivityLogPage.smoke.test.js [2m([22m[2m1 test[22m[2m)[22m[32m 4[2mms[22m[39m
2026-10-10T01:32:42.6447337Z  [32m✓[39m tests/unit/remote/browser-extension/background-compression-extraction.test.js [2m([22m[2m1 test[22m[2m)[22m[32m 4[2mms[22m[39m
2026-10-10T01:32:43.1077993Z  [32m✓[39m tests/unit/llm/stream-controller-ipc-bounds.test.js [2m([22m[2m1 test[22m[2m)[22m[32m 3[2mms[22m[39m
2026-10-10T01:32:43.1589373Z  [32m✓[39m tests/unit/components/KnowledgeVersionHistory.smoke.test.js [2m([22m[2m1 test[22m[2m)[22m[32m 3[2mms[22m[39m
2026-10-10T01:32:43.5950233Z  [32m✓[39m tests/unit/simple.test.js [2m([22m[2m3 tests[22m[2m)[22m[32m 5[2mms[22m[39m
2026-10-10T01:32:43.6365489Z  [32m✓[39m tests/unit/ai-engine/extended-tools-9-backpressure.test.js [2m([22m[2m1 test[22m[2m)[22m[32m 6[2mms[22m[39m
2026-10-10T01:32:44.4039798Z  [32m✓[39m tests/unit/components/ConversationSearchPanel.smoke.test.js [2m([22m[2m1 test[22m[2m)[22m[32m 3[2mms[22m[39m
2026-10-10T01:32:45.0768492Z  [32m✓[39m tests/unit/pages/SystemSettings.smoke.test.js [2m([22m[2m1 test[22m[2m)[22m[32m 3[2mms[22m[39m
2026-10-10T01:32:45.7170751Z  [32m✓[39m tests/unit/components/InvitationLinkManager.smoke.test.js [2m([22m[2m1 test[22m[2m)[22m[32m 4[2mms[22m[39m
2026-10-10T01:32:46.4029227Z  [32m✓[39m tests/unit/components/PermissionManager.smoke.test.js [2m([22m[2m1 test[22m[2m)[22m[32m 7[2mms[22m[39m
2026-10-10T01:32:47.1063535Z  [32m✓[39m tests/unit/components/WorkflowProgress.smoke.test.js [2m([22m[2m1 test[22m[2m)[22m[32m 3[2mms[22m[39m
2026-10-10T01:32:47.5937493Z  [32m✓[39m tests/unit/pages/FileTransferPage.smoke.test.js [2m([22m[2m1 test[22m[2m)[22m[32m 4[2mms[22m[39m
2026-10-10T01:32:48.3427257Z  [32m✓[39m tests/unit/components/TaskCard.smoke.test.js [2m([22m[2m1 test[22m[2m)[22m[32m 3[2mms[22m[39m
2026-10-10T01:32:48.8117346Z  [32m✓[39m tests/unit/components/TransactionTimeline.smoke.test.js [2m([22m[2m1 test[22m[2m)[22m[32m 4[2mms[22m[39m
2026-10-10T01:32:48.8273634Z  [32m✓[39m src/main/llm/__tests__/volcengine-tools-evolution-ingress.test.js [2m([22m[2m1 test[22m[2m)[22m[32m 4[2mms[22m[39m
2026-10-10T01:32:50.0315028Z  [32m✓[39m tests/unit/components/MessageQueuePage.smoke.test.js [2m([22m[2m1 test[22m[2m)[22m[32m 3[2mms[22m[39m
2026-10-10T01:32:50.2818400Z  [32m✓[39m tests/unit/components/GitHistoryDialog.smoke.test.js [2m([22m[2m1 test[22m[2m)[22m[32m 4[2mms[22m[39m
2026-10-10T01:32:51.2249851Z  [32m✓[39m tests/unit/components/TransactionDetailModal.smoke.test.js [2m([22m[2m1 test[22m[2m)[22m[32m 3[2mms[22m[39m
2026-10-10T01:32:51.4732455Z  [32m✓[39m tests/unit/shell/ComplianceDashboardPanel.smoke.test.js [2m([22m[2m1 test[22m[2m)[22m[32m 3[2mms[22m[39m
2026-10-10T01:32:51.9652900Z  [32m✓[39m tests/unit/remote/browser-extension/background-console-boundary.test.js [2m([22m[2m1 test[22m[2m)[22m[32m 5[2mms[22m[39m
2026-10-10T01:32:52.4698371Z  [32m✓[39m tests/unit/components/TradeTransactionList.smoke.test.js [2m([22m[2m1 test[22m[2m)[22m[32m 4[2mms[22m[39m
2026-10-10T01:32:53.1733919Z  [32m✓[39m tests/unit/components/TransactionList.smoke.test.js [2m([22m[2m1 test[22m[2m)[22m[32m 3[2mms[22m[39m
2026-10-10T01:32:53.6651229Z  [32m✓[39m tests/unit/components/VirtualFileTree.smoke.test.js [2m([22m[2m1 test[22m[2m)[22m[32m 4[2mms[22m[39m
2026-10-10T01:32:54.1547724Z  [32m✓[39m tests/unit/api/network-interceptor-retirement.test.js [2m([22m[2m1 test[22m[2m)[22m[32m 3[2mms[22m[39m
2026-10-10T01:32:54.3834799Z  [32m✓[39m tests/unit/shell/EnterpriseAuditPanel.smoke.test.js [2m([22m[2m1 test[22m[2m)[22m[32m 3[2mms[22m[39m
2026-10-10T01:32:55.3195406Z  [32m✓[39m tests/unit/pages/OrganizationMembersPage.smoke.test.js [2m([22m[2m1 test[22m[2m)[22m[32m 3[2mms[22m[39m
2026-10-10T01:32:55.6876104Z  [32m✓[39m tests/unit/components/TeamDetailPanel.smoke.test.js [2m([22m[2m1 test[22m[2m)[22m[32m 4[2mms[22m[39m
2026-10-10T01:32:56.6311915Z  [32m✓[39m tests/unit/pages/ProjectManagementPage.smoke.test.js [2m([22m[2m1 test[22m[2m)[22m[32m 4[2mms[22m[39m
2026-10-10T01:32:56.9160506Z  [32m✓[39m tests/unit/components/BridgeHistory.smoke.test.js [2m([22m[2m1 test[22m[2m)[22m[32m 3[2mms[22m[39m
2026-10-10T01:32:57.8355210Z  [32m✓[39m tests/unit/components/ContractDetail.smoke.test.js [2m([22m[2m1 test[22m[2m)[22m[32m 4[2mms[22m[39m
2026-10-10T01:32:58.3620365Z  [32m✓[39m tests/unit/pages/CommandLogsPage.smoke.test.js [2m([22m[2m1 test[22m[2m)[22m[32m 4[2mms[22m[39m
2026-10-10T01:32:58.5486774Z  [32m✓[39m tests/unit/components/ContractCard.smoke.test.js [2m([22m[2m1 test[22m[2m)[22m[32m 3[2mms[22m[39m
2026-10-10T01:32:59.5901071Z  [32m✓[39m tests/unit/components/VCManagement.smoke.test.js [2m([22m[2m1 test[22m[2m)[22m[32m 3[2mms[22m[39m
2026-10-10T01:32:59.7270179Z  [32m✓[39m tests/unit/components/AssetHistory.smoke.test.js [2m([22m[2m1 test[22m[2m)[22m[32m 3[2mms[22m[39m
2026-10-10T01:33:00.8091487Z  [32m✓[39m tests/unit/components/EscrowDetail.smoke.test.js [2m([22m[2m1 test[22m[2m)[22m[32m 4[2mms[22m[39m
2026-10-10T01:33:00.9098487Z  [32m✓[39m tests/unit/components/AssetDetail.smoke.test.js [2m([22m[2m1 test[22m[2m)[22m[32m 3[2mms[22m[39m
2026-10-10T01:33:02.0948353Z  [32m✓[39m tests/unit/components/ContractList.smoke.test.js [2m([22m[2m1 test[22m[2m)[22m[32m 4[2mms[22m[39m
2026-10-10T01:33:02.1323562Z  [32m✓[39m tests/unit/components/InvitationManager.smoke.test.js [2m([22m[2m1 test[22m[2m)[22m[32m 3[2mms[22m[39m
2026-10-10T01:33:03.2812366Z  [32m✓[39m tests/unit/components/MemberList.smoke.test.js [2m([22m[2m1 test[22m[2m)[22m[32m 3[2mms[22m[39m
2026-10-10T01:33:03.4375457Z  [32m✓[39m tests/unit/components/TaskDetailPanel.smoke.test.js [2m([22m[2m1 test[22m[2m)[22m[32m 3[2mms[22m[39m
2026-10-10T01:33:04.0116933Z  [32m✓[39m tests/unit/components/OrderCard.smoke.test.js [2m([22m[2m1 test[22m[2m)[22m[32m 3[2mms[22m[39m
2026-10-10T01:33:04.5059431Z  [32m✓[39m src/main/rag/__tests__/bge-reranker-governance.test.js [2m([22m[2m1 test[22m[2m)[22m[32m 4[2mms[22m[39m
2026-10-10T01:33:04.6719439Z  [32m✓[39m tests/unit/components/RecordingPanel.smoke.test.js [2m([22m[2m1 test[22m[2m)[22m[32m 3[2mms[22m[39m
2026-10-10T01:33:05.4078417Z  [32m✓[39m tests/unit/components/StageDetail.smoke.test.js [2m([22m[2m1 test[22m[2m)[22m[32m 4[2mms[22m[39m
2026-10-10T01:33:06.1423893Z  [32m✓[39m tests/unit/pages/ToolManagement.smoke.test.js [2m([22m[2m1 test[22m[2m)[22m[32m 3[2mms[22m[39m
2026-10-10T01:33:06.6559354Z  [32m✓[39m tests/unit/components/OrderDetail.smoke.test.js [2m([22m[2m1 test[22m[2m)[22m[32m 4[2mms[22m[39m
2026-10-10T01:33:07.3810006Z  [32m✓[39m tests/unit/components/ImageUpload.smoke.test.js [2m([22m[2m1 test[22m[2m)[22m[32m 3[2mms[22m[39m
2026-10-10T01:33:07.8622839Z  [32m✓[39m tests/unit/components/TaskDetail.smoke.test.js [2m([22m[2m1 test[22m[2m)[22m[32m 3[2mms[22m[39m
2026-10-10T01:33:07.9040583Z  [32m✓[39m tests/unit/remote/browser-extension/handlers/index-console-registry.test.js [2m([22m[2m1 test[22m[2m)[22m[32m 4[2mms[22m[39m
2026-10-10T01:33:08.3368598Z  [32m✓[39m tests/unit/remote/browser-extension/handlers/page-console-boundary.test.js [2m([22m[2m1 test[22m[2m)[22m[32m 3[2mms[22m[39m
2026-10-10T01:33:08.4115088Z  [32m✓[39m tests/unit/remote/browser-extension/handlers/index-compression-registry.test.js [2m([22m[2m4 tests[22m[2m)[22m[32m 6[2mms[22m[39m
2026-10-10T01:33:08.4563922Z 
2026-10-10T01:33:08.4640024Z [2m Test Files [22m [1m[32m1565 passed[39m[22m[2m | [22m[33m9 skipped[39m[90m (1574)[39m
2026-10-10T01:33:08.4764305Z [2m      Tests [22m [1m[32m30501 passed[39m[22m[2m | [22m[33m472 skipped[39m[90m (30973)[39m
2026-10-10T01:33:08.4764823Z [2m   Start at [22m 01:16:39
2026-10-10T01:33:08.4780086Z [2m   Duration [22m 989.31s[2m (transform 30.66s, setup 173.84s, import 98.14s, tests 1129.39s, environment 417.94s)[22m
2026-10-10T01:33:08.4782591Z 
2026-10-10T01:33:08.7619541Z ##[group]Run node -e "const selector=process.env.SELECTOR_OUTCOME; const mode=process.env.SELECTOR_MODE; const fallback=process.env.FALLBACK_OUTCOME; const passed=selector==='success'||(selector==='failure'&&mode==='fail-closed'&&fallback==='success'); console.log('selector='+selector+', mode='+mode+', fallback='+fallback); if(!passed){console.error('Selected tests failed, or fail-closed fallback did not pass.'); process.exit(1)}"
2026-10-10T01:33:08.7621124Z [36;1mnode -e "const selector=process.env.SELECTOR_OUTCOME; const mode=process.env.SELECTOR_MODE; const fallback=process.env.FALLBACK_OUTCOME; const passed=selector==='success'||(selector==='failure'&&mode==='fail-closed'&&fallback==='success'); console.log('selector='+selector+', mode='+mode+', fallback='+fallback); if(!passed){console.error('Selected tests failed, or fail-closed fallback did not pass.'); process.exit(1)}"[0m
2026-10-10T01:33:08.7676135Z shell: /usr/bin/bash -e {0}
2026-10-10T01:33:08.7676284Z env:
2026-10-10T01:33:08.7676617Z   SOURCE_SHA: da91e730d802b7c9dcdc075b222ecc257021e552
2026-10-10T01:33:08.7676816Z   SELECTOR_OUTCOME: failure
2026-10-10T01:33:08.7676964Z   SELECTOR_MODE: fail-closed
2026-10-10T01:33:08.7677111Z   FALLBACK_OUTCOME: success
2026-10-10T01:33:08.7677248Z ##[endgroup]
2026-10-10T01:33:08.7911454Z selector=failure, mode=fail-closed, fallback=success
2026-10-10T01:33:08.7966117Z ##[group]Run echo "### Unit Tests (ubuntu-latest)" >> $GITHUB_STEP_SUMMARY
2026-10-10T01:33:08.7966564Z [36;1mecho "### Unit Tests (ubuntu-latest)" >> $GITHUB_STEP_SUMMARY[0m
2026-10-10T01:33:08.7966923Z [36;1mif [ "$SELECTOR_OUTCOME" == "success" ]; then[0m
2026-10-10T01:33:08.7967176Z [36;1m  echo "✅ Intelligent test selection passed" >> $GITHUB_STEP_SUMMARY[0m
2026-10-10T01:33:08.7967486Z [36;1melif [ "$SELECTOR_MODE" == "fail-closed" ] && [ "$FALLBACK_OUTCOME" == "success" ]; then[0m
2026-10-10T01:33:08.7967790Z [36;1m  echo "✅ Fail-closed stable fallback passed" >> $GITHUB_STEP_SUMMARY[0m
2026-10-10T01:33:08.7968002Z [36;1melse[0m
2026-10-10T01:33:08.7968316Z [36;1m  echo "❌ Unit-test gate failed" >> $GITHUB_STEP_SUMMARY[0m
2026-10-10T01:33:08.7968497Z [36;1mfi[0m
2026-10-10T01:33:08.8014263Z shell: /usr/bin/bash --noprofile --norc -e -o pipefail {0}
2026-10-10T01:33:08.8014449Z env:
2026-10-10T01:33:08.8014623Z   SOURCE_SHA: da91e730d802b7c9dcdc075b222ecc257021e552
2026-10-10T01:33:08.8014804Z   SELECTOR_OUTCOME: failure
2026-10-10T01:33:08.8014951Z   SELECTOR_MODE: fail-closed
2026-10-10T01:33:08.8015092Z   FALLBACK_OUTCOME: success
2026-10-10T01:33:08.8015227Z ##[endgroup]
2026-10-10T01:33:08.8136237Z Post job cleanup.
2026-10-10T01:33:08.9023091Z (node:16865) [DEP0040] DeprecationWarning: The `punycode` module is deprecated. Please use a userland alternative instead.
2026-10-10T01:33:08.9023853Z (Use `node --trace-deprecation ...` to show where the warning was created)
2026-10-10T01:33:08.9025303Z Cache hit occurred on the primary key node-cache-Linux-x64-npm-e6cb04f390af8ddea9ee566ae5b89428bb428baab2cec58dce4ec96439473b93, not saving cache.
2026-10-10T01:33:08.9139562Z Post job cleanup.
2026-10-10T01:33:08.9722811Z [command]/usr/bin/git version
2026-10-10T01:33:08.9755446Z git version 2.55.0
2026-10-10T01:33:08.9781112Z Temporarily overriding HOME='/home/runner/work/_temp/963c5f34-d3d7-447a-b2ff-3ff30c9dc5e5' before making global git config changes
2026-10-10T01:33:08.9781923Z Adding repository directory to the temporary git global config as a safe directory
2026-10-10T01:33:08.9784444Z [command]/usr/bin/git config --global --add safe.directory /home/runner/work/chainlesschain/chainlesschain
2026-10-10T01:33:08.9815301Z [command]/usr/bin/git config --local --name-only --get-regexp core\.sshCommand
2026-10-10T01:33:08.9841367Z [command]/usr/bin/git submodule foreach --recursive sh -c "git config --local --name-only --get-regexp 'core\.sshCommand' && git config --local --unset-all 'core.sshCommand' || :"
2026-10-10T01:33:09.0055953Z [command]/usr/bin/git config --local --name-only --get-regexp http\.https\:\/\/github\.com\/\.extraheader
2026-10-10T01:33:09.0076847Z http.https://github.com/.extraheader
2026-10-10T01:33:09.0085598Z [command]/usr/bin/git config --local --unset-all http.https://github.com/.extraheader
2026-10-10T01:33:09.0123152Z [command]/usr/bin/git submodule foreach --recursive sh -c "git config --local --name-only --get-regexp 'http\.https\:\/\/github\.com\/\.extraheader' && git config --local --unset-all 'http.https://github.com/.extraheader' || :"
2026-10-10T01:33:09.0354266Z [command]/usr/bin/git config --local --name-only --get-regexp ^includeIf\.gitdir:
2026-10-10T01:33:09.0380908Z [command]/usr/bin/git submodule foreach --recursive git config --local --show-origin --name-only --get-regexp remote.origin.url
2026-10-10T01:33:09.0738050Z Cleaning up orphan processes
