2026-10-10T01:39:48.9330872Z Current runner version: '2.337.0'
2026-10-10T01:39:48.9352653Z ##[group]Runner Image Provisioner
2026-10-10T01:39:48.9353410Z Hosted Compute Agent
2026-10-10T01:39:48.9353939Z Version: 20261002.596
2026-10-10T01:39:48.9354472Z Commit: c3d12f3313a95f25162a1503be624f3b0617f8c0
2026-10-10T01:39:48.9355329Z Build Date: 2026-10-02T22:28:27Z
2026-10-10T01:39:48.9355920Z Worker ID: {a8701cb8-b32b-4e35-b5e9-33178975071d}
2026-10-10T01:39:48.9356482Z Region: westus3
2026-10-10T01:39:48.9357039Z Cloud: Azure
2026-10-10T01:39:48.9357486Z ##[endgroup]
2026-10-10T01:39:48.9358984Z ##[group]Operating System
2026-10-10T01:39:48.9359502Z Ubuntu
2026-10-10T01:39:48.9359923Z 24.04.5
2026-10-10T01:39:48.9360433Z LTS
2026-10-10T01:39:48.9360858Z ##[endgroup]
2026-10-10T01:39:48.9361333Z ##[group]Runner Image
2026-10-10T01:39:48.9361836Z Image: ubuntu-24.04
2026-10-10T01:39:48.9362298Z Version: 20261004.327.1
2026-10-10T01:39:48.9363388Z Included Software: https://github.com/actions/runner-images/blob/ubuntu24/20261004.327/images/ubuntu/Ubuntu2404-Readme.md
2026-10-10T01:39:48.9364641Z Image Release: https://github.com/actions/runner-images/releases/tag/ubuntu24%2F20261004.327
2026-10-10T01:39:48.9365533Z ##[endgroup]
2026-10-10T01:39:48.9368058Z ##[group]GITHUB_TOKEN Permissions
2026-10-10T01:39:48.9370048Z Actions: write
2026-10-10T01:39:48.9370537Z ArtifactMetadata: write
2026-10-10T01:39:48.9371109Z Attestations: write
2026-10-10T01:39:48.9371575Z Checks: write
2026-10-10T01:39:48.9372085Z CodeQuality: write
2026-10-10T01:39:48.9372556Z Contents: write
2026-10-10T01:39:48.9373012Z CopilotRequests: write
2026-10-10T01:39:48.9373598Z Deployments: write
2026-10-10T01:39:48.9374090Z Discussions: write
2026-10-10T01:39:48.9374574Z Drives: write
2026-10-10T01:39:48.9375211Z Issues: write
2026-10-10T01:39:48.9375795Z Metadata: read
2026-10-10T01:39:48.9376288Z Models: read
2026-10-10T01:39:48.9376730Z Packages: write
2026-10-10T01:39:48.9377191Z Pages: write
2026-10-10T01:39:48.9377711Z PullRequests: write
2026-10-10T01:39:48.9378237Z RepositoryProjects: write
2026-10-10T01:39:48.9378773Z SecurityEvents: write
2026-10-10T01:39:48.9379272Z Statuses: write
2026-10-10T01:39:48.9379720Z VulnerabilityAlerts: read
2026-10-10T01:39:48.9380265Z ##[endgroup]
2026-10-10T01:39:48.9382028Z Secret source: Actions
2026-10-10T01:39:48.9382855Z Cache mode: write
2026-10-10T01:39:48.9383440Z Prepare workflow directory
2026-10-10T01:39:48.9651800Z Prepare all required actions
2026-10-10T01:39:48.9692209Z Getting action download info
2026-10-10T01:39:49.2447127Z Download action repository 'actions/checkout@v5' (SHA:fbc6f3992d24b796d5a048ff273f7fcc4a7b6c09)
2026-10-10T01:39:49.3335781Z Download action repository 'actions/setup-node@v5' (SHA:a0853c24544627f65ddf259abe73b1d18a591444)
2026-10-10T01:39:49.7187834Z Complete job name: Code Quality
2026-10-10T01:39:49.7777005Z ##[group]Run actions/checkout@v5
2026-10-10T01:39:49.7777684Z with:
2026-10-10T01:39:49.7778064Z   repository: chainlesschain/chainlesschain
2026-10-10T01:39:49.7781042Z   token: ***
2026-10-10T01:39:49.7781419Z   ssh-strict: true
2026-10-10T01:39:49.7781766Z   ssh-user: git
2026-10-10T01:39:49.7782112Z   persist-credentials: true
2026-10-10T01:39:49.7782496Z   clean: true
2026-10-10T01:39:49.7782849Z   sparse-checkout-cone-mode: true
2026-10-10T01:39:49.7783262Z   fetch-depth: 1
2026-10-10T01:39:49.7783606Z   fetch-tags: false
2026-10-10T01:39:49.7783960Z   show-progress: true
2026-10-10T01:39:49.7784318Z   lfs: false
2026-10-10T01:39:49.7784642Z   submodules: false
2026-10-10T01:39:49.7784995Z   set-safe-directory: true
2026-10-10T01:39:49.7785603Z   allow-unsafe-pr-checkout: false
2026-10-10T01:39:49.7786197Z ##[endgroup]
2026-10-10T01:39:49.8586933Z Syncing repository: chainlesschain/chainlesschain
2026-10-10T01:39:49.8588403Z ##[group]Getting Git version info
2026-10-10T01:39:49.8589104Z Working directory is '/home/runner/work/chainlesschain/chainlesschain'
2026-10-10T01:39:49.8589951Z [command]/usr/bin/git version
2026-10-10T01:39:49.8664773Z git version 2.55.0
2026-10-10T01:39:49.8695990Z ##[endgroup]
2026-10-10T01:39:49.8711841Z Temporarily overriding HOME='/home/runner/work/_temp/2980d32c-7a02-4d3b-845b-20a36d48d07e' before making global git config changes
2026-10-10T01:39:49.8713658Z Adding repository directory to the temporary git global config as a safe directory
2026-10-10T01:39:49.8715341Z [command]/usr/bin/git config --global --add safe.directory /home/runner/work/chainlesschain/chainlesschain
2026-10-10T01:39:49.9461563Z Deleting the contents of '/home/runner/work/chainlesschain/chainlesschain'
2026-10-10T01:39:49.9465960Z ##[group]Initializing the repository
2026-10-10T01:39:49.9470252Z [command]/usr/bin/git init /home/runner/work/chainlesschain/chainlesschain
2026-10-10T01:39:49.9569946Z hint: Using 'master' as the name for the initial branch. This default branch name
2026-10-10T01:39:49.9570758Z hint: will change to "main" in Git 3.0. To configure the initial branch name
2026-10-10T01:39:49.9571856Z hint: to use in all of your new repositories, which will suppress this warning,
2026-10-10T01:39:49.9572484Z hint: call:
2026-10-10T01:39:49.9572918Z hint:
2026-10-10T01:39:49.9573582Z hint: 	git config --global init.defaultBranch <name>
2026-10-10T01:39:49.9574354Z hint:
2026-10-10T01:39:49.9575235Z hint: Names commonly chosen instead of 'master' are 'main', 'trunk' and
2026-10-10T01:39:49.9576418Z hint: 'development'. The just-created branch can be renamed via this command:
2026-10-10T01:39:49.9577365Z hint:
2026-10-10T01:39:49.9577896Z hint: 	git branch -m <name>
2026-10-10T01:39:49.9578486Z hint:
2026-10-10T01:39:49.9579236Z hint: Disable this message with "git config set advice.defaultBranchName false"
2026-10-10T01:39:49.9580552Z Initialized empty Git repository in /home/runner/work/chainlesschain/chainlesschain/.git/
2026-10-10T01:39:49.9582810Z [command]/usr/bin/git remote add origin https://github.com/chainlesschain/chainlesschain
2026-10-10T01:39:49.9629861Z ##[endgroup]
2026-10-10T01:39:49.9630794Z ##[group]Disabling automatic garbage collection
2026-10-10T01:39:49.9633522Z [command]/usr/bin/git config --local gc.auto 0
2026-10-10T01:39:49.9662280Z ##[endgroup]
2026-10-10T01:39:49.9663191Z ##[group]Setting up auth
2026-10-10T01:39:49.9668696Z [command]/usr/bin/git config --local --name-only --get-regexp core\.sshCommand
2026-10-10T01:39:49.9698679Z [command]/usr/bin/git submodule foreach --recursive sh -c "git config --local --name-only --get-regexp 'core\.sshCommand' && git config --local --unset-all 'core.sshCommand' || :"
2026-10-10T01:39:50.0718648Z [command]/usr/bin/git config --local --name-only --get-regexp http\.https\:\/\/github\.com\/\.extraheader
2026-10-10T01:39:50.0750267Z [command]/usr/bin/git submodule foreach --recursive sh -c "git config --local --name-only --get-regexp 'http\.https\:\/\/github\.com\/\.extraheader' && git config --local --unset-all 'http.https://github.com/.extraheader' || :"
2026-10-10T01:39:50.0937514Z [command]/usr/bin/git config --local --name-only --get-regexp ^includeIf\.gitdir:
2026-10-10T01:39:50.0966725Z [command]/usr/bin/git submodule foreach --recursive git config --local --show-origin --name-only --get-regexp remote.origin.url
2026-10-10T01:39:50.1154025Z [command]/usr/bin/git config --local http.https://github.com/.extraheader AUTHORIZATION: basic ***
2026-10-10T01:39:50.1189197Z ##[endgroup]
2026-10-10T01:39:50.1190226Z ##[group]Fetching the repository
2026-10-10T01:39:50.1197881Z [command]/usr/bin/git -c protocol.version=2 fetch --no-tags --prune --no-recurse-submodules --depth=1 origin +0371e00f1425aa9d842517f4feea0d750810ee23:refs/remotes/pull/425/merge
2026-10-10T01:40:01.5700253Z From https://github.com/chainlesschain/chainlesschain
2026-10-10T01:40:01.5701940Z  * [new ref]           0371e00f1425aa9d842517f4feea0d750810ee23 -> pull/425/merge
2026-10-10T01:40:01.5705339Z ##[endgroup]
2026-10-10T01:40:01.5706829Z ##[group]Determining the checkout info
2026-10-10T01:40:01.5708431Z ##[endgroup]
2026-10-10T01:40:01.5746202Z [command]/usr/bin/git sparse-checkout disable
2026-10-10T01:40:01.5794747Z [command]/usr/bin/git config --local --unset-all extensions.worktreeConfig
2026-10-10T01:40:01.5822619Z ##[group]Checking out the ref
2026-10-10T01:40:01.5824978Z [command]/usr/bin/git checkout --progress --force refs/remotes/pull/425/merge
2026-10-10T01:40:02.7502077Z Updating files:  54% (12849/23576)
2026-10-10T01:40:03.1037528Z Updating files:  55% (12967/23576)
2026-10-10T01:40:03.3809751Z Updating files:  56% (13203/23576)
2026-10-10T01:40:03.4368762Z Updating files:  57% (13439/23576)
2026-10-10T01:40:03.4597653Z Updating files:  58% (13675/23576)
2026-10-10T01:40:03.4830684Z Updating files:  59% (13910/23576)
2026-10-10T01:40:03.5038569Z Updating files:  60% (14146/23576)
2026-10-10T01:40:03.5252409Z Updating files:  61% (14382/23576)
2026-10-10T01:40:03.5544424Z Updating files:  62% (14618/23576)
2026-10-10T01:40:03.5951138Z Updating files:  63% (14853/23576)
2026-10-10T01:40:03.6050415Z Updating files:  64% (15089/23576)
2026-10-10T01:40:03.6122273Z Updating files:  64% (15197/23576)
2026-10-10T01:40:03.6235379Z Updating files:  65% (15325/23576)
2026-10-10T01:40:03.6444263Z Updating files:  66% (15561/23576)
2026-10-10T01:40:03.6545718Z Updating files:  67% (15796/23576)
2026-10-10T01:40:03.6707328Z Updating files:  68% (16032/23576)
2026-10-10T01:40:03.6875484Z Updating files:  69% (16268/23576)
2026-10-10T01:40:03.7001733Z Updating files:  70% (16504/23576)
2026-10-10T01:40:03.7158417Z Updating files:  71% (16739/23576)
2026-10-10T01:40:03.7347864Z Updating files:  72% (16975/23576)
2026-10-10T01:40:03.7504942Z Updating files:  73% (17211/23576)
2026-10-10T01:40:03.7644127Z Updating files:  74% (17447/23576)
2026-10-10T01:40:03.7805246Z Updating files:  75% (17682/23576)
2026-10-10T01:40:03.7963787Z Updating files:  76% (17918/23576)
2026-10-10T01:40:03.8115396Z Updating files:  77% (18154/23576)
2026-10-10T01:40:03.8236134Z Updating files:  78% (18390/23576)
2026-10-10T01:40:03.8377430Z Updating files:  79% (18626/23576)
2026-10-10T01:40:03.8532367Z Updating files:  80% (18861/23576)
2026-10-10T01:40:03.8679061Z Updating files:  81% (19097/23576)
2026-10-10T01:40:03.8826059Z Updating files:  82% (19333/23576)
2026-10-10T01:40:03.9003799Z Updating files:  83% (19569/23576)
2026-10-10T01:40:03.9230106Z Updating files:  84% (19804/23576)
2026-10-10T01:40:03.9430381Z Updating files:  85% (20040/23576)
2026-10-10T01:40:03.9628086Z Updating files:  86% (20276/23576)
2026-10-10T01:40:03.9806708Z Updating files:  87% (20512/23576)
2026-10-10T01:40:03.9990569Z Updating files:  88% (20747/23576)
2026-10-10T01:40:04.0184110Z Updating files:  89% (20983/23576)
2026-10-10T01:40:04.0300157Z Updating files:  90% (21219/23576)
2026-10-10T01:40:04.0440445Z Updating files:  91% (21455/23576)
2026-10-10T01:40:04.0593712Z Updating files:  92% (21690/23576)
2026-10-10T01:40:04.0714672Z Updating files:  93% (21926/23576)
2026-10-10T01:40:04.0861681Z Updating files:  94% (22162/23576)
2026-10-10T01:40:04.1022996Z Updating files:  95% (22398/23576)
2026-10-10T01:40:04.1884427Z Updating files:  96% (22633/23576)
2026-10-10T01:40:04.2016488Z Updating files:  97% (22869/23576)
2026-10-10T01:40:04.2157120Z Updating files:  98% (23105/23576)
2026-10-10T01:40:04.2285177Z Updating files:  99% (23341/23576)
2026-10-10T01:40:04.2285519Z Updating files: 100% (23576/23576)
2026-10-10T01:40:04.2285821Z Updating files: 100% (23576/23576), done.
2026-10-10T01:40:04.2487895Z Note: switching to 'refs/remotes/pull/425/merge'.
2026-10-10T01:40:04.2488154Z 
2026-10-10T01:40:04.2488370Z You are in 'detached HEAD' state. You can look around, make experimental
2026-10-10T01:40:04.2488797Z changes and commit them, and you can discard any commits you make in this
2026-10-10T01:40:04.2489164Z state without impacting any branches by switching back to a branch.
2026-10-10T01:40:04.2489419Z 
2026-10-10T01:40:04.2489631Z If you want to create a new branch to retain commits you create, you may
2026-10-10T01:40:04.2489977Z do so (now or later) by using -c with the switch command. Example:
2026-10-10T01:40:04.2490174Z 
2026-10-10T01:40:04.2490264Z   git switch -c <new-branch-name>
2026-10-10T01:40:04.2490651Z 
2026-10-10T01:40:04.2490736Z Or undo this operation with:
2026-10-10T01:40:04.2490867Z 
2026-10-10T01:40:04.2490946Z   git switch -
2026-10-10T01:40:04.2491045Z 
2026-10-10T01:40:04.2491216Z Turn off this advice by setting config variable advice.detachedHead to false
2026-10-10T01:40:04.2491445Z 
2026-10-10T01:40:04.2491724Z HEAD is now at 0371e00f Merge da91e730d802b7c9dcdc075b222ecc257021e552 into 976c4f394fbab4fccc041787051f00abe08113c9
2026-10-10T01:40:04.2533390Z ##[endgroup]
2026-10-10T01:40:04.2579040Z [command]/usr/bin/git log -1 --format=%H
2026-10-10T01:40:04.2604496Z 0371e00f1425aa9d842517f4feea0d750810ee23
2026-10-10T01:40:04.2884859Z ##[group]Run actions/setup-node@v5
2026-10-10T01:40:04.2885321Z with:
2026-10-10T01:40:04.2885490Z   node-version: 22.x
2026-10-10T01:40:04.2885671Z   cache: npm
2026-10-10T01:40:04.2885961Z   cache-dependency-path: package-lock.json
desktop-app-vue/package-lock.json

2026-10-10T01:40:04.2886272Z   always-auth: false
2026-10-10T01:40:04.2886437Z   check-latest: false
2026-10-10T01:40:04.2888346Z   token: ***
2026-10-10T01:40:04.2888528Z   package-manager-cache: true
2026-10-10T01:40:04.2888727Z ##[endgroup]
2026-10-10T01:40:04.4005558Z Found in cache @ /opt/hostedtoolcache/node/22.23.3/x64
2026-10-10T01:40:04.4009347Z (node:2140) [DEP0040] DeprecationWarning: The `punycode` module is deprecated. Please use a userland alternative instead.
2026-10-10T01:40:04.4010074Z (Use `node --trace-deprecation ...` to show where the warning was created)
2026-10-10T01:40:04.4011303Z ##[group]Environment details
2026-10-10T01:40:04.7331531Z node: v22.23.3
2026-10-10T01:40:04.7331770Z npm: 10.9.9
2026-10-10T01:40:04.7332070Z yarn: 1.22.22
2026-10-10T01:40:04.7332800Z ##[endgroup]
2026-10-10T01:40:04.7349144Z [command]/opt/hostedtoolcache/node/22.23.3/x64/bin/npm config get cache
2026-10-10T01:40:04.8240784Z /home/runner/.npm
2026-10-10T01:40:05.0393567Z Cache hit for: node-cache-Linux-x64-npm-e6cb04f390af8ddea9ee566ae5b89428bb428baab2cec58dce4ec96439473b93
2026-10-10T01:40:05.0475222Z (node:2140) [DEP0169] DeprecationWarning: `url.parse()` behavior is not standardized and prone to errors that have security implications. Use the WHATWG URL API instead. CVEs are not issued for `url.parse()` vulnerabilities.
2026-10-10T01:40:06.2434202Z Received 41943040 of 665410121 (6.3%), 40.0 MBs/sec
2026-10-10T01:40:07.2459692Z Received 205520896 of 665410121 (30.9%), 97.9 MBs/sec
2026-10-10T01:40:08.2466999Z Received 415236096 of 665410121 (62.4%), 131.8 MBs/sec
2026-10-10T01:40:09.2526385Z Received 637534208 of 665410121 (95.8%), 151.8 MBs/sec
2026-10-10T01:40:10.1078292Z Received 665410121 of 665410121 (100.0%), 130.4 MBs/sec
2026-10-10T01:40:10.1078980Z Cache Size: ~635 MB (665410121 B)
2026-10-10T01:40:10.1106604Z [command]/usr/bin/tar -xf /home/runner/work/_temp/eb81aa48-1a46-4a08-81c2-87921f84bc52/cache.tzst -P -C /home/runner/work/chainlesschain/chainlesschain --use-compress-program unzstd
2026-10-10T01:40:11.2823097Z Cache restored successfully
2026-10-10T01:40:11.3091956Z Cache restored from key: node-cache-Linux-x64-npm-e6cb04f390af8ddea9ee566ae5b89428bb428baab2cec58dce4ec96439473b93
2026-10-10T01:40:11.3425783Z Prepare all required actions
2026-10-10T01:40:11.3639038Z ##[group]Run ./.github/actions/setup-node-deps
2026-10-10T01:40:11.3639434Z with:
2026-10-10T01:40:11.3639712Z   install-desktop-app-vue: true
2026-10-10T01:40:11.3640050Z   working-directory: .
2026-10-10T01:40:11.3640377Z   install-command: npm ci --legacy-peer-deps
2026-10-10T01:40:11.3640759Z ##[endgroup]
2026-10-10T01:40:11.3703796Z ##[start-action display=Install npm dependencies (3-attempt retry, transient ECONNRESET hardening);id=__self.__run]
2026-10-10T01:40:11.4760775Z ##[group]Run INSTALL_CMD="npm ci --legacy-peer-deps"
2026-10-10T01:40:11.4761373Z [36;1mINSTALL_CMD="npm ci --legacy-peer-deps"[0m
2026-10-10T01:40:11.4761809Z [36;1mattempt_install() {[0m
2026-10-10T01:40:11.4762136Z [36;1m  eval "$INSTALL_CMD"[0m
2026-10-10T01:40:11.4762445Z [36;1m}[0m
2026-10-10T01:40:11.4762722Z [36;1mcleanup_partial_install() {[0m
2026-10-10T01:40:11.4763547Z [36;1m  # A failed npm ci can leave partially-extracted packages behind.[0m
2026-10-10T01:40:11.4764203Z [36;1m  # Retrying in-place then fails with ENOTEMPTY (notably electron on[0m
2026-10-10T01:40:11.4764828Z [36;1m  # hosted runners), so restore npm ci's clean-install precondition.[0m
2026-10-10T01:40:11.4765612Z [36;1m  # Use async rm: Node 22's synchronous rimraf can throw an initial[0m
2026-10-10T01:40:11.4766234Z [36;1m  # directory EBUSY without applying maxRetries (e.g. pkcs11js).[0m
2026-10-10T01:40:11.4766874Z [36;1m  # The absolute target is always this install directory's direct child.[0m
2026-10-10T01:40:11.4768224Z [36;1m  node -e "const target=require('node:path').join(process.cwd(),'node_modules'); require('node:fs/promises').rm(target,{recursive:true,force:true,maxRetries:5,retryDelay:250}).catch(error=>{console.error(error);process.exitCode=1})"[0m
2026-10-10T01:40:11.4769408Z [36;1m}[0m
2026-10-10T01:40:11.4769655Z [36;1mfor i in 1 2 3; do[0m
2026-10-10T01:40:11.4769981Z [36;1m  if attempt_install; then[0m
2026-10-10T01:40:11.4770321Z [36;1m    exit 0[0m
2026-10-10T01:40:11.4770598Z [36;1m  fi[0m
2026-10-10T01:40:11.4770865Z [36;1m  if [ "$i" -lt 3 ]; then[0m
2026-10-10T01:40:11.4771197Z [36;1m    delay=$((i * 15))[0m
2026-10-10T01:40:11.4771669Z [36;1m    echo "::warning::npm install attempt $i failed, retrying in ${delay}s..."[0m
2026-10-10T01:40:11.4772199Z [36;1m    sleep "$delay"[0m
2026-10-10T01:40:11.4772540Z [36;1m    if ! cleanup_partial_install; then[0m
2026-10-10T01:40:11.4773103Z [36;1m      echo "::error::Cannot clean partial node_modules after npm install attempt $i"[0m
2026-10-10T01:40:11.4773641Z [36;1m      exit 1[0m
2026-10-10T01:40:11.4773911Z [36;1m    fi[0m
2026-10-10T01:40:11.4774152Z [36;1m  fi[0m
2026-10-10T01:40:11.4774391Z [36;1mdone[0m
2026-10-10T01:40:11.4774720Z [36;1mecho "::error::npm install failed after 3 attempts"[0m
2026-10-10T01:40:11.4775318Z [36;1mexit 1[0m
2026-10-10T01:40:11.5957600Z shell: /usr/bin/bash --noprofile --norc -e -o pipefail {0}
2026-10-10T01:40:11.5958107Z ##[endgroup]
2026-10-10T01:40:13.3949861Z npm warn skipping integrity check for git dependency ssh://git@github.com/electron/node-gyp.git
2026-10-10T01:40:23.3211315Z npm warn deprecated inflight@1.0.6: This module is not supported, and leaks memory. Do not use it. Check out lru-cache if you want a good and tested way to coalesce async requests by a key value, which is much more comprehensive and powerful.
2026-10-10T01:40:23.3251983Z npm warn deprecated gar@1.0.4: Package no longer supported. Contact Support at https://www.npmjs.com/support for more info.
2026-10-10T01:40:23.3817814Z npm warn deprecated lodash.get@4.4.2: This package is deprecated. Use the optional chaining (?.) operator instead.
2026-10-10T01:40:23.4067232Z npm warn deprecated @npmcli/move-file@2.0.1: This functionality has been moved to @npmcli/fs
2026-10-10T01:40:23.4472076Z npm warn deprecated npmlog@6.0.2: This package is no longer supported.
2026-10-10T01:40:23.4951038Z npm warn deprecated rimraf@2.6.3: Rimraf versions prior to v4 are no longer supported
2026-10-10T01:40:23.5010899Z npm warn deprecated rimraf@2.7.1: Rimraf versions prior to v4 are no longer supported
2026-10-10T01:40:23.5247886Z npm warn deprecated lodash.isequal@4.5.0: This package is deprecated. Use require('node:util').isDeepStrictEqual instead.
2026-10-10T01:40:23.5488253Z npm warn deprecated @humanwhocodes/config-array@0.13.0: Use @eslint/config-array instead
2026-10-10T01:40:23.5579919Z npm warn deprecated npmlog@4.1.2: This package is no longer supported.
2026-10-10T01:40:23.5781857Z npm warn deprecated rimraf@3.0.2: Rimraf versions prior to v4 are no longer supported
2026-10-10T01:40:23.7319043Z npm warn deprecated are-we-there-yet@1.1.7: This package is no longer supported.
2026-10-10T01:40:23.7407442Z npm warn deprecated whatwg-encoding@3.1.1: Use @exodus/bytes instead for a more spec-conformant and faster implementation
2026-10-10T01:40:23.7792894Z npm warn deprecated glob@7.2.3: Old versions of glob are not supported, and contain widely publicized security vulnerabilities, which have been fixed in the current version. Please update. Support for old versions may be purchased (at exorbitant rates) by contacting i@izs.me
2026-10-10T01:40:23.7806753Z npm warn deprecated glob@7.2.3: Old versions of glob are not supported, and contain widely publicized security vulnerabilities, which have been fixed in the current version. Please update. Support for old versions may be purchased (at exorbitant rates) by contacting i@izs.me
2026-10-10T01:40:23.7821062Z npm warn deprecated glob@7.2.3: Old versions of glob are not supported, and contain widely publicized security vulnerabilities, which have been fixed in the current version. Please update. Support for old versions may be purchased (at exorbitant rates) by contacting i@izs.me
2026-10-10T01:40:23.7855565Z npm warn deprecated glob@7.2.3: Old versions of glob are not supported, and contain widely publicized security vulnerabilities, which have been fixed in the current version. Please update. Support for old versions may be purchased (at exorbitant rates) by contacting i@izs.me
2026-10-10T01:40:23.7862016Z npm warn deprecated glob@7.2.3: Old versions of glob are not supported, and contain widely publicized security vulnerabilities, which have been fixed in the current version. Please update. Support for old versions may be purchased (at exorbitant rates) by contacting i@izs.me
2026-10-10T01:40:23.7875780Z npm warn deprecated glob@7.2.3: Old versions of glob are not supported, and contain widely publicized security vulnerabilities, which have been fixed in the current version. Please update. Support for old versions may be purchased (at exorbitant rates) by contacting i@izs.me
2026-10-10T01:40:23.7880319Z npm warn deprecated glob@8.1.0: Old versions of glob are not supported, and contain widely publicized security vulnerabilities, which have been fixed in the current version. Please update. Support for old versions may be purchased (at exorbitant rates) by contacting i@izs.me
2026-10-10T01:40:23.7955435Z npm warn deprecated glob@8.1.0: Old versions of glob are not supported, and contain widely publicized security vulnerabilities, which have been fixed in the current version. Please update. Support for old versions may be purchased (at exorbitant rates) by contacting i@izs.me
2026-10-10T01:40:23.7960756Z npm warn deprecated glob@7.2.3: Old versions of glob are not supported, and contain widely publicized security vulnerabilities, which have been fixed in the current version. Please update. Support for old versions may be purchased (at exorbitant rates) by contacting i@izs.me
2026-10-10T01:40:24.1741491Z npm warn deprecated prebuild-install@7.1.3: No longer maintained. Please contact the author of the relevant native addon; alternatives are available.
2026-10-10T01:40:24.1934162Z npm warn deprecated @humanwhocodes/object-schema@2.0.3: Use @eslint/object-schema instead
2026-10-10T01:40:24.2316903Z npm warn deprecated are-we-there-yet@3.0.1: This package is no longer supported.
2026-10-10T01:40:24.3771638Z npm warn deprecated prebuild-install@5.3.6: No longer maintained. Please contact the author of the relevant native addon; alternatives are available.
2026-10-10T01:40:24.5571409Z npm warn deprecated gauge@2.7.4: This package is no longer supported.
2026-10-10T01:40:25.5928687Z npm warn deprecated boolean@3.2.0: Package no longer supported. Contact Support at https://www.npmjs.com/support for more info.
2026-10-10T01:40:25.7092963Z npm warn deprecated gauge@4.0.4: This package is no longer supported.
2026-10-10T01:40:25.9340929Z npm warn deprecated fstream@1.0.12: This package is no longer supported.
2026-10-10T01:40:27.0538257Z npm warn deprecated node-domexception@1.0.0: Use your platform's native DOMException instead
2026-10-10T01:40:27.3484744Z npm warn deprecated multiaddr@10.0.1: This module is deprecated, please upgrade to @multiformats/multiaddr
2026-10-10T01:40:28.1048619Z npm warn deprecated vue-i18n@9.14.5: v9 and v10 no longer supported. please migrate to v11. about maintenance status, see https://vue-i18n.intlify.dev/guide/maintenance.html
2026-10-10T01:40:29.1236302Z npm warn deprecated uuid@8.3.2: uuid@10 and below is no longer supported.  For ESM codebases, update to uuid@latest.  For CommonJS codebases, use uuid@11 (but be aware this version will likely be deprecated in 2028).
2026-10-10T01:40:29.1250570Z npm warn deprecated uuid@8.3.2: uuid@10 and below is no longer supported.  For ESM codebases, update to uuid@latest.  For CommonJS codebases, use uuid@11 (but be aware this version will likely be deprecated in 2028).
2026-10-10T01:40:29.5891679Z npm warn deprecated uuid@9.0.1: uuid@10 and below is no longer supported.  For ESM codebases, update to uuid@latest.  For CommonJS codebases, use uuid@11 (but be aware this version will likely be deprecated in 2028).
2026-10-10T01:40:29.9333997Z npm warn deprecated glob@10.5.0: Old versions of glob are not supported, and contain widely publicized security vulnerabilities, which have been fixed in the current version. Please update. Support for old versions may be purchased (at exorbitant rates) by contacting i@izs.me
2026-10-10T01:40:29.9336275Z npm warn deprecated glob@10.5.0: Old versions of glob are not supported, and contain widely publicized security vulnerabilities, which have been fixed in the current version. Please update. Support for old versions may be purchased (at exorbitant rates) by contacting i@izs.me
2026-10-10T01:40:29.9381899Z npm warn deprecated glob@10.5.0: Old versions of glob are not supported, and contain widely publicized security vulnerabilities, which have been fixed in the current version. Please update. Support for old versions may be purchased (at exorbitant rates) by contacting i@izs.me
2026-10-10T01:40:34.8231023Z npm warn deprecated fluent-ffmpeg@2.1.3: Package no longer supported. Contact Support at https://www.npmjs.com/support for more info.
2026-10-10T01:40:36.3538193Z npm warn deprecated eslint@8.57.1: This version is no longer supported. Please see https://eslint.org/version-support for other options.
2026-10-10T01:40:54.3868381Z 
2026-10-10T01:40:54.3870911Z added 2540 packages, and audited 2556 packages in 43s
2026-10-10T01:40:54.3871325Z 
2026-10-10T01:40:54.3871642Z 482 packages are looking for funding
2026-10-10T01:40:54.3872019Z   run `npm fund` for details
2026-10-10T01:40:54.5697194Z 
2026-10-10T01:40:54.5697817Z 120 vulnerabilities (8 low, 23 moderate, 88 high, 1 critical)
2026-10-10T01:40:54.5698080Z 
2026-10-10T01:40:54.5698263Z To address issues that do not require attention, run:
2026-10-10T01:40:54.5698532Z   npm audit fix
2026-10-10T01:40:54.5698643Z 
2026-10-10T01:40:54.5698844Z To address all issues possible (including breaking changes), run:
2026-10-10T01:40:54.5699155Z   npm audit fix --force
2026-10-10T01:40:54.5699278Z 
2026-10-10T01:40:54.5699436Z Some issues need review, and may require choosing
2026-10-10T01:40:54.5699705Z a different dependency.
2026-10-10T01:40:54.5699833Z 
2026-10-10T01:40:54.5699936Z Run `npm audit` for details.
2026-10-10T01:40:54.7861395Z ##[end-action id=__self.__run;outcome=success;conclusion=success;duration_ms=43415]
2026-10-10T01:40:54.7864335Z ##[start-action display=Install desktop-app-vue dependencies (post-workspace-refactor);id=__self.__run_2]
2026-10-10T01:40:54.7986217Z ##[group]Run attempt_install() {
2026-10-10T01:40:54.7986585Z [36;1mattempt_install() {[0m
2026-10-10T01:40:54.7986906Z [36;1m  npm install --legacy-peer-deps[0m
2026-10-10T01:40:54.7987226Z [36;1m}[0m
2026-10-10T01:40:54.7987458Z [36;1mfor i in 1 2 3; do[0m
2026-10-10T01:40:54.7987742Z [36;1m  if attempt_install; then[0m
2026-10-10T01:40:54.7988037Z [36;1m    exit 0[0m
2026-10-10T01:40:54.7988268Z [36;1m  fi[0m
2026-10-10T01:40:54.7988510Z [36;1m  if [ "$i" -lt 3 ]; then[0m
2026-10-10T01:40:54.7988811Z [36;1m    delay=$((i * 15))[0m
2026-10-10T01:40:54.7989322Z [36;1m    echo "::warning::desktop-app-vue npm install attempt $i failed, retrying in ${delay}s..."[0m
2026-10-10T01:40:54.7989858Z [36;1m    sleep "$delay"[0m
2026-10-10T01:40:54.7990326Z [36;1m  fi[0m
2026-10-10T01:40:54.7990549Z [36;1mdone[0m
2026-10-10T01:40:54.7990924Z [36;1mecho "::error::desktop-app-vue npm install failed after 3 attempts"[0m
2026-10-10T01:40:54.7991364Z [36;1mexit 1[0m
2026-10-10T01:40:54.8050187Z shell: /usr/bin/bash --noprofile --norc -e -o pipefail {0}
2026-10-10T01:40:54.8050473Z ##[endgroup]
2026-10-10T01:40:54.9007649Z npm warn config ignoring workspace config at /home/runner/work/chainlesschain/chainlesschain/desktop-app-vue/.npmrc
2026-10-10T01:40:56.4537032Z npm warn deprecated npmlog@4.1.2: This package is no longer supported.
2026-10-10T01:40:56.4573655Z npm warn deprecated are-we-there-yet@1.1.7: This package is no longer supported.
2026-10-10T01:40:56.4648609Z npm warn deprecated prebuild-install@5.3.6: No longer maintained. Please contact the author of the relevant native addon; alternatives are available.
2026-10-10T01:40:56.4668222Z npm warn deprecated gauge@2.7.4: This package is no longer supported.
2026-10-10T01:40:58.3162049Z 
2026-10-10T01:40:58.3162675Z up to date, audited 2556 packages in 3s
2026-10-10T01:40:58.3163191Z 
2026-10-10T01:40:58.3165996Z 482 packages are looking for funding
2026-10-10T01:40:58.3166660Z   run `npm fund` for details
2026-10-10T01:40:58.4905421Z 
2026-10-10T01:40:58.4906210Z 117 vulnerabilities (8 low, 23 moderate, 85 high, 1 critical)
2026-10-10T01:40:58.4906529Z 
2026-10-10T01:40:58.4906769Z To address issues that do not require attention, run:
2026-10-10T01:40:58.4907139Z   npm audit fix
2026-10-10T01:40:58.4907289Z 
2026-10-10T01:40:58.4907571Z To address all issues possible (including breaking changes), run:
2026-10-10T01:40:58.4907971Z   npm audit fix --force
2026-10-10T01:40:58.4908132Z 
2026-10-10T01:40:58.4908334Z Some issues need review, and may require choosing
2026-10-10T01:40:58.4908695Z a different dependency.
2026-10-10T01:40:58.4908841Z 
2026-10-10T01:40:58.4908969Z Run `npm audit` for details.
2026-10-10T01:40:58.5138027Z ##[end-action id=__self.__run_2;outcome=success;conclusion=success;duration_ms=3727]
2026-10-10T01:40:58.5154070Z ##[start-action display=Install platform rollup binary + extras;id=__self.__run_3]
2026-10-10T01:40:58.5212518Z ##[group]Run # Pick the rollup native binary for this runner.
2026-10-10T01:40:58.5212878Z [36;1m# Pick the rollup native binary for this runner.[0m
2026-10-10T01:40:58.5213249Z [36;1m# Workaround for https://github.com/npm/cli/issues/4828 — npm sometimes[0m
2026-10-10T01:40:58.5213686Z [36;1m# skips optional platform deps, leaving vite/vitest unable to resolve rollup.[0m
2026-10-10T01:40:58.5214029Z [36;1mcase "${RUNNER_OS}-${RUNNER_ARCH}" in[0m
2026-10-10T01:40:58.5214322Z [36;1m  Linux-X64)     pkg="@rollup/rollup-linux-x64-gnu" ;;[0m
2026-10-10T01:40:58.5214650Z [36;1m  Linux-ARM64)   pkg="@rollup/rollup-linux-arm64-gnu" ;;[0m
2026-10-10T01:40:58.5214968Z [36;1m  Windows-X64)   pkg="@rollup/rollup-win32-x64-msvc" ;;[0m
2026-10-10T01:40:58.5215563Z [36;1m  Windows-ARM64) pkg="@rollup/rollup-win32-arm64-msvc" ;;[0m
2026-10-10T01:40:58.5215884Z [36;1m  macOS-ARM64)   pkg="@rollup/rollup-darwin-arm64" ;;[0m
2026-10-10T01:40:58.5216358Z [36;1m  macOS-X64)     pkg="@rollup/rollup-darwin-x64" ;;[0m
2026-10-10T01:40:58.5216664Z [36;1m  *)             pkg="" ;;[0m
2026-10-10T01:40:58.5216933Z [36;1mesac[0m
2026-10-10T01:40:58.5217172Z [36;1mpackages="$pkg $EXTRA_PACKAGES"[0m
2026-10-10T01:40:58.5217521Z [36;1mpackages=$(echo "$packages" | xargs) # trim[0m
2026-10-10T01:40:58.5217768Z [36;1mif [ -n "$packages" ]; then[0m
2026-10-10T01:40:58.5217986Z [36;1m  echo "Installing: $packages"[0m
2026-10-10T01:40:58.5218220Z [36;1m  if [ -n "$INSTALL_WORKSPACE" ]; then[0m
2026-10-10T01:40:58.5218503Z [36;1m    npm install $packages --no-save --legacy-peer-deps \[0m
2026-10-10T01:40:58.5218801Z [36;1m      --workspace "$INSTALL_WORKSPACE" \[0m
2026-10-10T01:40:58.5219077Z [36;1m      --include-workspace-root=false || true[0m
2026-10-10T01:40:58.5219318Z [36;1m  else[0m
2026-10-10T01:40:58.5219559Z [36;1m    npm install $packages --no-save --legacy-peer-deps || true[0m
2026-10-10T01:40:58.5219994Z [36;1m  fi[0m
2026-10-10T01:40:58.5220169Z [36;1mfi[0m
2026-10-10T01:40:58.5276952Z shell: /usr/bin/bash --noprofile --norc -e -o pipefail {0}
2026-10-10T01:40:58.5277228Z env:
2026-10-10T01:40:58.5277391Z   EXTRA_PACKAGES: 
2026-10-10T01:40:58.5277571Z   INSTALL_WORKSPACE: 
2026-10-10T01:40:58.5277748Z ##[endgroup]
2026-10-10T01:40:58.5393049Z Installing: @rollup/rollup-linux-x64-gnu
2026-10-10T01:41:00.2848456Z npm warn deprecated npmlog@4.1.2: This package is no longer supported.
2026-10-10T01:41:00.3146918Z npm warn deprecated are-we-there-yet@1.1.7: This package is no longer supported.
2026-10-10T01:41:00.3733297Z npm warn deprecated prebuild-install@5.3.6: No longer maintained. Please contact the author of the relevant native addon; alternatives are available.
2026-10-10T01:41:00.5280945Z npm warn deprecated gauge@2.7.4: This package is no longer supported.
2026-10-10T01:41:02.8144065Z 
2026-10-10T01:41:02.8144844Z added 1 package, changed 1 package, and audited 2557 packages in 4s
2026-10-10T01:41:02.8145376Z 
2026-10-10T01:41:02.8145512Z 482 packages are looking for funding
2026-10-10T01:41:02.8146024Z   run `npm fund` for details
2026-10-10T01:41:02.9878263Z 
2026-10-10T01:41:02.9878926Z 118 vulnerabilities (8 low, 23 moderate, 86 high, 1 critical)
2026-10-10T01:41:02.9879181Z 
2026-10-10T01:41:02.9879358Z To address issues that do not require attention, run:
2026-10-10T01:41:02.9879629Z   npm audit fix
2026-10-10T01:41:02.9879735Z 
2026-10-10T01:41:02.9879942Z To address all issues possible (including breaking changes), run:
2026-10-10T01:41:02.9880233Z   npm audit fix --force
2026-10-10T01:41:02.9880356Z 
2026-10-10T01:41:02.9880504Z Some issues need review, and may require choosing
2026-10-10T01:41:02.9880768Z a different dependency.
2026-10-10T01:41:02.9880889Z 
2026-10-10T01:41:02.9880987Z Run `npm audit` for details.
2026-10-10T01:41:03.0096733Z ##[end-action id=__self.__run_3;outcome=success;conclusion=success;duration_ms=4490]
2026-10-10T01:41:03.0131242Z ##[group]Run npm run lint --if-present
2026-10-10T01:41:03.0131529Z [36;1mnpm run lint --if-present[0m
2026-10-10T01:41:03.0189845Z shell: /usr/bin/bash -e {0}
2026-10-10T01:41:03.0190069Z ##[endgroup]
2026-10-10T01:41:03.1163752Z npm warn config ignoring workspace config at /home/runner/work/chainlesschain/chainlesschain/desktop-app-vue/.npmrc
2026-10-10T01:41:03.1906207Z 
2026-10-10T01:41:03.1906798Z > chainlesschain-desktop-vue@5.0.3-alpha.140 lint
2026-10-10T01:41:03.1907206Z > eslint src
2026-10-10T01:41:03.1907311Z 
2026-10-10T01:42:03.7721120Z 
2026-10-10T01:42:03.7722352Z /home/runner/work/chainlesschain/chainlesschain/desktop-app-vue/src/main/ai-engine/a2a/a2a-protocol-engine.js
2026-10-10T01:42:03.7749291Z ##[warning]  14:34  warning  Expected { after 'if' condition                                                  curly
2026-10-10T01:42:03.7757020Z ##[warning]  39:24  warning  'deps' is assigned a value but never used. Allowed unused args must match /^_/u  @typescript-eslint/no-unused-vars
2026-10-10T01:42:03.7757928Z 
2026-10-10T01:42:03.7758360Z /home/runner/work/chainlesschain/chainlesschain/desktop-app-vue/src/main/ai-engine/agents/agent-capabilities.js
2026-10-10T01:42:03.7759274Z ##[warning]  599:18  warning  Expected { after 'if' condition  curly
2026-10-10T01:42:03.7759821Z 
2026-10-10T01:42:03.7760218Z /home/runner/work/chainlesschain/chainlesschain/desktop-app-vue/src/main/ai-engine/agents/agent-coordinator.js
2026-10-10T01:42:03.7760912Z ##[warning]   535:29  warning  Expected { after 'if' condition  curly
2026-10-10T01:42:03.7761747Z ##[warning]   881:19  warning  Expected { after 'if' condition  curly
2026-10-10T01:42:03.7762557Z ##[warning]   882:27  warning  Expected { after 'if' condition  curly
2026-10-10T01:42:03.7763371Z ##[warning]   988:29  warning  Expected { after 'if' condition  curly
2026-10-10T01:42:03.7764187Z ##[warning]  1176:33  warning  Expected { after 'if' condition  curly
2026-10-10T01:42:03.7765170Z ##[warning]  1177:33  warning  Expected { after 'if' condition  curly
2026-10-10T01:42:03.7766399Z ##[warning]  1184:17  warning  Expected { after 'if' condition  curly
2026-10-10T01:42:03.7767221Z ##[warning]  1190:19  warning  Expected { after 'if' condition  curly
2026-10-10T01:42:03.7768101Z ##[warning]  1195:19  warning  Expected { after 'if' condition  curly
2026-10-10T01:42:03.7768983Z ##[warning]  1230:19  warning  Expected { after 'if' condition  curly
2026-10-10T01:42:03.7769844Z ##[warning]  1275:28  warning  Expected { after 'if' condition  curly
2026-10-10T01:42:03.7770662Z ##[warning]  1542:29  warning  Expected { after 'if' condition  curly
2026-10-10T01:42:03.7771568Z ##[warning]  1610:29  warning  Expected { after 'if' condition  curly
2026-10-10T01:42:03.7772394Z ##[warning]  2503:62  warning  Expected { after 'if' condition  curly
2026-10-10T01:42:03.7773202Z ##[warning]  2504:45  warning  Expected { after 'if' condition  curly
2026-10-10T01:42:03.7773736Z 
2026-10-10T01:42:03.7774161Z /home/runner/work/chainlesschain/chainlesschain/desktop-app-vue/src/main/ai-engine/autonomous/agent-task-queue.js
2026-10-10T01:42:03.7775525Z ##[warning]  336:16  warning  'e' is defined but never used. Allowed unused caught errors must match /^_/u  @typescript-eslint/no-unused-vars
2026-10-10T01:42:03.7776376Z 
2026-10-10T01:42:03.7776818Z /home/runner/work/chainlesschain/chainlesschain/desktop-app-vue/src/main/ai-engine/autonomous/autonomous-agent-runner.js
2026-10-10T01:42:03.7778015Z ##[warning]    60:7   warning  'TOOL_PERMISSION_CATEGORIES' is assigned a value but never used. Allowed unused vars must match /^_/u  @typescript-eslint/no-unused-vars
2026-10-10T01:42:03.7779492Z ##[warning]   517:19  warning  'i' is defined but never used. Allowed unused args must match /^_/u                                    @typescript-eslint/no-unused-vars
2026-10-10T01:42:03.7780941Z ##[warning]  1562:13  warning  'logsResult' is assigned a value but never used. Allowed unused vars must match /^_/u                  @typescript-eslint/no-unused-vars
2026-10-10T01:42:03.7782639Z ##[warning]  1573:13  warning  'stepsResult' is assigned a value but never used. Allowed unused vars must match /^_/u                 @typescript-eslint/no-unused-vars
2026-10-10T01:42:03.7784181Z ##[warning]  2059:14  warning  'e' is defined but never used. Allowed unused caught errors must match /^_/u                           @typescript-eslint/no-unused-vars
2026-10-10T01:42:03.7784922Z 
2026-10-10T01:42:03.7785445Z /home/runner/work/chainlesschain/chainlesschain/desktop-app-vue/src/main/ai-engine/checkpoint-validator.js
2026-10-10T01:42:03.7786382Z ##[warning]  144:29  warning  'step' is defined but never used. Allowed unused args must match /^_/u  @typescript-eslint/no-unused-vars
2026-10-10T01:42:03.7787106Z 
2026-10-10T01:42:03.7787594Z /home/runner/work/chainlesschain/chainlesschain/desktop-app-vue/src/main/ai-engine/code-agent/__tests__/desktop-graph-ipc-journey.test.js
2026-10-10T01:42:03.7788494Z ##[warning]   47:21  warning  Expected { after 'if' condition  curly
2026-10-10T01:42:03.7789353Z ##[warning]   91:32  warning  Expected { after 'if' condition  curly
2026-10-10T01:42:03.7790204Z ##[warning]  134:60  warning  Expected { after 'if' condition  curly
2026-10-10T01:42:03.7791028Z ##[warning]  143:51  warning  Expected { after 'if' condition  curly
2026-10-10T01:42:03.7791563Z 
2026-10-10T01:42:03.7791961Z /home/runner/work/chainlesschain/chainlesschain/desktop-app-vue/src/main/ai-engine/code-agent/code-generator-v2.js
2026-10-10T01:42:03.7792970Z ##[warning]  189:27  warning  'options' is assigned a value but never used. Allowed unused args must match /^_/u  @typescript-eslint/no-unused-vars
2026-10-10T01:42:03.7794314Z ##[warning]  282:30  warning  'options' is assigned a value but never used. Allowed unused args must match /^_/u  @typescript-eslint/no-unused-vars
2026-10-10T01:42:03.7795165Z 
2026-10-10T01:42:03.7795617Z /home/runner/work/chainlesschain/chainlesschain/desktop-app-vue/src/main/ai-engine/code-agent/desktop-graph-execution-adapter.js
2026-10-10T01:42:03.7796523Z ##[warning]  30:30  warning  Expected { after 'if' condition  curly
2026-10-10T01:42:03.7797380Z ##[warning]  39:34  warning  Expected { after 'if' condition  curly
2026-10-10T01:42:03.7798238Z ##[warning]  48:33  warning  Expected { after 'if' condition  curly
2026-10-10T01:42:03.7798765Z 
2026-10-10T01:42:03.7799207Z /home/runner/work/chainlesschain/chainlesschain/desktop-app-vue/src/main/ai-engine/code-agent/desktop-graph-run-registry.js
2026-10-10T01:42:03.7799905Z ##[warning]  37:22  warning  Expected { after 'if' condition  curly
2026-10-10T01:42:03.7800705Z ##[warning]  64:24  warning  Expected { after 'if' condition  curly
2026-10-10T01:42:03.7801220Z 
2026-10-10T01:42:03.7801666Z /home/runner/work/chainlesschain/chainlesschain/desktop-app-vue/src/main/ai-engine/code-agent/desktop-runtime-authority.js
2026-10-10T01:42:03.7802385Z ##[warning]   61:17  warning  Expected { after 'if' condition  curly
2026-10-10T01:42:03.7803238Z ##[warning]   66:15  warning  Expected { after 'if' condition  curly
2026-10-10T01:42:03.7804054Z ##[warning]   73:22  warning  Expected { after 'if' condition  curly
2026-10-10T01:42:03.7804866Z ##[warning]  100:17  warning  Expected { after 'if' condition  curly
2026-10-10T01:42:03.7805555Z 
2026-10-10T01:42:03.7805908Z /home/runner/work/chainlesschain/chainlesschain/desktop-app-vue/src/main/ai-engine/content-recommender.js
2026-10-10T01:42:03.7806930Z ##[warning]  299:19  warning  'prevTool' is assigned a value but never used. Allowed unused vars must match /^_/u  @typescript-eslint/no-unused-vars
2026-10-10T01:42:03.7807666Z 
2026-10-10T01:42:03.7808145Z /home/runner/work/chainlesschain/chainlesschain/desktop-app-vue/src/main/ai-engine/cowork/__tests__/federation-hardening-circuit.test.js
2026-10-10T01:42:03.7809044Z ##[warning]  49:33  warning  Expected { after 'for' condition  curly
2026-10-10T01:42:03.7809589Z 
2026-10-10T01:42:03.7809929Z /home/runner/work/chainlesschain/chainlesschain/desktop-app-vue/src/main/ai-engine/cowork/agent-pool.js
2026-10-10T01:42:03.7811070Z ##[warning]  464:17  warning  'type' is assigned a value but never used. Allowed unused vars must match /^_/u  @typescript-eslint/no-unused-vars
2026-10-10T01:42:03.7812389Z ##[warning]  581:19  warning  'type' is assigned a value but never used. Allowed unused vars must match /^_/u  @typescript-eslint/no-unused-vars
2026-10-10T01:42:03.7813696Z ##[warning]  651:20  warning  'e' is defined but never used. Allowed unused caught errors must match /^_/u     @typescript-eslint/no-unused-vars
2026-10-10T01:42:03.7814416Z 
2026-10-10T01:42:03.7814784Z /home/runner/work/chainlesschain/chainlesschain/desktop-app-vue/src/main/ai-engine/cowork/agent-reputation.js
2026-10-10T01:42:03.7815948Z ##[warning]   72:24  warning  'deps' is assigned a value but never used. Allowed unused args must match /^_/u      @typescript-eslint/no-unused-vars
2026-10-10T01:42:03.7817337Z ##[warning]  372:17  warning  'agentDID' is assigned a value but never used. Allowed unused vars must match /^_/u  @typescript-eslint/no-unused-vars
2026-10-10T01:42:03.7818084Z 
2026-10-10T01:42:03.7818457Z /home/runner/work/chainlesschain/chainlesschain/desktop-app-vue/src/main/ai-engine/cowork/anomaly-detector.js
2026-10-10T01:42:03.7819126Z ##[warning]  23:34  warning  Expected { after 'if' condition  curly
2026-10-10T01:42:03.7819666Z 
2026-10-10T01:42:03.7820043Z /home/runner/work/chainlesschain/chainlesschain/desktop-app-vue/src/main/ai-engine/cowork/auto-remediator.js
2026-10-10T01:42:03.7821003Z ##[warning]  531:38  warning  'stepIndex' is defined but never used. Allowed unused args must match /^_/u  @typescript-eslint/no-unused-vars
2026-10-10T01:42:03.7821774Z 
2026-10-10T01:42:03.7822154Z /home/runner/work/chainlesschain/chainlesschain/desktop-app-vue/src/main/ai-engine/cowork/autonomous-ops-ipc.js
2026-10-10T01:42:03.7823103Z ##[warning]  297:60  warning  'options' is defined but never used. Allowed unused args must match /^_/u  @typescript-eslint/no-unused-vars
2026-10-10T01:42:03.7824264Z ##[warning]  304:21  warning  Unreachable code                                                           no-unreachable
2026-10-10T01:42:03.7825214Z 
2026-10-10T01:42:03.7825590Z /home/runner/work/chainlesschain/chainlesschain/desktop-app-vue/src/main/ai-engine/cowork/code-knowledge-graph.js
2026-10-10T01:42:03.7826578Z ##[warning]   269:14  warning  'e' is defined but never used. Allowed unused caught errors must match /^_/u  @typescript-eslint/no-unused-vars
2026-10-10T01:42:03.7827863Z ##[warning]  1107:14  warning  'e' is defined but never used. Allowed unused caught errors must match /^_/u  @typescript-eslint/no-unused-vars
2026-10-10T01:42:03.7828586Z 
2026-10-10T01:42:03.7828950Z /home/runner/work/chainlesschain/chainlesschain/desktop-app-vue/src/main/ai-engine/cowork/cowork-api-server.js
2026-10-10T01:42:03.7829953Z ##[warning]  110:17  warning  'clientId' is assigned a value but never used. Allowed unused vars must match /^_/u  @typescript-eslint/no-unused-vars
2026-10-10T01:42:03.7830681Z 
2026-10-10T01:42:03.7831028Z /home/runner/work/chainlesschain/chainlesschain/desktop-app-vue/src/main/ai-engine/cowork/cowork-ipc.js
2026-10-10T01:42:03.7831945Z ##[warning]   80:14  warning  'result' is defined but never used. Allowed unused args must match /^_/u  @typescript-eslint/no-unused-vars
2026-10-10T01:42:03.7833196Z ##[warning]  400:45  warning  'event' is defined but never used. Allowed unused args must match /^_/u   @typescript-eslint/no-unused-vars
2026-10-10T01:42:03.7834446Z ##[warning]  642:53  warning  'event' is defined but never used. Allowed unused args must match /^_/u   @typescript-eslint/no-unused-vars
2026-10-10T01:42:03.7835880Z ##[warning]  757:52  warning  'event' is defined but never used. Allowed unused args must match /^_/u   @typescript-eslint/no-unused-vars
2026-10-10T01:42:03.7837131Z ##[warning]  787:58  warning  'event' is defined but never used. Allowed unused args must match /^_/u   @typescript-eslint/no-unused-vars
2026-10-10T01:42:03.7838554Z ##[warning]  859:50  warning  'event' is defined but never used. Allowed unused args must match /^_/u   @typescript-eslint/no-unused-vars
2026-10-10T01:42:03.7839889Z ##[warning]  872:51  warning  'event' is defined but never used. Allowed unused args must match /^_/u   @typescript-eslint/no-unused-vars
2026-10-10T01:42:03.7841136Z ##[warning]  889:53  warning  'event' is defined but never used. Allowed unused args must match /^_/u   @typescript-eslint/no-unused-vars
2026-10-10T01:42:03.7842358Z ##[warning]  902:49  warning  'event' is defined but never used. Allowed unused args must match /^_/u   @typescript-eslint/no-unused-vars
2026-10-10T01:42:03.7843576Z ##[warning]  948:56  warning  'event' is defined but never used. Allowed unused args must match /^_/u   @typescript-eslint/no-unused-vars
2026-10-10T01:42:03.7844267Z 
2026-10-10T01:42:03.7844649Z /home/runner/work/chainlesschain/chainlesschain/desktop-app-vue/src/main/ai-engine/cowork/cowork-v2-ipc.js
2026-10-10T01:42:03.7845811Z ##[warning]  412:53  warning  'options' is assigned a value but never used. Allowed unused args must match /^_/u  @typescript-eslint/no-unused-vars
2026-10-10T01:42:03.7846581Z 
2026-10-10T01:42:03.7846972Z /home/runner/work/chainlesschain/chainlesschain/desktop-app-vue/src/main/ai-engine/cowork/cross-org-task-router.js
2026-10-10T01:42:03.7847949Z ##[warning]  620:18  warning  'e' is defined but never used. Allowed unused caught errors must match /^_/u  @typescript-eslint/no-unused-vars
2026-10-10T01:42:03.7849265Z ##[warning]  746:20  warning  'e' is defined but never used. Allowed unused caught errors must match /^_/u  @typescript-eslint/no-unused-vars
2026-10-10T01:42:03.7849973Z 
2026-10-10T01:42:03.7850326Z /home/runner/work/chainlesschain/chainlesschain/desktop-app-vue/src/main/ai-engine/cowork/debate-review.js
2026-10-10T01:42:03.7851309Z ##[warning]   18:7   warning  'path' is assigned a value but never used. Allowed unused vars must match /^_/u  @typescript-eslint/no-unused-vars
2026-10-10T01:42:03.7852624Z ##[warning]  399:38  warning  'target' is defined but never used. Allowed unused args must match /^_/u         @typescript-eslint/no-unused-vars
2026-10-10T01:42:03.7853485Z 
2026-10-10T01:42:03.7853868Z /home/runner/work/chainlesschain/chainlesschain/desktop-app-vue/src/main/ai-engine/cowork/device-discovery.js
2026-10-10T01:42:03.7854841Z ##[warning]   13:13  warning  'uuidv4' is assigned a value but never used. Allowed unused vars must match /^_/u  @typescript-eslint/no-unused-vars
2026-10-10T01:42:03.7856378Z ##[warning]  465:32  warning  'skillId' is defined but never used. Allowed unused args must match /^_/u          @typescript-eslint/no-unused-vars
2026-10-10T01:42:03.7857096Z 
2026-10-10T01:42:03.7857461Z /home/runner/work/chainlesschain/chainlesschain/desktop-app-vue/src/main/ai-engine/cowork/document-parser.js
2026-10-10T01:42:03.7858447Z ##[warning]  311:28  warning  'options' is assigned a value but never used. Allowed unused args must match /^_/u  @typescript-eslint/no-unused-vars
2026-10-10T01:42:03.7859771Z ##[warning]  408:20  warning  'options' is assigned a value but never used. Allowed unused args must match /^_/u  @typescript-eslint/no-unused-vars
2026-10-10T01:42:03.7860491Z 
2026-10-10T01:42:03.7860908Z /home/runner/work/chainlesschain/chainlesschain/desktop-app-vue/src/main/ai-engine/cowork/federated-learning-manager.js
2026-10-10T01:42:03.7861949Z ##[warning]  395:54  warning  'options' is assigned a value but never used. Allowed unused args must match /^_/u  @typescript-eslint/no-unused-vars
2026-10-10T01:42:03.7862682Z 
2026-10-10T01:42:03.7863054Z /home/runner/work/chainlesschain/chainlesschain/desktop-app-vue/src/main/ai-engine/cowork/graphql-api-manager.js
2026-10-10T01:42:03.7863733Z ##[warning]  7:34  warning  Expected { after 'if' condition  curly
2026-10-10T01:42:03.7864341Z 
2026-10-10T01:42:03.7864714Z /home/runner/work/chainlesschain/chainlesschain/desktop-app-vue/src/main/ai-engine/cowork/graphql-resolvers.js
2026-10-10T01:42:03.7865864Z ##[warning]  1:9  warning  'logger' is assigned a value but never used. Allowed unused vars must match /^_/u        @typescript-eslint/no-unused-vars
2026-10-10T01:42:03.7867376Z ##[warning]  9:5  warning  'flAggregator' is assigned a value but never used. Allowed unused vars must match /^_/u  @typescript-eslint/no-unused-vars
2026-10-10T01:42:03.7868113Z 
2026-10-10T01:42:03.7868500Z /home/runner/work/chainlesschain/chainlesschain/desktop-app-vue/src/main/ai-engine/cowork/incident-classifier.js
2026-10-10T01:42:03.7869183Z ##[warning]  24:34  warning  Expected { after 'if' condition  curly
2026-10-10T01:42:03.7869720Z 
2026-10-10T01:42:03.7870114Z /home/runner/work/chainlesschain/chainlesschain/desktop-app-vue/src/main/ai-engine/cowork/ipc-api-doc-generator.js
2026-10-10T01:42:03.7871103Z ##[warning]  41:7  warning  'PATTERNS' is assigned a value but never used. Allowed unused vars must match /^_/u  @typescript-eslint/no-unused-vars
2026-10-10T01:42:03.7871832Z 
2026-10-10T01:42:03.7872199Z /home/runner/work/chainlesschain/chainlesschain/desktop-app-vue/src/main/ai-engine/cowork/load-balancer.js
2026-10-10T01:42:03.7873151Z ##[warning]  278:21  warning  'task' is assigned a value but never used. Allowed unused args must match /^_/u  @typescript-eslint/no-unused-vars
2026-10-10T01:42:03.7873877Z 
2026-10-10T01:42:03.7874279Z /home/runner/work/chainlesschain/chainlesschain/desktop-app-vue/src/main/ai-engine/cowork/long-running-task-manager.js
2026-10-10T01:42:03.7875419Z ##[warning]  1223:16  warning  'error' is defined but never used. Allowed unused caught errors must match /^_/u  @typescript-eslint/no-unused-vars
2026-10-10T01:42:03.7876151Z 
2026-10-10T01:42:03.7876505Z /home/runner/work/chainlesschain/chainlesschain/desktop-app-vue/src/main/ai-engine/cowork/modality-fusion.js
2026-10-10T01:42:03.7877395Z ##[warning]   27:34  warning  Expected { after 'if' condition                                                       curly
2026-10-10T01:42:03.7878671Z ##[warning]  251:23  warning  'processor' is assigned a value but never used. Allowed unused vars must match /^_/u  @typescript-eslint/no-unused-vars
2026-10-10T01:42:03.7880034Z ##[warning]  446:24  warning  'input' is defined but never used. Allowed unused args must match /^_/u               @typescript-eslint/no-unused-vars
2026-10-10T01:42:03.7880884Z 
2026-10-10T01:42:03.7881286Z /home/runner/work/chainlesschain/chainlesschain/desktop-app-vue/src/main/ai-engine/cowork/multimodal-collab-ipc.js
2026-10-10T01:42:03.7882239Z ##[warning]  156:54  warning  'options' is defined but never used. Allowed unused args must match /^_/u  @typescript-eslint/no-unused-vars
2026-10-10T01:42:03.7883432Z ##[warning]  163:21  warning  Unreachable code                                                           no-unreachable
2026-10-10T01:42:03.7884641Z ##[warning]  169:56  warning  'options' is defined but never used. Allowed unused args must match /^_/u  @typescript-eslint/no-unused-vars
2026-10-10T01:42:03.7885935Z ##[warning]  176:21  warning  Unreachable code                                                           no-unreachable
2026-10-10T01:42:03.7887117Z ##[warning]  203:55  warning  'options' is defined but never used. Allowed unused args must match /^_/u  @typescript-eslint/no-unused-vars
2026-10-10T01:42:03.7888240Z ##[warning]  210:21  warning  Unreachable code                                                           no-unreachable
2026-10-10T01:42:03.7888849Z 
2026-10-10T01:42:03.7889226Z /home/runner/work/chainlesschain/chainlesschain/desktop-app-vue/src/main/ai-engine/cowork/multimodal-output.js
2026-10-10T01:42:03.7890178Z ##[warning]  220:37  warning  'template' is defined but never used. Allowed unused args must match /^_/u  @typescript-eslint/no-unused-vars
2026-10-10T01:42:03.7891459Z ##[warning]  262:33  warning  'template' is defined but never used. Allowed unused args must match /^_/u  @typescript-eslint/no-unused-vars
2026-10-10T01:42:03.7892728Z ##[warning]  352:35  warning  'template' is defined but never used. Allowed unused args must match /^_/u  @typescript-eslint/no-unused-vars
2026-10-10T01:42:03.7893418Z 
2026-10-10T01:42:03.7894025Z /home/runner/work/chainlesschain/chainlesschain/desktop-app-vue/src/main/ai-engine/cowork/nl-programming-ipc.js
2026-10-10T01:42:03.7894958Z ##[warning]  135:53  warning  'options' is defined but never used. Allowed unused args must match /^_/u  @typescript-eslint/no-unused-vars
2026-10-10T01:42:03.7896320Z ##[warning]  142:21  warning  Unreachable code                                                           no-unreachable
2026-10-10T01:42:03.7896949Z 
2026-10-10T01:42:03.7897318Z /home/runner/work/chainlesschain/chainlesschain/desktop-app-vue/src/main/ai-engine/cowork/p2p-agent-network.js
2026-10-10T01:42:03.7898297Z ##[warning]  594:17  warning  'taskId' is assigned a value but never used. Allowed unused vars must match /^_/u  @typescript-eslint/no-unused-vars
2026-10-10T01:42:03.7899019Z 
2026-10-10T01:42:03.7899383Z /home/runner/work/chainlesschain/chainlesschain/desktop-app-vue/src/main/ai-engine/cowork/pipeline-ipc.js
2026-10-10T01:42:03.7900418Z ##[warning]  43:33  warning  'requirementParser' is assigned a value but never used. Allowed unused vars must match /^_/u  @typescript-eslint/no-unused-vars
2026-10-10T01:42:03.7901178Z 
2026-10-10T01:42:03.7901573Z /home/runner/work/chainlesschain/chainlesschain/desktop-app-vue/src/main/ai-engine/cowork/pipeline-orchestrator.js
2026-10-10T01:42:03.7902259Z ##[warning]  32:34  warning  Expected { after 'if' condition  curly
2026-10-10T01:42:03.7902798Z 
2026-10-10T01:42:03.7903182Z /home/runner/work/chainlesschain/chainlesschain/desktop-app-vue/src/main/ai-engine/cowork/post-deploy-monitor.js
2026-10-10T01:42:03.7904173Z ##[warning]  210:17  warning  'id' is assigned a value but never used. Allowed unused vars must match /^_/u           @typescript-eslint/no-unused-vars
2026-10-10T01:42:03.7905684Z ##[warning]  245:7   warning  'sampleCount' is assigned a value but never used. Allowed unused vars must match /^_/u  @typescript-eslint/no-unused-vars
2026-10-10T01:42:03.7906422Z 
2026-10-10T01:42:03.7906812Z /home/runner/work/chainlesschain/chainlesschain/desktop-app-vue/src/main/ai-engine/cowork/postmortem-generator.js
2026-10-10T01:42:03.7908010Z ##[warning]  26:7  warning  'REPORT_SECTIONS' is assigned a value but never used. Allowed unused vars must match /^_/u  @typescript-eslint/no-unused-vars
2026-10-10T01:42:03.7908762Z 
2026-10-10T01:42:03.7909161Z /home/runner/work/chainlesschain/chainlesschain/desktop-app-vue/src/main/ai-engine/cowork/project-style-analyzer.js
2026-10-10T01:42:03.7910178Z ##[warning]  133:35  warning  'options' is assigned a value but never used. Allowed unused args must match /^_/u       @typescript-eslint/no-unused-vars
2026-10-10T01:42:03.7911568Z ##[warning]  418:15  warning  'hasColocated' is assigned a value but never used. Allowed unused vars must match /^_/u  @typescript-eslint/no-unused-vars
2026-10-10T01:42:03.7912929Z ##[warning]  513:19  warning  'directory' is defined but never used. Allowed unused args must match /^_/u              @typescript-eslint/no-unused-vars
2026-10-10T01:42:03.7914259Z ##[warning]  521:22  warning  'directory' is defined but never used. Allowed unused args must match /^_/u              @typescript-eslint/no-unused-vars
2026-10-10T01:42:03.7915754Z ##[warning]  629:27  warning  'maxDepth' is defined but never used. Allowed unused args must match /^_/u               @typescript-eslint/no-unused-vars
2026-10-10T01:42:03.7916485Z 
2026-10-10T01:42:03.7916859Z /home/runner/work/chainlesschain/chainlesschain/desktop-app-vue/src/main/ai-engine/cowork/prompt-optimizer.js
2026-10-10T01:42:03.7917536Z ##[warning]  294:27  warning  Expected { after 'if' condition  curly
2026-10-10T01:42:03.7918089Z 
2026-10-10T01:42:03.7918460Z /home/runner/work/chainlesschain/chainlesschain/desktop-app-vue/src/main/ai-engine/cowork/requirement-parser.js
2026-10-10T01:42:03.7919418Z ##[warning]  509:43  warning  'context' is defined but never used. Allowed unused args must match /^_/u  @typescript-eslint/no-unused-vars
2026-10-10T01:42:03.7920130Z 
2026-10-10T01:42:03.7920494Z /home/runner/work/chainlesschain/chainlesschain/desktop-app-vue/src/main/ai-engine/cowork/screen-recorder.js
2026-10-10T01:42:03.7921566Z ##[warning]  84:20  warning  'deps' is assigned a value but never used. Allowed unused args must match /^_/u  @typescript-eslint/no-unused-vars
2026-10-10T01:42:03.7922293Z 
2026-10-10T01:42:03.7922662Z /home/runner/work/chainlesschain/chainlesschain/desktop-app-vue/src/main/ai-engine/cowork/skill-discoverer.js
2026-10-10T01:42:03.7923593Z ##[warning]  418:20  warning  'e' is defined but never used. Allowed unused caught errors must match /^_/u  @typescript-eslint/no-unused-vars
2026-10-10T01:42:03.7924309Z 
2026-10-10T01:42:03.7924830Z /home/runner/work/chainlesschain/chainlesschain/desktop-app-vue/src/main/ai-engine/cowork/skills/__tests__/bundled-skill-filesystem-broker.test.js
2026-10-10T01:42:03.7925948Z ##[warning]  327:70  warning  Expected { after 'if' condition  curly
2026-10-10T01:42:03.7926503Z 
2026-10-10T01:42:03.7926975Z /home/runner/work/chainlesschain/chainlesschain/desktop-app-vue/src/main/ai-engine/cowork/skills/__tests__/governed-skill-loading.test.js
2026-10-10T01:42:03.7927717Z ##[warning]  185:27  warning  Expected { after 'if' condition  curly
2026-10-10T01:42:03.7928581Z ##[warning]  186:27  warning  Expected { after 'if' condition  curly
2026-10-10T01:42:03.7929103Z 
2026-10-10T01:42:03.7929552Z /home/runner/work/chainlesschain/chainlesschain/desktop-app-vue/src/main/ai-engine/cowork/skills/__tests__/pdh-im-collect.test.js
2026-10-10T01:42:03.7930450Z ##[warning]  31:39  warning  Expected { after 'if' condition                    curly
2026-10-10T01:42:03.7931882Z ##[warning]  47:3   warning  Read-only global 'context' should not be modified  no-global-assign
2026-10-10T01:42:03.7933257Z ##[warning]  63:3   warning  Read-only global 'context' should not be modified  no-global-assign
2026-10-10T01:42:03.7934019Z 
2026-10-10T01:42:03.7934551Z /home/runner/work/chainlesschain/chainlesschain/desktop-app-vue/src/main/ai-engine/cowork/skills/__tests__/skill-execution-security.test.js
2026-10-10T01:42:03.7935731Z ##[warning]  154:53  warning  Expected { after 'if' condition  curly
2026-10-10T01:42:03.7936659Z 
2026-10-10T01:42:03.7962807Z /home/runner/work/chainlesschain/chainlesschain/desktop-app-vue/src/main/ai-engine/cowork/skills/__tests__/skill-outcome-db-authority.test.js
2026-10-10T01:42:03.7963901Z ##[warning]  266:24  warning  Expected { after 'if' condition  curly
2026-10-10T01:42:03.7964623Z 
2026-10-10T01:42:03.7965255Z /home/runner/work/chainlesschain/chainlesschain/desktop-app-vue/src/main/ai-engine/cowork/skills/__tests__/skill-workflow-ipc.test.js
2026-10-10T01:42:03.7966039Z ##[warning]  29:12  warning  Expected { after 'if' condition  curly
2026-10-10T01:42:03.7966651Z 
2026-10-10T01:42:03.7967038Z /home/runner/work/chainlesschain/chainlesschain/desktop-app-vue/src/main/ai-engine/cowork/skills/base-skill.js
2026-10-10T01:42:03.7968070Z ##[warning]  128:23  warning  'context' is assigned a value but never used. Allowed unused args must match /^_/u  @typescript-eslint/no-unused-vars
2026-10-10T01:42:03.7968836Z 
2026-10-10T01:42:03.7969322Z /home/runner/work/chainlesschain/chainlesschain/desktop-app-vue/src/main/ai-engine/cowork/skills/builtin/agent-browser/handler.js
2026-10-10T01:42:03.7970683Z ##[warning]  10:5   warning  'computerUseAgent' is assigned a value but never used. Allowed unused vars must match /^_/u  @typescript-eslint/no-unused-vars
2026-10-10T01:42:03.7972119Z ##[warning]  22:14  warning  'skill' is defined but never used. Allowed unused args must match /^_/u                      @typescript-eslint/no-unused-vars
2026-10-10T01:42:03.7973548Z ##[warning]  41:23  warning  'context' is assigned a value but never used. Allowed unused args must match /^_/u           @typescript-eslint/no-unused-vars
2026-10-10T01:42:03.7974893Z ##[warning]  41:37  warning  'skill' is defined but never used. Allowed unused args must match /^_/u                      @typescript-eslint/no-unused-vars
2026-10-10T01:42:03.7975772Z 
2026-10-10T01:42:03.7976354Z /home/runner/work/chainlesschain/chainlesschain/desktop-app-vue/src/main/ai-engine/cowork/skills/builtin/api-design/handler.js
2026-10-10T01:42:03.7977448Z ##[warning]  24:7  warning  'HTTP_METHODS' is assigned a value but never used. Allowed unused vars must match /^_/u  @typescript-eslint/no-unused-vars
2026-10-10T01:42:03.7978158Z 
2026-10-10T01:42:03.7978600Z /home/runner/work/chainlesschain/chainlesschain/desktop-app-vue/src/main/ai-engine/cowork/skills/builtin/api-docs-generator/handler.js
2026-10-10T01:42:03.7979627Z ##[warning]  13:14  warning  'skill' is defined but never used. Allowed unused args must match /^_/u  @typescript-eslint/no-unused-vars
2026-10-10T01:42:03.7980795Z ##[warning]  17:37  warning  'skill' is defined but never used. Allowed unused args must match /^_/u  @typescript-eslint/no-unused-vars
2026-10-10T01:42:03.7981427Z 
2026-10-10T01:42:03.7981841Z /home/runner/work/chainlesschain/chainlesschain/desktop-app-vue/src/main/ai-engine/cowork/skills/builtin/api-gateway/handler.js
2026-10-10T01:42:03.7982873Z ##[warning]  82:14  warning  'skill' is defined but never used. Allowed unused args must match /^_/u  @typescript-eslint/no-unused-vars
2026-10-10T01:42:03.7984126Z ##[warning]  86:37  warning  'skill' is defined but never used. Allowed unused args must match /^_/u  @typescript-eslint/no-unused-vars
2026-10-10T01:42:03.7984815Z 
2026-10-10T01:42:03.7985417Z /home/runner/work/chainlesschain/chainlesschain/desktop-app-vue/src/main/ai-engine/cowork/skills/builtin/api-tester/handler.js
2026-10-10T01:42:03.7986506Z ##[warning]   27:14  warning  'skill' is defined but never used. Allowed unused args must match /^_/u             @typescript-eslint/no-unused-vars
2026-10-10T01:42:03.7987812Z ##[warning]   31:37  warning  'skill' is defined but never used. Allowed unused args must match /^_/u             @typescript-eslint/no-unused-vars
2026-10-10T01:42:03.7989141Z ##[warning]  230:9   warning  'content' is assigned a value but never used. Allowed unused vars must match /^_/u  @typescript-eslint/no-unused-vars
2026-10-10T01:42:03.7989863Z 
2026-10-10T01:42:03.7990330Z /home/runner/work/chainlesschain/chainlesschain/desktop-app-vue/src/main/ai-engine/cowork/skills/builtin/audio-transcriber/handler.js
2026-10-10T01:42:03.7991567Z ##[warning]  296:32  warning  'skill' is defined but never used. Allowed unused args must match /^_/u  @typescript-eslint/no-unused-vars
2026-10-10T01:42:03.7992289Z 
2026-10-10T01:42:03.7992753Z /home/runner/work/chainlesschain/chainlesschain/desktop-app-vue/src/main/ai-engine/cowork/skills/builtin/browser-automation/handler.js
2026-10-10T01:42:03.7993836Z ##[warning]   13:14  warning  'skill' is defined but never used. Allowed unused args must match /^_/u             @typescript-eslint/no-unused-vars
2026-10-10T01:42:03.7995383Z ##[warning]   38:23  warning  'context' is assigned a value but never used. Allowed unused args must match /^_/u  @typescript-eslint/no-unused-vars
2026-10-10T01:42:03.7996715Z ##[warning]   38:37  warning  'skill' is defined but never used. Allowed unused args must match /^_/u             @typescript-eslint/no-unused-vars
2026-10-10T01:42:03.7998066Z ##[warning]  248:38  warning  'options' is defined but never used. Allowed unused args must match /^_/u           @typescript-eslint/no-unused-vars
2026-10-10T01:42:03.7998801Z 
2026-10-10T01:42:03.7999238Z /home/runner/work/chainlesschain/chainlesschain/desktop-app-vue/src/main/ai-engine/cowork/skills/builtin/bugbot/handler.js
2026-10-10T01:42:03.8000142Z ##[warning]  366:7  warning  'fileChanges' is never reassigned. Use 'const' instead  prefer-const
2026-10-10T01:42:03.8000787Z 
2026-10-10T01:42:03.8001261Z /home/runner/work/chainlesschain/chainlesschain/desktop-app-vue/src/main/ai-engine/cowork/skills/builtin/changelog-generator/handler.js
2026-10-10T01:42:03.8002375Z ##[warning]  96:10  warning  'getAllTags' is defined but never used. Allowed unused vars must match /^_/u  @typescript-eslint/no-unused-vars
2026-10-10T01:42:03.8003101Z 
2026-10-10T01:42:03.8003542Z /home/runner/work/chainlesschain/chainlesschain/desktop-app-vue/src/main/ai-engine/cowork/skills/builtin/code-review/handler.js
2026-10-10T01:42:03.8004733Z ##[warning]  253:32  warning  'skill' is defined but never used. Allowed unused args must match /^_/u  @typescript-eslint/no-unused-vars
2026-10-10T01:42:03.8005630Z 
2026-10-10T01:42:03.8006081Z /home/runner/work/chainlesschain/chainlesschain/desktop-app-vue/src/main/ai-engine/cowork/skills/builtin/code-translator/handler.js
2026-10-10T01:42:03.8007179Z ##[warning]  239:65  warning  'match' is defined but never used. Allowed unused args must match /^_/u  @typescript-eslint/no-unused-vars
2026-10-10T01:42:03.8008471Z ##[warning]  245:61  warning  'match' is defined but never used. Allowed unused args must match /^_/u  @typescript-eslint/no-unused-vars
2026-10-10T01:42:03.8009169Z 
2026-10-10T01:42:03.8009618Z /home/runner/work/chainlesschain/chainlesschain/desktop-app-vue/src/main/ai-engine/cowork/skills/builtin/computer-use/handler.js
2026-10-10T01:42:03.8010719Z ##[warning]  14:14  warning  'skill' is defined but never used. Allowed unused args must match /^_/u             @typescript-eslint/no-unused-vars
2026-10-10T01:42:03.8012065Z ##[warning]  40:23  warning  'context' is assigned a value but never used. Allowed unused args must match /^_/u  @typescript-eslint/no-unused-vars
2026-10-10T01:42:03.8013346Z ##[warning]  40:37  warning  'skill' is defined but never used. Allowed unused args must match /^_/u             @typescript-eslint/no-unused-vars
2026-10-10T01:42:03.8014071Z 
2026-10-10T01:42:03.8014512Z /home/runner/work/chainlesschain/chainlesschain/desktop-app-vue/src/main/ai-engine/cowork/skills/builtin/content-publisher/handler.js
2026-10-10T01:42:03.8015769Z ##[warning]  10:14  warning  'skill' is defined but never used. Allowed unused args must match /^_/u             @typescript-eslint/no-unused-vars
2026-10-10T01:42:03.8017090Z ##[warning]  14:23  warning  'context' is assigned a value but never used. Allowed unused args must match /^_/u  @typescript-eslint/no-unused-vars
2026-10-10T01:42:03.8018403Z ##[warning]  14:37  warning  'skill' is defined but never used. Allowed unused args must match /^_/u             @typescript-eslint/no-unused-vars
2026-10-10T01:42:03.8019261Z 
2026-10-10T01:42:03.8019717Z /home/runner/work/chainlesschain/chainlesschain/desktop-app-vue/src/main/ai-engine/cowork/skills/builtin/context-loader/handler.js
2026-10-10T01:42:03.8020795Z ##[warning]  129:14  warning  'skill' is defined but never used. Allowed unused args must match /^_/u  @typescript-eslint/no-unused-vars
2026-10-10T01:42:03.8022056Z ##[warning]  133:37  warning  'skill' is defined but never used. Allowed unused args must match /^_/u  @typescript-eslint/no-unused-vars
2026-10-10T01:42:03.8022756Z 
2026-10-10T01:42:03.8023197Z /home/runner/work/chainlesschain/chainlesschain/desktop-app-vue/src/main/ai-engine/cowork/skills/builtin/cron-scheduler/handler.js
2026-10-10T01:42:03.8024290Z ##[warning]   12:14  warning  'skill' is defined but never used. Allowed unused args must match /^_/u             @typescript-eslint/no-unused-vars
2026-10-10T01:42:03.8025773Z ##[warning]   16:23  warning  'context' is assigned a value but never used. Allowed unused args must match /^_/u  @typescript-eslint/no-unused-vars
2026-10-10T01:42:03.8027138Z ##[warning]   16:37  warning  'skill' is defined but never used. Allowed unused args must match /^_/u             @typescript-eslint/no-unused-vars
2026-10-10T01:42:03.8028458Z ##[warning]  184:15  warning  'id' is assigned a value but never used. Allowed unused vars must match /^_/u       @typescript-eslint/no-unused-vars
2026-10-10T01:42:03.8029162Z 
2026-10-10T01:42:03.8029628Z /home/runner/work/chainlesschain/chainlesschain/desktop-app-vue/src/main/ai-engine/cowork/skills/builtin/cursor-rules-generator/handler.js
2026-10-10T01:42:03.8030694Z ##[warning]  21:14  warning  'skill' is defined but never used. Allowed unused args must match /^_/u  @typescript-eslint/no-unused-vars
2026-10-10T01:42:03.8031931Z ##[warning]  25:37  warning  'skill' is defined but never used. Allowed unused args must match /^_/u  @typescript-eslint/no-unused-vars
2026-10-10T01:42:03.8032616Z 
2026-10-10T01:42:03.8033184Z /home/runner/work/chainlesschain/chainlesschain/desktop-app-vue/src/main/ai-engine/cowork/skills/builtin/data-analysis/handler.js
2026-10-10T01:42:03.8034276Z ##[warning]  119:32  warning  'skill' is defined but never used. Allowed unused args must match /^_/u                @typescript-eslint/no-unused-vars
2026-10-10T01:42:03.8035784Z ##[warning]  131:11  warning  'outputMode' is assigned a value but never used. Allowed unused vars must match /^_/u  @typescript-eslint/no-unused-vars
2026-10-10T01:42:03.8036525Z 
2026-10-10T01:42:03.8036961Z /home/runner/work/chainlesschain/chainlesschain/desktop-app-vue/src/main/ai-engine/cowork/skills/builtin/database-query/handler.js
2026-10-10T01:42:03.8038018Z ##[warning]    8:14  warning  'skill' is defined but never used. Allowed unused args must match /^_/u    @typescript-eslint/no-unused-vars
2026-10-10T01:42:03.8039280Z ##[warning]   12:37  warning  'skill' is defined but never used. Allowed unused args must match /^_/u    @typescript-eslint/no-unused-vars
2026-10-10T01:42:03.8040534Z ##[warning]  170:31  warning  'context' is defined but never used. Allowed unused args must match /^_/u  @typescript-eslint/no-unused-vars
2026-10-10T01:42:03.8041780Z ##[warning]  353:35  warning  'dialect' is defined but never used. Allowed unused args must match /^_/u  @typescript-eslint/no-unused-vars
2026-10-10T01:42:03.8042466Z 
2026-10-10T01:42:03.8042905Z /home/runner/work/chainlesschain/chainlesschain/desktop-app-vue/src/main/ai-engine/cowork/skills/builtin/db-migration/handler.js
2026-10-10T01:42:03.8043982Z ##[warning]   25:14  warning  'skill' is defined but never used. Allowed unused args must match /^_/u              @typescript-eslint/no-unused-vars
2026-10-10T01:42:03.8045428Z ##[warning]   29:37  warning  'skill' is defined but never used. Allowed unused args must match /^_/u              @typescript-eslint/no-unused-vars
2026-10-10T01:42:03.8046770Z ##[warning]  100:9   warning  'patterns' is assigned a value but never used. Allowed unused vars must match /^_/u  @typescript-eslint/no-unused-vars
2026-10-10T01:42:03.8048227Z ##[warning]  267:38  warning  'targetDir' is defined but never used. Allowed unused args must match /^_/u          @typescript-eslint/no-unused-vars
2026-10-10T01:42:03.8048938Z 
2026-10-10T01:42:03.8049408Z /home/runner/work/chainlesschain/chainlesschain/desktop-app-vue/src/main/ai-engine/cowork/skills/builtin/dead-code-eliminator/handler.js
2026-10-10T01:42:03.8050513Z ##[warning]   71:34  warning  'filePath' is defined but never used. Allowed unused args must match /^_/u         @typescript-eslint/no-unused-vars
2026-10-10T01:42:03.8051823Z ##[warning]  420:11  warning  'isScan' is assigned a value but never used. Allowed unused vars must match /^_/u  @typescript-eslint/no-unused-vars
2026-10-10T01:42:03.8052553Z 
2026-10-10T01:42:03.8052992Z /home/runner/work/chainlesschain/chainlesschain/desktop-app-vue/src/main/ai-engine/cowork/skills/builtin/deep-research/handler.js
2026-10-10T01:42:03.8054054Z ##[warning]   12:14  warning  'skill' is defined but never used. Allowed unused args must match /^_/u             @typescript-eslint/no-unused-vars
2026-10-10T01:42:03.8055569Z ##[warning]   16:23  warning  'context' is assigned a value but never used. Allowed unused args must match /^_/u  @typescript-eslint/no-unused-vars
2026-10-10T01:42:03.8056863Z ##[warning]   16:37  warning  'skill' is defined but never used. Allowed unused args must match /^_/u             @typescript-eslint/no-unused-vars
2026-10-10T01:42:03.8058152Z ##[warning]  108:39  warning  'i' is defined but never used. Allowed unused args must match /^_/u                 @typescript-eslint/no-unused-vars
2026-10-10T01:42:03.8058843Z 
2026-10-10T01:42:03.8059314Z /home/runner/work/chainlesschain/chainlesschain/desktop-app-vue/src/main/ai-engine/cowork/skills/builtin/dependency-analyzer/handler.js
2026-10-10T01:42:03.8060397Z ##[warning]   29:14  warning  'skill' is defined but never used. Allowed unused args must match /^_/u             @typescript-eslint/no-unused-vars
2026-10-10T01:42:03.8061820Z ##[warning]   33:37  warning  'skill' is defined but never used. Allowed unused args must match /^_/u             @typescript-eslint/no-unused-vars
2026-10-10T01:42:03.8063106Z ##[warning]  160:46  warning  'baseDir' is defined but never used. Allowed unused args must match /^_/u           @typescript-eslint/no-unused-vars
2026-10-10T01:42:03.8064404Z ##[warning]  426:9   warning  'summary' is assigned a value but never used. Allowed unused vars must match /^_/u  @typescript-eslint/no-unused-vars
2026-10-10T01:42:03.8065242Z 
2026-10-10T01:42:03.8065699Z /home/runner/work/chainlesschain/chainlesschain/desktop-app-vue/src/main/ai-engine/cowork/skills/builtin/devops-automation/handler.js
2026-10-10T01:42:03.8066751Z ##[warning]  16:14  warning  'skill' is defined but never used. Allowed unused args must match /^_/u  @typescript-eslint/no-unused-vars
2026-10-10T01:42:03.8067974Z ##[warning]  20:37  warning  'skill' is defined but never used. Allowed unused args must match /^_/u  @typescript-eslint/no-unused-vars
2026-10-10T01:42:03.8068671Z 
2026-10-10T01:42:03.8069102Z /home/runner/work/chainlesschain/chainlesschain/desktop-app-vue/src/main/ai-engine/cowork/skills/builtin/doc-comparator/handler.js
2026-10-10T01:42:03.8070195Z ##[warning]   51:9   warning  'changes' is assigned a value but never used. Allowed unused vars must match /^_/u  @typescript-eslint/no-unused-vars
2026-10-10T01:42:03.8071497Z ##[warning]  112:31  warning  'stats' is defined but never used. Allowed unused args must match /^_/u             @typescript-eslint/no-unused-vars
2026-10-10T01:42:03.8072774Z ##[warning]  201:32  warning  'skill' is defined but never used. Allowed unused args must match /^_/u             @typescript-eslint/no-unused-vars
2026-10-10T01:42:03.8073487Z 
2026-10-10T01:42:03.8073913Z /home/runner/work/chainlesschain/chainlesschain/desktop-app-vue/src/main/ai-engine/cowork/skills/builtin/doc-converter/handler.js
2026-10-10T01:42:03.8074948Z ##[warning]  146:32  warning  'skill' is defined but never used. Allowed unused args must match /^_/u  @typescript-eslint/no-unused-vars
2026-10-10T01:42:03.8075945Z 
2026-10-10T01:42:03.8076375Z /home/runner/work/chainlesschain/chainlesschain/desktop-app-vue/src/main/ai-engine/cowork/skills/builtin/doc-generator/handler.js
2026-10-10T01:42:03.8077396Z ##[warning]  29:14  warning  'skill' is defined but never used. Allowed unused args must match /^_/u  @typescript-eslint/no-unused-vars
2026-10-10T01:42:03.8078615Z ##[warning]  33:37  warning  'skill' is defined but never used. Allowed unused args must match /^_/u  @typescript-eslint/no-unused-vars
2026-10-10T01:42:03.8079292Z 
2026-10-10T01:42:03.8079768Z /home/runner/work/chainlesschain/chainlesschain/desktop-app-vue/src/main/ai-engine/cowork/skills/builtin/docker-compose-generator/handler.js
2026-10-10T01:42:03.8080898Z ##[warning]   78:14  warning  'skill' is defined but never used. Allowed unused args must match /^_/u    @typescript-eslint/no-unused-vars
2026-10-10T01:42:03.8082180Z ##[warning]   82:37  warning  'skill' is defined but never used. Allowed unused args must match /^_/u    @typescript-eslint/no-unused-vars
2026-10-10T01:42:03.8083452Z ##[warning]  193:40  warning  'context' is defined but never used. Allowed unused args must match /^_/u  @typescript-eslint/no-unused-vars
2026-10-10T01:42:03.8084140Z 
2026-10-10T01:42:03.8084602Z /home/runner/work/chainlesschain/chainlesschain/desktop-app-vue/src/main/ai-engine/cowork/skills/builtin/env-doctor/handler.js
2026-10-10T01:42:03.8085844Z ##[warning]   45:14  warning  'skill' is defined but never used. Allowed unused args must match /^_/u           @typescript-eslint/no-unused-vars
2026-10-10T01:42:03.8087139Z ##[warning]   49:37  warning  'skill' is defined but never used. Allowed unused args must match /^_/u           @typescript-eslint/no-unused-vars
2026-10-10T01:42:03.8088436Z ##[warning]  201:28  warning  'ports' is assigned a value but never used. Allowed unused vars must match /^_/u  @typescript-eslint/no-unused-vars
2026-10-10T01:42:03.8089150Z 
2026-10-10T01:42:03.8089731Z /home/runner/work/chainlesschain/chainlesschain/desktop-app-vue/src/main/ai-engine/cowork/skills/builtin/excel-analyzer/handler.js
2026-10-10T01:42:03.8090783Z ##[warning]  403:32  warning  'skill' is defined but never used. Allowed unused args must match /^_/u  @typescript-eslint/no-unused-vars
2026-10-10T01:42:03.8091499Z 
2026-10-10T01:42:03.8091933Z /home/runner/work/chainlesschain/chainlesschain/desktop-app-vue/src/main/ai-engine/cowork/skills/builtin/explain-code/handler.js
2026-10-10T01:42:03.8092957Z ##[warning]  159:32  warning  'skill' is defined but never used. Allowed unused args must match /^_/u  @typescript-eslint/no-unused-vars
2026-10-10T01:42:03.8093656Z 
2026-10-10T01:42:03.8094107Z /home/runner/work/chainlesschain/chainlesschain/desktop-app-vue/src/main/ai-engine/cowork/skills/builtin/file-compressor/handler.js
2026-10-10T01:42:03.8095322Z ##[warning]  277:32  warning  'skill' is defined but never used. Allowed unused args must match /^_/u  @typescript-eslint/no-unused-vars
2026-10-10T01:42:03.8096049Z 
2026-10-10T01:42:03.8096489Z /home/runner/work/chainlesschain/chainlesschain/desktop-app-vue/src/main/ai-engine/cowork/skills/builtin/find-skills/handler.js
2026-10-10T01:42:03.8097584Z ##[warning]  424:24  warning  'allSkills' is defined but never used. Allowed unused args must match /^_/u         @typescript-eslint/no-unused-vars
2026-10-10T01:42:03.8098920Z ##[warning]  513:14  warning  'skill' is defined but never used. Allowed unused args must match /^_/u             @typescript-eslint/no-unused-vars
2026-10-10T01:42:03.8100230Z ##[warning]  528:23  warning  'context' is assigned a value but never used. Allowed unused args must match /^_/u  @typescript-eslint/no-unused-vars
2026-10-10T01:42:03.8101521Z ##[warning]  528:37  warning  'skill' is defined but never used. Allowed unused args must match /^_/u             @typescript-eslint/no-unused-vars
2026-10-10T01:42:03.8102222Z 
2026-10-10T01:42:03.8102690Z /home/runner/work/chainlesschain/chainlesschain/desktop-app-vue/src/main/ai-engine/cowork/skills/builtin/free-model-manager/handler.js
2026-10-10T01:42:03.8103920Z ##[warning]  139:14  warning  'skill' is defined but never used. Allowed unused args must match /^_/u  @typescript-eslint/no-unused-vars
2026-10-10T01:42:03.8105333Z ##[warning]  143:37  warning  'skill' is defined but never used. Allowed unused args must match /^_/u  @typescript-eslint/no-unused-vars
2026-10-10T01:42:03.8106019Z 
2026-10-10T01:42:03.8106476Z /home/runner/work/chainlesschain/chainlesschain/desktop-app-vue/src/main/ai-engine/cowork/skills/builtin/frontend-design/handler.js
2026-10-10T01:42:03.8107518Z ##[warning]  365:23  warning  'context' is defined but never used. Allowed unused args must match /^_/u  @typescript-eslint/no-unused-vars
2026-10-10T01:42:03.8108216Z 
2026-10-10T01:42:03.8108644Z /home/runner/work/chainlesschain/chainlesschain/desktop-app-vue/src/main/ai-engine/cowork/skills/builtin/git-commit/handler.js
2026-10-10T01:42:03.8109717Z ##[warning]    9:7   warning  'path' is assigned a value but never used. Allowed unused vars must match /^_/u  @typescript-eslint/no-unused-vars
2026-10-10T01:42:03.8111008Z ##[warning]   98:32  warning  'skill' is defined but never used. Allowed unused args must match /^_/u          @typescript-eslint/no-unused-vars
2026-10-10T01:42:03.8112285Z ##[warning]  143:13  warning  'diff' is assigned a value but never used. Allowed unused vars must match /^_/u  @typescript-eslint/no-unused-vars
2026-10-10T01:42:03.8112990Z 
2026-10-10T01:42:03.8113450Z /home/runner/work/chainlesschain/chainlesschain/desktop-app-vue/src/main/ai-engine/cowork/skills/builtin/git-history-analyzer/handler.js
2026-10-10T01:42:03.8114406Z ##[warning]  104:7  warning  'filesChanged' is never reassigned. Use 'const' instead  prefer-const
2026-10-10T01:42:03.8115187Z 
2026-10-10T01:42:03.8115637Z /home/runner/work/chainlesschain/chainlesschain/desktop-app-vue/src/main/ai-engine/cowork/skills/builtin/github-manager/handler.js
2026-10-10T01:42:03.8116762Z ##[warning]  860:14  warning  'skill' is defined but never used. Allowed unused args must match /^_/u  @typescript-eslint/no-unused-vars
2026-10-10T01:42:03.8117956Z ##[warning]  864:37  warning  'skill' is defined but never used. Allowed unused args must match /^_/u  @typescript-eslint/no-unused-vars
2026-10-10T01:42:03.8118621Z 
2026-10-10T01:42:03.8119081Z /home/runner/work/chainlesschain/chainlesschain/desktop-app-vue/src/main/ai-engine/cowork/skills/builtin/google-workspace/handler.js
2026-10-10T01:42:03.8120124Z ##[warning]  120:14  warning  'skill' is defined but never used. Allowed unused args must match /^_/u  @typescript-eslint/no-unused-vars
2026-10-10T01:42:03.8121354Z ##[warning]  124:37  warning  'skill' is defined but never used. Allowed unused args must match /^_/u  @typescript-eslint/no-unused-vars
2026-10-10T01:42:03.8122043Z 
2026-10-10T01:42:03.8122477Z /home/runner/work/chainlesschain/chainlesschain/desktop-app-vue/src/main/ai-engine/cowork/skills/builtin/http-client/handler.js
2026-10-10T01:42:03.8123487Z ##[warning]  210:14  warning  'skill' is defined but never used. Allowed unused args must match /^_/u  @typescript-eslint/no-unused-vars
2026-10-10T01:42:03.8124707Z ##[warning]  214:37  warning  'skill' is defined but never used. Allowed unused args must match /^_/u  @typescript-eslint/no-unused-vars
2026-10-10T01:42:03.8125558Z 
2026-10-10T01:42:03.8125988Z /home/runner/work/chainlesschain/chainlesschain/desktop-app-vue/src/main/ai-engine/cowork/skills/builtin/i18n-manager/handler.js
2026-10-10T01:42:03.8127082Z ##[warning]  250:45  warning  'newLocaleName' is defined but never used. Allowed unused args must match /^_/u  @typescript-eslint/no-unused-vars
2026-10-10T01:42:03.8127804Z 
2026-10-10T01:42:03.8128229Z /home/runner/work/chainlesschain/chainlesschain/desktop-app-vue/src/main/ai-engine/cowork/skills/builtin/image-editor/handler.js
2026-10-10T01:42:03.8129257Z ##[warning]  326:32  warning  'skill' is defined but never used. Allowed unused args must match /^_/u  @typescript-eslint/no-unused-vars
2026-10-10T01:42:03.8130072Z 
2026-10-10T01:42:03.8130503Z /home/runner/work/chainlesschain/chainlesschain/desktop-app-vue/src/main/ai-engine/cowork/skills/builtin/lint-and-fix/handler.js
2026-10-10T01:42:03.8131527Z ##[warning]  54:14  warning  'skill' is defined but never used. Allowed unused args must match /^_/u  @typescript-eslint/no-unused-vars
2026-10-10T01:42:03.8132820Z ##[warning]  58:37  warning  'skill' is defined but never used. Allowed unused args must match /^_/u  @typescript-eslint/no-unused-vars
2026-10-10T01:42:03.8133518Z 
2026-10-10T01:42:03.8133990Z /home/runner/work/chainlesschain/chainlesschain/desktop-app-vue/src/main/ai-engine/cowork/skills/builtin/mcp-server-generator/handler.js
2026-10-10T01:42:03.8135302Z ##[warning]   8:7   warning  'path' is assigned a value but never used. Allowed unused vars must match /^_/u     @typescript-eslint/no-unused-vars
2026-10-10T01:42:03.8136649Z ##[warning]  12:14  warning  'skill' is defined but never used. Allowed unused args must match /^_/u             @typescript-eslint/no-unused-vars
2026-10-10T01:42:03.8137940Z ##[warning]  16:23  warning  'context' is assigned a value but never used. Allowed unused args must match /^_/u  @typescript-eslint/no-unused-vars
2026-10-10T01:42:03.8139236Z ##[warning]  16:37  warning  'skill' is defined but never used. Allowed unused args must match /^_/u             @typescript-eslint/no-unused-vars
2026-10-10T01:42:03.8139942Z 
2026-10-10T01:42:03.8140385Z /home/runner/work/chainlesschain/chainlesschain/desktop-app-vue/src/main/ai-engine/cowork/skills/builtin/media-metadata/handler.js
2026-10-10T01:42:03.8141420Z ##[warning]  312:32  warning  'skill' is defined but never used. Allowed unused args must match /^_/u  @typescript-eslint/no-unused-vars
2026-10-10T01:42:03.8142120Z 
2026-10-10T01:42:03.8142574Z /home/runner/work/chainlesschain/chainlesschain/desktop-app-vue/src/main/ai-engine/cowork/skills/builtin/memory-management/handler.js
2026-10-10T01:42:03.8143741Z ##[warning]   17:14  warning  'skill' is defined but never used. Allowed unused args must match /^_/u    @typescript-eslint/no-unused-vars
2026-10-10T01:42:03.8144994Z ##[warning]   36:37  warning  'skill' is defined but never used. Allowed unused args must match /^_/u    @typescript-eslint/no-unused-vars
2026-10-10T01:42:03.8146405Z ##[warning]  111:36  warning  'context' is defined but never used. Allowed unused args must match /^_/u  @typescript-eslint/no-unused-vars
2026-10-10T01:42:03.8147574Z ##[warning]  146:36  warning  'context' is defined but never used. Allowed unused args must match /^_/u  @typescript-eslint/no-unused-vars
2026-10-10T01:42:03.8148729Z ##[warning]  180:38  warning  'context' is defined but never used. Allowed unused args must match /^_/u  @typescript-eslint/no-unused-vars
2026-10-10T01:42:03.8149377Z 
2026-10-10T01:42:03.8149808Z /home/runner/work/chainlesschain/chainlesschain/desktop-app-vue/src/main/ai-engine/cowork/skills/builtin/multi-model-router/handler.js
2026-10-10T01:42:03.8150796Z ##[warning]  237:23  warning  'context' is defined but never used. Allowed unused args must match /^_/u  @typescript-eslint/no-unused-vars
2026-10-10T01:42:03.8151463Z 
2026-10-10T01:42:03.8151906Z /home/runner/work/chainlesschain/chainlesschain/desktop-app-vue/src/main/ai-engine/cowork/skills/builtin/multi-search-engine/handler.js
2026-10-10T01:42:03.8152966Z ##[warning]  234:14  warning  'skill' is defined but never used. Allowed unused args must match /^_/u             @typescript-eslint/no-unused-vars
2026-10-10T01:42:03.8154200Z ##[warning]  238:23  warning  'context' is assigned a value but never used. Allowed unused args must match /^_/u  @typescript-eslint/no-unused-vars
2026-10-10T01:42:03.8155615Z ##[warning]  238:37  warning  'skill' is defined but never used. Allowed unused args must match /^_/u             @typescript-eslint/no-unused-vars
2026-10-10T01:42:03.8156388Z 
2026-10-10T01:42:03.8156854Z /home/runner/work/chainlesschain/chainlesschain/desktop-app-vue/src/main/ai-engine/cowork/skills/builtin/network-diagnostics/handler.js
2026-10-10T01:42:03.8157861Z ##[warning]   56:37  warning  Expected { after 'if' condition  curly
2026-10-10T01:42:03.8158718Z ##[warning]  327:20  warning  Expected { after 'if' condition  curly
2026-10-10T01:42:03.8159258Z 
2026-10-10T01:42:03.8159696Z /home/runner/work/chainlesschain/chainlesschain/desktop-app-vue/src/main/ai-engine/cowork/skills/builtin/news-monitor/handler.js
2026-10-10T01:42:03.8160779Z ##[warning]  32:14  warning  'skill' is defined but never used. Allowed unused args must match /^_/u             @typescript-eslint/no-unused-vars
2026-10-10T01:42:03.8162087Z ##[warning]  36:23  warning  'context' is assigned a value but never used. Allowed unused args must match /^_/u  @typescript-eslint/no-unused-vars
2026-10-10T01:42:03.8163402Z ##[warning]  36:37  warning  'skill' is defined but never used. Allowed unused args must match /^_/u             @typescript-eslint/no-unused-vars
2026-10-10T01:42:03.8164116Z 
2026-10-10T01:42:03.8164542Z /home/runner/work/chainlesschain/chainlesschain/desktop-app-vue/src/main/ai-engine/cowork/skills/builtin/notion/handler.js
2026-10-10T01:42:03.8165765Z ##[warning]  20:14  warning  'skill' is defined but never used. Allowed unused args must match /^_/u  @typescript-eslint/no-unused-vars
2026-10-10T01:42:03.8167056Z ##[warning]  24:37  warning  'skill' is defined but never used. Allowed unused args must match /^_/u  @typescript-eslint/no-unused-vars
2026-10-10T01:42:03.8167763Z 
2026-10-10T01:42:03.8168191Z /home/runner/work/chainlesschain/chainlesschain/desktop-app-vue/src/main/ai-engine/cowork/skills/builtin/obsidian/handler.js
2026-10-10T01:42:03.8169211Z ##[warning]  18:14  warning  'skill' is defined but never used. Allowed unused args must match /^_/u  @typescript-eslint/no-unused-vars
2026-10-10T01:42:03.8170450Z ##[warning]  22:37  warning  'skill' is defined but never used. Allowed unused args must match /^_/u  @typescript-eslint/no-unused-vars
2026-10-10T01:42:03.8171154Z 
2026-10-10T01:42:03.8171746Z /home/runner/work/chainlesschain/chainlesschain/desktop-app-vue/src/main/ai-engine/cowork/skills/builtin/onboard-project/handler.js
2026-10-10T01:42:03.8172776Z ##[warning]   41:14  warning  'skill' is defined but never used. Allowed unused args must match /^_/u  @typescript-eslint/no-unused-vars
2026-10-10T01:42:03.8174007Z ##[warning]   45:37  warning  'skill' is defined but never used. Allowed unused args must match /^_/u  @typescript-eslint/no-unused-vars
2026-10-10T01:42:03.8175479Z ##[warning]  279:41  warning  'depth' is defined but never used. Allowed unused args must match /^_/u  @typescript-eslint/no-unused-vars
2026-10-10T01:42:03.8176741Z ##[warning]  279:48  warning  'focus' is defined but never used. Allowed unused args must match /^_/u  @typescript-eslint/no-unused-vars
2026-10-10T01:42:03.8177973Z ##[warning]  352:45  warning  'depth' is defined but never used. Allowed unused args must match /^_/u  @typescript-eslint/no-unused-vars
2026-10-10T01:42:03.8178661Z 
2026-10-10T01:42:03.8179113Z /home/runner/work/chainlesschain/chainlesschain/desktop-app-vue/src/main/ai-engine/cowork/skills/builtin/pdf-toolkit/handler.js
2026-10-10T01:42:03.8180179Z ##[warning]  179:32  warning  'skill' is defined but never used. Allowed unused args must match /^_/u  @typescript-eslint/no-unused-vars
2026-10-10T01:42:03.8180894Z 
2026-10-10T01:42:03.8181371Z /home/runner/work/chainlesschain/chainlesschain/desktop-app-vue/src/main/ai-engine/cowork/skills/builtin/performance-optimizer/handler.js
2026-10-10T01:42:03.8182409Z ##[warning]  270:32  warning  'skill' is defined but never used. Allowed unused args must match /^_/u  @typescript-eslint/no-unused-vars
2026-10-10T01:42:03.8183114Z 
2026-10-10T01:42:03.8183571Z /home/runner/work/chainlesschain/chainlesschain/desktop-app-vue/src/main/ai-engine/cowork/skills/builtin/planning-with-files/handler.js
2026-10-10T01:42:03.8184620Z ##[warning]  17:14  warning  'skill' is defined but never used. Allowed unused args must match /^_/u  @typescript-eslint/no-unused-vars
2026-10-10T01:42:03.8185906Z ##[warning]  21:37  warning  'skill' is defined but never used. Allowed unused args must match /^_/u  @typescript-eslint/no-unused-vars
2026-10-10T01:42:03.8186762Z 
2026-10-10T01:42:03.8187201Z /home/runner/work/chainlesschain/chainlesschain/desktop-app-vue/src/main/ai-engine/cowork/skills/builtin/pptx-creator/handler.js
2026-10-10T01:42:03.8188220Z ##[warning]  198:32  warning  'skill' is defined but never used. Allowed unused args must match /^_/u  @typescript-eslint/no-unused-vars
2026-10-10T01:42:03.8188915Z 
2026-10-10T01:42:03.8189358Z /home/runner/work/chainlesschain/chainlesschain/desktop-app-vue/src/main/ai-engine/cowork/skills/builtin/proactive-agent/handler.js
2026-10-10T01:42:03.8190443Z ##[warning]   29:14  warning  'skill' is defined but never used. Allowed unused args must match /^_/u              @typescript-eslint/no-unused-vars
2026-10-10T01:42:03.8191759Z ##[warning]   33:37  warning  'skill' is defined but never used. Allowed unused args must match /^_/u              @typescript-eslint/no-unused-vars
2026-10-10T01:42:03.8193076Z ##[warning]  457:29  warning  'context' is defined but never used. Allowed unused args must match /^_/u            @typescript-eslint/no-unused-vars
2026-10-10T01:42:03.8194411Z ##[warning]  654:11  warning  'spec' is assigned a value but never used. Allowed unused vars must match /^_/u      @typescript-eslint/no-unused-vars
2026-10-10T01:42:03.8195809Z ##[warning]  654:17  warning  'research' is assigned a value but never used. Allowed unused vars must match /^_/u  @typescript-eslint/no-unused-vars
2026-10-10T01:42:03.8197147Z ##[warning]  654:27  warning  'steps' is assigned a value but never used. Allowed unused vars must match /^_/u     @typescript-eslint/no-unused-vars
2026-10-10T01:42:03.8198436Z ##[warning]  654:37  warning  'info' is assigned a value but never used. Allowed unused vars must match /^_/u      @typescript-eslint/no-unused-vars
2026-10-10T01:42:03.8199158Z 
2026-10-10T01:42:03.8199620Z /home/runner/work/chainlesschain/chainlesschain/desktop-app-vue/src/main/ai-engine/cowork/skills/builtin/project-scaffold/handler.js
2026-10-10T01:42:03.8200793Z ##[warning]  11:14  warning  'skill' is defined but never used. Allowed unused args must match /^_/u  @typescript-eslint/no-unused-vars
2026-10-10T01:42:03.8202076Z ##[warning]  15:37  warning  'skill' is defined but never used. Allowed unused args must match /^_/u  @typescript-eslint/no-unused-vars
2026-10-10T01:42:03.8202766Z 
2026-10-10T01:42:03.8203220Z /home/runner/work/chainlesschain/chainlesschain/desktop-app-vue/src/main/ai-engine/cowork/skills/builtin/prompt-enhancer/handler.js
2026-10-10T01:42:03.8204339Z ##[warning]  157:10  warning  'scanDirStructure' is defined but never used. Allowed unused vars must match /^_/u  @typescript-eslint/no-unused-vars
2026-10-10T01:42:03.8205252Z 
2026-10-10T01:42:03.8205691Z /home/runner/work/chainlesschain/chainlesschain/desktop-app-vue/src/main/ai-engine/cowork/skills/builtin/refactor/handler.js
2026-10-10T01:42:03.8206719Z ##[warning]  43:14  warning  'skill' is defined but never used. Allowed unused args must match /^_/u  @typescript-eslint/no-unused-vars
2026-10-10T01:42:03.8207976Z ##[warning]  47:37  warning  'skill' is defined but never used. Allowed unused args must match /^_/u  @typescript-eslint/no-unused-vars
2026-10-10T01:42:03.8208675Z 
2026-10-10T01:42:03.8209107Z /home/runner/work/chainlesschain/chainlesschain/desktop-app-vue/src/main/ai-engine/cowork/skills/builtin/release-manager/handler.js
2026-10-10T01:42:03.8210234Z ##[warning]   19:14  warning  'skill' is defined but never used. Allowed unused args must match /^_/u                    @typescript-eslint/no-unused-vars
2026-10-10T01:42:03.8211571Z ##[warning]   23:37  warning  'skill' is defined but never used. Allowed unused args must match /^_/u                    @typescript-eslint/no-unused-vars
2026-10-10T01:42:03.8212937Z ##[warning]  276:9   warning  'effectiveRange' is assigned a value but never used. Allowed unused vars must match /^_/u  @typescript-eslint/no-unused-vars
2026-10-10T01:42:03.8213674Z 
2026-10-10T01:42:03.8214124Z /home/runner/work/chainlesschain/chainlesschain/desktop-app-vue/src/main/ai-engine/cowork/skills/builtin/remote-control/handler.js
2026-10-10T01:42:03.8215545Z ##[warning]   12:14  warning  'skill' is defined but never used. Allowed unused args must match /^_/u             @typescript-eslint/no-unused-vars
2026-10-10T01:42:03.8216911Z ##[warning]   21:23  warning  'context' is assigned a value but never used. Allowed unused args must match /^_/u  @typescript-eslint/no-unused-vars
2026-10-10T01:42:03.8218200Z ##[warning]   21:37  warning  'skill' is defined but never used. Allowed unused args must match /^_/u             @typescript-eslint/no-unused-vars
2026-10-10T01:42:03.8219486Z ##[warning]  216:34  warning  'args' is defined but never used. Allowed unused args must match /^_/u              @typescript-eslint/no-unused-vars
2026-10-10T01:42:03.8220193Z 
2026-10-10T01:42:03.8220626Z /home/runner/work/chainlesschain/chainlesschain/desktop-app-vue/src/main/ai-engine/cowork/skills/builtin/remotion-video/handler.js
2026-10-10T01:42:03.8221669Z ##[warning]   11:14  warning  'skill' is defined but never used. Allowed unused args must match /^_/u    @typescript-eslint/no-unused-vars
2026-10-10T01:42:03.8222933Z ##[warning]   15:37  warning  'skill' is defined but never used. Allowed unused args must match /^_/u    @typescript-eslint/no-unused-vars
2026-10-10T01:42:03.8224161Z ##[warning]   72:35  warning  'context' is defined but never used. Allowed unused args must match /^_/u  @typescript-eslint/no-unused-vars
2026-10-10T01:42:03.8225483Z ##[warning]   96:37  warning  'context' is defined but never used. Allowed unused args must match /^_/u  @typescript-eslint/no-unused-vars
2026-10-10T01:42:03.8226724Z ##[warning]  107:47  warning  'context' is defined but never used. Allowed unused args must match /^_/u  @typescript-eslint/no-unused-vars
2026-10-10T01:42:03.8227970Z ##[warning]  154:36  warning  'options' is defined but never used. Allowed unused args must match /^_/u  @typescript-eslint/no-unused-vars
2026-10-10T01:42:03.8228679Z 
2026-10-10T01:42:03.8229258Z /home/runner/work/chainlesschain/chainlesschain/desktop-app-vue/src/main/ai-engine/cowork/skills/builtin/repo-map/handler.js
2026-10-10T01:42:03.8230280Z ##[warning]  52:14  warning  'skill' is defined but never used. Allowed unused args must match /^_/u  @typescript-eslint/no-unused-vars
2026-10-10T01:42:03.8231511Z ##[warning]  56:37  warning  'skill' is defined but never used. Allowed unused args must match /^_/u  @typescript-eslint/no-unused-vars
2026-10-10T01:42:03.8232197Z 
2026-10-10T01:42:03.8232642Z /home/runner/work/chainlesschain/chainlesschain/desktop-app-vue/src/main/ai-engine/cowork/skills/builtin/security-audit/handler.js
2026-10-10T01:42:03.8233704Z ##[warning]  195:14  warning  'skill' is defined but never used. Allowed unused args must match /^_/u             @typescript-eslint/no-unused-vars
2026-10-10T01:42:03.8235095Z ##[warning]  199:37  warning  'skill' is defined but never used. Allowed unused args must match /^_/u             @typescript-eslint/no-unused-vars
2026-10-10T01:42:03.8236409Z ##[warning]  792:13  warning  'version' is assigned a value but never used. Allowed unused vars must match /^_/u  @typescript-eslint/no-unused-vars
2026-10-10T01:42:03.8237117Z 
2026-10-10T01:42:03.8237582Z /home/runner/work/chainlesschain/chainlesschain/desktop-app-vue/src/main/ai-engine/cowork/skills/builtin/self-improving-agent/handler.js
2026-10-10T01:42:03.8238607Z ##[warning]    47:3   warning  Read-only global 'history' should not be modified                        no-global-assign
2026-10-10T01:42:03.8239741Z ##[warning]   182:52  warning  Expected { after 'if' condition                                          curly
2026-10-10T01:42:03.8240782Z ##[warning]   218:46  warning  Expected { after 'if' condition                                          curly
2026-10-10T01:42:03.8241897Z ##[warning]   268:7   warning  Read-only global 'history' should not be modified                        no-global-assign
2026-10-10T01:42:03.8243046Z ##[warning]   941:3   warning  Read-only global 'history' should not be modified                        no-global-assign
2026-10-10T01:42:03.8244413Z ##[warning]  1253:14  warning  'skill' is defined but never used. Allowed unused args must match /^_/u  @typescript-eslint/no-unused-vars
2026-10-10T01:42:03.8245869Z ##[warning]  1257:37  warning  'skill' is defined but never used. Allowed unused args must match /^_/u  @typescript-eslint/no-unused-vars
2026-10-10T01:42:03.8246577Z 
2026-10-10T01:42:03.8247026Z /home/runner/work/chainlesschain/chainlesschain/desktop-app-vue/src/main/ai-engine/cowork/skills/builtin/skill-creator/handler.js
2026-10-10T01:42:03.8247803Z ##[warning]  26:23  warning  Expected { after 'if' condition  curly
2026-10-10T01:42:03.8248358Z 
2026-10-10T01:42:03.8248785Z /home/runner/work/chainlesschain/chainlesschain/desktop-app-vue/src/main/ai-engine/cowork/skills/builtin/smart-search/handler.js
2026-10-10T01:42:03.8249853Z ##[warning]  13:14  warning  'skill' is defined but never used. Allowed unused args must match /^_/u             @typescript-eslint/no-unused-vars
2026-10-10T01:42:03.8251177Z ##[warning]  32:23  warning  'context' is assigned a value but never used. Allowed unused args must match /^_/u  @typescript-eslint/no-unused-vars
2026-10-10T01:42:03.8252480Z ##[warning]  32:37  warning  'skill' is defined but never used. Allowed unused args must match /^_/u             @typescript-eslint/no-unused-vars
2026-10-10T01:42:03.8253183Z 
2026-10-10T01:42:03.8253642Z /home/runner/work/chainlesschain/chainlesschain/desktop-app-vue/src/main/ai-engine/cowork/skills/builtin/subtitle-generator/handler.js
2026-10-10T01:42:03.8254679Z ##[warning]  171:32  warning  'skill' is defined but never used. Allowed unused args must match /^_/u  @typescript-eslint/no-unused-vars
2026-10-10T01:42:03.8255618Z 
2026-10-10T01:42:03.8256055Z /home/runner/work/chainlesschain/chainlesschain/desktop-app-vue/src/main/ai-engine/cowork/skills/builtin/summarizer/handler.js
2026-10-10T01:42:03.8257238Z ##[warning]  26:14  warning  'skill' is defined but never used. Allowed unused args must match /^_/u  @typescript-eslint/no-unused-vars
2026-10-10T01:42:03.8258485Z ##[warning]  30:37  warning  'skill' is defined but never used. Allowed unused args must match /^_/u  @typescript-eslint/no-unused-vars
2026-10-10T01:42:03.8259173Z 
2026-10-10T01:42:03.8259610Z /home/runner/work/chainlesschain/chainlesschain/desktop-app-vue/src/main/ai-engine/cowork/skills/builtin/tavily-search/handler.js
2026-10-10T01:42:03.8260716Z ##[warning]  230:43  warning  'options' is assigned a value but never used. Allowed unused args must match /^_/u  @typescript-eslint/no-unused-vars
2026-10-10T01:42:03.8262035Z ##[warning]  375:14  warning  'skill' is defined but never used. Allowed unused args must match /^_/u             @typescript-eslint/no-unused-vars
2026-10-10T01:42:03.8263316Z ##[warning]  379:37  warning  'skill' is defined but never used. Allowed unused args must match /^_/u             @typescript-eslint/no-unused-vars
2026-10-10T01:42:03.8264015Z 
2026-10-10T01:42:03.8264440Z /home/runner/work/chainlesschain/chainlesschain/desktop-app-vue/src/main/ai-engine/cowork/skills/builtin/team/handler.js
2026-10-10T01:42:03.8265557Z ##[warning]    9:7   warning  'path' is assigned a value but never used. Allowed unused vars must match /^_/u  @typescript-eslint/no-unused-vars
2026-10-10T01:42:03.8266749Z ##[warning]  114:58  warning  Expected { after 'if' condition                                                  curly
2026-10-10T01:42:03.8267385Z 
2026-10-10T01:42:03.8267825Z /home/runner/work/chainlesschain/chainlesschain/desktop-app-vue/src/main/ai-engine/cowork/skills/builtin/test-and-fix/handler.js
2026-10-10T01:42:03.8268864Z ##[warning]  46:14  warning  'skill' is defined but never used. Allowed unused args must match /^_/u    @typescript-eslint/no-unused-vars
2026-10-10T01:42:03.8270116Z ##[warning]  50:37  warning  'skill' is defined but never used. Allowed unused args must match /^_/u    @typescript-eslint/no-unused-vars
2026-10-10T01:42:03.8271383Z ##[warning]  89:28  warning  'context' is defined but never used. Allowed unused args must match /^_/u  @typescript-eslint/no-unused-vars
2026-10-10T01:42:03.8272223Z 
2026-10-10T01:42:03.8272656Z /home/runner/work/chainlesschain/chainlesschain/desktop-app-vue/src/main/ai-engine/cowork/skills/builtin/test-generator/handler.js
2026-10-10T01:42:03.8273755Z ##[warning]  219:50  warning  'projectRoot' is defined but never used. Allowed unused args must match /^_/u  @typescript-eslint/no-unused-vars
2026-10-10T01:42:03.8275140Z ##[warning]  257:32  warning  'skill' is defined but never used. Allowed unused args must match /^_/u        @typescript-eslint/no-unused-vars
2026-10-10T01:42:03.8275848Z 
2026-10-10T01:42:03.8276306Z /home/runner/work/chainlesschain/chainlesschain/desktop-app-vue/src/main/ai-engine/cowork/skills/builtin/tts-synthesizer/handler.js
2026-10-10T01:42:03.8277369Z ##[warning]  63:32  warning  'skill' is defined but never used. Allowed unused args must match /^_/u  @typescript-eslint/no-unused-vars
2026-10-10T01:42:03.8278080Z 
2026-10-10T01:42:03.8278522Z /home/runner/work/chainlesschain/chainlesschain/desktop-app-vue/src/main/ai-engine/cowork/skills/builtin/video-toolkit/handler.js
2026-10-10T01:42:03.8279546Z ##[warning]  232:32  warning  'skill' is defined but never used. Allowed unused args must match /^_/u  @typescript-eslint/no-unused-vars
2026-10-10T01:42:03.8280243Z 
2026-10-10T01:42:03.8280728Z /home/runner/work/chainlesschain/chainlesschain/desktop-app-vue/src/main/ai-engine/cowork/skills/builtin/vulnerability-scanner/handler.js
2026-10-10T01:42:03.8281755Z ##[warning]   19:14  warning  'skill' is defined but never used. Allowed unused args must match /^_/u              @typescript-eslint/no-unused-vars
2026-10-10T01:42:03.8282960Z ##[warning]   23:37  warning  'skill' is defined but never used. Allowed unused args must match /^_/u              @typescript-eslint/no-unused-vars
2026-10-10T01:42:03.8284302Z ##[warning]  218:9   warning  'lockData' is assigned a value but never used. Allowed unused vars must match /^_/u  @typescript-eslint/no-unused-vars
2026-10-10T01:42:03.8285140Z 
2026-10-10T01:42:03.8285659Z /home/runner/work/chainlesschain/chainlesschain/desktop-app-vue/src/main/ai-engine/cowork/skills/builtin/weather/handler.js
2026-10-10T01:42:03.8286731Z ##[warning]  21:14  warning  'skill' is defined but never used. Allowed unused args must match /^_/u             @typescript-eslint/no-unused-vars
2026-10-10T01:42:03.8288054Z ##[warning]  25:23  warning  'context' is assigned a value but never used. Allowed unused args must match /^_/u  @typescript-eslint/no-unused-vars
2026-10-10T01:42:03.8289336Z ##[warning]  25:37  warning  'skill' is defined but never used. Allowed unused args must match /^_/u             @typescript-eslint/no-unused-vars
2026-10-10T01:42:03.8290632Z ##[warning]  62:9   warning  'parts' is assigned a value but never used. Allowed unused vars must match /^_/u    @typescript-eslint/no-unused-vars
2026-10-10T01:42:03.8291333Z 
2026-10-10T01:42:03.8291772Z /home/runner/work/chainlesschain/chainlesschain/desktop-app-vue/src/main/ai-engine/cowork/skills/builtin/web-scraping/handler.js
2026-10-10T01:42:03.8292840Z ##[warning]  12:14  warning  'skill' is defined but never used. Allowed unused args must match /^_/u             @typescript-eslint/no-unused-vars
2026-10-10T01:42:03.8294188Z ##[warning]  27:23  warning  'context' is assigned a value but never used. Allowed unused args must match /^_/u  @typescript-eslint/no-unused-vars
2026-10-10T01:42:03.8295734Z ##[warning]  27:37  warning  'skill' is defined but never used. Allowed unused args must match /^_/u             @typescript-eslint/no-unused-vars
2026-10-10T01:42:03.8296465Z 
2026-10-10T01:42:03.8296925Z /home/runner/work/chainlesschain/chainlesschain/desktop-app-vue/src/main/ai-engine/cowork/skills/builtin/webapp-testing/handler.js
2026-10-10T01:42:03.8298030Z ##[warning]   12:14  warning  'skill' is defined but never used. Allowed unused args must match /^_/u             @typescript-eslint/no-unused-vars
2026-10-10T01:42:03.8299340Z ##[warning]   24:23  warning  'context' is assigned a value but never used. Allowed unused args must match /^_/u  @typescript-eslint/no-unused-vars
2026-10-10T01:42:03.8300783Z ##[warning]   24:37  warning  'skill' is defined but never used. Allowed unused args must match /^_/u             @typescript-eslint/no-unused-vars
2026-10-10T01:42:03.8302084Z ##[warning]  105:32  warning  'options' is assigned a value but never used. Allowed unused args must match /^_/u  @typescript-eslint/no-unused-vars
2026-10-10T01:42:03.8302793Z 
2026-10-10T01:42:03.8303267Z /home/runner/work/chainlesschain/chainlesschain/desktop-app-vue/src/main/ai-engine/cowork/skills/builtin/workflow-automation/handler.js
2026-10-10T01:42:03.8304329Z ##[warning]  18:14  warning  'skill' is defined but never used. Allowed unused args must match /^_/u  @typescript-eslint/no-unused-vars
2026-10-10T01:42:03.8305665Z ##[warning]  30:37  warning  'skill' is defined but never used. Allowed unused args must match /^_/u  @typescript-eslint/no-unused-vars
2026-10-10T01:42:03.8306370Z 
2026-10-10T01:42:03.8306837Z /home/runner/work/chainlesschain/chainlesschain/desktop-app-vue/src/main/ai-engine/cowork/skills/builtin/youtube-summarizer/handler.js
2026-10-10T01:42:03.8307914Z ##[warning]  17:14  warning  'skill' is defined but never used. Allowed unused args must match /^_/u             @typescript-eslint/no-unused-vars
2026-10-10T01:42:03.8309253Z ##[warning]  21:23  warning  'context' is assigned a value but never used. Allowed unused args must match /^_/u  @typescript-eslint/no-unused-vars
2026-10-10T01:42:03.8310584Z ##[warning]  21:37  warning  'skill' is defined but never used. Allowed unused args must match /^_/u             @typescript-eslint/no-unused-vars
2026-10-10T01:42:03.8311280Z 
2026-10-10T01:42:03.8311718Z /home/runner/work/chainlesschain/chainlesschain/desktop-app-vue/src/main/ai-engine/cowork/skills/builtin/zkp-toolkit/handler.js
2026-10-10T01:42:03.8312888Z ##[warning]  64:23  warning  'context' is defined but never used. Allowed unused args must match /^_/u  @typescript-eslint/no-unused-vars
2026-10-10T01:42:03.8313609Z 
2026-10-10T01:42:03.8314039Z /home/runner/work/chainlesschain/chainlesschain/desktop-app-vue/src/main/ai-engine/cowork/skills/bundled-skill-archive-codec.js
2026-10-10T01:42:03.8314764Z ##[warning]  223:31  warning  Expected { after 'if' condition  curly
2026-10-10T01:42:03.8315397Z 
2026-10-10T01:42:03.8315858Z /home/runner/work/chainlesschain/chainlesschain/desktop-app-vue/src/main/ai-engine/cowork/skills/bundled-skill-filesystem-broker.js
2026-10-10T01:42:03.8316738Z ##[warning]  403:9   warning  'lifetimeTimer' is never reassigned. Use 'const' instead  prefer-const
2026-10-10T01:42:03.8317775Z ##[warning]  406:19  warning  Expected { after 'if' condition                           curly
2026-10-10T01:42:03.8318736Z ##[warning]  409:26  warning  Expected { after 'if' condition                           curly
2026-10-10T01:42:03.8319700Z ##[warning]  417:19  warning  Expected { after 'if' condition                           curly
2026-10-10T01:42:03.8320673Z ##[warning]  470:17  warning  Expected { after 'if' condition                           curly
2026-10-10T01:42:03.8321258Z 
2026-10-10T01:42:03.8321762Z /home/runner/work/chainlesschain/chainlesschain/desktop-app-vue/src/main/ai-engine/cowork/skills/bundled-skill-network-diagnostics-broker.js
2026-10-10T01:42:03.8322542Z ##[warning]   54:51  warning  Expected { after 'if' condition  curly
2026-10-10T01:42:03.8323376Z ##[warning]   71:26  warning  Expected { after 'if' condition  curly
2026-10-10T01:42:03.8324210Z ##[warning]  227:27  warning  Expected { after 'if' condition  curly
2026-10-10T01:42:03.8325239Z ##[warning]  291:22  warning  Expected { after 'if' condition  curly
2026-10-10T01:42:03.8326085Z ##[warning]  301:22  warning  Expected { after 'if' condition  curly
2026-10-10T01:42:03.8326838Z ##[warning]  304:20  warning  Expected { after 'if' condition  curly
2026-10-10T01:42:03.8327578Z ##[warning]  423:22  warning  Expected { after 'if' condition  curly
2026-10-10T01:42:03.8328526Z ##[warning]  492:25  warning  Expected { after 'if' condition  curly
2026-10-10T01:42:03.8329325Z ##[warning]  493:24  warning  Expected { after 'if' condition  curly
2026-10-10T01:42:03.8329851Z 
2026-10-10T01:42:03.8330229Z /home/runner/work/chainlesschain/chainlesschain/desktop-app-vue/src/main/ai-engine/cowork/skills/office-skill.js
2026-10-10T01:42:03.8331256Z ##[warning]  618:36  warning  'context' is assigned a value but never used. Allowed unused args must match /^_/u  @typescript-eslint/no-unused-vars
2026-10-10T01:42:03.8361350Z 
2026-10-10T01:42:03.8361828Z /home/runner/work/chainlesschain/chainlesschain/desktop-app-vue/src/main/ai-engine/cowork/skills/skill-execution-security.js
2026-10-10T01:42:03.8362684Z ##[warning]   35:49  warning  Expected { after 'if' condition  curly
2026-10-10T01:42:03.8363622Z ##[warning]   42:37  warning  Expected { after 'if' condition  curly
2026-10-10T01:42:03.8364482Z ##[warning]   48:18  warning  Expected { after 'if' condition  curly
2026-10-10T01:42:03.8365552Z ##[warning]  138:45  warning  Expected { after 'if' condition  curly
2026-10-10T01:42:03.8366424Z ##[warning]  278:18  warning  Expected { after 'if' condition  curly
2026-10-10T01:42:03.8367252Z ##[warning]  595:29  warning  Expected { after 'if' condition  curly
2026-10-10T01:42:03.8367831Z 
2026-10-10T01:42:03.8368244Z /home/runner/work/chainlesschain/chainlesschain/desktop-app-vue/src/main/ai-engine/cowork/skills/skill-gating.js
2026-10-10T01:42:03.8369267Z ##[warning]  11:9  warning  'logger' is assigned a value but never used. Allowed unused vars must match /^_/u  @typescript-eslint/no-unused-vars
2026-10-10T01:42:03.8370042Z 
2026-10-10T01:42:03.8370481Z /home/runner/work/chainlesschain/chainlesschain/desktop-app-vue/src/main/ai-engine/cowork/skills/skill-metrics-collector.js
2026-10-10T01:42:03.8371557Z ##[warning]  178:28  warning  'timeRange' is assigned a value but never used. Allowed unused args must match /^_/u  @typescript-eslint/no-unused-vars
2026-10-10T01:42:03.8373156Z ##[warning]  256:11  warning  'now' is assigned a value but never used. Allowed unused vars must match /^_/u        @typescript-eslint/no-unused-vars
2026-10-10T01:42:03.8374543Z ##[warning]  442:19  warning  'data' is defined but never used. Allowed unused args must match /^_/u                @typescript-eslint/no-unused-vars
2026-10-10T01:42:03.8376026Z ##[warning]  501:33  warning  Expected { after 'if' condition                                                       curly
2026-10-10T01:42:03.8377303Z ##[warning]  525:28  warning  'data' is defined but never used. Allowed unused args must match /^_/u                @typescript-eslint/no-unused-vars
2026-10-10T01:42:03.8378063Z 
2026-10-10T01:42:03.8378504Z /home/runner/work/chainlesschain/chainlesschain/desktop-app-vue/src/main/ai-engine/cowork/skills/skill-pipeline-engine.js
2026-10-10T01:42:03.8379264Z ##[warning]  116:33  warning  Expected '===' and instead saw '=='  eqeqeq
2026-10-10T01:42:03.8380160Z ##[warning]  117:33  warning  Expected '!==' and instead saw '!='  eqeqeq
2026-10-10T01:42:03.8380730Z 
2026-10-10T01:42:03.8381128Z /home/runner/work/chainlesschain/chainlesschain/desktop-app-vue/src/main/ai-engine/cowork/skills/skill-registry.js
2026-10-10T01:42:03.8381989Z ##[warning]  240:39  warning  Expected { after 'for-of'                                                           curly
2026-10-10T01:42:03.8383089Z ##[warning]  252:45  warning  Expected { after 'if' condition                                                     curly
2026-10-10T01:42:03.8384186Z ##[warning]  268:40  warning  Expected { after 'if' condition                                                     curly
2026-10-10T01:42:03.8385551Z ##[warning]  433:17  warning  'skillId' is assigned a value but never used. Allowed unused vars must match /^_/u  @typescript-eslint/no-unused-vars
2026-10-10T01:42:03.8386296Z 
2026-10-10T01:42:03.8386676Z /home/runner/work/chainlesschain/chainlesschain/desktop-app-vue/src/main/ai-engine/cowork/spec-translator.js
2026-10-10T01:42:03.8387507Z ##[warning]   19:34  warning  Expected { after 'if' condition                                              curly
2026-10-10T01:42:03.8388888Z ##[warning]  609:31  warning  'directory' is defined but never used. Allowed unused args must match /^_/u  @typescript-eslint/no-unused-vars
2026-10-10T01:42:03.8390182Z ##[warning]  664:24  warning  'intent' is defined but never used. Allowed unused args must match /^_/u     @typescript-eslint/no-unused-vars
2026-10-10T01:42:03.8391476Z ##[warning]  664:32  warning  'techStack' is defined but never used. Allowed unused args must match /^_/u  @typescript-eslint/no-unused-vars
2026-10-10T01:42:03.8392745Z ##[warning]  872:30  warning  'errors' is defined but never used. Allowed unused args must match /^_/u     @typescript-eslint/no-unused-vars
2026-10-10T01:42:03.8394018Z ##[warning]  872:38  warning  'warnings' is defined but never used. Allowed unused args must match /^_/u   @typescript-eslint/no-unused-vars
2026-10-10T01:42:03.8394723Z 
2026-10-10T01:42:03.8395190Z /home/runner/work/chainlesschain/chainlesschain/desktop-app-vue/src/main/ai-engine/cowork/zkp-proof-engine.js
2026-10-10T01:42:03.8395860Z ##[warning]  24:34  warning  Expected { after 'if' condition  curly
2026-10-10T01:42:03.8396405Z 
2026-10-10T01:42:03.8396817Z /home/runner/work/chainlesschain/chainlesschain/desktop-app-vue/src/main/ai-engine/cowork/zkp-verifiable-credentials.js
2026-10-10T01:42:03.8397689Z ##[warning]   25:34  warning  Expected { after 'if' condition                                                     curly
2026-10-10T01:42:03.8398967Z ##[warning]  293:61  warning  'options' is assigned a value but never used. Allowed unused args must match /^_/u  @typescript-eslint/no-unused-vars
2026-10-10T01:42:03.8399736Z 
2026-10-10T01:42:03.8400143Z /home/runner/work/chainlesschain/chainlesschain/desktop-app-vue/src/main/ai-engine/dual-model/dual-model-manager.js
2026-10-10T01:42:03.8401218Z ##[warning]  747:14  warning  'e' is defined but never used. Allowed unused caught errors must match /^_/u  @typescript-eslint/no-unused-vars
2026-10-10T01:42:03.8402651Z ##[warning]  756:14  warning  'e' is defined but never used. Allowed unused caught errors must match /^_/u  @typescript-eslint/no-unused-vars
2026-10-10T01:42:03.8403943Z ##[warning]  765:14  warning  'e' is defined but never used. Allowed unused caught errors must match /^_/u  @typescript-eslint/no-unused-vars
2026-10-10T01:42:03.8404653Z 
2026-10-10T01:42:03.8405218Z /home/runner/work/chainlesschain/chainlesschain/desktop-app-vue/src/main/ai-engine/dynamic-few-shot-learner.js
2026-10-10T01:42:03.8405927Z ##[warning]  5:34  warning  Expected { after 'if' condition  curly
2026-10-10T01:42:03.8406472Z 
2026-10-10T01:42:03.8406831Z /home/runner/work/chainlesschain/chainlesschain/desktop-app-vue/src/main/ai-engine/extended-tools-10.js
2026-10-10T01:42:03.8407882Z ##[warning]    19:9   warning  'error_correction' is assigned a value but never used. Allowed unused vars must match /^_/u       @typescript-eslint/no-unused-vars
2026-10-10T01:42:03.8409332Z ##[warning]   107:9   warning  'sampling_rate' is assigned a value but never used. Allowed unused vars must match /^_/u          @typescript-eslint/no-unused-vars
2026-10-10T01:42:03.8410754Z ##[warning]   163:15  warning  'features' is assigned a value but never used. Allowed unused vars must match /^_/u               @typescript-eslint/no-unused-vars
2026-10-10T01:42:03.8412152Z ##[warning]   229:15  warning  'pam' is assigned a value but never used. Allowed unused vars must match /^_/u                    @typescript-eslint/no-unused-vars
2026-10-10T01:42:03.8413576Z ##[warning]   283:9   warning  'structure_constraints' is assigned a value but never used. Allowed unused vars must match /^_/u  @typescript-eslint/no-unused-vars
2026-10-10T01:42:03.8415188Z ##[warning]   461:9   warning  'fuel_composition' is assigned a value but never used. Allowed unused vars must match /^_/u       @typescript-eslint/no-unused-vars
2026-10-10T01:42:03.8416692Z ##[warning]   462:9   warning  'control_rods' is assigned a value but never used. Allowed unused vars must match /^_/u           @typescript-eslint/no-unused-vars
2026-10-10T01:42:03.8418260Z ##[warning]   523:9   warning  'location' is assigned a value but never used. Allowed unused vars must match /^_/u               @typescript-eslint/no-unused-vars
2026-10-10T01:42:03.8419661Z ##[warning]   652:9   warning  'raw_data' is assigned a value but never used. Allowed unused vars must match /^_/u               @typescript-eslint/no-unused-vars
2026-10-10T01:42:03.8421055Z ##[warning]   726:9   warning  'spectral_data' is assigned a value but never used. Allowed unused vars must match /^_/u          @typescript-eslint/no-unused-vars
2026-10-10T01:42:03.8422455Z ##[warning]   794:9   warning  'equipment' is assigned a value but never used. Allowed unused vars must match /^_/u              @typescript-eslint/no-unused-vars
2026-10-10T01:42:03.8423854Z ##[warning]   857:9   warning  'aircraft' is assigned a value but never used. Allowed unused vars must match /^_/u               @typescript-eslint/no-unused-vars
2026-10-10T01:42:03.8425335Z ##[warning]   926:9   warning  'domain' is assigned a value but never used. Allowed unused vars must match /^_/u                 @typescript-eslint/no-unused-vars
2026-10-10T01:42:03.8426762Z ##[warning]   927:9   warning  'initial_conditions' is assigned a value but never used. Allowed unused vars must match /^_/u     @typescript-eslint/no-unused-vars
2026-10-10T01:42:03.8428179Z ##[warning]   929:9   warning  'physics_options' is assigned a value but never used. Allowed unused vars must match /^_/u        @typescript-eslint/no-unused-vars
2026-10-10T01:42:03.8429637Z ##[warning]  1136:9   warning  'encoding' is assigned a value but never used. Allowed unused vars must match /^_/u               @typescript-eslint/no-unused-vars
2026-10-10T01:42:03.8431050Z ##[warning]  1137:9   warning  'training_data' is assigned a value but never used. Allowed unused vars must match /^_/u          @typescript-eslint/no-unused-vars
2026-10-10T01:42:03.8432582Z ##[warning]  1182:25  warning  'model' is assigned a value but never used. Allowed unused vars must match /^_/u                  @typescript-eslint/no-unused-vars
2026-10-10T01:42:03.8434001Z ##[warning]  1182:51  warning  'input_data' is assigned a value but never used. Allowed unused vars must match /^_/u             @typescript-eslint/no-unused-vars
2026-10-10T01:42:03.8434756Z 
2026-10-10T01:42:03.8435200Z /home/runner/work/chainlesschain/chainlesschain/desktop-app-vue/src/main/ai-engine/extended-tools-11.js
2026-10-10T01:42:03.8436240Z ##[warning]   167:9   warning  'strain_data' is assigned a value but never used. Allowed unused vars must match /^_/u               @typescript-eslint/no-unused-vars
2026-10-10T01:42:03.8437731Z ##[warning]   279:9   warning  'detector_simulation' is assigned a value but never used. Allowed unused vars must match /^_/u       @typescript-eslint/no-unused-vars
2026-10-10T01:42:03.8439191Z ##[warning]   283:17  warning  'particle1' is assigned a value but never used. Allowed unused vars must match /^_/u                 @typescript-eslint/no-unused-vars
2026-10-10T01:42:03.8440627Z ##[warning]   283:28  warning  'particle2' is assigned a value but never used. Allowed unused vars must match /^_/u                 @typescript-eslint/no-unused-vars
2026-10-10T01:42:03.8442036Z ##[warning]   429:9   warning  'process' is assigned a value but never used. Allowed unused vars must match /^_/u                   @typescript-eslint/no-unused-vars
2026-10-10T01:42:03.8443473Z ##[warning]   745:9   warning  'simulation_type' is assigned a value but never used. Allowed unused vars must match /^_/u           @typescript-eslint/no-unused-vars
2026-10-10T01:42:03.8444889Z ##[warning]   746:9   warning  'duration' is assigned a value but never used. Allowed unused vars must match /^_/u                  @typescript-eslint/no-unused-vars
2026-10-10T01:42:03.8446538Z ##[warning]   757:15  warning  'triangularity' is assigned a value but never used. Allowed unused vars must match /^_/u             @typescript-eslint/no-unused-vars
2026-10-10T01:42:03.8448104Z ##[warning]   897:17  warning  'Ki' is assigned a value but never used. Allowed unused vars must match /^_/u                        @typescript-eslint/no-unused-vars
2026-10-10T01:42:03.8449488Z ##[warning]   898:17  warning  'Kd' is assigned a value but never used. Allowed unused vars must match /^_/u                        @typescript-eslint/no-unused-vars
2026-10-10T01:42:03.8450905Z ##[warning]  1009:9   warning  'qos_requirements' is assigned a value but never used. Allowed unused vars must match /^_/u          @typescript-eslint/no-unused-vars
2026-10-10T01:42:03.8452308Z ##[warning]  1025:39  warning  'idx' is defined but never used. Allowed unused args must match /^_/u                                @typescript-eslint/no-unused-vars
2026-10-10T01:42:03.8453691Z ##[warning]  1134:9   warning  'dataset' is assigned a value but never used. Allowed unused vars must match /^_/u                   @typescript-eslint/no-unused-vars
2026-10-10T01:42:03.8455328Z ##[warning]  1138:39  warning  'nonlinearity' is assigned a value but never used. Allowed unused vars must match /^_/u              @typescript-eslint/no-unused-vars
2026-10-10T01:42:03.8456796Z ##[warning]  1230:11  warning  'hamiltonian' is assigned a value but never used. Allowed unused vars must match /^_/u               @typescript-eslint/no-unused-vars
2026-10-10T01:42:03.8458243Z ##[warning]  1544:17  warning  'n2o_preindustrial' is assigned a value but never used. Allowed unused vars must match /^_/u         @typescript-eslint/no-unused-vars
2026-10-10T01:42:03.8459661Z ##[warning]  1747:39  warning  'shape' is assigned a value but never used. Allowed unused vars must match /^_/u                     @typescript-eslint/no-unused-vars
2026-10-10T01:42:03.8461048Z ##[warning]  1748:34  warning  'length_m' is assigned a value but never used. Allowed unused vars must match /^_/u                  @typescript-eslint/no-unused-vars
2026-10-10T01:42:03.8462582Z ##[warning]  1765:13  warning  'eta' is assigned a value but never used. Allowed unused vars must match /^_/u                       @typescript-eslint/no-unused-vars
2026-10-10T01:42:03.8463986Z ##[warning]  1779:17  warning  'g' is assigned a value but never used. Allowed unused vars must match /^_/u                         @typescript-eslint/no-unused-vars
2026-10-10T01:42:03.8465459Z ##[warning]  1852:9   warning  'data_window' is assigned a value but never used. Allowed unused vars must match /^_/u               @typescript-eslint/no-unused-vars
2026-10-10T01:42:03.8466848Z ##[warning]  1860:11  warning  'thermal' is assigned a value but never used. Allowed unused vars must match /^_/u                   @typescript-eslint/no-unused-vars
2026-10-10T01:42:03.8468271Z ##[warning]  2078:30  warning  'point_cloud' is assigned a value but never used. Allowed unused vars must match /^_/u               @typescript-eslint/no-unused-vars
2026-10-10T01:42:03.8469698Z ##[warning]  2087:11  warning  'reference_models' is assigned a value but never used. Allowed unused vars must match /^_/u          @typescript-eslint/no-unused-vars
2026-10-10T01:42:03.8471156Z ##[warning]  2191:9   warning  'performance_requirements' is assigned a value but never used. Allowed unused vars must match /^_/u  @typescript-eslint/no-unused-vars
2026-10-10T01:42:03.8472597Z ##[warning]  2195:27  warning  'thickness_um' is assigned a value but never used. Allowed unused vars must match /^_/u              @typescript-eslint/no-unused-vars
2026-10-10T01:42:03.8474030Z ##[warning]  2342:11  warning  'control_spots' is assigned a value but never used. Allowed unused vars must match /^_/u             @typescript-eslint/no-unused-vars
2026-10-10T01:42:03.8475527Z ##[warning]  2436:36  warning  'cv_threshold' is assigned a value but never used. Allowed unused vars must match /^_/u              @typescript-eslint/no-unused-vars
2026-10-10T01:42:03.8476306Z 
2026-10-10T01:42:03.8476655Z /home/runner/work/chainlesschain/chainlesschain/desktop-app-vue/src/main/ai-engine/extended-tools-12.js
2026-10-10T01:42:03.8477782Z ##[warning]    12:7   warning  'path' is assigned a value but never used. Allowed unused vars must match /^_/u         @typescript-eslint/no-unused-vars
2026-10-10T01:42:03.8479166Z ##[warning]    77:20  warning  'error' is defined but never used. Allowed unused caught errors must match /^_/u        @typescript-eslint/no-unused-vars
2026-10-10T01:42:03.8480538Z ##[warning]   122:9   warning  'overwrite' is assigned a value but never used. Allowed unused vars must match /^_/u    @typescript-eslint/no-unused-vars
2026-10-10T01:42:03.8481892Z ##[warning]   727:9   warning  'region' is assigned a value but never used. Allowed unused vars must match /^_/u       @typescript-eslint/no-unused-vars
2026-10-10T01:42:03.8483248Z ##[warning]  1297:13  warning  'encrypted' is assigned a value but never used. Allowed unused vars must match /^_/u    @typescript-eslint/no-unused-vars
2026-10-10T01:42:03.8484590Z ##[warning]  1320:15  warning  'decrypted' is assigned a value but never used. Allowed unused vars must match /^_/u    @typescript-eslint/no-unused-vars
2026-10-10T01:42:03.8486144Z ##[warning]  1321:22  warning  'err' is defined but never used. Allowed unused caught errors must match /^_/u          @typescript-eslint/no-unused-vars
2026-10-10T01:42:03.8487482Z ##[warning]  1476:19  warning  'timeout' is assigned a value but never used. Allowed unused vars must match /^_/u      @typescript-eslint/no-unused-vars
2026-10-10T01:42:03.8488843Z ##[warning]  1520:19  warning  'recordTypes' is assigned a value but never used. Allowed unused vars must match /^_/u  @typescript-eslint/no-unused-vars
2026-10-10T01:42:03.8489580Z 
2026-10-10T01:42:03.8489943Z /home/runner/work/chainlesschain/chainlesschain/desktop-app-vue/src/main/ai-engine/extended-tools-2.js
2026-10-10T01:42:03.8490920Z ##[warning]   23:53  warning  'errorLevel' is assigned a value but never used. Allowed unused vars must match /^_/u  @typescript-eslint/no-unused-vars
2026-10-10T01:42:03.8492401Z ##[warning]   63:13  warning  'format' is assigned a value but never used. Allowed unused vars must match /^_/u      @typescript-eslint/no-unused-vars
2026-10-10T01:42:03.8493742Z ##[warning]  177:31  warning  'cidr' is assigned a value but never used. Allowed unused vars must match /^_/u        @typescript-eslint/no-unused-vars
2026-10-10T01:42:03.8495321Z ##[warning]  480:26  warning  'action' is assigned a value but never used. Allowed unused vars must match /^_/u      @typescript-eslint/no-unused-vars
2026-10-10T01:42:03.8496736Z ##[warning]  758:17  warning  'isOpen' is assigned a value but never used. Allowed unused vars must match /^_/u      @typescript-eslint/no-unused-vars
2026-10-10T01:42:03.8497472Z 
2026-10-10T01:42:03.8497837Z /home/runner/work/chainlesschain/chainlesschain/desktop-app-vue/src/main/ai-engine/extended-tools-3.js
2026-10-10T01:42:03.8498847Z ##[warning]    9:7   warning  'crypto' is assigned a value but never used. Allowed unused vars must match /^_/u            @typescript-eslint/no-unused-vars
2026-10-10T01:42:03.8500228Z ##[warning]   10:7   warning  'dns' is assigned a value but never used. Allowed unused vars must match /^_/u               @typescript-eslint/no-unused-vars
2026-10-10T01:42:03.8501635Z ##[warning]  142:19  warning  'modelPath' is assigned a value but never used. Allowed unused vars must match /^_/u         @typescript-eslint/no-unused-vars
2026-10-10T01:42:03.8503004Z ##[warning]  142:30  warning  'input' is assigned a value but never used. Allowed unused vars must match /^_/u             @typescript-eslint/no-unused-vars
2026-10-10T01:42:03.8504349Z ##[warning]  363:35  warning  'engine' is assigned a value but never used. Allowed unused vars must match /^_/u            @typescript-eslint/no-unused-vars
2026-10-10T01:42:03.8505792Z ##[warning]  420:20  warning  'e' is defined but never used. Allowed unused caught errors must match /^_/u                 @typescript-eslint/no-unused-vars
2026-10-10T01:42:03.8507165Z ##[warning]  447:13  warning  'action' is assigned a value but never used. Allowed unused vars must match /^_/u            @typescript-eslint/no-unused-vars
2026-10-10T01:42:03.8508659Z ##[warning]  448:13  warning  'clientId' is assigned a value but never used. Allowed unused vars must match /^_/u          @typescript-eslint/no-unused-vars
2026-10-10T01:42:03.8510054Z ##[warning]  449:13  warning  'clientSecret' is assigned a value but never used. Allowed unused vars must match /^_/u      @typescript-eslint/no-unused-vars
2026-10-10T01:42:03.8511478Z ##[warning]  450:13  warning  'authorizationUrl' is assigned a value but never used. Allowed unused vars must match /^_/u  @typescript-eslint/no-unused-vars
2026-10-10T01:42:03.8512881Z ##[warning]  451:13  warning  'tokenUrl' is assigned a value but never used. Allowed unused vars must match /^_/u          @typescript-eslint/no-unused-vars
2026-10-10T01:42:03.8514257Z ##[warning]  452:13  warning  'refreshToken' is assigned a value but never used. Allowed unused vars must match /^_/u      @typescript-eslint/no-unused-vars
2026-10-10T01:42:03.8515699Z ##[warning]  481:19  warning  'action' is assigned a value but never used. Allowed unused vars must match /^_/u            @typescript-eslint/no-unused-vars
2026-10-10T01:42:03.8517070Z ##[warning]  481:27  warning  'bucket' is assigned a value but never used. Allowed unused vars must match /^_/u            @typescript-eslint/no-unused-vars
2026-10-10T01:42:03.8518406Z ##[warning]  481:35  warning  'key' is assigned a value but never used. Allowed unused vars must match /^_/u               @typescript-eslint/no-unused-vars
2026-10-10T01:42:03.8519763Z ##[warning]  481:40  warning  'localPath' is assigned a value but never used. Allowed unused vars must match /^_/u         @typescript-eslint/no-unused-vars
2026-10-10T01:42:03.8521137Z ##[warning]  481:51  warning  'credentials' is assigned a value but never used. Allowed unused vars must match /^_/u       @typescript-eslint/no-unused-vars
2026-10-10T01:42:03.8522625Z ##[warning]  505:19  warning  'action' is assigned a value but never used. Allowed unused vars must match /^_/u            @typescript-eslint/no-unused-vars
2026-10-10T01:42:03.8524015Z ##[warning]  505:27  warning  'bucket' is assigned a value but never used. Allowed unused vars must match /^_/u            @typescript-eslint/no-unused-vars
2026-10-10T01:42:03.8525567Z ##[warning]  505:35  warning  'objectKey' is assigned a value but never used. Allowed unused vars must match /^_/u         @typescript-eslint/no-unused-vars
2026-10-10T01:42:03.8526956Z ##[warning]  505:46  warning  'localPath' is assigned a value but never used. Allowed unused vars must match /^_/u         @typescript-eslint/no-unused-vars
2026-10-10T01:42:03.8528368Z ##[warning]  505:57  warning  'credentials' is assigned a value but never used. Allowed unused vars must match /^_/u       @typescript-eslint/no-unused-vars
2026-10-10T01:42:03.8529729Z ##[warning]  531:48  warning  'filter' is assigned a value but never used. Allowed unused vars must match /^_/u            @typescript-eslint/no-unused-vars
2026-10-10T01:42:03.8531077Z ##[warning]  553:24  warning  'e' is defined but never used. Allowed unused caught errors must match /^_/u                 @typescript-eslint/no-unused-vars
2026-10-10T01:42:03.8532431Z ##[warning]  598:19  warning  'action' is assigned a value but never used. Allowed unused vars must match /^_/u            @typescript-eslint/no-unused-vars
2026-10-10T01:42:03.8533787Z ##[warning]  598:27  warning  'target' is assigned a value but never used. Allowed unused vars must match /^_/u            @typescript-eslint/no-unused-vars
2026-10-10T01:42:03.8535397Z ##[warning]  628:19  warning  'action' is assigned a value but never used. Allowed unused vars must match /^_/u            @typescript-eslint/no-unused-vars
2026-10-10T01:42:03.8536836Z ##[warning]  628:27  warning  'previousSnapshot' is assigned a value but never used. Allowed unused vars must match /^_/u  @typescript-eslint/no-unused-vars
2026-10-10T01:42:03.8538217Z ##[warning]  658:40  warning  'to' is assigned a value but never used. Allowed unused vars must match /^_/u                @typescript-eslint/no-unused-vars
2026-10-10T01:42:03.8539786Z ##[warning]  658:44  warning  'service' is assigned a value but never used. Allowed unused vars must match /^_/u           @typescript-eslint/no-unused-vars
2026-10-10T01:42:03.8541156Z ##[warning]  731:29  warning  'context' is assigned a value but never used. Allowed unused vars must match /^_/u           @typescript-eslint/no-unused-vars
2026-10-10T01:42:03.8541892Z 
2026-10-10T01:42:03.8542259Z /home/runner/work/chainlesschain/chainlesschain/desktop-app-vue/src/main/ai-engine/extended-tools-4.js
2026-10-10T01:42:03.8543262Z ##[warning]    7:7   warning  'fs' is assigned a value but never used. Allowed unused vars must match /^_/u               @typescript-eslint/no-unused-vars
2026-10-10T01:42:03.8544637Z ##[warning]    8:7   warning  'path' is assigned a value but never used. Allowed unused vars must match /^_/u             @typescript-eslint/no-unused-vars
2026-10-10T01:42:03.8546114Z ##[warning]   38:28  warning  'action' is assigned a value but never used. Allowed unused vars must match /^_/u           @typescript-eslint/no-unused-vars
2026-10-10T01:42:03.8547484Z ##[warning]   38:44  warning  'actionParams' is assigned a value but never used. Allowed unused vars must match /^_/u     @typescript-eslint/no-unused-vars
2026-10-10T01:42:03.8548863Z ##[warning]   62:19  warning  'contractAddress' is assigned a value but never used. Allowed unused vars must match /^_/u  @typescript-eslint/no-unused-vars
2026-10-10T01:42:03.8550224Z ##[warning]   62:36  warning  'abi' is assigned a value but never used. Allowed unused vars must match /^_/u              @typescript-eslint/no-unused-vars
2026-10-10T01:42:03.8551549Z ##[warning]   62:41  warning  'method' is assigned a value but never used. Allowed unused vars must match /^_/u           @typescript-eslint/no-unused-vars
2026-10-10T01:42:03.8552881Z ##[warning]   62:49  warning  'args' is assigned a value but never used. Allowed unused vars must match /^_/u             @typescript-eslint/no-unused-vars
2026-10-10T01:42:03.8554351Z ##[warning]   90:27  warning  'privateKey' is assigned a value but never used. Allowed unused vars must match /^_/u       @typescript-eslint/no-unused-vars
2026-10-10T01:42:03.8555804Z ##[warning]   90:39  warning  'mnemonic' is assigned a value but never used. Allowed unused vars must match /^_/u         @typescript-eslint/no-unused-vars
2026-10-10T01:42:03.8557182Z ##[warning]   90:49  warning  'transaction' is assigned a value but never used. Allowed unused vars must match /^_/u      @typescript-eslint/no-unused-vars
2026-10-10T01:42:03.8558524Z ##[warning]  125:19  warning  'from' is assigned a value but never used. Allowed unused vars must match /^_/u             @typescript-eslint/no-unused-vars
2026-10-10T01:42:03.8559861Z ##[warning]  125:25  warning  'to' is assigned a value but never used. Allowed unused vars must match /^_/u               @typescript-eslint/no-unused-vars
2026-10-10T01:42:03.8561214Z ##[warning]  125:29  warning  'subject' is assigned a value but never used. Allowed unused vars must match /^_/u          @typescript-eslint/no-unused-vars
2026-10-10T01:42:03.8562563Z ##[warning]  125:38  warning  'text' is assigned a value but never used. Allowed unused vars must match /^_/u             @typescript-eslint/no-unused-vars
2026-10-10T01:42:03.8563893Z ##[warning]  125:44  warning  'html' is assigned a value but never used. Allowed unused vars must match /^_/u             @typescript-eslint/no-unused-vars
2026-10-10T01:42:03.8565445Z ##[warning]  125:50  warning  'attachments' is assigned a value but never used. Allowed unused vars must match /^_/u      @typescript-eslint/no-unused-vars
2026-10-10T01:42:03.8566830Z ##[warning]  125:63  warning  'smtpConfig' is assigned a value but never used. Allowed unused vars must match /^_/u       @typescript-eslint/no-unused-vars
2026-10-10T01:42:03.8568208Z ##[warning]  154:19  warning  'imapConfig' is assigned a value but never used. Allowed unused vars must match /^_/u       @typescript-eslint/no-unused-vars
2026-10-10T01:42:03.8569782Z ##[warning]  154:31  warning  'mailbox' is assigned a value but never used. Allowed unused vars must match /^_/u          @typescript-eslint/no-unused-vars
2026-10-10T01:42:03.8571147Z ##[warning]  154:50  warning  'limit' is assigned a value but never used. Allowed unused vars must match /^_/u            @typescript-eslint/no-unused-vars
2026-10-10T01:42:03.8572509Z ##[warning]  178:19  warning  'action' is assigned a value but never used. Allowed unused vars must match /^_/u           @typescript-eslint/no-unused-vars
2026-10-10T01:42:03.8573863Z ##[warning]  178:27  warning  'emailId' is assigned a value but never used. Allowed unused vars must match /^_/u          @typescript-eslint/no-unused-vars
2026-10-10T01:42:03.8575486Z ##[warning]  178:36  warning  'attachmentIndex' is assigned a value but never used. Allowed unused vars must match /^_/u  @typescript-eslint/no-unused-vars
2026-10-10T01:42:03.8576870Z ##[warning]  178:53  warning  'savePath' is assigned a value but never used. Allowed unused vars must match /^_/u         @typescript-eslint/no-unused-vars
2026-10-10T01:42:03.8578241Z ##[warning]  178:63  warning  'filePath' is assigned a value but never used. Allowed unused vars must match /^_/u         @typescript-eslint/no-unused-vars
2026-10-10T01:42:03.8579603Z ##[warning]  205:13  warning  'content' is assigned a value but never used. Allowed unused vars must match /^_/u          @typescript-eslint/no-unused-vars
2026-10-10T01:42:03.8580957Z ##[warning]  206:13  warning  'contentType' is assigned a value but never used. Allowed unused vars must match /^_/u      @typescript-eslint/no-unused-vars
2026-10-10T01:42:03.8582337Z ##[warning]  208:13  warning  'options' is assigned a value but never used. Allowed unused vars must match /^_/u          @typescript-eslint/no-unused-vars
2026-10-10T01:42:03.8583724Z ##[warning]  237:19  warning  'pdfPath' is assigned a value but never used. Allowed unused vars must match /^_/u          @typescript-eslint/no-unused-vars
2026-10-10T01:42:03.8585301Z ##[warning]  237:28  warning  'pages' is assigned a value but never used. Allowed unused vars must match /^_/u            @typescript-eslint/no-unused-vars
2026-10-10T01:42:03.8586692Z ##[warning]  237:35  warning  'preserveLayout' is assigned a value but never used. Allowed unused vars must match /^_/u   @typescript-eslint/no-unused-vars
2026-10-10T01:42:03.8588073Z ##[warning]  262:19  warning  'action' is assigned a value but never used. Allowed unused vars must match /^_/u           @typescript-eslint/no-unused-vars
2026-10-10T01:42:03.8589434Z ##[warning]  262:27  warning  'inputFiles' is assigned a value but never used. Allowed unused vars must match /^_/u       @typescript-eslint/no-unused-vars
2026-10-10T01:42:03.8590815Z ##[warning]  262:51  warning  'pageRanges' is assigned a value but never used. Allowed unused vars must match /^_/u       @typescript-eslint/no-unused-vars
2026-10-10T01:42:03.8592210Z ##[warning]  292:19  warning  'audioPath' is assigned a value but never used. Allowed unused vars must match /^_/u        @typescript-eslint/no-unused-vars
2026-10-10T01:42:03.8593577Z ##[warning]  292:30  warning  'language' is assigned a value but never used. Allowed unused vars must match /^_/u         @typescript-eslint/no-unused-vars
2026-10-10T01:42:03.8594927Z ##[warning]  292:50  warning  'model' is assigned a value but never used. Allowed unused vars must match /^_/u            @typescript-eslint/no-unused-vars
2026-10-10T01:42:03.8596350Z ##[warning]  318:13  warning  'text' is assigned a value but never used. Allowed unused vars must match /^_/u             @typescript-eslint/no-unused-vars
2026-10-10T01:42:03.8597702Z ##[warning]  319:13  warning  'language' is assigned a value but never used. Allowed unused vars must match /^_/u         @typescript-eslint/no-unused-vars
2026-10-10T01:42:03.8599053Z ##[warning]  320:13  warning  'voice' is assigned a value but never used. Allowed unused vars must match /^_/u            @typescript-eslint/no-unused-vars
2026-10-10T01:42:03.8600412Z ##[warning]  322:13  warning  'speed' is assigned a value but never used. Allowed unused vars must match /^_/u            @typescript-eslint/no-unused-vars
2026-10-10T01:42:03.8601916Z ##[warning]  351:19  warning  'inputPath' is assigned a value but never used. Allowed unused vars must match /^_/u        @typescript-eslint/no-unused-vars
2026-10-10T01:42:03.8603289Z ##[warning]  351:42  warning  'format' is assigned a value but never used. Allowed unused vars must match /^_/u           @typescript-eslint/no-unused-vars
2026-10-10T01:42:03.8604640Z ##[warning]  351:50  warning  'bitrate' is assigned a value but never used. Allowed unused vars must match /^_/u          @typescript-eslint/no-unused-vars
2026-10-10T01:42:03.8606183Z ##[warning]  383:13  warning  'chartConfig' is assigned a value but never used. Allowed unused vars must match /^_/u      @typescript-eslint/no-unused-vars
2026-10-10T01:42:03.8607568Z ##[warning]  385:13  warning  'format' is assigned a value but never used. Allowed unused vars must match /^_/u           @typescript-eslint/no-unused-vars
2026-10-10T01:42:03.8608913Z ##[warning]  386:13  warning  'width' is assigned a value but never used. Allowed unused vars must match /^_/u            @typescript-eslint/no-unused-vars
2026-10-10T01:42:03.8610256Z ##[warning]  387:13  warning  'height' is assigned a value but never used. Allowed unused vars must match /^_/u           @typescript-eslint/no-unused-vars
2026-10-10T01:42:03.8611610Z ##[warning]  421:13  warning  'selectors' is assigned a value but never used. Allowed unused vars must match /^_/u        @typescript-eslint/no-unused-vars
2026-10-10T01:42:03.8612990Z ##[warning]  422:13  warning  'followLinks' is assigned a value but never used. Allowed unused vars must match /^_/u      @typescript-eslint/no-unused-vars
2026-10-10T01:42:03.8614348Z ##[warning]  423:13  warning  'maxDepth' is assigned a value but never used. Allowed unused vars must match /^_/u         @typescript-eslint/no-unused-vars
2026-10-10T01:42:03.8616147Z ##[warning]  429:17  warning  'html' is assigned a value but never used. Allowed unused vars must match /^_/u             @typescript-eslint/no-unused-vars
2026-10-10T01:42:03.8617570Z ##[warning]  453:38  warning  'selector' is assigned a value but never used. Allowed unused vars must match /^_/u         @typescript-eslint/no-unused-vars
2026-10-10T01:42:03.8618949Z ##[warning]  699:19  warning  'action' is assigned a value but never used. Allowed unused vars must match /^_/u           @typescript-eslint/no-unused-vars
2026-10-10T01:42:03.8620322Z ##[warning]  699:27  warning  'queue' is assigned a value but never used. Allowed unused vars must match /^_/u            @typescript-eslint/no-unused-vars
2026-10-10T01:42:03.8621673Z ##[warning]  699:34  warning  'message' is assigned a value but never used. Allowed unused vars must match /^_/u          @typescript-eslint/no-unused-vars
2026-10-10T01:42:03.8623025Z ##[warning]  699:43  warning  'exchange' is assigned a value but never used. Allowed unused vars must match /^_/u         @typescript-eslint/no-unused-vars
2026-10-10T01:42:03.8624385Z ##[warning]  699:53  warning  'routingKey' is assigned a value but never used. Allowed unused vars must match /^_/u       @typescript-eslint/no-unused-vars
2026-10-10T01:42:03.8625825Z ##[warning]  725:19  warning  'action' is assigned a value but never used. Allowed unused vars must match /^_/u           @typescript-eslint/no-unused-vars
2026-10-10T01:42:03.8627195Z ##[warning]  725:27  warning  'resource' is assigned a value but never used. Allowed unused vars must match /^_/u         @typescript-eslint/no-unused-vars
2026-10-10T01:42:03.8628570Z ##[warning]  725:37  warning  'id' is assigned a value but never used. Allowed unused vars must match /^_/u               @typescript-eslint/no-unused-vars
2026-10-10T01:42:03.8629901Z ##[warning]  725:41  warning  'config' is assigned a value but never used. Allowed unused vars must match /^_/u           @typescript-eslint/no-unused-vars
2026-10-10T01:42:03.8631252Z ##[warning]  725:49  warning  'command' is assigned a value but never used. Allowed unused vars must match /^_/u          @typescript-eslint/no-unused-vars
2026-10-10T01:42:03.8632112Z 
2026-10-10T01:42:03.8632480Z /home/runner/work/chainlesschain/chainlesschain/desktop-app-vue/src/main/ai-engine/extended-tools-5.js
2026-10-10T01:42:03.8633447Z ##[warning]    8:7   warning  'fs' is assigned a value but never used. Allowed unused vars must match /^_/u               @typescript-eslint/no-unused-vars
2026-10-10T01:42:03.8634798Z ##[warning]    9:7   warning  'path' is assigned a value but never used. Allowed unused vars must match /^_/u             @typescript-eslint/no-unused-vars
2026-10-10T01:42:03.8636219Z ##[warning]  339:13  warning  'directory' is assigned a value but never used. Allowed unused vars must match /^_/u        @typescript-eslint/no-unused-vars
2026-10-10T01:42:03.8637599Z ##[warning]  340:13  warning  'recursive' is assigned a value but never used. Allowed unused vars must match /^_/u        @typescript-eslint/no-unused-vars
2026-10-10T01:42:03.8638952Z ##[warning]  341:13  warning  'filter' is assigned a value but never used. Allowed unused vars must match /^_/u           @typescript-eslint/no-unused-vars
2026-10-10T01:42:03.8640333Z ##[warning]  342:13  warning  'debounce' is assigned a value but never used. Allowed unused vars must match /^_/u         @typescript-eslint/no-unused-vars
2026-10-10T01:42:03.8641701Z ##[warning]  470:19  warning  'action' is assigned a value but never used. Allowed unused vars must match /^_/u           @typescript-eslint/no-unused-vars
2026-10-10T01:42:03.8643071Z ##[warning]  470:27  warning  'steps' is assigned a value but never used. Allowed unused vars must match /^_/u            @typescript-eslint/no-unused-vars
2026-10-10T01:42:03.8644427Z ##[warning]  470:38  warning  'dryRun' is assigned a value but never used. Allowed unused vars must match /^_/u           @typescript-eslint/no-unused-vars
2026-10-10T01:42:03.8646097Z ##[warning]  494:35  warning  'options' is assigned a value but never used. Allowed unused vars must match /^_/u          @typescript-eslint/no-unused-vars
2026-10-10T01:42:03.8647465Z ##[warning]  538:19  warning  'action' is assigned a value but never used. Allowed unused vars must match /^_/u           @typescript-eslint/no-unused-vars
2026-10-10T01:42:03.8648824Z ##[warning]  538:27  warning  'port' is assigned a value but never used. Allowed unused vars must match /^_/u             @typescript-eslint/no-unused-vars
2026-10-10T01:42:03.8650174Z ##[warning]  538:40  warning  'message' is assigned a value but never used. Allowed unused vars must match /^_/u          @typescript-eslint/no-unused-vars
2026-10-10T01:42:03.8651528Z ##[warning]  538:49  warning  'clientId' is assigned a value but never used. Allowed unused vars must match /^_/u         @typescript-eslint/no-unused-vars
2026-10-10T01:42:03.8652876Z ##[warning]  562:19  warning  'action' is assigned a value but never used. Allowed unused vars must match /^_/u           @typescript-eslint/no-unused-vars
2026-10-10T01:42:03.8654233Z ##[warning]  562:27  warning  'url' is assigned a value but never used. Allowed unused vars must match /^_/u              @typescript-eslint/no-unused-vars
2026-10-10T01:42:03.8655816Z ##[warning]  562:32  warning  'message' is assigned a value but never used. Allowed unused vars must match /^_/u          @typescript-eslint/no-unused-vars
2026-10-10T01:42:03.8657207Z ##[warning]  562:41  warning  'connectionId' is assigned a value but never used. Allowed unused vars must match /^_/u     @typescript-eslint/no-unused-vars
2026-10-10T01:42:03.8658569Z ##[warning]  587:19  warning  'data' is assigned a value but never used. Allowed unused vars must match /^_/u             @typescript-eslint/no-unused-vars
2026-10-10T01:42:03.8659904Z ##[warning]  587:25  warning  'format' is assigned a value but never used. Allowed unused vars must match /^_/u           @typescript-eslint/no-unused-vars
2026-10-10T01:42:03.8661264Z ##[warning]  587:45  warning  'options' is assigned a value but never used. Allowed unused vars must match /^_/u          @typescript-eslint/no-unused-vars
2026-10-10T01:42:03.8662826Z ##[warning]  614:19  warning  'imagePath' is assigned a value but never used. Allowed unused vars must match /^_/u        @typescript-eslint/no-unused-vars
2026-10-10T01:42:03.8664203Z ##[warning]  614:30  warning  'type' is assigned a value but never used. Allowed unused vars must match /^_/u             @typescript-eslint/no-unused-vars
2026-10-10T01:42:03.8665632Z ##[warning]  640:13  warning  'action' is assigned a value but never used. Allowed unused vars must match /^_/u           @typescript-eslint/no-unused-vars
2026-10-10T01:42:03.8666991Z ##[warning]  673:13  warning  'algorithm' is assigned a value but never used. Allowed unused vars must match /^_/u        @typescript-eslint/no-unused-vars
2026-10-10T01:42:03.8668340Z ##[warning]  713:40  warning  'from' is assigned a value but never used. Allowed unused vars must match /^_/u             @typescript-eslint/no-unused-vars
2026-10-10T01:42:03.8669691Z ##[warning]  713:46  warning  'to' is assigned a value but never used. Allowed unused vars must match /^_/u               @typescript-eslint/no-unused-vars
2026-10-10T01:42:03.8671035Z ##[warning]  747:19  warning  'action' is assigned a value but never used. Allowed unused vars must match /^_/u           @typescript-eslint/no-unused-vars
2026-10-10T01:42:03.8672382Z ##[warning]  747:27  warning  'inputPath' is assigned a value but never used. Allowed unused vars must match /^_/u        @typescript-eslint/no-unused-vars
2026-10-10T01:42:03.8673742Z ##[warning]  775:19  warning  'inputPath' is assigned a value but never used. Allowed unused vars must match /^_/u        @typescript-eslint/no-unused-vars
2026-10-10T01:42:03.8675174Z ##[warning]  775:42  warning  'codec' is assigned a value but never used. Allowed unused vars must match /^_/u            @typescript-eslint/no-unused-vars
2026-10-10T01:42:03.8676661Z ##[warning]  775:49  warning  'resolution' is assigned a value but never used. Allowed unused vars must match /^_/u       @typescript-eslint/no-unused-vars
2026-10-10T01:42:03.8678039Z ##[warning]  802:19  warning  'videoPath' is assigned a value but never used. Allowed unused vars must match /^_/u        @typescript-eslint/no-unused-vars
2026-10-10T01:42:03.8679393Z ##[warning]  802:42  warning  'timestamp' is assigned a value but never used. Allowed unused vars must match /^_/u        @typescript-eslint/no-unused-vars
2026-10-10T01:42:03.8680746Z ##[warning]  802:53  warning  'count' is assigned a value but never used. Allowed unused vars must match /^_/u            @typescript-eslint/no-unused-vars
2026-10-10T01:42:03.8682090Z ##[warning]  830:35  warning  'rules' is assigned a value but never used. Allowed unused vars must match /^_/u            @typescript-eslint/no-unused-vars
2026-10-10T01:42:03.8683423Z ##[warning]  889:19  warning  'code' is assigned a value but never used. Allowed unused vars must match /^_/u             @typescript-eslint/no-unused-vars
2026-10-10T01:42:03.8684772Z ##[warning]  889:25  warning  'language' is assigned a value but never used. Allowed unused vars must match /^_/u         @typescript-eslint/no-unused-vars
2026-10-10T01:42:03.8686352Z ##[warning]  889:35  warning  'includeComments' is assigned a value but never used. Allowed unused vars must match /^_/u  @typescript-eslint/no-unused-vars
2026-10-10T01:42:03.8687711Z ##[warning]  912:25  warning  'language' is assigned a value but never used. Allowed unused vars must match /^_/u         @typescript-eslint/no-unused-vars
2026-10-10T01:42:03.8688438Z 
2026-10-10T01:42:03.8688803Z /home/runner/work/chainlesschain/chainlesschain/desktop-app-vue/src/main/ai-engine/extended-tools-6.js
2026-10-10T01:42:03.8689791Z ##[warning]   36:11  warning  'material' is assigned a value but never used. Allowed unused vars must match /^_/u         @typescript-eslint/no-unused-vars
2026-10-10T01:42:03.8691195Z ##[warning]  120:55  warning  'options' is assigned a value but never used. Allowed unused vars must match /^_/u          @typescript-eslint/no-unused-vars
2026-10-10T01:42:03.8692701Z ##[warning]  154:28  warning  'language' is assigned a value but never used. Allowed unused vars must match /^_/u         @typescript-eslint/no-unused-vars
2026-10-10T01:42:03.8694061Z ##[warning]  194:28  warning  'algorithm' is assigned a value but never used. Allowed unused vars must match /^_/u        @typescript-eslint/no-unused-vars
2026-10-10T01:42:03.8695648Z ##[warning]  224:11  warning  'contractAddress' is assigned a value but never used. Allowed unused vars must match /^_/u  @typescript-eslint/no-unused-vars
2026-10-10T01:42:03.8697031Z ##[warning]  225:11  warning  'abi' is assigned a value but never used. Allowed unused vars must match /^_/u              @typescript-eslint/no-unused-vars
2026-10-10T01:42:03.8698384Z ##[warning]  227:19  warning  'methodParams' is assigned a value but never used. Allowed unused vars must match /^_/u     @typescript-eslint/no-unused-vars
2026-10-10T01:42:03.8699778Z ##[warning]  228:11  warning  'network' is assigned a value but never used. Allowed unused vars must match /^_/u          @typescript-eslint/no-unused-vars
2026-10-10T01:42:03.8701172Z ##[warning]  253:25  warning  'mnemonic' is assigned a value but never used. Allowed unused vars must match /^_/u         @typescript-eslint/no-unused-vars
2026-10-10T01:42:03.8702549Z ##[warning]  253:44  warning  'network' is assigned a value but never used. Allowed unused vars must match /^_/u          @typescript-eslint/no-unused-vars
2026-10-10T01:42:03.8703906Z ##[warning]  307:17  warning  'labels' is assigned a value but never used. Allowed unused vars must match /^_/u           @typescript-eslint/no-unused-vars
2026-10-10T01:42:03.8705312Z ##[warning]  307:30  warning  'datasets' is assigned a value but never used. Allowed unused vars must match /^_/u         @typescript-eslint/no-unused-vars
2026-10-10T01:42:03.8706709Z ##[warning]  353:23  warning  'expression' is assigned a value but never used. Allowed unused vars must match /^_/u       @typescript-eslint/no-unused-vars
2026-10-10T01:42:03.8708182Z ##[warning]  358:17  warning  'xMin' is assigned a value but never used. Allowed unused vars must match /^_/u             @typescript-eslint/no-unused-vars
2026-10-10T01:42:03.8709530Z ##[warning]  358:40  warning  'yMin' is assigned a value but never used. Allowed unused vars must match /^_/u             @typescript-eslint/no-unused-vars
2026-10-10T01:42:03.8710870Z ##[warning]  432:25  warning  'broker' is assigned a value but never used. Allowed unused vars must match /^_/u           @typescript-eslint/no-unused-vars
2026-10-10T01:42:03.8712231Z ##[warning]  468:11  warning  'labels' is assigned a value but never used. Allowed unused vars must match /^_/u           @typescript-eslint/no-unused-vars
2026-10-10T01:42:03.8713576Z ##[warning]  517:39  warning  'options' is assigned a value but never used. Allowed unused vars must match /^_/u          @typescript-eslint/no-unused-vars
2026-10-10T01:42:03.8714931Z ##[warning]  544:33  warning  'model' is assigned a value but never used. Allowed unused vars must match /^_/u            @typescript-eslint/no-unused-vars
2026-10-10T01:42:03.8716402Z ##[warning]  544:40  warning  'categories' is assigned a value but never used. Allowed unused vars must match /^_/u       @typescript-eslint/no-unused-vars
2026-10-10T01:42:03.8717794Z ##[warning]  607:11  warning  'language' is assigned a value but never used. Allowed unused vars must match /^_/u         @typescript-eslint/no-unused-vars
2026-10-10T01:42:03.8719170Z ##[warning]  658:26  warning  'interval' is assigned a value but never used. Allowed unused vars must match /^_/u         @typescript-eslint/no-unused-vars
2026-10-10T01:42:03.8720535Z ##[warning]  658:43  warning  'duration' is assigned a value but never used. Allowed unused vars must match /^_/u         @typescript-eslint/no-unused-vars
2026-10-10T01:42:03.8721882Z ##[warning]  705:48  warning  'detailed' is assigned a value but never used. Allowed unused vars must match /^_/u         @typescript-eslint/no-unused-vars
2026-10-10T01:42:03.8723369Z ##[warning]  758:17  warning  'schema' is assigned a value but never used. Allowed unused vars must match /^_/u           @typescript-eslint/no-unused-vars
2026-10-10T01:42:03.8724829Z ##[warning]  758:25  warning  'messageName' is assigned a value but never used. Allowed unused vars must match /^_/u      @typescript-eslint/no-unused-vars
2026-10-10T01:42:03.8726449Z ##[warning]  788:17  warning  'schema' is assigned a value but never used. Allowed unused vars must match /^_/u           @typescript-eslint/no-unused-vars
2026-10-10T01:42:03.8809273Z ##[warning]  788:25  warning  'messageName' is assigned a value but never used. Allowed unused vars must match /^_/u      @typescript-eslint/no-unused-vars
2026-10-10T01:42:03.8810303Z 
2026-10-10T01:42:03.8810677Z /home/runner/work/chainlesschain/chainlesschain/desktop-app-vue/src/main/ai-engine/extended-tools-7.js
2026-10-10T01:42:03.8811795Z ##[warning]   33:17  warning  'target' is assigned a value but never used. Allowed unused vars must match /^_/u            @typescript-eslint/no-unused-vars
2026-10-10T01:42:03.8813272Z ##[warning]   33:35  warning  'depth' is assigned a value but never used. Allowed unused vars must match /^_/u             @typescript-eslint/no-unused-vars
2026-10-10T01:42:03.8814692Z ##[warning]   33:53  warning  'options' is assigned a value but never used. Allowed unused vars must match /^_/u           @typescript-eslint/no-unused-vars
2026-10-10T01:42:03.8816362Z ##[warning]   78:36  warning  'rules' is assigned a value but never used. Allowed unused vars must match /^_/u             @typescript-eslint/no-unused-vars
2026-10-10T01:42:03.8817742Z ##[warning]   78:48  warning  'standard' is assigned a value but never used. Allowed unused vars must match /^_/u          @typescript-eslint/no-unused-vars
2026-10-10T01:42:03.8819165Z ##[warning]  169:26  warning  'algorithm' is assigned a value but never used. Allowed unused vars must match /^_/u         @typescript-eslint/no-unused-vars
2026-10-10T01:42:03.8821282Z ##[warning]  169:46  warning  'continuous' is assigned a value but never used. Allowed unused vars must match /^_/u        @typescript-eslint/no-unused-vars
2026-10-10T01:42:03.8823221Z ##[warning]  251:11  warning  'algorithm' is assigned a value but never used. Allowed unused vars must match /^_/u         @typescript-eslint/no-unused-vars
2026-10-10T01:42:03.8824693Z ##[warning]  252:11  warning  'constraints' is assigned a value but never used. Allowed unused vars must match /^_/u       @typescript-eslint/no-unused-vars
2026-10-10T01:42:03.8826309Z ##[warning]  289:11  warning  'algorithm' is assigned a value but never used. Allowed unused vars must match /^_/u         @typescript-eslint/no-unused-vars
2026-10-10T01:42:03.8827736Z ##[warning]  290:11  warning  'sequenceType' is assigned a value but never used. Allowed unused vars must match /^_/u      @typescript-eslint/no-unused-vars
2026-10-10T01:42:03.8829213Z ##[warning]  331:27  warning  'predictionType' is assigned a value but never used. Allowed unused vars must match /^_/u    @typescript-eslint/no-unused-vars
2026-10-10T01:42:03.8830614Z ##[warning]  331:43  warning  'method' is assigned a value but never used. Allowed unused vars must match /^_/u            @typescript-eslint/no-unused-vars
2026-10-10T01:42:03.8832053Z ##[warning]  362:36  warning  'assumptions' is assigned a value but never used. Allowed unused vars must match /^_/u       @typescript-eslint/no-unused-vars
2026-10-10T01:42:03.8833491Z ##[warning]  399:11  warning  'confidence_level' is assigned a value but never used. Allowed unused vars must match /^_/u  @typescript-eslint/no-unused-vars
2026-10-10T01:42:03.8835208Z ##[warning]  400:11  warning  'time_horizon' is assigned a value but never used. Allowed unused vars must match /^_/u      @typescript-eslint/no-unused-vars
2026-10-10T01:42:03.8836939Z ##[warning]  409:15  warning  'weights' is assigned a value but never used. Allowed unused vars must match /^_/u           @typescript-eslint/no-unused-vars
2026-10-10T01:42:03.8838352Z ##[warning]  410:15  warning  'returns' is assigned a value but never used. Allowed unused vars must match /^_/u           @typescript-eslint/no-unused-vars
2026-10-10T01:42:03.8839929Z ##[warning]  445:11  warning  'difficulty' is assigned a value but never used. Allowed unused vars must match /^_/u        @typescript-eslint/no-unused-vars
2026-10-10T01:42:03.8841335Z ##[warning]  491:11  warning  'grading_rubric' is assigned a value but never used. Allowed unused vars must match /^_/u    @typescript-eslint/no-unused-vars
2026-10-10T01:42:03.8842722Z ##[warning]  553:28  warning  'imageType' is assigned a value but never used. Allowed unused vars must match /^_/u         @typescript-eslint/no-unused-vars
2026-10-10T01:42:03.8844104Z ##[warning]  553:53  warning  'bodyPart' is assigned a value but never used. Allowed unused vars must match /^_/u          @typescript-eslint/no-unused-vars
2026-10-10T01:42:03.8845647Z ##[warning]  587:26  warning  'history' is assigned a value but never used. Allowed unused vars must match /^_/u           @typescript-eslint/no-unused-vars
2026-10-10T01:42:03.8847062Z ##[warning]  587:40  warning  'user_profile' is assigned a value but never used. Allowed unused vars must match /^_/u      @typescript-eslint/no-unused-vars
2026-10-10T01:42:03.8848458Z ##[warning]  638:11  warning  'template' is assigned a value but never used. Allowed unused vars must match /^_/u          @typescript-eslint/no-unused-vars
2026-10-10T01:42:03.8849843Z ##[warning]  683:11  warning  'searchType' is assigned a value but never used. Allowed unused vars must match /^_/u        @typescript-eslint/no-unused-vars
2026-10-10T01:42:03.8851242Z ##[warning]  684:11  warning  'jurisdiction' is assigned a value but never used. Allowed unused vars must match /^_/u      @typescript-eslint/no-unused-vars
2026-10-10T01:42:03.8852642Z ##[warning]  685:11  warning  'dateRange' is assigned a value but never used. Allowed unused vars must match /^_/u         @typescript-eslint/no-unused-vars
2026-10-10T01:42:03.8854134Z ##[warning]  686:11  warning  'filters' is assigned a value but never used. Allowed unused vars must match /^_/u           @typescript-eslint/no-unused-vars
2026-10-10T01:42:03.8855702Z ##[warning]  752:17  warning  'structure' is assigned a value but never used. Allowed unused vars must match /^_/u         @typescript-eslint/no-unused-vars
2026-10-10T01:42:03.8857114Z ##[warning]  752:28  warning  'analysisType' is assigned a value but never used. Allowed unused vars must match /^_/u      @typescript-eslint/no-unused-vars
2026-10-10T01:42:03.8858531Z ##[warning]  752:54  warning  'standard' is assigned a value but never used. Allowed unused vars must match /^_/u          @typescript-eslint/no-unused-vars
2026-10-10T01:42:03.8859968Z ##[warning]  786:11  warning  'userBehaviors' is assigned a value but never used. Allowed unused vars must match /^_/u     @typescript-eslint/no-unused-vars
2026-10-10T01:42:03.8861421Z ##[warning]  792:11  warning  'userId' is assigned a value but never used. Allowed unused vars must match /^_/u            @typescript-eslint/no-unused-vars
2026-10-10T01:42:03.8862853Z ##[warning]  793:11  warning  'algorithm' is assigned a value but never used. Allowed unused vars must match /^_/u         @typescript-eslint/no-unused-vars
2026-10-10T01:42:03.8864238Z ##[warning]  794:11  warning  'context' is assigned a value but never used. Allowed unused vars must match /^_/u           @typescript-eslint/no-unused-vars
2026-10-10T01:42:03.8865812Z ##[warning]  795:11  warning  'filters' is assigned a value but never used. Allowed unused vars must match /^_/u           @typescript-eslint/no-unused-vars
2026-10-10T01:42:03.8866582Z 
2026-10-10T01:42:03.8866960Z /home/runner/work/chainlesschain/chainlesschain/desktop-app-vue/src/main/ai-engine/extended-tools-8.js
2026-10-10T01:42:03.8868026Z ##[warning]   88:35  warning  'repository' is assigned a value but never used. Allowed unused vars must match /^_/u         @typescript-eslint/no-unused-vars
2026-10-10T01:42:03.8869473Z ##[warning]   88:47  warning  'branch' is assigned a value but never used. Allowed unused vars must match /^_/u             @typescript-eslint/no-unused-vars
2026-10-10T01:42:03.8871055Z ##[warning]  289:11  warning  'language' is assigned a value but never used. Allowed unused vars must match /^_/u           @typescript-eslint/no-unused-vars
2026-10-10T01:42:03.8872451Z ##[warning]  290:11  warning  'voice' is assigned a value but never used. Allowed unused vars must match /^_/u              @typescript-eslint/no-unused-vars
2026-10-10T01:42:03.8873863Z ##[warning]  291:11  warning  'options' is assigned a value but never used. Allowed unused vars must match /^_/u            @typescript-eslint/no-unused-vars
2026-10-10T01:42:03.8875438Z ##[warning]  328:11  warning  'training_duration' is assigned a value but never used. Allowed unused vars must match /^_/u  @typescript-eslint/no-unused-vars
2026-10-10T01:42:03.8876815Z ##[warning]  370:11  warning  'model' is assigned a value but never used. Allowed unused vars must match /^_/u              @typescript-eslint/no-unused-vars
2026-10-10T01:42:03.8878125Z ##[warning]  371:11  warning  'classes' is assigned a value but never used. Allowed unused vars must match /^_/u            @typescript-eslint/no-unused-vars
2026-10-10T01:42:03.8879698Z ##[warning]  415:11  warning  'segmentationType' is assigned a value but never used. Allowed unused vars must match /^_/u   @typescript-eslint/no-unused-vars
2026-10-10T01:42:03.8881423Z ##[warning]  416:11  warning  'model' is assigned a value but never used. Allowed unused vars must match /^_/u              @typescript-eslint/no-unused-vars
2026-10-10T01:42:03.8882711Z ##[warning]  417:11  warning  'classes' is assigned a value but never used. Allowed unused vars must match /^_/u            @typescript-eslint/no-unused-vars
2026-10-10T01:42:03.8884233Z ##[warning]  469:11  warning  'testType' is assigned a value but never used. Allowed unused vars must match /^_/u           @typescript-eslint/no-unused-vars
2026-10-10T01:42:03.8886194Z ##[warning]  470:11  warning  'framework' is assigned a value but never used. Allowed unused vars must match /^_/u          @typescript-eslint/no-unused-vars
2026-10-10T01:42:03.8888434Z ##[warning]  471:11  warning  'coverage_target' is assigned a value but never used. Allowed unused vars must match /^_/u    @typescript-eslint/no-unused-vars
2026-10-10T01:42:03.8890629Z ##[warning]  472:11  warning  'mocking' is assigned a value but never used. Allowed unused vars must match /^_/u            @typescript-eslint/no-unused-vars
2026-10-10T01:42:03.8892850Z ##[warning]  515:17  warning  'testPath' is assigned a value but never used. Allowed unused vars must match /^_/u           @typescript-eslint/no-unused-vars
2026-10-10T01:42:03.8894601Z ##[warning]  515:27  warning  'framework' is assigned a value but never used. Allowed unused vars must match /^_/u          @typescript-eslint/no-unused-vars
2026-10-10T01:42:03.8896096Z ##[warning]  561:34  warning  'workflow' is assigned a value but never used. Allowed unused vars must match /^_/u           @typescript-eslint/no-unused-vars
2026-10-10T01:42:03.8897409Z ##[warning]  561:49  warning  'schedule' is assigned a value but never used. Allowed unused vars must match /^_/u           @typescript-eslint/no-unused-vars
2026-10-10T01:42:03.8898710Z ##[warning]  605:36  warning  'transcode_options' is assigned a value but never used. Allowed unused vars must match /^_/u  @typescript-eslint/no-unused-vars
2026-10-10T01:42:03.8900233Z ##[warning]  646:27  warning  'platforms' is assigned a value but never used. Allowed unused vars must match /^_/u          @typescript-eslint/no-unused-vars
2026-10-10T01:42:03.8901563Z ##[warning]  646:38  warning  'timeRange' is assigned a value but never used. Allowed unused vars must match /^_/u          @typescript-eslint/no-unused-vars
2026-10-10T01:42:03.8902843Z ##[warning]  646:49  warning  'language' is assigned a value but never used. Allowed unused vars must match /^_/u           @typescript-eslint/no-unused-vars
2026-10-10T01:42:03.8904122Z ##[warning]  683:17  warning  'user_id' is assigned a value but never used. Allowed unused vars must match /^_/u            @typescript-eslint/no-unused-vars
2026-10-10T01:42:03.8905944Z ##[warning]  683:26  warning  'platform' is assigned a value but never used. Allowed unused vars must match /^_/u           @typescript-eslint/no-unused-vars
2026-10-10T01:42:03.8907280Z ##[warning]  683:36  warning  'metrics' is assigned a value but never used. Allowed unused vars must match /^_/u            @typescript-eslint/no-unused-vars
2026-10-10T01:42:03.8908572Z ##[warning]  683:50  warning  'period' is assigned a value but never used. Allowed unused vars must match /^_/u             @typescript-eslint/no-unused-vars
2026-10-10T01:42:03.8909888Z ##[warning]  725:11  warning  'vehicles' is assigned a value but never used. Allowed unused vars must match /^_/u           @typescript-eslint/no-unused-vars
2026-10-10T01:42:03.8911198Z ##[warning]  726:11  warning  'constraints' is assigned a value but never used. Allowed unused vars must match /^_/u        @typescript-eslint/no-unused-vars
2026-10-10T01:42:03.8912517Z ##[warning]  727:11  warning  'optimization_goal' is assigned a value but never used. Allowed unused vars must match /^_/u  @typescript-eslint/no-unused-vars
2026-10-10T01:42:03.8913812Z ##[warning]  771:11  warning  'model' is assigned a value but never used. Allowed unused vars must match /^_/u              @typescript-eslint/no-unused-vars
2026-10-10T01:42:03.8915266Z ##[warning]  772:11  warning  'external_factors' is assigned a value but never used. Allowed unused vars must match /^_/u   @typescript-eslint/no-unused-vars
2026-10-10T01:42:03.8916593Z ##[warning]  818:11  warning  'location' is assigned a value but never used. Allowed unused vars must match /^_/u           @typescript-eslint/no-unused-vars
2026-10-10T01:42:03.8917883Z ##[warning]  820:11  warning  'timeRange' is assigned a value but never used. Allowed unused vars must match /^_/u          @typescript-eslint/no-unused-vars
2026-10-10T01:42:03.8919303Z ##[warning]  821:11  warning  'parameters' is assigned a value but never used. Allowed unused vars must match /^_/u         @typescript-eslint/no-unused-vars
2026-10-10T01:42:03.8920594Z ##[warning]  875:11  warning  'location' is assigned a value but never used. Allowed unused vars must match /^_/u           @typescript-eslint/no-unused-vars
2026-10-10T01:42:03.8921891Z ##[warning]  876:11  warning  'pollutionType' is assigned a value but never used. Allowed unused vars must match /^_/u      @typescript-eslint/no-unused-vars
2026-10-10T01:42:03.8923204Z ##[warning]  879:11  warning  'historical_data' is assigned a value but never used. Allowed unused vars must match /^_/u    @typescript-eslint/no-unused-vars
2026-10-10T01:42:03.8923904Z 
2026-10-10T01:42:03.8924250Z /home/runner/work/chainlesschain/chainlesschain/desktop-app-vue/src/main/ai-engine/extended-tools-9.js
2026-10-10T01:42:03.8925418Z ##[warning]  122:29  warning  'workload' is assigned a value but never used. Allowed unused vars must match /^_/u             @typescript-eslint/no-unused-vars
2026-10-10T01:42:03.8926749Z ##[warning]  163:15  warning  'model' is assigned a value but never used. Allowed unused vars must match /^_/u                @typescript-eslint/no-unused-vars
2026-10-10T01:42:03.8928067Z ##[warning]  163:22  warning  'input_data' is assigned a value but never used. Allowed unused vars must match /^_/u           @typescript-eslint/no-unused-vars
2026-10-10T01:42:03.8929424Z ##[warning]  233:9   warning  'scenario' is assigned a value but never used. Allowed unused vars must match /^_/u             @typescript-eslint/no-unused-vars
2026-10-10T01:42:03.8930740Z ##[warning]  288:13  warning  'plcInfo' is assigned a value but never used. Allowed unused vars must match /^_/u              @typescript-eslint/no-unused-vars
2026-10-10T01:42:03.8932056Z ##[warning]  336:9   warning  'constraints' is assigned a value but never used. Allowed unused vars must match /^_/u          @typescript-eslint/no-unused-vars
2026-10-10T01:42:03.8933381Z ##[warning]  337:9   warning  'optimization_goal' is assigned a value but never used. Allowed unused vars must match /^_/u    @typescript-eslint/no-unused-vars
2026-10-10T01:42:03.8934852Z ##[warning]  452:15  warning  'field' is assigned a value but never used. Allowed unused vars must match /^_/u                @typescript-eslint/no-unused-vars
2026-10-10T01:42:03.8936460Z ##[warning]  452:39  warning  'images' is assigned a value but never used. Allowed unused vars must match /^_/u               @typescript-eslint/no-unused-vars
2026-10-10T01:42:03.8937746Z ##[warning]  452:52  warning  'sensor_data' is assigned a value but never used. Allowed unused vars must match /^_/u          @typescript-eslint/no-unused-vars
2026-10-10T01:42:03.8939072Z ##[warning]  494:11  warning  'irrigationSchedules' is assigned a value but never used. Allowed unused vars must match /^_/u  @typescript-eslint/no-unused-vars
2026-10-10T01:42:03.8940374Z ##[warning]  499:9   warning  'zone' is assigned a value but never used. Allowed unused vars must match /^_/u                 @typescript-eslint/no-unused-vars
2026-10-10T01:42:03.8941659Z ##[warning]  500:9   warning  'parameters' is assigned a value but never used. Allowed unused vars must match /^_/u           @typescript-eslint/no-unused-vars
2026-10-10T01:42:03.8942995Z ##[warning]  502:9   warning  'weather_forecast' is assigned a value but never used. Allowed unused vars must match /^_/u     @typescript-eslint/no-unused-vars
2026-10-10T01:42:03.8944318Z ##[warning]  553:9   warning  'traffic_data' is assigned a value but never used. Allowed unused vars must match /^_/u         @typescript-eslint/no-unused-vars
2026-10-10T01:42:03.8945788Z ##[warning]  554:9   warning  'optimization_goal' is assigned a value but never used. Allowed unused vars must match /^_/u    @typescript-eslint/no-unused-vars
2026-10-10T01:42:03.8947106Z ##[warning]  585:21  warning  'monitoring_types' is assigned a value but never used. Allowed unused vars must match /^_/u     @typescript-eslint/no-unused-vars
2026-10-10T01:42:03.8948656Z ##[warning]  585:51  warning  'alert_rules' is assigned a value but never used. Allowed unused vars must match /^_/u          @typescript-eslint/no-unused-vars
2026-10-10T01:42:03.8949971Z ##[warning]  619:9   warning  'calculation_type' is assigned a value but never used. Allowed unused vars must match /^_/u     @typescript-eslint/no-unused-vars
2026-10-10T01:42:03.8951280Z ##[warning]  622:9   warning  'perturbations' is assigned a value but never used. Allowed unused vars must match /^_/u        @typescript-eslint/no-unused-vars
2026-10-10T01:42:03.8952569Z ##[warning]  625:18  warning  'e' is assigned a value but never used. Allowed unused vars must match /^_/u                    @typescript-eslint/no-unused-vars
2026-10-10T01:42:03.8953825Z ##[warning]  625:24  warning  'omega' is assigned a value but never used. Allowed unused vars must match /^_/u                @typescript-eslint/no-unused-vars
2026-10-10T01:42:03.8955221Z ##[warning]  625:31  warning  'w' is assigned a value but never used. Allowed unused vars must match /^_/u                    @typescript-eslint/no-unused-vars
2026-10-10T01:42:03.8956517Z ##[warning]  674:9   warning  'optimization' is assigned a value but never used. Allowed unused vars must match /^_/u         @typescript-eslint/no-unused-vars
2026-10-10T01:42:03.8957816Z ##[warning]  675:9   warning  'weather_data' is assigned a value but never used. Allowed unused vars must match /^_/u         @typescript-eslint/no-unused-vars
2026-10-10T01:42:03.8959106Z ##[warning]  721:9   warning  'data_sources' is assigned a value but never used. Allowed unused vars must match /^_/u         @typescript-eslint/no-unused-vars
2026-10-10T01:42:03.8960386Z ##[warning]  722:9   warning  'time_range' is assigned a value but never used. Allowed unused vars must match /^_/u           @typescript-eslint/no-unused-vars
2026-10-10T01:42:03.8961686Z ##[warning]  771:9   warning  'optimization' is assigned a value but never used. Allowed unused vars must match /^_/u         @typescript-eslint/no-unused-vars
2026-10-10T01:42:03.8963099Z ##[warning]  772:9   warning  'constraints' is assigned a value but never used. Allowed unused vars must match /^_/u          @typescript-eslint/no-unused-vars
2026-10-10T01:42:03.8964377Z ##[warning]  811:9   warning  'grid' is assigned a value but never used. Allowed unused vars must match /^_/u                 @typescript-eslint/no-unused-vars
2026-10-10T01:42:03.8965866Z ##[warning]  813:9   warning  'load_forecast' is assigned a value but never used. Allowed unused vars must match /^_/u        @typescript-eslint/no-unused-vars
2026-10-10T01:42:03.8967199Z ##[warning]  814:9   warning  'optimization' is assigned a value but never used. Allowed unused vars must match /^_/u         @typescript-eslint/no-unused-vars
2026-10-10T01:42:03.8968507Z ##[warning]  815:9   warning  'constraints' is assigned a value but never used. Allowed unused vars must match /^_/u          @typescript-eslint/no-unused-vars
2026-10-10T01:42:03.8969842Z ##[warning]  845:9   warning  'location' is assigned a value but never used. Allowed unused vars must match /^_/u             @typescript-eslint/no-unused-vars
2026-10-10T01:42:03.8971166Z ##[warning]  848:9   warning  'historical_data' is assigned a value but never used. Allowed unused vars must match /^_/u      @typescript-eslint/no-unused-vars
2026-10-10T01:42:03.8972513Z ##[warning]  849:9   warning  'weather_forecast' is assigned a value but never used. Allowed unused vars must match /^_/u     @typescript-eslint/no-unused-vars
2026-10-10T01:42:03.8973222Z 
2026-10-10T01:42:03.8973600Z /home/runner/work/chainlesschain/chainlesschain/desktop-app-vue/src/main/ai-engine/extended-tools-computeruse.js
2026-10-10T01:42:03.8974504Z ##[warning]   59:29  warning  'context' is defined but never used. Allowed unused args must match /^_/u  @typescript-eslint/no-unused-vars
2026-10-10T01:42:03.8975830Z ##[warning]   91:29  warning  'context' is defined but never used. Allowed unused args must match /^_/u  @typescript-eslint/no-unused-vars
2026-10-10T01:42:03.8977110Z ##[warning]  123:29  warning  'context' is defined but never used. Allowed unused args must match /^_/u  @typescript-eslint/no-unused-vars
2026-10-10T01:42:03.8978280Z ##[warning]  152:29  warning  'context' is defined but never used. Allowed unused args must match /^_/u  @typescript-eslint/no-unused-vars
2026-10-10T01:42:03.8979435Z ##[warning]  186:29  warning  'context' is defined but never used. Allowed unused args must match /^_/u  @typescript-eslint/no-unused-vars
2026-10-10T01:42:03.8980597Z ##[warning]  216:29  warning  'context' is defined but never used. Allowed unused args must match /^_/u  @typescript-eslint/no-unused-vars
2026-10-10T01:42:03.8981757Z ##[warning]  254:29  warning  'context' is defined but never used. Allowed unused args must match /^_/u  @typescript-eslint/no-unused-vars
2026-10-10T01:42:03.8982916Z ##[warning]  285:29  warning  'context' is defined but never used. Allowed unused args must match /^_/u  @typescript-eslint/no-unused-vars
2026-10-10T01:42:03.8984081Z ##[warning]  314:29  warning  'context' is defined but never used. Allowed unused args must match /^_/u  @typescript-eslint/no-unused-vars
2026-10-10T01:42:03.8985402Z ##[warning]  343:29  warning  'context' is defined but never used. Allowed unused args must match /^_/u  @typescript-eslint/no-unused-vars
2026-10-10T01:42:03.8986567Z ##[warning]  376:29  warning  'context' is defined but never used. Allowed unused args must match /^_/u  @typescript-eslint/no-unused-vars
2026-10-10T01:42:03.8987730Z ##[warning]  405:29  warning  'context' is defined but never used. Allowed unused args must match /^_/u  @typescript-eslint/no-unused-vars
2026-10-10T01:42:03.8988383Z 
2026-10-10T01:42:03.8988739Z /home/runner/work/chainlesschain/chainlesschain/desktop-app-vue/src/main/ai-engine/extended-tools-imagegen.js
2026-10-10T01:42:03.8989597Z ##[warning]   37:11  warning  Unexpected aliasing of 'this' to local variable                            @typescript-eslint/no-this-alias
2026-10-10T01:42:03.8990751Z ##[warning]   43:22  warning  'context' is defined but never used. Allowed unused args must match /^_/u  @typescript-eslint/no-unused-vars
2026-10-10T01:42:03.8992035Z ##[warning]  131:22  warning  'context' is defined but never used. Allowed unused args must match /^_/u  @typescript-eslint/no-unused-vars
2026-10-10T01:42:03.8993215Z ##[warning]  198:22  warning  'context' is defined but never used. Allowed unused args must match /^_/u  @typescript-eslint/no-unused-vars
2026-10-10T01:42:03.8994411Z ##[warning]  246:14  warning  'params' is defined but never used. Allowed unused args must match /^_/u   @typescript-eslint/no-unused-vars
2026-10-10T01:42:03.8995723Z ##[warning]  246:22  warning  'context' is defined but never used. Allowed unused args must match /^_/u  @typescript-eslint/no-unused-vars
2026-10-10T01:42:03.8996377Z 
2026-10-10T01:42:03.8996720Z /home/runner/work/chainlesschain/chainlesschain/desktop-app-vue/src/main/ai-engine/extended-tools-memgpt.js
2026-10-10T01:42:03.8997560Z ##[warning]   38:11  warning  Unexpected aliasing of 'this' to local variable                            @typescript-eslint/no-this-alias
2026-10-10T01:42:03.8998715Z ##[warning]   44:22  warning  'context' is defined but never used. Allowed unused args must match /^_/u  @typescript-eslint/no-unused-vars
2026-10-10T01:42:03.8999863Z ##[warning]   85:22  warning  'context' is defined but never used. Allowed unused args must match /^_/u  @typescript-eslint/no-unused-vars
2026-10-10T01:42:03.9001022Z ##[warning]  130:22  warning  'context' is defined but never used. Allowed unused args must match /^_/u  @typescript-eslint/no-unused-vars
2026-10-10T01:42:03.9002174Z ##[warning]  168:22  warning  'context' is defined but never used. Allowed unused args must match /^_/u  @typescript-eslint/no-unused-vars
2026-10-10T01:42:03.9003335Z ##[warning]  211:22  warning  'context' is defined but never used. Allowed unused args must match /^_/u  @typescript-eslint/no-unused-vars
2026-10-10T01:42:03.9004620Z ##[warning]  249:22  warning  'context' is defined but never used. Allowed unused args must match /^_/u  @typescript-eslint/no-unused-vars
2026-10-10T01:42:03.9005971Z ##[warning]  293:14  warning  'params' is defined but never used. Allowed unused args must match /^_/u   @typescript-eslint/no-unused-vars
2026-10-10T01:42:03.9007130Z ##[warning]  293:22  warning  'context' is defined but never used. Allowed unused args must match /^_/u  @typescript-eslint/no-unused-vars
2026-10-10T01:42:03.9008287Z ##[warning]  319:22  warning  'context' is defined but never used. Allowed unused args must match /^_/u  @typescript-eslint/no-unused-vars
2026-10-10T01:42:03.9008940Z 
2026-10-10T01:42:03.9009282Z /home/runner/work/chainlesschain/chainlesschain/desktop-app-vue/src/main/ai-engine/extended-tools-office.js
2026-10-10T01:42:03.9010192Z ##[warning]   13:3   warning  'TextRun' is assigned a value but never used. Allowed unused vars must match /^_/u  @typescript-eslint/no-unused-vars
2026-10-10T01:42:03.9011433Z ##[warning]   22:7   warning  'marked' is assigned a value but never used. Allowed unused vars must match /^_/u   @typescript-eslint/no-unused-vars
2026-10-10T01:42:03.9012706Z ##[warning]   96:43  warning  'options' is assigned a value but never used. Allowed unused args must match /^_/u  @typescript-eslint/no-unused-vars
2026-10-10T01:42:03.9013927Z ##[warning]  170:38  warning  'style' is assigned a value but never used. Allowed unused vars must match /^_/u    @typescript-eslint/no-unused-vars
2026-10-10T01:42:03.9015336Z ##[warning]  176:15  warning  'buffer' is assigned a value but never used. Allowed unused vars must match /^_/u   @typescript-eslint/no-unused-vars
2026-10-10T01:42:03.9017297Z ##[warning]  179:16  warning  'error' is defined but never used. Allowed unused caught errors must match /^_/u    @typescript-eslint/no-unused-vars
2026-10-10T01:42:03.9018612Z ##[warning]  216:7   warning  'doc' is never reassigned. Use 'const' instead                                      prefer-const
2026-10-10T01:42:03.9019808Z ##[warning]  460:21  warning  'theme' is assigned a value but never used. Allowed unused vars must match /^_/u    @typescript-eslint/no-unused-vars
2026-10-10T01:42:03.9020621Z 
2026-10-10T01:42:03.9020984Z /home/runner/work/chainlesschain/chainlesschain/desktop-app-vue/src/main/ai-engine/extended-tools-project.js
2026-10-10T01:42:03.9021953Z ##[warning]  231:7   warning  'pythonVersion' is assigned a value but never used. Allowed unused vars must match /^_/u  @typescript-eslint/no-unused-vars
2026-10-10T01:42:03.9023254Z ##[warning]  410:18  warning  'error' is defined but never used. Allowed unused caught errors must match /^_/u          @typescript-eslint/no-unused-vars
2026-10-10T01:42:03.9023937Z 
2026-10-10T01:42:03.9024283Z /home/runner/work/chainlesschain/chainlesschain/desktop-app-vue/src/main/ai-engine/extended-tools-sandbox.js
2026-10-10T01:42:03.9025366Z ##[warning]   34:11  warning  Unexpected aliasing of 'this' to local variable                            @typescript-eslint/no-this-alias
2026-10-10T01:42:03.9026593Z ##[warning]   40:22  warning  'context' is defined but never used. Allowed unused args must match /^_/u  @typescript-eslint/no-unused-vars
2026-10-10T01:42:03.9027770Z ##[warning]  104:22  warning  'context' is defined but never used. Allowed unused args must match /^_/u  @typescript-eslint/no-unused-vars
2026-10-10T01:42:03.9028960Z ##[warning]  161:22  warning  'context' is defined but never used. Allowed unused args must match /^_/u  @typescript-eslint/no-unused-vars
2026-10-10T01:42:03.9030129Z ##[warning]  216:14  warning  'params' is defined but never used. Allowed unused args must match /^_/u   @typescript-eslint/no-unused-vars
2026-10-10T01:42:03.9031291Z ##[warning]  216:22  warning  'context' is defined but never used. Allowed unused args must match /^_/u  @typescript-eslint/no-unused-vars
2026-10-10T01:42:03.9032464Z ##[warning]  247:45  warning  'columns' is defined but never used. Allowed unused args must match /^_/u  @typescript-eslint/no-unused-vars
2026-10-10T01:42:03.9033116Z 
2026-10-10T01:42:03.9033582Z /home/runner/work/chainlesschain/chainlesschain/desktop-app-vue/src/main/ai-engine/extended-tools-tts.js
2026-10-10T01:42:03.9034434Z ##[warning]   36:11  warning  Unexpected aliasing of 'this' to local variable                            @typescript-eslint/no-this-alias
2026-10-10T01:42:03.9036398Z ##[warning]   42:22  warning  'context' is defined but never used. Allowed unused args must match /^_/u  @typescript-eslint/no-unused-vars
2026-10-10T01:42:03.9038292Z ##[warning]  116:22  warning  'context' is defined but never used. Allowed unused args must match /^_/u  @typescript-eslint/no-unused-vars
2026-10-10T01:42:03.9039528Z ##[warning]  175:14  warning  'params' is defined but never used. Allowed unused args must match /^_/u   @typescript-eslint/no-unused-vars
2026-10-10T01:42:03.9040698Z ##[warning]  175:22  warning  'context' is defined but never used. Allowed unused args must match /^_/u  @typescript-eslint/no-unused-vars
2026-10-10T01:42:03.9041368Z 
2026-10-10T01:42:03.9041732Z /home/runner/work/chainlesschain/chainlesschain/desktop-app-vue/src/main/ai-engine/extended-tools-vision.js
2026-10-10T01:42:03.9042593Z ##[warning]   34:11  warning  Unexpected aliasing of 'this' to local variable                            @typescript-eslint/no-this-alias
2026-10-10T01:42:03.9044058Z ##[warning]   40:22  warning  'context' is defined but never used. Allowed unused args must match /^_/u  @typescript-eslint/no-unused-vars
2026-10-10T01:42:03.9046113Z ##[warning]   96:22  warning  'context' is defined but never used. Allowed unused args must match /^_/u  @typescript-eslint/no-unused-vars
2026-10-10T01:42:03.9048033Z ##[warning]  153:22  warning  'context' is defined but never used. Allowed unused args must match /^_/u  @typescript-eslint/no-unused-vars
2026-10-10T01:42:03.9049966Z ##[warning]  209:22  warning  'context' is defined but never used. Allowed unused args must match /^_/u  @typescript-eslint/no-unused-vars
2026-10-10T01:42:03.9051929Z ##[warning]  269:22  warning  'context' is defined but never used. Allowed unused args must match /^_/u  @typescript-eslint/no-unused-vars
2026-10-10T01:42:03.9054092Z ##[warning]  330:22  warning  'context' is defined but never used. Allowed unused args must match /^_/u  @typescript-eslint/no-unused-vars
2026-10-10T01:42:03.9055294Z 
2026-10-10T01:42:03.9055844Z /home/runner/work/chainlesschain/chainlesschain/desktop-app-vue/src/main/ai-engine/extended-tools.js
2026-10-10T01:42:03.9057410Z ##[warning]  459:40  warning  'reject' is defined but never used. Allowed unused args must match /^_/u            @typescript-eslint/no-unused-vars
2026-10-10T01:42:03.9059424Z ##[warning]  585:52  warning  'options' is assigned a value but never used. Allowed unused vars must match /^_/u  @typescript-eslint/no-unused-vars
2026-10-10T01:42:03.9060427Z 
2026-10-10T01:42:03.9060916Z /home/runner/work/chainlesschain/chainlesschain/desktop-app-vue/src/main/ai-engine/function-caller.js
2026-10-10T01:42:03.9062373Z ##[warning]    57:3   warning  'getComputerUseTools' is assigned a value but never used. Allowed unused vars must match /^_/u  @typescript-eslint/no-unused-vars
2026-10-10T01:42:03.9064347Z ##[warning]   435:22  warning  'context' is defined but never used. Allowed unused args must match /^_/u                       @typescript-eslint/no-unused-vars
2026-10-10T01:42:03.9066657Z ##[warning]   438:15  warning  'primaryColor' is assigned a value but never used. Allowed unused vars must match /^_/u         @typescript-eslint/no-unused-vars
2026-10-10T01:42:03.9068875Z ##[warning]   487:22  warning  'context' is defined but never used. Allowed unused args must match /^_/u                       @typescript-eslint/no-unused-vars
2026-10-10T01:42:03.9070955Z ##[warning]   556:22  warning  'context' is defined but never used. Allowed unused args must match /^_/u                       @typescript-eslint/no-unused-vars
2026-10-10T01:42:03.9073123Z ##[warning]   557:15  warning  'features' is assigned a value but never used. Allowed unused vars must match /^_/u             @typescript-eslint/no-unused-vars
2026-10-10T01:42:03.9075470Z ##[warning]   658:22  warning  'context' is defined but never used. Allowed unused args must match /^_/u                       @typescript-eslint/no-unused-vars
2026-10-10T01:42:03.9076843Z ##[warning]   708:14  warning  'params' is defined but never used. Allowed unused args must match /^_/u                        @typescript-eslint/no-unused-vars
2026-10-10T01:42:03.9078585Z ##[warning]   708:22  warning  'context' is defined but never used. Allowed unused args must match /^_/u                       @typescript-eslint/no-unused-vars
2026-10-10T01:42:03.9080449Z ##[warning]   726:22  warning  'context' is defined but never used. Allowed unused args must match /^_/u                       @typescript-eslint/no-unused-vars
2026-10-10T01:42:03.9081779Z ##[warning]   748:14  warning  'params' is defined but never used. Allowed unused args must match /^_/u                        @typescript-eslint/no-unused-vars
2026-10-10T01:42:03.9083102Z ##[warning]   748:22  warning  'context' is defined but never used. Allowed unused args must match /^_/u                       @typescript-eslint/no-unused-vars
2026-10-10T01:42:03.9084405Z ##[warning]   773:22  warning  'context' is defined but never used. Allowed unused args must match /^_/u                       @typescript-eslint/no-unused-vars
2026-10-10T01:42:03.9085874Z ##[warning]   800:22  warning  'context' is defined but never used. Allowed unused args must match /^_/u                       @typescript-eslint/no-unused-vars
2026-10-10T01:42:03.9087184Z ##[warning]  1313:13  warning  'timestamp' is assigned a value but never used. Allowed unused vars must match /^_/u            @typescript-eslint/no-unused-vars
2026-10-10T01:42:03.9088798Z ##[warning]  1313:24  warning  'requestId' is assigned a value but never used. Allowed unused vars must match /^_/u            @typescript-eslint/no-unused-vars
2026-10-10T01:42:03.9089761Z 
2026-10-10T01:42:03.9090176Z /home/runner/work/chainlesschain/chainlesschain/desktop-app-vue/src/main/ai-engine/hierarchical-task-planner.js
2026-10-10T01:42:03.9091503Z ##[warning]  390:51  warning  'granularity' is defined but never used. Allowed unused args must match /^_/u  @typescript-eslint/no-unused-vars
2026-10-10T01:42:03.9092353Z 
2026-10-10T01:42:03.9092819Z /home/runner/work/chainlesschain/chainlesschain/desktop-app-vue/src/main/ai-engine/history-memory-optimization.js
2026-10-10T01:42:03.9093911Z ##[warning]  347:16  warning  'e' is defined but never used. Allowed unused caught errors must match /^_/u  @typescript-eslint/no-unused-vars
2026-10-10T01:42:03.9095618Z ##[warning]  375:16  warning  'e' is defined but never used. Allowed unused caught errors must match /^_/u  @typescript-eslint/no-unused-vars
2026-10-10T01:42:03.9096472Z 
2026-10-10T01:42:03.9096876Z /home/runner/work/chainlesschain/chainlesschain/desktop-app-vue/src/main/ai-engine/intent-classifier.js
2026-10-10T01:42:03.9097953Z ##[warning]  257:25  warning  'intent' is defined but never used. Allowed unused args must match /^_/u  @typescript-eslint/no-unused-vars
2026-10-10T01:42:03.9098788Z 
2026-10-10T01:42:03.9099172Z /home/runner/work/chainlesschain/chainlesschain/desktop-app-vue/src/main/ai-engine/intent-fusion.js
2026-10-10T01:42:03.9100324Z ##[warning]   16:7   warning  'DatabaseManager' is assigned a value but never used. Allowed unused vars must match /^_/u  @typescript-eslint/no-unused-vars
2026-10-10T01:42:03.9101952Z ##[warning]  194:27  warning  'context' is defined but never used. Allowed unused args must match /^_/u                   @typescript-eslint/no-unused-vars
2026-10-10T01:42:03.9103512Z ##[warning]  726:34  warning  'context' is defined but never used. Allowed unused args must match /^_/u                   @typescript-eslint/no-unused-vars
2026-10-10T01:42:03.9104309Z 
2026-10-10T01:42:03.9104790Z /home/runner/work/chainlesschain/chainlesschain/desktop-app-vue/src/main/ai-engine/intent-recognizer.js
2026-10-10T01:42:03.9106399Z ##[warning]  145:9   warning  'responseText' is never reassigned. Use 'const' instead                          prefer-const
2026-10-10T01:42:03.9107978Z ##[warning]  306:15  warning  'type' is assigned a value but never used. Allowed unused vars must match /^_/u  @typescript-eslint/no-unused-vars
2026-10-10T01:42:03.9108858Z 
2026-10-10T01:42:03.9109278Z /home/runner/work/chainlesschain/chainlesschain/desktop-app-vue/src/main/ai-engine/knowledge/enterprise-kg.js
2026-10-10T01:42:03.9110523Z ##[warning]   18:24  warning  'deps' is assigned a value but never used. Allowed unused args must match /^_/u     @typescript-eslint/no-unused-vars
2026-10-10T01:42:03.9112151Z ##[warning]  240:25  warning  'options' is assigned a value but never used. Allowed unused args must match /^_/u  @typescript-eslint/no-unused-vars
2026-10-10T01:42:03.9112995Z 
2026-10-10T01:42:03.9113398Z /home/runner/work/chainlesschain/chainlesschain/desktop-app-vue/src/main/ai-engine/llm-decision-engine.js
2026-10-10T01:42:03.9114527Z ##[warning]  410:14  warning  'error' is defined but never used. Allowed unused caught errors must match /^_/u  @typescript-eslint/no-unused-vars
2026-10-10T01:42:03.9115591Z 
2026-10-10T01:42:03.9116041Z /home/runner/work/chainlesschain/chainlesschain/desktop-app-vue/src/main/ai-engine/memory/hierarchical-memory.js
2026-10-10T01:42:03.9117163Z ##[warning]  57:24  warning  'deps' is assigned a value but never used. Allowed unused args must match /^_/u  @typescript-eslint/no-unused-vars
2026-10-10T01:42:03.9118059Z 
2026-10-10T01:42:03.9118508Z /home/runner/work/chainlesschain/chainlesschain/desktop-app-vue/src/main/ai-engine/ml-tool-matcher.js
2026-10-10T01:42:03.9120901Z ##[warning]  112:21  warning  'features' is defined but never used. Allowed unused args must match /^_/u  @typescript-eslint/no-unused-vars
2026-10-10T01:42:03.9121794Z 
2026-10-10T01:42:03.9122248Z /home/runner/work/chainlesschain/chainlesschain/desktop-app-vue/src/main/ai-engine/multi-agent/agent-orchestrator.js
2026-10-10T01:42:03.9123194Z ##[warning]   32:61  warning  Expected { after 'if' condition  curly
2026-10-10T01:42:03.9124307Z ##[warning]   34:47  warning  Expected { after 'if' condition  curly
2026-10-10T01:42:03.9125757Z ##[warning]   39:65  warning  Expected { after 'if' condition  curly
2026-10-10T01:42:03.9126871Z ##[warning]  474:36  warning  Expected { after 'if' condition  curly
2026-10-10T01:42:03.9127969Z ##[warning]  640:21  warning  Expected { after 'if' condition  curly
2026-10-10T01:42:03.9129037Z ##[warning]  648:21  warning  Expected { after 'if' condition  curly
2026-10-10T01:42:03.9129737Z 
2026-10-10T01:42:03.9130216Z /home/runner/work/chainlesschain/chainlesschain/desktop-app-vue/src/main/ai-engine/multi-agent/agents/code-generation-agent.js
2026-10-10T01:42:03.9131492Z ##[warning]   82:29  warning  'context' is defined but never used. Allowed unused args must match /^_/u         @typescript-eslint/no-unused-vars
2026-10-10T01:42:03.9133059Z ##[warning]   87:7   warning  'style' is assigned a value but never used. Allowed unused vars must match /^_/u  @typescript-eslint/no-unused-vars
2026-10-10T01:42:03.9134610Z ##[warning]  122:29  warning  'context' is defined but never used. Allowed unused args must match /^_/u         @typescript-eslint/no-unused-vars
2026-10-10T01:42:03.9136298Z ##[warning]  163:27  warning  'context' is defined but never used. Allowed unused args must match /^_/u         @typescript-eslint/no-unused-vars
2026-10-10T01:42:03.9137825Z ##[warning]  200:23  warning  'context' is defined but never used. Allowed unused args must match /^_/u         @typescript-eslint/no-unused-vars
2026-10-10T01:42:03.9139314Z ##[warning]  244:27  warning  'context' is defined but never used. Allowed unused args must match /^_/u         @typescript-eslint/no-unused-vars
2026-10-10T01:42:03.9140842Z ##[warning]  284:29  warning  'context' is defined but never used. Allowed unused args must match /^_/u         @typescript-eslint/no-unused-vars
2026-10-10T01:42:03.9142307Z ##[warning]  319:27  warning  'context' is defined but never used. Allowed unused args must match /^_/u         @typescript-eslint/no-unused-vars
2026-10-10T01:42:03.9143490Z 
2026-10-10T01:42:03.9143937Z /home/runner/work/chainlesschain/chainlesschain/desktop-app-vue/src/main/ai-engine/multi-agent/agents/data-analysis-agent.js
2026-10-10T01:42:03.9145246Z ##[warning]   63:28  warning  'context' is defined but never used. Allowed unused args must match /^_/u   @typescript-eslint/no-unused-vars
2026-10-10T01:42:03.9146833Z ##[warning]  106:30  warning  'context' is defined but never used. Allowed unused args must match /^_/u   @typescript-eslint/no-unused-vars
2026-10-10T01:42:03.9148292Z ##[warning]  149:30  warning  'context' is defined but never used. Allowed unused args must match /^_/u   @typescript-eslint/no-unused-vars
2026-10-10T01:42:03.9149796Z ##[warning]  187:30  warning  'context' is defined but never used. Allowed unused args must match /^_/u   @typescript-eslint/no-unused-vars
2026-10-10T01:42:03.9151275Z ##[warning]  227:36  warning  'context' is defined but never used. Allowed unused args must match /^_/u   @typescript-eslint/no-unused-vars
2026-10-10T01:42:03.9152787Z ##[warning]  276:29  warning  'context' is defined but never used. Allowed unused args must match /^_/u   @typescript-eslint/no-unused-vars
2026-10-10T01:42:03.9154251Z ##[warning]  313:26  warning  'context' is defined but never used. Allowed unused args must match /^_/u   @typescript-eslint/no-unused-vars
2026-10-10T01:42:03.9155913Z ##[warning]  351:27  warning  'context' is defined but never used. Allowed unused args must match /^_/u   @typescript-eslint/no-unused-vars
2026-10-10T01:42:03.9157427Z ##[warning]  545:24  warning  'data' is defined but never used. Allowed unused args must match /^_/u      @typescript-eslint/no-unused-vars
2026-10-10T01:42:03.9158938Z ##[warning]  545:30  warning  'response' is defined but never used. Allowed unused args must match /^_/u  @typescript-eslint/no-unused-vars
2026-10-10T01:42:03.9159731Z 
2026-10-10T01:42:03.9160219Z /home/runner/work/chainlesschain/chainlesschain/desktop-app-vue/src/main/ai-engine/multi-agent/agents/document-agent.js
2026-10-10T01:42:03.9161457Z ##[warning]   63:30  warning  'context' is defined but never used. Allowed unused args must match /^_/u  @typescript-eslint/no-unused-vars
2026-10-10T01:42:03.9162936Z ##[warning]  115:29  warning  'context' is defined but never used. Allowed unused args must match /^_/u  @typescript-eslint/no-unused-vars
2026-10-10T01:42:03.9164422Z ##[warning]  144:26  warning  'context' is defined but never used. Allowed unused args must match /^_/u  @typescript-eslint/no-unused-vars
2026-10-10T01:42:03.9166116Z ##[warning]  192:26  warning  'context' is defined but never used. Allowed unused args must match /^_/u  @typescript-eslint/no-unused-vars
2026-10-10T01:42:03.9167570Z ##[warning]  228:30  warning  'context' is defined but never used. Allowed unused args must match /^_/u  @typescript-eslint/no-unused-vars
2026-10-10T01:42:03.9169026Z ##[warning]  261:32  warning  'context' is defined but never used. Allowed unused args must match /^_/u  @typescript-eslint/no-unused-vars
2026-10-10T01:42:03.9170516Z ##[warning]  295:26  warning  'context' is defined but never used. Allowed unused args must match /^_/u  @typescript-eslint/no-unused-vars
2026-10-10T01:42:03.9171975Z ##[warning]  327:28  warning  'context' is defined but never used. Allowed unused args must match /^_/u  @typescript-eslint/no-unused-vars
2026-10-10T01:42:03.9172790Z 
2026-10-10T01:42:03.9173261Z /home/runner/work/chainlesschain/chainlesschain/desktop-app-vue/src/main/ai-engine/multi-agent/cowork-orchestrator.js
2026-10-10T01:42:03.9174375Z ##[warning]  138:24  warning  'context' is defined but never used. Allowed unused args must match /^_/u             @typescript-eslint/no-unused-vars
2026-10-10T01:42:03.9176172Z ##[warning]  188:29  warning  'context' is defined but never used. Allowed unused args must match /^_/u             @typescript-eslint/no-unused-vars
2026-10-10T01:42:03.9177900Z ##[warning]  319:31  warning  'context' is defined but never used. Allowed unused args must match /^_/u             @typescript-eslint/no-unused-vars
2026-10-10T01:42:03.9179611Z ##[warning]  402:29  warning  'agentId' is defined but never used. Allowed unused args must match /^_/u             @typescript-eslint/no-unused-vars
2026-10-10T01:42:03.9181131Z ##[warning]  446:11  warning  'chunkSize' is assigned a value but never used. Allowed unused vars must match /^_/u  @typescript-eslint/no-unused-vars
2026-10-10T01:42:03.9182002Z 
2026-10-10T01:42:03.9182410Z /home/runner/work/chainlesschain/chainlesschain/desktop-app-vue/src/main/ai-engine/multi-agent/multi-agent-ipc.js
2026-10-10T01:42:03.9183562Z ##[warning]   40:39  warning  'event' is defined but never used. Allowed unused args must match /^_/u  @typescript-eslint/no-unused-vars
2026-10-10T01:42:03.9185220Z ##[warning]  199:44  warning  'event' is defined but never used. Allowed unused args must match /^_/u  @typescript-eslint/no-unused-vars
2026-10-10T01:42:03.9209236Z ##[warning]  227:46  warning  'event' is defined but never used. Allowed unused args must match /^_/u  @typescript-eslint/no-unused-vars
2026-10-10T01:42:03.9210706Z ##[warning]  241:47  warning  'event' is defined but never used. Allowed unused args must match /^_/u  @typescript-eslint/no-unused-vars
2026-10-10T01:42:03.9211410Z 
2026-10-10T01:42:03.9211810Z /home/runner/work/chainlesschain/chainlesschain/desktop-app-vue/src/main/ai-engine/multi-agent/specialized-agent.js
2026-10-10T01:42:03.9212738Z ##[warning]  104:17  warning  'task' is defined but never used. Allowed unused args must match /^_/u  @typescript-eslint/no-unused-vars
2026-10-10T01:42:03.9213423Z 
2026-10-10T01:42:03.9213784Z /home/runner/work/chainlesschain/chainlesschain/desktop-app-vue/src/main/ai-engine/multi-intent-recognizer.js
2026-10-10T01:42:03.9214684Z ##[warning]  209:24  warning  'context' is defined but never used. Allowed unused args must match /^_/u  @typescript-eslint/no-unused-vars
2026-10-10T01:42:03.9215537Z 
2026-10-10T01:42:03.9215879Z /home/runner/work/chainlesschain/chainlesschain/desktop-app-vue/src/main/ai-engine/multimodal-ipc.js
2026-10-10T01:42:03.9216975Z ##[warning]  19:52  warning  'mainWindow' is defined but never used. Allowed unused args must match /^_/u  @typescript-eslint/no-unused-vars
2026-10-10T01:42:03.9217675Z 
2026-10-10T01:42:03.9218056Z /home/runner/work/chainlesschain/chainlesschain/desktop-app-vue/src/main/ai-engine/perception/perception-engine.js
2026-10-10T01:42:03.9219098Z ##[warning]  196:33  warning  'options' is assigned a value but never used. Allowed unused args must match /^_/u  @typescript-eslint/no-unused-vars
2026-10-10T01:42:03.9219802Z 
2026-10-10T01:42:03.9220119Z /home/runner/work/chainlesschain/chainlesschain/desktop-app-vue/src/main/ai-engine/plan-mode/index.js
2026-10-10T01:42:03.9221071Z ##[warning]  285:31  warning  'context' is defined but never used. Allowed unused args must match /^_/u           @typescript-eslint/no-unused-vars
2026-10-10T01:42:03.9222330Z ##[warning]  474:17  warning  'options' is assigned a value but never used. Allowed unused args must match /^_/u  @typescript-eslint/no-unused-vars
2026-10-10T01:42:03.9223022Z 
2026-10-10T01:42:03.9223362Z /home/runner/work/chainlesschain/chainlesschain/desktop-app-vue/src/main/ai-engine/real-implementations.js
2026-10-10T01:42:03.9224301Z ##[warning]   151:43  warning  'multiple' is assigned a value but never used. Allowed unused vars must match /^_/u     @typescript-eslint/no-unused-vars
2026-10-10T01:42:03.9225745Z ##[warning]   323:5   warning  'overwrite' is assigned a value but never used. Allowed unused vars must match /^_/u    @typescript-eslint/no-unused-vars
2026-10-10T01:42:03.9227032Z ##[warning]   351:16  warning  'err' is defined but never used. Allowed unused caught errors must match /^_/u          @typescript-eslint/no-unused-vars
2026-10-10T01:42:03.9228320Z ##[warning]  1106:22  warning  'err' is defined but never used. Allowed unused caught errors must match /^_/u          @typescript-eslint/no-unused-vars
2026-10-10T01:42:03.9229733Z ##[warning]  1145:38  warning  'calendar_id' is assigned a value but never used. Allowed unused vars must match /^_/u  @typescript-eslint/no-unused-vars
2026-10-10T01:42:03.9230999Z ##[warning]  1239:15  warning  'calEvent' is assigned a value but never used. Allowed unused vars must match /^_/u     @typescript-eslint/no-unused-vars
2026-10-10T01:42:03.9232252Z ##[warning]  1347:18  warning  'err' is defined but never used. Allowed unused caught errors must match /^_/u          @typescript-eslint/no-unused-vars
2026-10-10T01:42:03.9233497Z ##[warning]  1399:14  warning  'err' is defined but never used. Allowed unused caught errors must match /^_/u          @typescript-eslint/no-unused-vars
2026-10-10T01:42:03.9234731Z ##[warning]  1563:14  warning  'err' is defined but never used. Allowed unused caught errors must match /^_/u          @typescript-eslint/no-unused-vars
2026-10-10T01:42:03.9236132Z ##[warning]  2500:46  warning  'requirements' is defined but never used. Allowed unused args must match /^_/u          @typescript-eslint/no-unused-vars
2026-10-10T01:42:03.9236827Z 
2026-10-10T01:42:03.9237164Z /home/runner/work/chainlesschain/chainlesschain/desktop-app-vue/src/main/ai-engine/smart-plan-cache.js
2026-10-10T01:42:03.9238061Z ##[warning]  312:21  warning  'type' is assigned a value but never used. Allowed unused args must match /^_/u  @typescript-eslint/no-unused-vars
2026-10-10T01:42:03.9239270Z ##[warning]  368:11  warning  'now' is assigned a value but never used. Allowed unused vars must match /^_/u   @typescript-eslint/no-unused-vars
2026-10-10T01:42:03.9239948Z 
2026-10-10T01:42:03.9240275Z /home/runner/work/chainlesschain/chainlesschain/desktop-app-vue/src/main/ai-engine/streaming-response.js
2026-10-10T01:42:03.9241184Z ##[warning]  589:17  warning  'taskId' is assigned a value but never used. Allowed unused vars must match /^_/u  @typescript-eslint/no-unused-vars
2026-10-10T01:42:03.9242418Z ##[warning]  676:17  warning  'taskId' is assigned a value but never used. Allowed unused vars must match /^_/u  @typescript-eslint/no-unused-vars
2026-10-10T01:42:03.9243082Z 
2026-10-10T01:42:03.9243577Z /home/runner/work/chainlesschain/chainlesschain/desktop-app-vue/src/main/ai-engine/task-decomposition-enhancement.js
2026-10-10T01:42:03.9244502Z ##[warning]   80:37  warning  'context' is defined but never used. Allowed unused args must match /^_/u      @typescript-eslint/no-unused-vars
2026-10-10T01:42:03.9245850Z ##[warning]  104:29  warning  'task' is defined but never used. Allowed unused args must match /^_/u         @typescript-eslint/no-unused-vars
2026-10-10T01:42:03.9247055Z ##[warning]  108:44  warning  'granularity' is defined but never used. Allowed unused args must match /^_/u  @typescript-eslint/no-unused-vars
2026-10-10T01:42:03.9248264Z ##[warning]  112:36  warning  'granularity' is defined but never used. Allowed unused args must match /^_/u  @typescript-eslint/no-unused-vars
2026-10-10T01:42:03.9249464Z ##[warning]  112:49  warning  'context' is defined but never used. Allowed unused args must match /^_/u      @typescript-eslint/no-unused-vars
2026-10-10T01:42:03.9250676Z ##[warning]  128:30  warning  'task' is defined but never used. Allowed unused args must match /^_/u         @typescript-eslint/no-unused-vars
2026-10-10T01:42:03.9251887Z ##[warning]  128:36  warning  'subtasks' is defined but never used. Allowed unused args must match /^_/u     @typescript-eslint/no-unused-vars
2026-10-10T01:42:03.9253098Z ##[warning]  128:46  warning  'granularity' is defined but never used. Allowed unused args must match /^_/u  @typescript-eslint/no-unused-vars
2026-10-10T01:42:03.9254291Z ##[warning]  128:59  warning  'context' is defined but never used. Allowed unused args must match /^_/u      @typescript-eslint/no-unused-vars
2026-10-10T01:42:03.9254946Z 
2026-10-10T01:42:03.9255458Z /home/runner/work/chainlesschain/chainlesschain/desktop-app-vue/src/main/ai-engine/task-planner-enhanced.js
2026-10-10T01:42:03.9256392Z ##[warning]   322:11  warning  'warnings' is assigned a value but never used. Allowed unused vars must match /^_/u     @typescript-eslint/no-unused-vars
2026-10-10T01:42:03.9257840Z ##[warning]   685:7   warning  'projectPath' is assigned a value but never used. Allowed unused vars must match /^_/u  @typescript-eslint/no-unused-vars
2026-10-10T01:42:03.9259055Z ##[warning]   874:9   warning  'cleaned' is never reassigned. Use 'const' instead                                      prefer-const
2026-10-10T01:42:03.9260287Z ##[warning]   903:35  warning  'projectContext' is defined but never used. Allowed unused args must match /^_/u        @typescript-eslint/no-unused-vars
2026-10-10T01:42:03.9261562Z ##[warning]  1608:19  warning  'action' is assigned a value but never used. Allowed unused vars must match /^_/u       @typescript-eslint/no-unused-vars
2026-10-10T01:42:03.9262833Z ##[warning]  1608:27  warning  'description' is assigned a value but never used. Allowed unused vars must match /^_/u  @typescript-eslint/no-unused-vars
2026-10-10T01:42:03.9264113Z ##[warning]  1681:55  warning  'progressCallback' is defined but never used. Allowed unused args must match /^_/u      @typescript-eslint/no-unused-vars
2026-10-10T01:42:03.9265528Z ##[warning]  1705:60  warning  'progressCallback' is defined but never used. Allowed unused args must match /^_/u      @typescript-eslint/no-unused-vars
2026-10-10T01:42:03.9266824Z ##[warning]  1728:56  warning  'progressCallback' is defined but never used. Allowed unused args must match /^_/u      @typescript-eslint/no-unused-vars
2026-10-10T01:42:03.9268093Z ##[warning]  1786:56  warning  'progressCallback' is defined but never used. Allowed unused args must match /^_/u      @typescript-eslint/no-unused-vars
2026-10-10T01:42:03.9269369Z ##[warning]  1814:40  warning  'projectContext' is defined but never used. Allowed unused args must match /^_/u        @typescript-eslint/no-unused-vars
2026-10-10T01:42:03.9270684Z ##[warning]  1814:56  warning  'progressCallback' is defined but never used. Allowed unused args must match /^_/u      @typescript-eslint/no-unused-vars
2026-10-10T01:42:03.9271993Z ##[warning]  1839:41  warning  'projectContext' is defined but never used. Allowed unused args must match /^_/u        @typescript-eslint/no-unused-vars
2026-10-10T01:42:03.9273433Z ##[warning]  1839:57  warning  'progressCallback' is defined but never used. Allowed unused args must match /^_/u      @typescript-eslint/no-unused-vars
2026-10-10T01:42:03.9274710Z ##[warning]  1857:37  warning  'projectContext' is defined but never used. Allowed unused args must match /^_/u        @typescript-eslint/no-unused-vars
2026-10-10T01:42:03.9276126Z ##[warning]  1857:53  warning  'progressCallback' is defined but never used. Allowed unused args must match /^_/u      @typescript-eslint/no-unused-vars
2026-10-10T01:42:03.9277409Z ##[warning]  2002:24  warning  'parseError' is defined but never used. Allowed unused caught errors must match /^_/u   @typescript-eslint/no-unused-vars
2026-10-10T01:42:03.9278104Z 
2026-10-10T01:42:03.9278468Z /home/runner/work/chainlesschain/chainlesschain/desktop-app-vue/src/main/ai-engine/task-planner-interactive.js
2026-10-10T01:42:03.9279447Z ##[warning]  177:38  warning  'projectContext' is defined but never used. Allowed unused args must match /^_/u           @typescript-eslint/no-unused-vars
2026-10-10T01:42:03.9280722Z ##[warning]  177:54  warning  'taskPlan' is defined but never used. Allowed unused args must match /^_/u                 @typescript-eslint/no-unused-vars
2026-10-10T01:42:03.9282010Z ##[warning]  694:11  warning  'templateFields' is assigned a value but never used. Allowed unused vars must match /^_/u  @typescript-eslint/no-unused-vars
2026-10-10T01:42:03.9282707Z 
2026-10-10T01:42:03.9283019Z /home/runner/work/chainlesschain/chainlesschain/desktop-app-vue/src/main/ai-engine/task-planner.js
2026-10-10T01:42:03.9283900Z ##[warning]  118:16  warning  'error' is defined but never used. Allowed unused caught errors must match /^_/u  @typescript-eslint/no-unused-vars
2026-10-10T01:42:03.9284583Z 
2026-10-10T01:42:03.9284910Z /home/runner/work/chainlesschain/chainlesschain/desktop-app-vue/src/main/ai-engine/task-tracker-ipc.js
2026-10-10T01:42:03.9286087Z ##[warning]   38:47  warning  'event' is defined but never used. Allowed unused args must match /^_/u  @typescript-eslint/no-unused-vars
2026-10-10T01:42:03.9287314Z ##[warning]  132:53  warning  'event' is defined but never used. Allowed unused args must match /^_/u  @typescript-eslint/no-unused-vars
2026-10-10T01:42:03.9288478Z ##[warning]  146:52  warning  'event' is defined but never used. Allowed unused args must match /^_/u  @typescript-eslint/no-unused-vars
2026-10-10T01:42:03.9289629Z ##[warning]  160:58  warning  'event' is defined but never used. Allowed unused args must match /^_/u  @typescript-eslint/no-unused-vars
2026-10-10T01:42:03.9290777Z ##[warning]  174:60  warning  'event' is defined but never used. Allowed unused args must match /^_/u  @typescript-eslint/no-unused-vars
2026-10-10T01:42:03.9291920Z ##[warning]  227:57  warning  'event' is defined but never used. Allowed unused args must match /^_/u  @typescript-eslint/no-unused-vars
2026-10-10T01:42:03.9292569Z 
2026-10-10T01:42:03.9292938Z /home/runner/work/chainlesschain/chainlesschain/desktop-app-vue/src/main/ai-engine/tool-composition-system.js
2026-10-10T01:42:03.9293819Z ##[warning]  78:31  warning  'context' is defined but never used. Allowed unused args must match /^_/u  @typescript-eslint/no-unused-vars
2026-10-10T01:42:03.9294478Z 
2026-10-10T01:42:03.9294794Z /home/runner/work/chainlesschain/chainlesschain/desktop-app-vue/src/main/ai-engine/tool-masking.js
2026-10-10T01:42:03.9295808Z ##[warning]  606:62  warning  'tool' is defined but never used. Allowed unused args must match /^_/u  @typescript-eslint/no-unused-vars
2026-10-10T01:42:03.9296468Z 
2026-10-10T01:42:03.9296774Z /home/runner/work/chainlesschain/chainlesschain/desktop-app-vue/src/main/ai-engine/tool-sandbox.js
2026-10-10T01:42:03.9297652Z ##[warning]  306:20  warning  'error' is defined but never used. Allowed unused caught errors must match /^_/u  @typescript-eslint/no-unused-vars
2026-10-10T01:42:03.9298891Z ##[warning]  341:18  warning  'error' is defined but never used. Allowed unused caught errors must match /^_/u  @typescript-eslint/no-unused-vars
2026-10-10T01:42:03.9299691Z 
2026-10-10T01:42:03.9300014Z /home/runner/work/chainlesschain/chainlesschain/desktop-app-vue/src/main/ai-engine/vision-manager.js
2026-10-10T01:42:03.9300899Z ##[warning]  13:7  warning  'path' is assigned a value but never used. Allowed unused vars must match /^_/u  @typescript-eslint/no-unused-vars
2026-10-10T01:42:03.9301593Z 
2026-10-10T01:42:03.9301949Z /home/runner/work/chainlesschain/chainlesschain/desktop-app-vue/src/main/ai-engine/workflow/workflow-engine.js
2026-10-10T01:42:03.9302941Z ##[warning]   62:24  warning  'deps' is assigned a value but never used. Allowed unused args must match /^_/u  @typescript-eslint/no-unused-vars
2026-10-10T01:42:03.9304070Z ##[warning]  792:19  warning  Expected { after 'if' condition                                                  curly
2026-10-10T01:42:03.9304712Z 
2026-10-10T01:42:03.9305198Z /home/runner/work/chainlesschain/chainlesschain/desktop-app-vue/src/main/analytics/analytics-aggregator.js
2026-10-10T01:42:03.9306184Z ##[warning]  222:14  warning  'error' is defined but never used. Allowed unused caught errors must match /^_/u  @typescript-eslint/no-unused-vars
2026-10-10T01:42:03.9306882Z 
2026-10-10T01:42:03.9307190Z /home/runner/work/chainlesschain/chainlesschain/desktop-app-vue/src/main/api/backend-client.js
2026-10-10T01:42:03.9308119Z ##[warning]  20:10  warning  'e' is defined but never used. Allowed unused caught errors must match /^_/u  @typescript-eslint/no-unused-vars
2026-10-10T01:42:03.9309318Z ##[warning]  84:14  warning  'e' is defined but never used. Allowed unused caught errors must match /^_/u  @typescript-eslint/no-unused-vars
2026-10-10T01:42:03.9309977Z 
2026-10-10T01:42:03.9310310Z /home/runner/work/chainlesschain/chainlesschain/desktop-app-vue/src/main/api/backend-service-manager.js
2026-10-10T01:42:03.9311329Z ##[warning]    9:16  warning  'exec' is assigned a value but never used. Allowed unused vars must match /^_/u      @typescript-eslint/no-unused-vars
2026-10-10T01:42:03.9312602Z ##[warning]    9:22  warning  'execSync' is assigned a value but never used. Allowed unused vars must match /^_/u  @typescript-eslint/no-unused-vars
2026-10-10T01:42:03.9313859Z ##[warning]  303:16  warning  'error' is defined but never used. Allowed unused caught errors must match /^_/u     @typescript-eslint/no-unused-vars
2026-10-10T01:42:03.9314546Z 
2026-10-10T01:42:03.9314847Z /home/runner/work/chainlesschain/chainlesschain/desktop-app-vue/src/main/api/email-client.js
2026-10-10T01:42:03.9315785Z ##[warning]  129:14  warning  'error' is defined but never used. Allowed unused caught errors must match /^_/u  @typescript-eslint/no-unused-vars
2026-10-10T01:42:03.9317027Z ##[warning]  166:11  warning  'now' is assigned a value but never used. Allowed unused vars must match /^_/u    @typescript-eslint/no-unused-vars
2026-10-10T01:42:03.9318243Z ##[warning]  264:19  warning  'key' is assigned a value but never used. Allowed unused vars must match /^_/u    @typescript-eslint/no-unused-vars
2026-10-10T01:42:03.9319356Z ##[warning]  624:49  warning  Expected { after 'if' condition                                                   curly
2026-10-10T01:42:03.9320362Z ##[warning]  685:63  warning  Expected { after 'if' condition                                                   curly
2026-10-10T01:42:03.9321359Z ##[warning]  686:52  warning  Expected { after 'if' condition                                                   curly
2026-10-10T01:42:03.9321936Z 
2026-10-10T01:42:03.9322225Z /home/runner/work/chainlesschain/chainlesschain/desktop-app-vue/src/main/api/email-ipc.js
2026-10-10T01:42:03.9323162Z ##[warning]    17:3   warning  'boundedQueryLimit' is assigned a value but never used. Allowed unused vars must match /^_/u  @typescript-eslint/no-unused-vars
2026-10-10T01:42:03.9324343Z ##[warning]   115:34  warning  Expected { after 'if' condition                                                               curly
2026-10-10T01:42:03.9325834Z ##[warning]   136:49  warning  'event' is defined but never used. Allowed unused args must match /^_/u                       @typescript-eslint/no-unused-vars
2026-10-10T01:42:03.9327101Z ##[warning]   237:47  warning  'event' is defined but never used. Allowed unused args must match /^_/u                       @typescript-eslint/no-unused-vars
2026-10-10T01:42:03.9328246Z ##[warning]   626:19  warning  Expected { after 'if' condition                                                               curly
2026-10-10T01:42:03.9329307Z ##[warning]   705:25  warning  Expected { after 'if' condition                                                               curly
2026-10-10T01:42:03.9330350Z ##[warning]   706:21  warning  Expected { after 'if' condition                                                               curly
2026-10-10T01:42:03.9331388Z ##[warning]   772:37  warning  Expected { after 'if' condition                                                               curly
2026-10-10T01:42:03.9332428Z ##[warning]   782:66  warning  Expected { after 'if' condition                                                               curly
2026-10-10T01:42:03.9333491Z ##[warning]  1017:30  warning  Expected { after 'if' condition                                                               curly
2026-10-10T01:42:03.9334528Z ##[warning]  1438:59  warning  Expected { after 'if' condition                                                               curly
2026-10-10T01:42:03.9335738Z ##[warning]  1473:25  warning  Expected { after 'if' condition                                                               curly
2026-10-10T01:42:03.9336339Z 
2026-10-10T01:42:03.9336639Z /home/runner/work/chainlesschain/chainlesschain/desktop-app-vue/src/main/api/rss-fetcher.js
2026-10-10T01:42:03.9337518Z ##[warning]  547:20  warning  'error' is defined but never used. Allowed unused caught errors must match /^_/u  @typescript-eslint/no-unused-vars
2026-10-10T01:42:03.9338874Z ##[warning]  605:14  warning  'error' is defined but never used. Allowed unused caught errors must match /^_/u  @typescript-eslint/no-unused-vars
2026-10-10T01:42:03.9339555Z 
2026-10-10T01:42:03.9339835Z /home/runner/work/chainlesschain/chainlesschain/desktop-app-vue/src/main/api/rss-ipc.js
2026-10-10T01:42:03.9340676Z ##[warning]  104:50  warning  'event' is defined but never used. Allowed unused args must match /^_/u           @typescript-eslint/no-unused-vars
2026-10-10T01:42:03.9341872Z ##[warning]  144:49  warning  'event' is defined but never used. Allowed unused args must match /^_/u           @typescript-eslint/no-unused-vars
2026-10-10T01:42:03.9343070Z ##[warning]  644:18  warning  'error' is defined but never used. Allowed unused caught errors must match /^_/u  @typescript-eslint/no-unused-vars
2026-10-10T01:42:03.9343739Z 
2026-10-10T01:42:03.9344122Z /home/runner/work/chainlesschain/chainlesschain/desktop-app-vue/src/main/auth/__tests__/sso-session-manager.test.js
2026-10-10T01:42:03.9344887Z ##[warning]  42:18  warning  Expected { after 'if' condition  curly
2026-10-10T01:42:03.9345770Z ##[warning]  48:18  warning  Expected { after 'if' condition  curly
2026-10-10T01:42:03.9346276Z 
2026-10-10T01:42:03.9346587Z /home/runner/work/chainlesschain/chainlesschain/desktop-app-vue/src/main/auth/identity-bridge.js
2026-10-10T01:42:03.9347500Z ##[warning]  571:14  warning  'parseError' is defined but never used. Allowed unused caught errors must match /^_/u  @typescript-eslint/no-unused-vars
2026-10-10T01:42:03.9348198Z 
2026-10-10T01:42:03.9348502Z /home/runner/work/chainlesschain/chainlesschain/desktop-app-vue/src/main/auth/oauth-provider.js
2026-10-10T01:42:03.9349420Z ##[warning]   20:7   warning  'crypto' is assigned a value but never used. Allowed unused vars must match /^_/u          @typescript-eslint/no-unused-vars
2026-10-10T01:42:03.9350718Z ##[warning]  725:18  warning  'parseErr' is defined but never used. Allowed unused caught errors must match /^_/u        @typescript-eslint/no-unused-vars
2026-10-10T01:42:03.9352009Z ##[warning]  761:16  warning  'parseError' is defined but never used. Allowed unused caught errors must match /^_/u      @typescript-eslint/no-unused-vars
2026-10-10T01:42:03.9353476Z ##[warning]  776:18  warning  'formParseError' is defined but never used. Allowed unused caught errors must match /^_/u  @typescript-eslint/no-unused-vars
2026-10-10T01:42:03.9354184Z 
2026-10-10T01:42:03.9354487Z /home/runner/work/chainlesschain/chainlesschain/desktop-app-vue/src/main/auth/saml-provider.js
2026-10-10T01:42:03.9355471Z ##[warning]   50:10  warning  'loadErr' is defined but never used. Allowed unused caught errors must match /^_/u        @typescript-eslint/no-unused-vars
2026-10-10T01:42:03.9356761Z ##[warning]   80:7   warning  'AUTHN_CONTEXT' is assigned a value but never used. Allowed unused vars must match /^_/u  @typescript-eslint/no-unused-vars
2026-10-10T01:42:03.9358021Z ##[warning]  599:11  warning  'now' is assigned a value but never used. Allowed unused vars must match /^_/u            @typescript-eslint/no-unused-vars
2026-10-10T01:42:03.9359278Z ##[warning]  858:25  warning  'assertion' is defined but never used. Allowed unused args must match /^_/u               @typescript-eslint/no-unused-vars
2026-10-10T01:42:03.9359949Z 
2026-10-10T01:42:03.9360222Z /home/runner/work/chainlesschain/chainlesschain/desktop-app-vue/src/main/auth/sso-ipc.js
2026-10-10T01:42:03.9361031Z ##[warning]  89:48  warning  'event' is defined but never used. Allowed unused args must match /^_/u  @typescript-eslint/no-unused-vars
2026-10-10T01:42:03.9361682Z 
2026-10-10T01:42:03.9361972Z /home/runner/work/chainlesschain/chainlesschain/desktop-app-vue/src/main/auth/sso-manager.js
2026-10-10T01:42:03.9362887Z ##[warning]    70:7   warning  'AUTH_TAG_LENGTH' is assigned a value but never used. Allowed unused vars must match /^_/u  @typescript-eslint/no-unused-vars
2026-10-10T01:42:03.9364210Z ##[warning]  1411:43  warning  'options' is assigned a value but never used. Allowed unused args must match /^_/u          @typescript-eslint/no-unused-vars
2026-10-10T01:42:03.9365812Z ##[warning]  2108:20  warning  'decryptErr' is defined but never used. Allowed unused caught errors must match /^_/u       @typescript-eslint/no-unused-vars
2026-10-10T01:42:03.9367136Z ##[warning]  2127:16  warning  'metaError' is defined but never used. Allowed unused caught errors must match /^_/u        @typescript-eslint/no-unused-vars
2026-10-10T01:42:03.9368425Z ##[warning]  2170:17  warning  'sessionId' is assigned a value but never used. Allowed unused vars must match /^_/u        @typescript-eslint/no-unused-vars
2026-10-10T01:42:03.9369118Z 
2026-10-10T01:42:03.9369438Z /home/runner/work/chainlesschain/chainlesschain/desktop-app-vue/src/main/auth/sso-session-manager.js
2026-10-10T01:42:03.9370374Z ##[warning]  266:18  warning  'decryptError' is defined but never used. Allowed unused caught errors must match /^_/u  @typescript-eslint/no-unused-vars
2026-10-10T01:42:03.9371079Z 
2026-10-10T01:42:03.9371406Z /home/runner/work/chainlesschain/chainlesschain/desktop-app-vue/src/main/benchmark/benchmark-manager.js
2026-10-10T01:42:03.9372398Z ##[warning]  33:19  warning  'listSuites' is assigned a value but never used. Allowed unused vars must match /^_/u  @typescript-eslint/no-unused-vars
2026-10-10T01:42:03.9373085Z 
2026-10-10T01:42:03.9373416Z /home/runner/work/chainlesschain/chainlesschain/desktop-app-vue/src/main/benchmark/metrics-calculator.js
2026-10-10T01:42:03.9374301Z ##[warning]  11:9  warning  'logger' is assigned a value but never used. Allowed unused vars must match /^_/u  @typescript-eslint/no-unused-vars
2026-10-10T01:42:03.9374968Z 
2026-10-10T01:42:03.9375466Z /home/runner/work/chainlesschain/chainlesschain/desktop-app-vue/src/main/blockchain/agent-economy.js
2026-10-10T01:42:03.9376409Z ##[warning]  38:24  warning  'deps' is assigned a value but never used. Allowed unused args must match /^_/u  @typescript-eslint/no-unused-vars
2026-10-10T01:42:03.9377087Z 
2026-10-10T01:42:03.9377425Z /home/runner/work/chainlesschain/chainlesschain/desktop-app-vue/src/main/blockchain/blockchain-adapter.js
2026-10-10T01:42:03.9378457Z ##[warning]    15:27  warning  'getRpcUrl' is assigned a value but never used. Allowed unused vars must match /^_/u  @typescript-eslint/no-unused-vars
2026-10-10T01:42:03.9379591Z ##[warning]   112:23  warning  Unreachable code                                                                      no-unreachable
2026-10-10T01:42:03.9380783Z ##[warning]  1026:11  warning  'config' is assigned a value but never used. Allowed unused vars must match /^_/u     @typescript-eslint/no-unused-vars
2026-10-10T01:42:03.9381470Z 
2026-10-10T01:42:03.9381815Z /home/runner/work/chainlesschain/chainlesschain/desktop-app-vue/src/main/blockchain/blockchain-lazy-ipc.js
2026-10-10T01:42:03.9382703Z ##[warning]  33:43  warning  'database' is defined but never used. Allowed unused args must match /^_/u    @typescript-eslint/no-unused-vars
2026-10-10T01:42:03.9383909Z ##[warning]  33:53  warning  'mainWindow' is defined but never used. Allowed unused args must match /^_/u  @typescript-eslint/no-unused-vars
2026-10-10T01:42:03.9384576Z 
2026-10-10T01:42:03.9384904Z /home/runner/work/chainlesschain/chainlesschain/desktop-app-vue/src/main/blockchain/bridge-security.js
2026-10-10T01:42:03.9385898Z ##[warning]  683:11  warning  'oneDayAgo' is assigned a value but never used. Allowed unused vars must match /^_/u  @typescript-eslint/no-unused-vars
2026-10-10T01:42:03.9386582Z 
2026-10-10T01:42:03.9386942Z /home/runner/work/chainlesschain/chainlesschain/desktop-app-vue/src/main/blockchain/bridges/layerzero-bridge.js
2026-10-10T01:42:03.9387882Z ##[warning]  422:18  warning  'e' is defined but never used. Allowed unused caught errors must match /^_/u  @typescript-eslint/no-unused-vars
2026-10-10T01:42:03.9388549Z 
2026-10-10T01:42:03.9388886Z /home/runner/work/chainlesschain/chainlesschain/desktop-app-vue/src/main/blockchain/cross-chain-bridge.js
2026-10-10T01:42:03.9389783Z ##[warning]  19:24  warning  'deps' is assigned a value but never used. Allowed unused args must match /^_/u     @typescript-eslint/no-unused-vars
2026-10-10T01:42:03.9391136Z ##[warning]  95:56  warning  'options' is assigned a value but never used. Allowed unused args must match /^_/u  @typescript-eslint/no-unused-vars
2026-10-10T01:42:03.9391822Z 
2026-10-10T01:42:03.9392156Z /home/runner/work/chainlesschain/chainlesschain/desktop-app-vue/src/main/blockchain/dao-governance-v2.js
2026-10-10T01:42:03.9393034Z ##[warning]  24:24  warning  'deps' is assigned a value but never used. Allowed unused args must match /^_/u  @typescript-eslint/no-unused-vars
2026-10-10T01:42:03.9393706Z 
2026-10-10T01:42:03.9394024Z /home/runner/work/chainlesschain/chainlesschain/desktop-app-vue/src/main/blockchain/event-listener.js
2026-10-10T01:42:03.9394626Z ##[warning]  21:34  warning  Expected { after 'if' condition  curly
2026-10-10T01:42:03.9395227Z 
2026-10-10T01:42:03.9395549Z /home/runner/work/chainlesschain/chainlesschain/desktop-app-vue/src/main/blockchain/marketplace-ipc.js
2026-10-10T01:42:03.9396437Z ##[warning]  8:7  warning  'path' is assigned a value but never used. Allowed unused vars must match /^_/u  @typescript-eslint/no-unused-vars
2026-10-10T01:42:03.9397124Z 
2026-10-10T01:42:03.9397433Z /home/runner/work/chainlesschain/chainlesschain/desktop-app-vue/src/main/blockchain/rpc-manager.js
2026-10-10T01:42:03.9398319Z ##[warning]  127:14  warning  'error' is defined but never used. Allowed unused caught errors must match /^_/u  @typescript-eslint/no-unused-vars
2026-10-10T01:42:03.9399000Z 
2026-10-10T01:42:03.9399319Z /home/runner/work/chainlesschain/chainlesschain/desktop-app-vue/src/main/blockchain/wallet-manager.js
2026-10-10T01:42:03.9400196Z ##[warning]   98:14  warning  'error' is defined but never used. Allowed unused caught errors must match /^_/u  @typescript-eslint/no-unused-vars
2026-10-10T01:42:03.9401410Z ##[warning]  282:16  warning  'error' is defined but never used. Allowed unused caught errors must match /^_/u  @typescript-eslint/no-unused-vars
2026-10-10T01:42:03.9402646Z ##[warning]  524:20  warning  'e' is defined but never used. Allowed unused caught errors must match /^_/u      @typescript-eslint/no-unused-vars
2026-10-10T01:42:03.9404009Z ##[warning]  598:20  warning  'e' is defined but never used. Allowed unused caught errors must match /^_/u      @typescript-eslint/no-unused-vars
2026-10-10T01:42:03.9404686Z 
2026-10-10T01:42:03.9405095Z /home/runner/work/chainlesschain/chainlesschain/desktop-app-vue/src/main/bootstrap/core-initializer.js
2026-10-10T01:42:03.9406034Z ##[warning]  286:16  warning  'context' is defined but never used. Allowed unused args must match /^_/u  @typescript-eslint/no-unused-vars
2026-10-10T01:42:03.9406707Z 
2026-10-10T01:42:03.9407141Z /home/runner/work/chainlesschain/chainlesschain/desktop-app-vue/src/main/browser/__tests__/browser-engine-navigation-guard.test.js
2026-10-10T01:42:03.9407938Z ##[warning]   33:27  warning  Expected { after 'if' condition  curly
2026-10-10T01:42:03.9408722Z ##[warning]   34:22  warning  Expected { after 'if' condition  curly
2026-10-10T01:42:03.9409481Z ##[warning]   54:51  warning  Expected { after 'if' condition  curly
2026-10-10T01:42:03.9410242Z ##[warning]   76:20  warning  Expected { after 'if' condition  curly
2026-10-10T01:42:03.9411001Z ##[warning]  106:29  warning  Expected { after 'if' condition  curly
2026-10-10T01:42:03.9411504Z 
2026-10-10T01:42:03.9411908Z /home/runner/work/chainlesschain/chainlesschain/desktop-app-vue/src/main/browser/__tests__/browser-ipc-computer-use.test.js
2026-10-10T01:42:03.9412573Z ##[warning]   28:52  warning  Expected { after 'if' condition  curly
2026-10-10T01:42:03.9413341Z ##[warning]   29:29  warning  Expected { after 'if' condition  curly
2026-10-10T01:42:03.9414096Z ##[warning]   50:30  warning  Expected { after 'if' condition  curly
2026-10-10T01:42:03.9414857Z ##[warning]  129:30  warning  Expected { after 'if' condition  curly
2026-10-10T01:42:03.9415688Z ##[warning]  184:30  warning  Expected { after 'if' condition  curly
2026-10-10T01:42:03.9416453Z ##[warning]  244:30  warning  Expected { after 'if' condition  curly
2026-10-10T01:42:03.9417315Z ##[warning]  353:30  warning  Expected { after 'if' condition  curly
2026-10-10T01:42:03.9418065Z ##[warning]  431:32  warning  Expected { after 'if' condition  curly
2026-10-10T01:42:03.9418565Z 
2026-10-10T01:42:03.9418956Z /home/runner/work/chainlesschain/chainlesschain/desktop-app-vue/src/main/browser/__tests__/browser-log-redaction.test.js
2026-10-10T01:42:03.9419596Z ##[warning]  37:7  warning  Expected { after 'for-of'  curly
2026-10-10T01:42:03.9420094Z 
2026-10-10T01:42:03.9420475Z /home/runner/work/chainlesschain/chainlesschain/desktop-app-vue/src/main/browser/actions/__tests__/vision-action.test.js
2026-10-10T01:42:03.9421238Z ##[warning]   31:52  warning  Expected { after 'if' condition  curly
2026-10-10T01:42:03.9421996Z ##[warning]   32:29  warning  Expected { after 'if' condition  curly
2026-10-10T01:42:03.9422773Z ##[warning]   57:30  warning  Expected { after 'if' condition  curly
2026-10-10T01:42:03.9423548Z ##[warning]  102:30  warning  Expected { after 'if' condition  curly
2026-10-10T01:42:03.9424064Z 
2026-10-10T01:42:03.9424404Z /home/runner/work/chainlesschain/chainlesschain/desktop-app-vue/src/main/browser/actions/action-replay.js
2026-10-10T01:42:03.9425375Z ##[warning]  191:16  warning  'e' is defined but never used. Allowed unused caught errors must match /^_/u  @typescript-eslint/no-unused-vars
2026-10-10T01:42:03.9426586Z ##[warning]  427:16  warning  'e' is defined but never used. Allowed unused caught errors must match /^_/u  @typescript-eslint/no-unused-vars
2026-10-10T01:42:03.9427252Z 
2026-10-10T01:42:03.9427602Z /home/runner/work/chainlesschain/chainlesschain/desktop-app-vue/src/main/browser/actions/action-suggestion.js
2026-10-10T01:42:03.9428569Z ##[warning]  192:13  warning  'elements' is assigned a value but never used. Allowed unused vars must match /^_/u  @typescript-eslint/no-unused-vars
2026-10-10T01:42:03.9429847Z ##[warning]  357:35  warning  'context' is defined but never used. Allowed unused args must match /^_/u            @typescript-eslint/no-unused-vars
2026-10-10T01:42:03.9430641Z 
2026-10-10T01:42:03.9431003Z /home/runner/work/chainlesschain/chainlesschain/desktop-app-vue/src/main/browser/actions/automation-policy.js
2026-10-10T01:42:03.9431925Z ##[warning]  230:13  warning  'url' is assigned a value but never used. Allowed unused vars must match /^_/u      @typescript-eslint/no-unused-vars
2026-10-10T01:42:03.9433185Z ##[warning]  230:18  warning  'action' is assigned a value but never used. Allowed unused vars must match /^_/u   @typescript-eslint/no-unused-vars
2026-10-10T01:42:03.9434411Z ##[warning]  230:26  warning  'target' is assigned a value but never used. Allowed unused vars must match /^_/u   @typescript-eslint/no-unused-vars
2026-10-10T01:42:03.9435749Z ##[warning]  230:34  warning  'content' is assigned a value but never used. Allowed unused vars must match /^_/u  @typescript-eslint/no-unused-vars
2026-10-10T01:42:03.9436992Z ##[warning]  437:28  warning  'context' is defined but never used. Allowed unused args must match /^_/u           @typescript-eslint/no-unused-vars
2026-10-10T01:42:03.9438236Z ##[warning]  474:27  warning  'context' is defined but never used. Allowed unused args must match /^_/u           @typescript-eslint/no-unused-vars
2026-10-10T01:42:03.9438904Z 
2026-10-10T01:42:03.9439255Z /home/runner/work/chainlesschain/chainlesschain/desktop-app-vue/src/main/browser/actions/clipboard-manager.js
2026-10-10T01:42:03.9440139Z ##[warning]  26:14  warning  'e' is defined but never used. Allowed unused caught errors must match /^_/u  @typescript-eslint/no-unused-vars
2026-10-10T01:42:03.9440804Z 
2026-10-10T01:42:03.9441166Z /home/runner/work/chainlesschain/chainlesschain/desktop-app-vue/src/main/browser/actions/computer-use-metrics.js
2026-10-10T01:42:03.9442091Z ##[warning]  278:38  warning  'labels' is assigned a value but never used. Allowed unused args must match /^_/u  @typescript-eslint/no-unused-vars
2026-10-10T01:42:03.9442771Z 
2026-10-10T01:42:03.9443227Z /home/runner/work/chainlesschain/chainlesschain/desktop-app-vue/src/main/browser/actions/context-memory.js
2026-10-10T01:42:03.9444134Z ##[warning]  491:17  warning  'key' is assigned a value but never used. Allowed unused vars must match /^_/u  @typescript-eslint/no-unused-vars
2026-10-10T01:42:03.9445474Z ##[warning]  497:16  warning  'e' is defined but never used. Allowed unused caught errors must match /^_/u    @typescript-eslint/no-unused-vars
2026-10-10T01:42:03.9446148Z 
2026-10-10T01:42:03.9446505Z /home/runner/work/chainlesschain/chainlesschain/desktop-app-vue/src/main/browser/actions/coordinate-action.js
2026-10-10T01:42:03.9447437Z ##[warning]  294:50  warning  'options' is assigned a value but never used. Allowed unused args must match /^_/u  @typescript-eslint/no-unused-vars
2026-10-10T01:42:03.9448126Z 
2026-10-10T01:42:03.9448501Z /home/runner/work/chainlesschain/chainlesschain/desktop-app-vue/src/main/browser/actions/error-recovery-manager.js
2026-10-10T01:42:03.9449297Z ##[warning]  142:11  warning  Unexpected aliasing of 'this' to local variable  @typescript-eslint/no-this-alias
2026-10-10T01:42:03.9449914Z 
2026-10-10T01:42:03.9450264Z /home/runner/work/chainlesschain/chainlesschain/desktop-app-vue/src/main/browser/actions/network-interceptor.js
2026-10-10T01:42:03.9451157Z ##[warning]  524:20  warning  'e' is defined but never used. Allowed unused caught errors must match /^_/u  @typescript-eslint/no-unused-vars
2026-10-10T01:42:03.9451829Z 
2026-10-10T01:42:03.9452192Z /home/runner/work/chainlesschain/chainlesschain/desktop-app-vue/src/main/browser/actions/notification-manager.js
2026-10-10T01:42:03.9453082Z ##[warning]   23:14  warning  'e' is defined but never used. Allowed unused caught errors must match /^_/u   @typescript-eslint/no-unused-vars
2026-10-10T01:42:03.9454281Z ##[warning]  452:17  warning  'id' is assigned a value but never used. Allowed unused vars must match /^_/u  @typescript-eslint/no-unused-vars
2026-10-10T01:42:03.9454946Z 
2026-10-10T01:42:03.9455349Z /home/runner/work/chainlesschain/chainlesschain/desktop-app-vue/src/main/browser/actions/safe-mode.js
2026-10-10T01:42:03.9456324Z ##[warning]  305:22  warning  'context' is defined but never used. Allowed unused args must match /^_/u  @typescript-eslint/no-unused-vars
2026-10-10T01:42:03.9457510Z ##[warning]  365:45  warning  'context' is defined but never used. Allowed unused args must match /^_/u  @typescript-eslint/no-unused-vars
2026-10-10T01:42:03.9458689Z ##[warning]  416:34  warning  'reject' is defined but never used. Allowed unused args must match /^_/u   @typescript-eslint/no-unused-vars
2026-10-10T01:42:03.9459352Z 
2026-10-10T01:42:03.9459695Z /home/runner/work/chainlesschain/chainlesschain/desktop-app-vue/src/main/browser/actions/screen-analyzer.js
2026-10-10T01:42:03.9460609Z ##[warning]   16:7   warning  'crypto' is assigned a value but never used. Allowed unused vars must match /^_/u  @typescript-eslint/no-unused-vars
2026-10-10T01:42:03.9461853Z ##[warning]  166:36  warning  'options' is defined but never used. Allowed unused args must match /^_/u          @typescript-eslint/no-unused-vars
2026-10-10T01:42:03.9462533Z 
2026-10-10T01:42:03.9462877Z /home/runner/work/chainlesschain/chainlesschain/desktop-app-vue/src/main/browser/actions/screen-recorder.js
2026-10-10T01:42:03.9463802Z ##[warning]  256:11  warning  'recording' is assigned a value but never used. Allowed unused vars must match /^_/u  @typescript-eslint/no-unused-vars
2026-10-10T01:42:03.9465137Z ##[warning]  361:20  warning  'e' is defined but never used. Allowed unused caught errors must match /^_/u          @typescript-eslint/no-unused-vars
2026-10-10T01:42:03.9466396Z ##[warning]  371:14  warning  'error' is defined but never used. Allowed unused caught errors must match /^_/u      @typescript-eslint/no-unused-vars
2026-10-10T01:42:03.9467636Z ##[warning]  394:14  warning  'error' is defined but never used. Allowed unused caught errors must match /^_/u      @typescript-eslint/no-unused-vars
2026-10-10T01:42:03.9468984Z ##[warning]  433:34  warning  'options' is assigned a value but never used. Allowed unused args must match /^_/u    @typescript-eslint/no-unused-vars
2026-10-10T01:42:03.9470243Z ##[warning]  452:16  warning  'e' is defined but never used. Allowed unused caught errors must match /^_/u          @typescript-eslint/no-unused-vars
2026-10-10T01:42:03.9471483Z ##[warning]  484:14  warning  'error' is defined but never used. Allowed unused caught errors must match /^_/u      @typescript-eslint/no-unused-vars
2026-10-10T01:42:03.9472180Z 
2026-10-10T01:42:03.9472568Z /home/runner/work/chainlesschain/chainlesschain/desktop-app-vue/src/main/browser/actions/smart-element-detector.js
2026-10-10T01:42:03.9473576Z ##[warning]  289:15  warning  'ariaLabelledBy' is assigned a value but never used. Allowed unused vars must match /^_/u  @typescript-eslint/no-unused-vars
2026-10-10T01:42:03.9474304Z 
2026-10-10T01:42:03.9474652Z /home/runner/work/chainlesschain/chainlesschain/desktop-app-vue/src/main/browser/actions/template-actions.js
2026-10-10T01:42:03.9475645Z ##[warning]  129:18  warning  'e' is defined but never used. Allowed unused caught errors must match /^_/u      @typescript-eslint/no-unused-vars
2026-10-10T01:42:03.9476898Z ##[warning]  289:18  warning  'error' is defined but never used. Allowed unused caught errors must match /^_/u  @typescript-eslint/no-unused-vars
2026-10-10T01:42:03.9478108Z ##[warning]  626:11  warning  Unexpected aliasing of 'this' to local variable                                   @typescript-eslint/no-this-alias
2026-10-10T01:42:03.9478761Z 
2026-10-10T01:42:03.9479113Z /home/runner/work/chainlesschain/chainlesschain/desktop-app-vue/src/main/browser/actions/vision-action.js
2026-10-10T01:42:03.9479880Z ##[warning]  322:64  warning  Expected { after 'if' condition                                               curly
2026-10-10T01:42:03.9481012Z ##[warning]  455:14  warning  'e' is defined but never used. Allowed unused caught errors must match /^_/u  @typescript-eslint/no-unused-vars
2026-10-10T01:42:03.9482210Z ##[warning]  909:14  warning  'e' is defined but never used. Allowed unused caught errors must match /^_/u  @typescript-eslint/no-unused-vars
2026-10-10T01:42:03.9483564Z ##[warning]  979:16  warning  'e' is defined but never used. Allowed unused caught errors must match /^_/u  @typescript-eslint/no-unused-vars
2026-10-10T01:42:03.9484236Z 
2026-10-10T01:42:03.9484582Z /home/runner/work/chainlesschain/chainlesschain/desktop-app-vue/src/main/browser/actions/workflow-engine.js
2026-10-10T01:42:03.9485308Z ##[warning]  425:26  warning  Expected '===' and instead saw '=='  eqeqeq
2026-10-10T01:42:03.9486103Z ##[warning]  430:26  warning  Expected '!==' and instead saw '!='  eqeqeq
2026-10-10T01:42:03.9486613Z 
2026-10-10T01:42:03.9486950Z /home/runner/work/chainlesschain/chainlesschain/desktop-app-vue/src/main/browser/advanced/iframe-scanner.js
2026-10-10T01:42:03.9487888Z ##[warning]  52:20  warning  'e' is defined but never used. Allowed unused caught errors must match /^_/u  @typescript-eslint/no-unused-vars
2026-10-10T01:42:03.9488637Z 
2026-10-10T01:42:03.9489170Z /home/runner/work/chainlesschain/chainlesschain/desktop-app-vue/src/main/browser/advanced/spa-observer.js
2026-10-10T01:42:03.9490429Z ##[warning]  313:11  warning  'startTime' is assigned a value but never used. Allowed unused vars must match /^_/u     @typescript-eslint/no-unused-vars
2026-10-10T01:42:03.9491747Z ##[warning]  317:38  warning  'reject' is defined but never used. Allowed unused args must match /^_/u                 @typescript-eslint/no-unused-vars
2026-10-10T01:42:03.9493033Z ##[warning]  337:19  warning  'totalElapsed' is assigned a value but never used. Allowed unused vars must match /^_/u  @typescript-eslint/no-unused-vars
2026-10-10T01:42:03.9494321Z ##[warning]  429:14  warning  'error' is defined but never used. Allowed unused caught errors must match /^_/u         @typescript-eslint/no-unused-vars
2026-10-10T01:42:03.9495678Z ##[warning]  456:14  warning  'error' is defined but never used. Allowed unused caught errors must match /^_/u         @typescript-eslint/no-unused-vars
2026-10-10T01:42:03.9496375Z 
2026-10-10T01:42:03.9496880Z /home/runner/work/chainlesschain/chainlesschain/desktop-app-vue/src/main/browser/browser-automation-agent.js
2026-10-10T01:42:03.9497811Z ##[warning]  36:50  warning  'stream' is assigned a value but never used. Allowed unused vars must match /^_/u  @typescript-eslint/no-unused-vars
2026-10-10T01:42:03.9498492Z 
2026-10-10T01:42:03.9498806Z /home/runner/work/chainlesschain/chainlesschain/desktop-app-vue/src/main/browser/browser-engine.js
2026-10-10T01:42:03.9499418Z ##[warning]   88:47  warning  Expected { after 'if' condition  curly
2026-10-10T01:42:03.9500199Z ##[warning]  303:15  warning  Expected { after 'if' condition  curly
2026-10-10T01:42:03.9500965Z ##[warning]  327:29  warning  Expected { after 'if' condition  curly
2026-10-10T01:42:03.9501735Z ##[warning]  369:44  warning  Expected { after 'if' condition  curly
2026-10-10T01:42:03.9502496Z ##[warning]  377:56  warning  Expected { after 'if' condition  curly
2026-10-10T01:42:03.9503263Z ##[warning]  388:37  warning  Expected { after 'if' condition  curly
2026-10-10T01:42:03.9504030Z ##[warning]  485:21  warning  Expected { after 'if' condition  curly
2026-10-10T01:42:03.9504799Z ##[warning]  529:30  warning  Expected { after 'if' condition  curly
2026-10-10T01:42:03.9505669Z ##[warning]  530:26  warning  Expected { after 'if' condition  curly
2026-10-10T01:42:03.9506184Z 
2026-10-10T01:42:03.9506531Z /home/runner/work/chainlesschain/chainlesschain/desktop-app-vue/src/main/browser/browser-ipc-automation.js
2026-10-10T01:42:03.9507412Z ##[warning]  134:29  warning  'event' is defined but never used. Allowed unused args must match /^_/u  @typescript-eslint/no-unused-vars
2026-10-10T01:42:03.9508583Z ##[warning]  240:29  warning  'event' is defined but never used. Allowed unused args must match /^_/u  @typescript-eslint/no-unused-vars
2026-10-10T01:42:03.9509238Z 
2026-10-10T01:42:03.9509591Z /home/runner/work/chainlesschain/chainlesschain/desktop-app-vue/src/main/browser/browser-ipc-computer-use.js
2026-10-10T01:42:03.9510462Z ##[warning]   58:5   warning  Expected { after 'if' condition                                          curly
2026-10-10T01:42:03.9511434Z ##[warning]  250:11  warning  Expected { after 'if' condition                                          curly
2026-10-10T01:42:03.9512409Z ##[warning]  252:33  warning  Expected { after 'if' condition                                          curly
2026-10-10T01:42:03.9513373Z ##[warning]  269:32  warning  Expected { after 'if' condition                                          curly
2026-10-10T01:42:03.9514351Z ##[warning]  272:13  warning  Expected { after 'if' condition                                          curly
2026-10-10T01:42:03.9515425Z ##[warning]  315:13  warning  Expected { after 'if' condition                                          curly
2026-10-10T01:42:03.9516405Z ##[warning]  331:9   warning  Expected { after 'if' condition                                          curly
2026-10-10T01:42:03.9517507Z ##[warning]  859:29  warning  'event' is defined but never used. Allowed unused args must match /^_/u  @typescript-eslint/no-unused-vars
2026-10-10T01:42:03.9518678Z ##[warning]  919:29  warning  'event' is defined but never used. Allowed unused args must match /^_/u  @typescript-eslint/no-unused-vars
2026-10-10T01:42:03.9519834Z ##[warning]  932:29  warning  'event' is defined but never used. Allowed unused args must match /^_/u  @typescript-eslint/no-unused-vars
2026-10-10T01:42:03.9520987Z ##[warning]  945:29  warning  'event' is defined but never used. Allowed unused args must match /^_/u  @typescript-eslint/no-unused-vars
2026-10-10T01:42:03.9522140Z ##[warning]  958:29  warning  'event' is defined but never used. Allowed unused args must match /^_/u  @typescript-eslint/no-unused-vars
2026-10-10T01:42:03.9523288Z ##[warning]  971:29  warning  'event' is defined but never used. Allowed unused args must match /^_/u  @typescript-eslint/no-unused-vars
2026-10-10T01:42:03.9523940Z 
2026-10-10T01:42:03.9524362Z /home/runner/work/chainlesschain/chainlesschain/desktop-app-vue/src/main/browser/browser-ipc-core.js
2026-10-10T01:42:03.9525283Z ##[warning]  46:29  warning  'event' is defined but never used. Allowed unused args must match /^_/u  @typescript-eslint/no-unused-vars
2026-10-10T01:42:03.9526435Z ##[warning]  64:29  warning  'event' is defined but never used. Allowed unused args must match /^_/u  @typescript-eslint/no-unused-vars
2026-10-10T01:42:03.9527115Z 
2026-10-10T01:42:03.9527458Z /home/runner/work/chainlesschain/chainlesschain/desktop-app-vue/src/main/browser/browser-ipc-enhancement.js
2026-10-10T01:42:03.9528406Z ##[warning]  248:29  warning  'event' is defined but never used. Allowed unused args must match /^_/u                        @typescript-eslint/no-unused-vars
2026-10-10T01:42:03.9529799Z ##[warning]  249:15  warning  'getTemplateActions' is assigned a value but never used. Allowed unused vars must match /^_/u  @typescript-eslint/no-unused-vars
2026-10-10T01:42:03.9531132Z ##[warning]  350:29  warning  'event' is defined but never used. Allowed unused args must match /^_/u                        @typescript-eslint/no-unused-vars
2026-10-10T01:42:03.9532401Z ##[warning]  449:29  warning  'event' is defined but never used. Allowed unused args must match /^_/u                        @typescript-eslint/no-unused-vars
2026-10-10T01:42:03.9533660Z ##[warning]  527:29  warning  'event' is defined but never used. Allowed unused args must match /^_/u                        @typescript-eslint/no-unused-vars
2026-10-10T01:42:03.9548289Z ##[warning]  694:29  warning  'event' is defined but never used. Allowed unused args must match /^_/u                        @typescript-eslint/no-unused-vars
2026-10-10T01:42:03.9549617Z ##[warning]  707:29  warning  'event' is defined but never used. Allowed unused args must match /^_/u                        @typescript-eslint/no-unused-vars
2026-10-10T01:42:03.9550878Z ##[warning]  741:29  warning  'event' is defined but never used. Allowed unused args must match /^_/u                        @typescript-eslint/no-unused-vars
2026-10-10T01:42:03.9551870Z 
2026-10-10T01:42:03.9552216Z /home/runner/work/chainlesschain/chainlesschain/desktop-app-vue/src/main/browser/browser-ipc-workflow.js
2026-10-10T01:42:03.9553085Z ##[warning]   54:29  warning  'event' is defined but never used. Allowed unused args must match /^_/u  @typescript-eslint/no-unused-vars
2026-10-10T01:42:03.9554249Z ##[warning]   67:29  warning  'event' is defined but never used. Allowed unused args must match /^_/u  @typescript-eslint/no-unused-vars
2026-10-10T01:42:03.9555477Z ##[warning]   80:29  warning  'event' is defined but never used. Allowed unused args must match /^_/u  @typescript-eslint/no-unused-vars
2026-10-10T01:42:03.9556621Z ##[warning]   93:29  warning  'event' is defined but never used. Allowed unused args must match /^_/u  @typescript-eslint/no-unused-vars
2026-10-10T01:42:03.9557754Z ##[warning]  106:29  warning  'event' is defined but never used. Allowed unused args must match /^_/u  @typescript-eslint/no-unused-vars
2026-10-10T01:42:03.9558889Z ##[warning]  182:29  warning  'event' is defined but never used. Allowed unused args must match /^_/u  @typescript-eslint/no-unused-vars
2026-10-10T01:42:03.9560029Z ##[warning]  225:29  warning  'event' is defined but never used. Allowed unused args must match /^_/u  @typescript-eslint/no-unused-vars
2026-10-10T01:42:03.9561188Z ##[warning]  271:29  warning  'event' is defined but never used. Allowed unused args must match /^_/u  @typescript-eslint/no-unused-vars
2026-10-10T01:42:03.9562331Z ##[warning]  285:29  warning  'event' is defined but never used. Allowed unused args must match /^_/u  @typescript-eslint/no-unused-vars
2026-10-10T01:42:03.9563468Z ##[warning]  299:29  warning  'event' is defined but never used. Allowed unused args must match /^_/u  @typescript-eslint/no-unused-vars
2026-10-10T01:42:03.9564623Z ##[warning]  313:29  warning  'event' is defined but never used. Allowed unused args must match /^_/u  @typescript-eslint/no-unused-vars
2026-10-10T01:42:03.9566025Z ##[warning]  326:29  warning  'event' is defined but never used. Allowed unused args must match /^_/u  @typescript-eslint/no-unused-vars
2026-10-10T01:42:03.9566688Z 
2026-10-10T01:42:03.9566998Z /home/runner/work/chainlesschain/chainlesschain/desktop-app-vue/src/main/browser/browser-ipc.js
2026-10-10T01:42:03.9567875Z ##[warning]   91:14  warning  'error' is defined but never used. Allowed unused caught errors must match /^_/u  @typescript-eslint/no-unused-vars
2026-10-10T01:42:03.9569106Z ##[warning]  237:12  warning  'e' is defined but never used. Allowed unused caught errors must match /^_/u      @typescript-eslint/no-unused-vars
2026-10-10T01:42:03.9570307Z ##[warning]  244:12  warning  'e' is defined but never used. Allowed unused caught errors must match /^_/u      @typescript-eslint/no-unused-vars
2026-10-10T01:42:03.9570972Z 
2026-10-10T01:42:03.9571313Z /home/runner/work/chainlesschain/chainlesschain/desktop-app-vue/src/main/browser/browser-log-redaction.js
2026-10-10T01:42:03.9571931Z ##[warning]   13:52  warning  Expected { after 'if' condition  curly
2026-10-10T01:42:03.9572704Z ##[warning]   14:29  warning  Expected { after 'if' condition  curly
2026-10-10T01:42:03.9573465Z ##[warning]   33:5   warning  Expected { after 'if' condition  curly
2026-10-10T01:42:03.9574208Z ##[warning]   34:28  warning  Expected { after 'if' condition  curly
2026-10-10T01:42:03.9574950Z ##[warning]   35:34  warning  Expected { after 'if' condition  curly
2026-10-10T01:42:03.9575773Z ##[warning]   36:29  warning  Expected { after 'if' condition  curly
2026-10-10T01:42:03.9576514Z ##[warning]   38:5   warning  Expected { after 'if' condition  curly
2026-10-10T01:42:03.9577257Z ##[warning]   43:5   warning  Expected { after 'if' condition  curly
2026-10-10T01:42:03.9578003Z ##[warning]   51:24  warning  Expected { after 'if' condition  curly
2026-10-10T01:42:03.9578752Z ##[warning]   52:19  warning  Expected { after 'if' condition  curly
2026-10-10T01:42:03.9579513Z ##[warning]   55:5   warning  Expected { after 'if' condition  curly
2026-10-10T01:42:03.9580417Z ##[warning]   59:5   warning  Expected { after 'if' condition  curly
2026-10-10T01:42:03.9581170Z ##[warning]   94:34  warning  Expected { after 'if' condition  curly
2026-10-10T01:42:03.9581920Z ##[warning]  107:28  warning  Expected { after 'if' condition  curly
2026-10-10T01:42:03.9582679Z ##[warning]  108:53  warning  Expected { after 'if' condition  curly
2026-10-10T01:42:03.9583428Z ##[warning]  109:34  warning  Expected { after 'if' condition  curly
2026-10-10T01:42:03.9584182Z ##[warning]  110:34  warning  Expected { after 'if' condition  curly
2026-10-10T01:42:03.9584928Z ##[warning]  112:5   warning  Expected { after 'if' condition  curly
2026-10-10T01:42:03.9585753Z ##[warning]  113:29  warning  Expected { after 'if' condition  curly
2026-10-10T01:42:03.9586493Z ##[warning]  115:5   warning  Expected { after 'if' condition  curly
2026-10-10T01:42:03.9587259Z ##[warning]  129:24  warning  Expected { after 'if' condition  curly
2026-10-10T01:42:03.9588004Z ##[warning]  130:19  warning  Expected { after 'if' condition  curly
2026-10-10T01:42:03.9588752Z ##[warning]  143:5   warning  Expected { after 'if' condition  curly
2026-10-10T01:42:03.9589491Z ##[warning]  156:39  warning  Expected { after 'if' condition  curly
2026-10-10T01:42:03.9590235Z ##[warning]  162:5   warning  Expected { after 'if' condition  curly
2026-10-10T01:42:03.9590971Z ##[warning]  166:7   warning  Expected { after 'if' condition  curly
2026-10-10T01:42:03.9591460Z 
2026-10-10T01:42:03.9591792Z /home/runner/work/chainlesschain/chainlesschain/desktop-app-vue/src/main/browser/computer-use-agent.js
2026-10-10T01:42:03.9592765Z ##[warning]  255:22  warning  'screenshotError' is defined but never used. Allowed unused caught errors must match /^_/u  @typescript-eslint/no-unused-vars
2026-10-10T01:42:03.9593481Z 
2026-10-10T01:42:03.9593841Z /home/runner/work/chainlesschain/chainlesschain/desktop-app-vue/src/main/browser/diagnostics/screenshot-diff.js
2026-10-10T01:42:03.9595090Z ##[warning]  47:16  warning  'error' is defined but never used. Allowed unused caught errors must match /^_/u      @typescript-eslint/no-unused-vars
2026-10-10T01:42:03.9596363Z ##[warning]  55:16  warning  'error' is defined but never used. Allowed unused caught errors must match /^_/u      @typescript-eslint/no-unused-vars
2026-10-10T01:42:03.9597617Z ##[warning]  80:13  warning  'startTime' is assigned a value but never used. Allowed unused vars must match /^_/u  @typescript-eslint/no-unused-vars
2026-10-10T01:42:03.9598300Z 
2026-10-10T01:42:03.9598663Z /home/runner/work/chainlesschain/chainlesschain/desktop-app-vue/src/main/browser/diagnostics/smart-diagnostics.js
2026-10-10T01:42:03.9599550Z ##[warning]  212:29  warning  'context' is defined but never used. Allowed unused args must match /^_/u  @typescript-eslint/no-unused-vars
2026-10-10T01:42:03.9600727Z ##[warning]  363:32  warning  'step' is defined but never used. Allowed unused args must match /^_/u     @typescript-eslint/no-unused-vars
2026-10-10T01:42:03.9601887Z ##[warning]  363:38  warning  'error' is defined but never used. Allowed unused args must match /^_/u    @typescript-eslint/no-unused-vars
2026-10-10T01:42:03.9603042Z ##[warning]  398:29  warning  'step' is defined but never used. Allowed unused args must match /^_/u     @typescript-eslint/no-unused-vars
2026-10-10T01:42:03.9604199Z ##[warning]  398:35  warning  'context' is defined but never used. Allowed unused args must match /^_/u  @typescript-eslint/no-unused-vars
2026-10-10T01:42:03.9605424Z ##[warning]  454:35  warning  'context' is defined but never used. Allowed unused args must match /^_/u  @typescript-eslint/no-unused-vars
2026-10-10T01:42:03.9606074Z 
2026-10-10T01:42:03.9606387Z /home/runner/work/chainlesschain/chainlesschain/desktop-app-vue/src/main/browser/element-locator.js
2026-10-10T01:42:03.9607280Z ##[warning]   25:13  warning  'timeout' is assigned a value but never used. Allowed unused vars must match /^_/u  @typescript-eslint/no-unused-vars
2026-10-10T01:42:03.9608503Z ##[warning]   40:18  warning  'e' is defined but never used. Allowed unused caught errors must match /^_/u        @typescript-eslint/no-unused-vars
2026-10-10T01:42:03.9609834Z ##[warning]   53:18  warning  'e' is defined but never used. Allowed unused caught errors must match /^_/u        @typescript-eslint/no-unused-vars
2026-10-10T01:42:03.9611038Z ##[warning]   70:18  warning  'e' is defined but never used. Allowed unused caught errors must match /^_/u        @typescript-eslint/no-unused-vars
2026-10-10T01:42:03.9612260Z ##[warning]   83:18  warning  'e' is defined but never used. Allowed unused caught errors must match /^_/u        @typescript-eslint/no-unused-vars
2026-10-10T01:42:03.9613457Z ##[warning]   96:18  warning  'e' is defined but never used. Allowed unused caught errors must match /^_/u        @typescript-eslint/no-unused-vars
2026-10-10T01:42:03.9614665Z ##[warning]  110:18  warning  'e' is defined but never used. Allowed unused caught errors must match /^_/u        @typescript-eslint/no-unused-vars
2026-10-10T01:42:03.9615964Z ##[warning]  185:14  warning  'error' is defined but never used. Allowed unused caught errors must match /^_/u    @typescript-eslint/no-unused-vars
2026-10-10T01:42:03.9617182Z ##[warning]  222:14  warning  'error' is defined but never used. Allowed unused caught errors must match /^_/u    @typescript-eslint/no-unused-vars
2026-10-10T01:42:03.9617852Z 
2026-10-10T01:42:03.9618175Z /home/runner/work/chainlesschain/chainlesschain/desktop-app-vue/src/main/browser/recording/player.js
2026-10-10T01:42:03.9619101Z ##[warning]  367:43  warning  'timeout' is defined but never used. Allowed unused args must match /^_/u  @typescript-eslint/no-unused-vars
2026-10-10T01:42:03.9619761Z 
2026-10-10T01:42:03.9620083Z /home/runner/work/chainlesschain/chainlesschain/desktop-app-vue/src/main/browser/recording/recorder.js
2026-10-10T01:42:03.9620948Z ##[warning]  390:20  warning  'e' is defined but never used. Allowed unused caught errors must match /^_/u  @typescript-eslint/no-unused-vars
2026-10-10T01:42:03.9621614Z 
2026-10-10T01:42:03.9622065Z /home/runner/work/chainlesschain/chainlesschain/desktop-app-vue/src/main/browser/recording/recording-ipc.js
2026-10-10T01:42:03.9623035Z ##[warning]  15:26  warning  'PlaybackSpeed' is assigned a value but never used. Allowed unused vars must match /^_/u  @typescript-eslint/no-unused-vars
2026-10-10T01:42:03.9623745Z 
2026-10-10T01:42:03.9624060Z /home/runner/work/chainlesschain/chainlesschain/desktop-app-vue/src/main/browser/snapshot-engine.js
2026-10-10T01:42:03.9625003Z ##[warning]  16:7  warning  'ARIA_ROLE_MAP' is assigned a value but never used. Allowed unused vars must match /^_/u      @typescript-eslint/no-unused-vars
2026-10-10T01:42:03.9626443Z ##[warning]  64:7  warning  'INTERACTIVE_TAGS' is assigned a value but never used. Allowed unused vars must match /^_/u   @typescript-eslint/no-unused-vars
2026-10-10T01:42:03.9627757Z ##[warning]  73:7  warning  'INTERACTIVE_ROLES' is assigned a value but never used. Allowed unused vars must match /^_/u  @typescript-eslint/no-unused-vars
2026-10-10T01:42:03.9628456Z 
2026-10-10T01:42:03.9628887Z /home/runner/work/chainlesschain/chainlesschain/desktop-app-vue/src/main/browser/workflow/__tests__/control-flow.test.js
2026-10-10T01:42:03.9629647Z ##[warning]  156:34  warning  Expected { after 'for-of'  curly
2026-10-10T01:42:03.9630147Z 
2026-10-10T01:42:03.9630593Z /home/runner/work/chainlesschain/chainlesschain/desktop-app-vue/src/main/browser/workflow/__tests__/workflow-engine-cancellation.test.js
2026-10-10T01:42:03.9631290Z ##[warning]  109:26  warning  Expected { after 'if' condition  curly
2026-10-10T01:42:03.9631799Z 
2026-10-10T01:42:03.9632183Z /home/runner/work/chainlesschain/chainlesschain/desktop-app-vue/src/main/browser/workflow/browser-workflow-authority.js
2026-10-10T01:42:03.9632822Z ##[warning]  12:48  warning  Expected { after 'if' condition  curly
2026-10-10T01:42:03.9633315Z 
2026-10-10T01:42:03.9633654Z /home/runner/work/chainlesschain/chainlesschain/desktop-app-vue/src/main/browser/workflow/workflow-engine.js
2026-10-10T01:42:03.9634700Z ##[warning]  173:13  warning  'result' is assigned a value but never used. Allowed unused vars must match /^_/u         @typescript-eslint/no-unused-vars
2026-10-10T01:42:03.9636044Z ##[warning]  649:40  warning  'context' is defined but never used. Allowed unused args must match /^_/u                 @typescript-eslint/no-unused-vars
2026-10-10T01:42:03.9637313Z ##[warning]  668:11  warning  'scrollOptions' is assigned a value but never used. Allowed unused vars must match /^_/u  @typescript-eslint/no-unused-vars
2026-10-10T01:42:03.9638569Z ##[warning]  708:42  warning  'context' is defined but never used. Allowed unused args must match /^_/u                 @typescript-eslint/no-unused-vars
2026-10-10T01:42:03.9639794Z ##[warning]  731:40  warning  'context' is defined but never used. Allowed unused args must match /^_/u                 @typescript-eslint/no-unused-vars
2026-10-10T01:42:03.9641021Z ##[warning]  905:31  warning  'error' is defined but never used. Allowed unused args must match /^_/u                   @typescript-eslint/no-unused-vars
2026-10-10T01:42:03.9641686Z 
2026-10-10T01:42:03.9642024Z /home/runner/work/chainlesschain/chainlesschain/desktop-app-vue/src/main/browser/workflow/workflow-ipc.js
2026-10-10T01:42:03.9642941Z ##[warning]   21:3   warning  'condition' is assigned a value but never used. Allowed unused vars must match /^_/u  @typescript-eslint/no-unused-vars
2026-10-10T01:42:03.9644181Z ##[warning]   22:3   warning  'and' is assigned a value but never used. Allowed unused vars must match /^_/u        @typescript-eslint/no-unused-vars
2026-10-10T01:42:03.9645780Z ##[warning]   23:3   warning  'or' is assigned a value but never used. Allowed unused vars must match /^_/u         @typescript-eslint/no-unused-vars
2026-10-10T01:42:03.9647031Z ##[warning]   24:3   warning  'not' is assigned a value but never used. Allowed unused vars must match /^_/u        @typescript-eslint/no-unused-vars
2026-10-10T01:42:03.9648358Z ##[warning]  361:29  warning  'event' is defined but never used. Allowed unused args must match /^_/u               @typescript-eslint/no-unused-vars
2026-10-10T01:42:03.9649046Z 
2026-10-10T01:42:03.9649400Z /home/runner/work/chainlesschain/chainlesschain/desktop-app-vue/src/main/browser/workflow/workflow-storage.js
2026-10-10T01:42:03.9650344Z ##[warning]  628:7  warning  'usageCount' is assigned a value but never used. Allowed unused vars must match /^_/u      @typescript-eslint/no-unused-vars
2026-10-10T01:42:03.9651626Z ##[warning]  629:7  warning  'successCount' is assigned a value but never used. Allowed unused vars must match /^_/u    @typescript-eslint/no-unused-vars
2026-10-10T01:42:03.9652907Z ##[warning]  630:7  warning  'lastExecutedAt' is assigned a value but never used. Allowed unused vars must match /^_/u  @typescript-eslint/no-unused-vars
2026-10-10T01:42:03.9654178Z ##[warning]  631:7  warning  'avgDuration' is assigned a value but never used. Allowed unused vars must match /^_/u     @typescript-eslint/no-unused-vars
2026-10-10T01:42:03.9655570Z ##[warning]  632:7  warning  'createdAt' is assigned a value but never used. Allowed unused vars must match /^_/u       @typescript-eslint/no-unused-vars
2026-10-10T01:42:03.9656839Z ##[warning]  633:7  warning  'updatedAt' is assigned a value but never used. Allowed unused vars must match /^_/u       @typescript-eslint/no-unused-vars
2026-10-10T01:42:03.9657517Z 
2026-10-10T01:42:03.9657855Z /home/runner/work/chainlesschain/chainlesschain/desktop-app-vue/src/main/collab/collab-git-integration.js
2026-10-10T01:42:03.9658843Z ##[warning]  331:14  warning  'error' is defined but never used. Allowed unused caught errors must match /^_/u  @typescript-eslint/no-unused-vars
2026-10-10T01:42:03.9660104Z ##[warning]  360:15  warning  'path' is assigned a value but never used. Allowed unused vars must match /^_/u   @typescript-eslint/no-unused-vars
2026-10-10T01:42:03.9660765Z 
2026-10-10T01:42:03.9661064Z /home/runner/work/chainlesschain/chainlesschain/desktop-app-vue/src/main/collab/collab-ipc.js
2026-10-10T01:42:03.9662058Z ##[warning]  98:13  warning  'room' is assigned a value but never used. Allowed unused vars must match /^_/u  @typescript-eslint/no-unused-vars
2026-10-10T01:42:03.9662724Z 
2026-10-10T01:42:03.9663064Z /home/runner/work/chainlesschain/chainlesschain/desktop-app-vue/src/main/collab/collab-session-manager.js
2026-10-10T01:42:03.9663935Z ##[warning]  666:19  warning  'did' is assigned a value but never used. Allowed unused vars must match /^_/u  @typescript-eslint/no-unused-vars
2026-10-10T01:42:03.9664609Z 
2026-10-10T01:42:03.9664932Z /home/runner/work/chainlesschain/chainlesschain/desktop-app-vue/src/main/collab/webrtc-yjs-provider.js
2026-10-10T01:42:03.9665969Z ##[warning]  16:3  warning  'Y' is assigned a value but never used. Allowed unused vars must match /^_/u                  @typescript-eslint/no-unused-vars
2026-10-10T01:42:03.9667277Z ##[warning]  21:3  warning  'awarenessProtocol' is assigned a value but never used. Allowed unused vars must match /^_/u  @typescript-eslint/no-unused-vars
2026-10-10T01:42:03.9668587Z ##[warning]  26:3  warning  'syncProtocol' is assigned a value but never used. Allowed unused vars must match /^_/u       @typescript-eslint/no-unused-vars
2026-10-10T01:42:03.9669275Z 
2026-10-10T01:42:03.9669589Z /home/runner/work/chainlesschain/chainlesschain/desktop-app-vue/src/main/collab/yjs-crdt-engine.js
2026-10-10T01:42:03.9670485Z ##[warning]   60:11  warning  'comments' is assigned a value but never used. Allowed unused vars must match /^_/u  @typescript-eslint/no-unused-vars
2026-10-10T01:42:03.9671713Z ##[warning]  478:17  warning  'id' is assigned a value but never used. Allowed unused vars must match /^_/u        @typescript-eslint/no-unused-vars
2026-10-10T01:42:03.9672385Z 
2026-10-10T01:42:03.9672745Z /home/runner/work/chainlesschain/chainlesschain/desktop-app-vue/src/main/collaboration/collaboration-manager.js
2026-10-10T01:42:03.9673672Z ##[warning]  123:38  warning  'req' is defined but never used. Allowed unused args must match /^_/u  @typescript-eslint/no-unused-vars
2026-10-10T01:42:03.9674460Z 
2026-10-10T01:42:03.9674856Z /home/runner/work/chainlesschain/chainlesschain/desktop-app-vue/src/main/collaboration/org-knowledge-sync-manager.js
2026-10-10T01:42:03.9675858Z ##[warning]  575:48  warning  'from' is defined but never used. Allowed unused args must match /^_/u                @typescript-eslint/no-unused-vars
2026-10-10T01:42:03.9677071Z ##[warning]  647:48  warning  'from' is defined but never used. Allowed unused args must match /^_/u                @typescript-eslint/no-unused-vars
2026-10-10T01:42:03.9678270Z ##[warning]  704:48  warning  'from' is defined but never used. Allowed unused args must match /^_/u                @typescript-eslint/no-unused-vars
2026-10-10T01:42:03.9679502Z ##[warning]  706:39  warning  'timestamp' is assigned a value but never used. Allowed unused vars must match /^_/u  @typescript-eslint/no-unused-vars
2026-10-10T01:42:03.9680716Z ##[warning]  730:45  warning  'from' is defined but never used. Allowed unused args must match /^_/u                @typescript-eslint/no-unused-vars
2026-10-10T01:42:03.9681912Z ##[warning]  775:42  warning  'from' is defined but never used. Allowed unused args must match /^_/u                @typescript-eslint/no-unused-vars
2026-10-10T01:42:03.9683133Z ##[warning]  953:14  warning  'error' is defined but never used. Allowed unused caught errors must match /^_/u      @typescript-eslint/no-unused-vars
2026-10-10T01:42:03.9684356Z ##[warning]  966:14  warning  'error' is defined but never used. Allowed unused caught errors must match /^_/u      @typescript-eslint/no-unused-vars
2026-10-10T01:42:03.9685104Z 
2026-10-10T01:42:03.9685457Z /home/runner/work/chainlesschain/chainlesschain/desktop-app-vue/src/main/collaboration/yjs-collab-manager.js
2026-10-10T01:42:03.9686364Z ##[warning]  1127:14  warning  'error' is defined but never used. Allowed unused caught errors must match /^_/u  @typescript-eslint/no-unused-vars
2026-10-10T01:42:03.9687592Z ##[warning]  1142:14  warning  'error' is defined but never used. Allowed unused caught errors must match /^_/u  @typescript-eslint/no-unused-vars
2026-10-10T01:42:03.9688396Z 
2026-10-10T01:42:03.9688694Z /home/runner/work/chainlesschain/chainlesschain/desktop-app-vue/src/main/config/app-config.js
2026-10-10T01:42:03.9689609Z ##[warning]  9:10  warning  'err' is defined but never used. Allowed unused caught errors must match /^_/u  @typescript-eslint/no-unused-vars
2026-10-10T01:42:03.9690279Z 
2026-10-10T01:42:03.9690595Z /home/runner/work/chainlesschain/chainlesschain/desktop-app-vue/src/main/config/test-mode-config.js
2026-10-10T01:42:03.9691471Z ##[warning]  7:7  warning  'path' is assigned a value but never used. Allowed unused vars must match /^_/u  @typescript-eslint/no-unused-vars
2026-10-10T01:42:03.9692145Z 
2026-10-10T01:42:03.9692511Z /home/runner/work/chainlesschain/chainlesschain/desktop-app-vue/src/main/context-memory/__tests__/authority.test.js
2026-10-10T01:42:03.9693250Z ##[warning]  19:36  warning  Expected { after 'if' condition  curly
2026-10-10T01:42:03.9694026Z ##[warning]  20:8   warning  Expected { after 'else'          curly
2026-10-10T01:42:03.9694528Z 
2026-10-10T01:42:03.9694853Z /home/runner/work/chainlesschain/chainlesschain/desktop-app-vue/src/main/context-memory/authority.js
2026-10-10T01:42:03.9695658Z ##[warning]  33:33  warning  Expected { after 'if' condition  curly
2026-10-10T01:42:03.9696420Z ##[warning]  87:32  warning  Expected { after 'if' condition  curly
2026-10-10T01:42:03.9696907Z 
2026-10-10T01:42:03.9697286Z /home/runner/work/chainlesschain/chainlesschain/desktop-app-vue/src/main/context-memory/permanent-memory-adapter.js
2026-10-10T01:42:03.9697918Z ##[warning]  215:52  warning  Expected { after 'if' condition  curly
2026-10-10T01:42:03.9698673Z ##[warning]  270:59  warning  Expected { after 'if' condition  curly
2026-10-10T01:42:03.9699418Z ##[warning]  309:52  warning  Expected { after 'if' condition  curly
2026-10-10T01:42:03.9700171Z ##[warning]  311:28  warning  Expected { after 'if' condition  curly
2026-10-10T01:42:03.9700823Z 
2026-10-10T01:42:03.9701169Z /home/runner/work/chainlesschain/chainlesschain/desktop-app-vue/src/main/conversation/conversation-ipc.js
2026-10-10T01:42:03.9702166Z ##[warning]    81:3   warning  'responseCache' is defined but never used. Allowed unused args must match /^_/u       @typescript-eslint/no-unused-vars
2026-10-10T01:42:03.9703451Z ##[warning]  1009:21  warning  'session' is assigned a value but never used. Allowed unused vars must match /^_/u    @typescript-eslint/no-unused-vars
2026-10-10T01:42:03.9704717Z ##[warning]  1015:22  warning  'loadError' is defined but never used. Allowed unused caught errors must match /^_/u  @typescript-eslint/no-unused-vars
2026-10-10T01:42:03.9705944Z ##[warning]  1695:23  warning  Expected { after 'if' condition                                                       curly
2026-10-10T01:42:03.9706545Z 
2026-10-10T01:42:03.9706965Z /home/runner/work/chainlesschain/chainlesschain/desktop-app-vue/src/main/cowork/__tests__/benchmarks/cowork-performance.bench.js
2026-10-10T01:42:03.9708122Z ##[warning]   54:5   warning  'taskManager' is assigned a value but never used. Allowed unused vars must match /^_/u  @typescript-eslint/no-unused-vars
2026-10-10T01:42:03.9709409Z ##[warning]  407:15  warning  'result' is assigned a value but never used. Allowed unused vars must match /^_/u       @typescript-eslint/no-unused-vars
2026-10-10T01:42:03.9710661Z ##[warning]  758:24  warning  'resolve' is defined but never used. Allowed unused args must match /^_/u               @typescript-eslint/no-unused-vars
2026-10-10T01:42:03.9711886Z ##[warning]  763:24  warning  'resolve' is defined but never used. Allowed unused args must match /^_/u               @typescript-eslint/no-unused-vars
2026-10-10T01:42:03.9713104Z ##[warning]  768:24  warning  'resolve' is defined but never used. Allowed unused args must match /^_/u               @typescript-eslint/no-unused-vars
2026-10-10T01:42:03.9714330Z ##[warning]  773:24  warning  'resolve' is defined but never used. Allowed unused args must match /^_/u               @typescript-eslint/no-unused-vars
2026-10-10T01:42:03.9715774Z ##[warning]  778:24  warning  'resolve' is defined but never used. Allowed unused args must match /^_/u               @typescript-eslint/no-unused-vars
2026-10-10T01:42:03.9716998Z ##[warning]  783:24  warning  'resolve' is defined but never used. Allowed unused args must match /^_/u               @typescript-eslint/no-unused-vars
2026-10-10T01:42:03.9717665Z 
2026-10-10T01:42:03.9718068Z /home/runner/work/chainlesschain/chainlesschain/desktop-app-vue/src/main/cowork/integrations/error-monitor-integration.js
2026-10-10T01:42:03.9719067Z ##[warning]  10:9  warning  'logger' is assigned a value but never used. Allowed unused vars must match /^_/u  @typescript-eslint/no-unused-vars
2026-10-10T01:42:03.9719741Z 
2026-10-10T01:42:03.9720095Z /home/runner/work/chainlesschain/chainlesschain/desktop-app-vue/src/main/cowork/integrations/llm-integration.js
2026-10-10T01:42:03.9720998Z ##[warning]  13:9  warning  'logger' is assigned a value but never used. Allowed unused vars must match /^_/u  @typescript-eslint/no-unused-vars
2026-10-10T01:42:03.9721681Z 
2026-10-10T01:42:03.9722032Z /home/runner/work/chainlesschain/chainlesschain/desktop-app-vue/src/main/cowork/integrations/rag-integration.js
2026-10-10T01:42:03.9722935Z ##[warning]  13:9  warning  'logger' is assigned a value but never used. Allowed unused vars must match /^_/u  @typescript-eslint/no-unused-vars
2026-10-10T01:42:03.9724161Z ##[warning]  14:7  warning  'path' is assigned a value but never used. Allowed unused vars must match /^_/u    @typescript-eslint/no-unused-vars
2026-10-10T01:42:03.9724835Z 
2026-10-10T01:42:03.9725322Z /home/runner/work/chainlesschain/chainlesschain/desktop-app-vue/src/main/cowork/integrations/session-integration.js
2026-10-10T01:42:03.9726403Z ##[warning]  10:9  warning  'logger' is assigned a value but never used. Allowed unused vars must match /^_/u  @typescript-eslint/no-unused-vars
2026-10-10T01:42:03.9727089Z 
2026-10-10T01:42:03.9727566Z /home/runner/work/chainlesschain/chainlesschain/desktop-app-vue/src/main/crypto/advanced-crypto-manager.js
2026-10-10T01:42:03.9728573Z ##[warning]  323:17  warning  'token' is assigned a value but never used. Allowed unused vars must match /^_/u  @typescript-eslint/no-unused-vars
2026-10-10T01:42:03.9729260Z 
2026-10-10T01:42:03.9729580Z /home/runner/work/chainlesschain/chainlesschain/desktop-app-vue/src/main/crypto/privacy-computing.js
2026-10-10T01:42:03.9730461Z ##[warning]  90:24  warning  'deps' is assigned a value but never used. Allowed unused args must match /^_/u  @typescript-eslint/no-unused-vars
2026-10-10T01:42:03.9731124Z 
2026-10-10T01:42:03.9731418Z /home/runner/work/chainlesschain/chainlesschain/desktop-app-vue/src/main/crypto/zkp-engine.js
2026-10-10T01:42:03.9732266Z ##[warning]  26:10  warning  'modSub' is defined but never used. Allowed unused vars must match /^_/u         @typescript-eslint/no-unused-vars
2026-10-10T01:42:03.9733466Z ##[warning]  57:24  warning  'deps' is assigned a value but never used. Allowed unused args must match /^_/u  @typescript-eslint/no-unused-vars
2026-10-10T01:42:03.9734140Z 
2026-10-10T01:42:03.9734408Z /home/runner/work/chainlesschain/chainlesschain/desktop-app-vue/src/main/database.js
2026-10-10T01:42:03.9735378Z ##[warning]     6:8   warning  'SqlSecurity' is defined but never used. Allowed unused vars must match /^_/u       @typescript-eslint/no-unused-vars
2026-10-10T01:42:03.9736617Z ##[warning]   521:11  warning  Unexpected aliasing of 'this' to local variable                                     @typescript-eslint/no-this-alias
2026-10-10T01:42:03.9737714Z ##[warning]   747:28  warning  Expected { after 'if' condition                                                     curly
2026-10-10T01:42:03.9738737Z ##[warning]   754:29  warning  Expected { after 'if' condition                                                     curly
2026-10-10T01:42:03.9739894Z ##[warning]  1079:44  warning  'color' is assigned a value but never used. Allowed unused args must match /^_/u    @typescript-eslint/no-unused-vars
2026-10-10T01:42:03.9741263Z ##[warning]  1832:52  warning  'types' is assigned a value but never used. Allowed unused args must match /^_/u    @typescript-eslint/no-unused-vars
2026-10-10T01:42:03.9742512Z ##[warning]  1844:41  warning  'options' is assigned a value but never used. Allowed unused args must match /^_/u  @typescript-eslint/no-unused-vars
2026-10-10T01:42:03.9743739Z ##[warning]  1921:48  warning  'options' is assigned a value but never used. Allowed unused args must match /^_/u  @typescript-eslint/no-unused-vars
2026-10-10T01:42:03.9744998Z ##[warning]  2078:45  warning  'options' is assigned a value but never used. Allowed unused args must match /^_/u  @typescript-eslint/no-unused-vars
2026-10-10T01:42:03.9746310Z ##[warning]  2147:8   warning  'options' is assigned a value but never used. Allowed unused args must match /^_/u  @typescript-eslint/no-unused-vars
2026-10-10T01:42:03.9747533Z ##[warning]  2190:43  warning  'options' is assigned a value but never used. Allowed unused args must match /^_/u  @typescript-eslint/no-unused-vars
2026-10-10T01:42:03.9748210Z 
2026-10-10T01:42:03.9748558Z /home/runner/work/chainlesschain/chainlesschain/desktop-app-vue/src/main/database/better-sqlite-adapter.js
2026-10-10T01:42:03.9749570Z ##[warning]   6:17  warning  'createLogger' is assigned a value but never used. Allowed unused vars must match /^_/u  @typescript-eslint/no-unused-vars
2026-10-10T01:42:03.9750847Z ##[warning]  15:10  warning  'e' is defined but never used. Allowed unused caught errors must match /^_/u             @typescript-eslint/no-unused-vars
2026-10-10T01:42:03.9752103Z ##[warning]  97:16  warning  'db' is defined but never used. Allowed unused args must match /^_/u                     @typescript-eslint/no-unused-vars
2026-10-10T01:42:03.9752766Z 
2026-10-10T01:42:03.9753095Z /home/runner/work/chainlesschain/chainlesschain/desktop-app-vue/src/main/database/database-adapter.js
2026-10-10T01:42:03.9754109Z ##[warning]  273:14  warning  'err' is defined but never used. Allowed unused caught errors must match /^_/u    @typescript-eslint/no-unused-vars
2026-10-10T01:42:03.9755437Z ##[warning]  428:16  warning  'error' is defined but never used. Allowed unused caught errors must match /^_/u  @typescript-eslint/no-unused-vars
2026-10-10T01:42:03.9756118Z 
2026-10-10T01:42:03.9756439Z /home/runner/work/chainlesschain/chainlesschain/desktop-app-vue/src/main/database/database-graph.js
2026-10-10T01:42:03.9757291Z ##[warning]  382:39  warning  'logger' is defined but never used. Allowed unused args must match /^_/u  @typescript-eslint/no-unused-vars
2026-10-10T01:42:03.9757940Z 
2026-10-10T01:42:03.9758268Z /home/runner/work/chainlesschain/chainlesschain/desktop-app-vue/src/main/database/database-knowledge.js
2026-10-10T01:42:03.9758799Z ##[warning]  241:32  warning  'logger' is defined but never used. Allowed unused args must match /^_/u  @typescript-eslint/no-unused-vars
2026-10-10T01:42:03.9759617Z ##[warning]  290:35  warning  'logger' is defined but never used. Allowed unused args must match /^_/u  @typescript-eslint/no-unused-vars
2026-10-10T01:42:03.9759926Z 
2026-10-10T01:42:03.9760253Z /home/runner/work/chainlesschain/chainlesschain/desktop-app-vue/src/main/database/database-migration.js
2026-10-10T01:42:03.9760812Z ##[warning]  16:10  warning  'err' is defined but never used. Allowed unused caught errors must match /^_/u  @typescript-eslint/no-unused-vars
2026-10-10T01:42:03.9761121Z 
2026-10-10T01:42:03.9761444Z /home/runner/work/chainlesschain/chainlesschain/desktop-app-vue/src/main/database/database-settings.js
2026-10-10T01:42:03.9761970Z ##[warning]   12:41  warning  'logger' is defined but never used. Allowed unused args must match /^_/u  @typescript-eslint/no-unused-vars
2026-10-10T01:42:03.9762783Z ##[warning]  426:36  warning  'logger' is defined but never used. Allowed unused args must match /^_/u  @typescript-eslint/no-unused-vars
2026-10-10T01:42:03.9763597Z ##[warning]  519:35  warning  'logger' is defined but never used. Allowed unused args must match /^_/u  @typescript-eslint/no-unused-vars
2026-10-10T01:42:03.9764006Z 
2026-10-10T01:42:03.9764306Z /home/runner/work/chainlesschain/chainlesschain/desktop-app-vue/src/main/database/key-manager.js
2026-10-10T01:42:03.9764851Z ##[warning]  18:10  warning  'e' is defined but never used. Allowed unused caught errors must match /^_/u  @typescript-eslint/no-unused-vars
2026-10-10T01:42:03.9765235Z 
2026-10-10T01:42:03.9765541Z /home/runner/work/chainlesschain/chainlesschain/desktop-app-vue/src/main/database/sql-security.js
2026-10-10T01:42:03.9766112Z ##[warning]  304:16  warning  'error' is defined but never used. Allowed unused caught errors must match /^_/u  @typescript-eslint/no-unused-vars
2026-10-10T01:42:03.9766422Z 
2026-10-10T01:42:03.9766744Z /home/runner/work/chainlesschain/chainlesschain/desktop-app-vue/src/main/database/sqlcipher-wrapper.js
2026-10-10T01:42:03.9767311Z ##[warning]  278:16  warning  'error' is defined but never used. Allowed unused caught errors must match /^_/u  @typescript-eslint/no-unused-vars
2026-10-10T01:42:03.9767622Z 
2026-10-10T01:42:03.9767910Z /home/runner/work/chainlesschain/chainlesschain/desktop-app-vue/src/main/did/did-manager.js
2026-10-10T01:42:03.9768553Z ##[warning]    11:13  warning  'uuidv4' is assigned a value but never used. Allowed unused vars must match /^_/u  @typescript-eslint/no-unused-vars
2026-10-10T01:42:03.9769426Z ##[warning]   748:15  warning  'proof' is assigned a value but never used. Allowed unused vars must match /^_/u   @typescript-eslint/no-unused-vars
2026-10-10T01:42:03.9770283Z ##[warning]  1085:14  warning  'error' is defined but never used. Allowed unused caught errors must match /^_/u   @typescript-eslint/no-unused-vars
2026-10-10T01:42:03.9771146Z ##[warning]  1384:14  warning  'error' is defined but never used. Allowed unused caught errors must match /^_/u   @typescript-eslint/no-unused-vars
2026-10-10T01:42:03.9771465Z 
2026-10-10T01:42:03.9771859Z /home/runner/work/chainlesschain/chainlesschain/desktop-app-vue/src/main/did/did-v2-manager.js
2026-10-10T01:42:03.9772432Z ##[warning]  19:24  warning  'deps' is assigned a value but never used. Allowed unused args must match /^_/u  @typescript-eslint/no-unused-vars
2026-10-10T01:42:03.9772747Z 
2026-10-10T01:42:03.9773043Z /home/runner/work/chainlesschain/chainlesschain/desktop-app-vue/src/main/engines/code-engine.js
2026-10-10T01:42:03.9773725Z ##[warning]   178:11  warning  'langInfo' is assigned a value but never used. Allowed unused vars must match /^_/u        @typescript-eslint/no-unused-vars
2026-10-10T01:42:03.9774639Z ##[warning]   237:39  warning  'options' is assigned a value but never used. Allowed unused args must match /^_/u         @typescript-eslint/no-unused-vars
2026-10-10T01:42:03.9775617Z ##[warning]   291:7   warning  'detailed' is assigned a value but never used. Allowed unused vars must match /^_/u        @typescript-eslint/no-unused-vars
2026-10-10T01:42:03.9776511Z ##[warning]   716:41  warning  'features' is assigned a value but never used. Allowed unused vars must match /^_/u        @typescript-eslint/no-unused-vars
2026-10-10T01:42:03.9777425Z ##[warning]  1614:11  warning  'conversionDesc' is assigned a value but never used. Allowed unused vars must match /^_/u  @typescript-eslint/no-unused-vars
2026-10-10T01:42:03.9777729Z 
2026-10-10T01:42:03.9778041Z /home/runner/work/chainlesschain/chainlesschain/desktop-app-vue/src/main/engines/code-executor.js
2026-10-10T01:42:03.9778615Z ##[warning]  143:16  warning  'error' is defined but never used. Allowed unused caught errors must match /^_/u  @typescript-eslint/no-unused-vars
2026-10-10T01:42:03.9778926Z 
2026-10-10T01:42:03.9779225Z /home/runner/work/chainlesschain/chainlesschain/desktop-app-vue/src/main/engines/data-engine.js
2026-10-10T01:42:03.9779766Z ##[warning]  15:10  warning  'e' is defined but never used. Allowed unused caught errors must match /^_/u  @typescript-eslint/no-unused-vars
2026-10-10T01:42:03.9780075Z 
2026-10-10T01:42:03.9780398Z /home/runner/work/chainlesschain/chainlesschain/desktop-app-vue/src/main/engines/data-viz-engine.js
2026-10-10T01:42:03.9781066Z ##[warning]    9:7   warning  'path' is assigned a value but never used. Allowed unused vars must match /^_/u  @typescript-eslint/no-unused-vars
2026-10-10T01:42:03.9781910Z ##[warning]  149:56  warning  'index' is defined but never used. Allowed unused args must match /^_/u          @typescript-eslint/no-unused-vars
2026-10-10T01:42:03.9782224Z 
2026-10-10T01:42:03.9782544Z /home/runner/work/chainlesschain/chainlesschain/desktop-app-vue/src/main/engines/document-engine.js
2026-10-10T01:42:03.9783164Z ##[warning]   390:20  warning  'author' is assigned a value but never used. Allowed unused vars must match /^_/u          @typescript-eslint/no-unused-vars
2026-10-10T01:42:03.9784061Z ##[warning]   390:28  warning  'date' is assigned a value but never used. Allowed unused vars must match /^_/u            @typescript-eslint/no-unused-vars
2026-10-10T01:42:03.9784967Z ##[warning]   390:34  warning  'content' is assigned a value but never used. Allowed unused vars must match /^_/u         @typescript-eslint/no-unused-vars
2026-10-10T01:42:03.9785985Z ##[warning]   777:16  warning  'puppeteerError' is defined but never used. Allowed unused caught errors must match /^_/u  @typescript-eslint/no-unused-vars
2026-10-10T01:42:03.9786897Z ##[warning]   798:16  warning  'unlinkError' is defined but never used. Allowed unused caught errors must match /^_/u     @typescript-eslint/no-unused-vars
2026-10-10T01:42:03.9787831Z ##[warning]   899:16  warning  'pandocError' is defined but never used. Allowed unused caught errors must match /^_/u     @typescript-eslint/no-unused-vars
2026-10-10T01:42:03.9788758Z ##[warning]   915:18  warning  'docxError' is defined but never used. Allowed unused caught errors must match /^_/u       @typescript-eslint/no-unused-vars
2026-10-10T01:42:03.9789666Z ##[warning]  1108:11  warning  'remaining' is assigned a value but never used. Allowed unused vars must match /^_/u       @typescript-eslint/no-unused-vars
2026-10-10T01:42:03.9790652Z ##[warning]  1210:11  warning  'action' is never reassigned. Use 'const' instead                                          prefer-const
2026-10-10T01:42:03.9791506Z ##[warning]  1210:19  warning  'description' is never reassigned. Use 'const' instead                                     prefer-const
2026-10-10T01:42:03.9792348Z ##[warning]  1210:32  warning  'outputFiles' is never reassigned. Use 'const' instead                                     prefer-const
2026-10-10T01:42:03.9793178Z ##[warning]  1210:58  warning  'llmManager' is never reassigned. Use 'const' instead                                      prefer-const
2026-10-10T01:42:03.9794096Z ##[warning]  1233:14  warning  'error' is defined but never used. Allowed unused caught errors must match /^_/u           @typescript-eslint/no-unused-vars
2026-10-10T01:42:03.9795087Z ##[warning]  1439:24  warning  'parseError' is defined but never used. Allowed unused caught errors must match /^_/u      @typescript-eslint/no-unused-vars
2026-10-10T01:42:03.9795406Z 
2026-10-10T01:42:03.9795723Z /home/runner/work/chainlesschain/chainlesschain/desktop-app-vue/src/main/engines/excel-engine.js
2026-10-10T01:42:03.9796316Z ##[warning]   38:11  warning  Move function declaration to function body root                                                  no-inner-declarations
2026-10-10T01:42:03.9797339Z ##[warning]   38:20  warning  'assertGovernedDocumentIngress' is defined but never used. Allowed unused vars must match /^_/u  @typescript-eslint/no-unused-vars
2026-10-10T01:42:03.9798291Z ##[warning]  899:24  warning  'e' is defined but never used. Allowed unused caught errors must match /^_/u                     @typescript-eslint/no-unused-vars
2026-10-10T01:42:03.9798609Z 
2026-10-10T01:42:03.9798924Z /home/runner/work/chainlesschain/chainlesschain/desktop-app-vue/src/main/engines/image-engine.js
2026-10-10T01:42:03.9799515Z ##[warning]  159:7   warning  'style' is assigned a value but never used. Allowed unused vars must match /^_/u     @typescript-eslint/no-unused-vars
2026-10-10T01:42:03.9800517Z ##[warning]  356:5   warning  'options' is assigned a value but never used. Allowed unused args must match /^_/u   @typescript-eslint/no-unused-vars
2026-10-10T01:42:03.9801394Z ##[warning]  369:13  warning  'metadata' is assigned a value but never used. Allowed unused vars must match /^_/u  @typescript-eslint/no-unused-vars
2026-10-10T01:42:03.9802270Z ##[warning]  473:7   warning  'contrast' is assigned a value but never used. Allowed unused vars must match /^_/u  @typescript-eslint/no-unused-vars
2026-10-10T01:42:03.9802582Z 
2026-10-10T01:42:03.9802879Z /home/runner/work/chainlesschain/chainlesschain/desktop-app-vue/src/main/engines/pdf-engine.js
2026-10-10T01:42:03.9803457Z ##[warning]   68:12  warning  'error' is defined but never used. Allowed unused caught errors must match /^_/u  @typescript-eslint/no-unused-vars
2026-10-10T01:42:03.9804325Z ##[warning]  659:24  warning  'e' is defined but never used. Allowed unused caught errors must match /^_/u      @typescript-eslint/no-unused-vars
2026-10-10T01:42:03.9804646Z 
2026-10-10T01:42:03.9804937Z /home/runner/work/chainlesschain/chainlesschain/desktop-app-vue/src/main/engines/ppt-engine.js
2026-10-10T01:42:03.9805830Z ##[warning]   18:7   warning  'fs' is assigned a value but never used. Allowed unused vars must match /^_/u          @typescript-eslint/no-unused-vars
2026-10-10T01:42:03.9806747Z ##[warning]   68:7   warning  'llmManager' is assigned a value but never used. Allowed unused vars must match /^_/u  @typescript-eslint/no-unused-vars
2026-10-10T01:42:03.9807629Z ##[warning]  590:24  warning  'e' is defined but never used. Allowed unused caught errors must match /^_/u           @typescript-eslint/no-unused-vars
2026-10-10T01:42:03.9807946Z 
2026-10-10T01:42:03.9808248Z /home/runner/work/chainlesschain/chainlesschain/desktop-app-vue/src/main/engines/video-engine.js
2026-10-10T01:42:03.9809000Z ##[warning]   433:13  warning  'transition' is assigned a value but never used. Allowed unused vars must match /^_/u           @typescript-eslint/no-unused-vars
2026-10-10T01:42:03.9809930Z ##[warning]   516:7   warning  'position' is assigned a value but never used. Allowed unused vars must match /^_/u             @typescript-eslint/no-unused-vars
2026-10-10T01:42:03.9810844Z ##[warning]   801:34  warning  'audioPath' is defined but never used. Allowed unused args must match /^_/u                     @typescript-eslint/no-unused-vars
2026-10-10T01:42:03.9811753Z ##[warning]   801:45  warning  'language' is defined but never used. Allowed unused args must match /^_/u                      @typescript-eslint/no-unused-vars
2026-10-10T01:42:03.9812702Z ##[warning]  1094:13  warning  'removeOriginalAudio' is assigned a value but never used. Allowed unused vars must match /^_/u  @typescript-eslint/no-unused-vars
2026-10-10T01:42:03.9813010Z 
2026-10-10T01:42:03.9813306Z /home/runner/work/chainlesschain/chainlesschain/desktop-app-vue/src/main/engines/web-engine.js
2026-10-10T01:42:03.9813863Z ##[warning]  287:45  warning  'content' is defined but never used. Allowed unused args must match /^_/u  @typescript-eslint/no-unused-vars
2026-10-10T01:42:03.9814695Z ##[warning]  357:45  warning  'content' is defined but never used. Allowed unused args must match /^_/u  @typescript-eslint/no-unused-vars
2026-10-10T01:42:03.9815626Z ##[warning]  423:43  warning  'content' is defined but never used. Allowed unused args must match /^_/u  @typescript-eslint/no-unused-vars
2026-10-10T01:42:03.9816441Z ##[warning]  531:39  warning  'content' is defined but never used. Allowed unused args must match /^_/u  @typescript-eslint/no-unused-vars
2026-10-10T01:42:03.9816753Z 
2026-10-10T01:42:03.9817053Z /home/runner/work/chainlesschain/chainlesschain/desktop-app-vue/src/main/engines/word-engine.js
2026-10-10T01:42:03.9817633Z ##[warning]  126:39  warning  'styles' is assigned a value but never used. Allowed unused vars must match /^_/u  @typescript-eslint/no-unused-vars
2026-10-10T01:42:03.9818501Z ##[warning]  365:14  warning  'error' is defined but never used. Allowed unused caught errors must match /^_/u   @typescript-eslint/no-unused-vars
2026-10-10T01:42:03.9819470Z ##[warning]  441:19  warning  'filePath' is defined but never used. Allowed unused args must match /^_/u         @typescript-eslint/no-unused-vars
2026-10-10T01:42:03.9820338Z ##[warning]  441:29  warning  'outputPath' is defined but never used. Allowed unused args must match /^_/u       @typescript-eslint/no-unused-vars
2026-10-10T01:42:03.9821195Z ##[warning]  836:24  warning  'e' is defined but never used. Allowed unused caught errors must match /^_/u       @typescript-eslint/no-unused-vars
2026-10-10T01:42:03.9821505Z 
2026-10-10T01:42:03.9821889Z /home/runner/work/chainlesschain/chainlesschain/desktop-app-vue/src/main/enterprise/automation/automation-engine.js
2026-10-10T01:42:03.9822593Z ##[warning]   20:24  warning  'deps' is assigned a value but never used. Allowed unused args must match /^_/u       @typescript-eslint/no-unused-vars
2026-10-10T01:42:03.9823496Z ##[warning]  319:20  warning  'testInput' is assigned a value but never used. Allowed unused args must match /^_/u  @typescript-eslint/no-unused-vars
2026-10-10T01:42:03.9823803Z 
2026-10-10T01:42:03.9824247Z /home/runner/work/chainlesschain/chainlesschain/desktop-app-vue/src/main/enterprise/low-code/__tests__/rest-connection-probe.test.js
2026-10-10T01:42:03.9824659Z ##[warning]  24:41  warning  Expected { after 'for-of'  curly
2026-10-10T01:42:03.9824965Z 
2026-10-10T01:42:03.9825411Z /home/runner/work/chainlesschain/chainlesschain/desktop-app-vue/src/main/enterprise/low-code/app-builder.js
2026-10-10T01:42:03.9826015Z ##[warning]   20:24  warning  'deps' is assigned a value but never used. Allowed unused args must match /^_/u   @typescript-eslint/no-unused-vars
2026-10-10T01:42:03.9826909Z ##[warning]  327:14  warning  'error' is defined but never used. Allowed unused caught errors must match /^_/u  @typescript-eslint/no-unused-vars
2026-10-10T01:42:03.9827222Z 
2026-10-10T01:42:03.9827677Z /home/runner/work/chainlesschain/chainlesschain/desktop-app-vue/src/main/enterprise/low-code/low-code-ipc.js
2026-10-10T01:42:03.9828249Z ##[warning]  121:14  warning  'err' is defined but never used. Allowed unused caught errors must match /^_/u  @typescript-eslint/no-unused-vars
2026-10-10T01:42:03.9828601Z 
2026-10-10T01:42:03.9828987Z /home/runner/work/chainlesschain/chainlesschain/desktop-app-vue/src/main/enterprise/low-code/rest-connection-probe.js
2026-10-10T01:42:03.9829336Z ##[warning]  26:5   warning  Expected { after 'if' condition                   curly
2026-10-10T01:42:03.9829960Z ##[warning]  28:5   warning  Expected { after 'if' condition                   curly
2026-10-10T01:42:03.9830577Z ##[warning]  40:5   warning  Expected { after 'if' condition                   curly
2026-10-10T01:42:03.9831191Z ##[warning]  59:5   warning  Expected { after 'if' condition                   curly
2026-10-10T01:42:03.9831803Z ##[warning]  66:5   warning  Expected { after 'if' condition                   curly
2026-10-10T01:42:03.9832481Z ##[warning]  72:9   warning  'timer' is never reassigned. Use 'const' instead  prefer-const
2026-10-10T01:42:03.9833106Z ##[warning]  74:21  warning  Expected { after 'if' condition                   curly
2026-10-10T01:42:03.9833414Z 
2026-10-10T01:42:03.9833759Z /home/runner/work/chainlesschain/chainlesschain/desktop-app-vue/src/main/enterprise/saas/tenant-manager.js
2026-10-10T01:42:03.9834405Z ##[warning]   18:24  warning  'deps' is assigned a value but never used. Allowed unused args must match /^_/u  @typescript-eslint/no-unused-vars
2026-10-10T01:42:03.9835341Z ##[warning]  245:24  warning  'data' is defined but never used. Allowed unused args must match /^_/u           @typescript-eslint/no-unused-vars
2026-10-10T01:42:03.9835658Z 
2026-10-10T01:42:03.9835976Z /home/runner/work/chainlesschain/chainlesschain/desktop-app-vue/src/main/enterprise/scim-server.js
2026-10-10T01:42:03.9836264Z ##[warning]  24:34  warning  Expected { after 'if' condition  curly
2026-10-10T01:42:03.9836573Z 
2026-10-10T01:42:03.9837123Z /home/runner/work/chainlesschain/chainlesschain/desktop-app-vue/src/main/evolution/__tests__/desktop-browser-download-action.test.js
2026-10-10T01:42:03.9837535Z ##[warning]   13:52  warning  Expected { after 'if' condition  curly
2026-10-10T01:42:03.9838127Z ##[warning]   14:29  warning  Expected { after 'if' condition  curly
2026-10-10T01:42:03.9838693Z ##[warning]  107:30  warning  Expected { after 'if' condition  curly
2026-10-10T01:42:03.9839005Z 
2026-10-10T01:42:03.9839493Z /home/runner/work/chainlesschain/chainlesschain/desktop-app-vue/src/main/evolution/__tests__/desktop-browser-download-artifact-disposal.test.js
2026-10-10T01:42:03.9839784Z ##[warning]  11:52  warning  Expected { after 'if' condition  curly
2026-10-10T01:42:03.9840369Z ##[warning]  12:29  warning  Expected { after 'if' condition  curly
2026-10-10T01:42:03.9840937Z ##[warning]  83:32  warning  Expected { after 'if' condition  curly
2026-10-10T01:42:03.9841247Z 
2026-10-10T01:42:03.9841685Z /home/runner/work/chainlesschain/chainlesschain/desktop-app-vue/src/main/evolution/__tests__/desktop-browser-keyboard-action.test.js
2026-10-10T01:42:03.9841957Z ##[warning]  12:52  warning  Expected { after 'if' condition  curly
2026-10-10T01:42:03.9842518Z ##[warning]  13:29  warning  Expected { after 'if' condition  curly
2026-10-10T01:42:03.9843079Z ##[warning]  71:30  warning  Expected { after 'if' condition  curly
2026-10-10T01:42:03.9843395Z 
2026-10-10T01:42:03.9843837Z /home/runner/work/chainlesschain/chainlesschain/desktop-app-vue/src/main/evolution/__tests__/desktop-browser-navigation-action.test.js
2026-10-10T01:42:03.9844108Z ##[warning]  14:52  warning  Expected { after 'if' condition  curly
2026-10-10T01:42:03.9844678Z ##[warning]  15:29  warning  Expected { after 'if' condition  curly
2026-10-10T01:42:03.9845328Z ##[warning]  88:30  warning  Expected { after 'if' condition  curly
2026-10-10T01:42:03.9845637Z 
2026-10-10T01:42:03.9846226Z /home/runner/work/chainlesschain/chainlesschain/desktop-app-vue/src/main/evolution/__tests__/desktop-browser-quarantine-lock-maintenance.test.js
2026-10-10T01:42:03.9846504Z ##[warning]   28:52  warning  Expected { after 'if' condition  curly
2026-10-10T01:42:03.9847076Z ##[warning]   29:29  warning  Expected { after 'if' condition  curly
2026-10-10T01:42:03.9847638Z ##[warning]   60:13  warning  Expected { after 'if' condition  curly
2026-10-10T01:42:03.9848213Z ##[warning]  115:30  warning  Expected { after 'if' condition  curly
2026-10-10T01:42:03.9848783Z ##[warning]  308:11  warning  Expected { after 'if' condition  curly
2026-10-10T01:42:03.9849085Z 
2026-10-10T01:42:03.9849588Z /home/runner/work/chainlesschain/chainlesschain/desktop-app-vue/src/main/evolution/__tests__/desktop-browser-quarantine-operator-revocation.test.js
2026-10-10T01:42:03.9849867Z ##[warning]   21:52  warning  Expected { after 'if' condition  curly
2026-10-10T01:42:03.9850437Z ##[warning]   22:29  warning  Expected { after 'if' condition  curly
2026-10-10T01:42:03.9850991Z ##[warning]   57:13  warning  Expected { after 'if' condition  curly
2026-10-10T01:42:03.9851560Z ##[warning]  109:30  warning  Expected { after 'if' condition  curly
2026-10-10T01:42:03.9865634Z ##[warning]  318:11  warning  Expected { after 'if' condition  curly
2026-10-10T01:42:03.9866050Z 
2026-10-10T01:42:03.9866518Z /home/runner/work/chainlesschain/chainlesschain/desktop-app-vue/src/main/evolution/__tests__/desktop-browser-tab-open-action.test.js
2026-10-10T01:42:03.9866844Z ##[warning]  12:52  warning  Expected { after 'if' condition  curly
2026-10-10T01:42:03.9867460Z ##[warning]  13:29  warning  Expected { after 'if' condition  curly
2026-10-10T01:42:03.9868031Z ##[warning]  76:30  warning  Expected { after 'if' condition  curly
2026-10-10T01:42:03.9868339Z 
2026-10-10T01:42:03.9868779Z /home/runner/work/chainlesschain/chainlesschain/desktop-app-vue/src/main/evolution/__tests__/desktop-browser-vision-action.test.js
2026-10-10T01:42:03.9869058Z ##[warning]   21:52  warning  Expected { after 'if' condition  curly
2026-10-10T01:42:03.9869646Z ##[warning]   22:29  warning  Expected { after 'if' condition  curly
2026-10-10T01:42:03.9870368Z ##[warning]   43:30  warning  Expected { after 'if' condition  curly
2026-10-10T01:42:03.9870942Z ##[warning]  110:30  warning  Expected { after 'if' condition  curly
2026-10-10T01:42:03.9871247Z 
2026-10-10T01:42:03.9871698Z /home/runner/work/chainlesschain/chainlesschain/desktop-app-vue/src/main/evolution/__tests__/desktop-browser-vision-observation.test.js
2026-10-10T01:42:03.9871977Z ##[warning]  37:30  warning  Expected { after 'if' condition  curly
2026-10-10T01:42:03.9872278Z 
2026-10-10T01:42:03.9872698Z /home/runner/work/chainlesschain/chainlesschain/desktop-app-vue/src/main/evolution/__tests__/desktop-evolution-deployment.test.js
2026-10-10T01:42:03.9872976Z ##[warning]    83:52  warning  Expected { after 'if' condition  curly
2026-10-10T01:42:03.9873536Z ##[warning]    84:29  warning  Expected { after 'if' condition  curly
2026-10-10T01:42:03.9874092Z ##[warning]   386:32  warning  Expected { after 'if' condition  curly
2026-10-10T01:42:03.9874664Z ##[warning]   435:11  warning  Expected { after 'if' condition  curly
2026-10-10T01:42:03.9875311Z ##[warning]   486:38  warning  Expected { after 'if' condition  curly
2026-10-10T01:42:03.9875867Z ##[warning]   574:32  warning  Expected { after 'if' condition  curly
2026-10-10T01:42:03.9876435Z ##[warning]   643:32  warning  Expected { after 'if' condition  curly
2026-10-10T01:42:03.9876989Z ##[warning]   698:32  warning  Expected { after 'if' condition  curly
2026-10-10T01:42:03.9877542Z ##[warning]   770:32  warning  Expected { after 'if' condition  curly
2026-10-10T01:42:03.9878099Z ##[warning]   849:32  warning  Expected { after 'if' condition  curly
2026-10-10T01:42:03.9878655Z ##[warning]   923:32  warning  Expected { after 'if' condition  curly
2026-10-10T01:42:03.9879208Z ##[warning]   971:32  warning  Expected { after 'if' condition  curly
2026-10-10T01:42:03.9879768Z ##[warning]  1003:32  warning  Expected { after 'if' condition  curly
2026-10-10T01:42:03.9880463Z ##[warning]  1029:32  warning  Expected { after 'if' condition  curly
2026-10-10T01:42:03.9881026Z ##[warning]  1071:38  warning  Expected { after 'if' condition  curly
2026-10-10T01:42:03.9881593Z ##[warning]  1097:32  warning  Expected { after 'if' condition  curly
2026-10-10T01:42:03.9882148Z ##[warning]  1185:38  warning  Expected { after 'if' condition  curly
2026-10-10T01:42:03.9882704Z ##[warning]  1213:34  warning  Expected { after 'if' condition  curly
2026-10-10T01:42:03.9883258Z ##[warning]  1444:39  warning  Expected { after 'if' condition  curly
2026-10-10T01:42:03.9883817Z ##[warning]  1949:39  warning  Expected { after 'if' condition  curly
2026-10-10T01:42:03.9884371Z ##[warning]  2222:43  warning  Expected { after 'if' condition  curly
2026-10-10T01:42:03.9884918Z ##[warning]  2387:35  warning  Expected { after 'if' condition  curly
2026-10-10T01:42:03.9885559Z ##[warning]  2564:39  warning  Expected { after 'if' condition  curly
2026-10-10T01:42:03.9886115Z ##[warning]  3069:43  warning  Expected { after 'if' condition  curly
2026-10-10T01:42:03.9886421Z 
2026-10-10T01:42:03.9886869Z /home/runner/work/chainlesschain/chainlesschain/desktop-app-vue/src/main/evolution/__tests__/desktop-pm-exploration-readiness.test.js
2026-10-10T01:42:03.9887155Z ##[warning]   31:30  warning  Expected { after 'if' condition  curly
2026-10-10T01:42:03.9887727Z ##[warning]   77:34  warning  Expected { after 'if' condition  curly
2026-10-10T01:42:03.9888290Z ##[warning]  101:38  warning  Expected { after 'if' condition  curly
2026-10-10T01:42:03.9888592Z 
2026-10-10T01:42:03.9889050Z /home/runner/work/chainlesschain/chainlesschain/desktop-app-vue/src/main/evolution/__tests__/desktop-pm-read-only-outcome-reader.test.js
2026-10-10T01:42:03.9889336Z ##[warning]  41:30  warning  Expected { after 'if' condition  curly
2026-10-10T01:42:03.9889891Z ##[warning]  42:28  warning  Expected { after 'if' condition  curly
2026-10-10T01:42:03.9890186Z 
2026-10-10T01:42:03.9890617Z /home/runner/work/chainlesschain/chainlesschain/desktop-app-vue/src/main/evolution/__tests__/desktop-pm-workspace-snapshot.test.js
2026-10-10T01:42:03.9891006Z ##[warning]  116:64  warning  Expected { after 'if' condition  curly
2026-10-10T01:42:03.9891306Z 
2026-10-10T01:42:03.9891689Z /home/runner/work/chainlesschain/chainlesschain/desktop-app-vue/src/main/evolution/desktop-browser-download-action.js
2026-10-10T01:42:03.9891968Z ##[warning]   43:52  warning  Expected { after 'if' condition  curly
2026-10-10T01:42:03.9892528Z ##[warning]   44:29  warning  Expected { after 'if' condition  curly
2026-10-10T01:42:03.9893079Z ##[warning]   61:5   warning  Expected { after 'if' condition  curly
2026-10-10T01:42:03.9893623Z ##[warning]   68:5   warning  Expected { after 'if' condition  curly
2026-10-10T01:42:03.9894168Z ##[warning]   85:5   warning  Expected { after 'if' condition  curly
2026-10-10T01:42:03.9894721Z ##[warning]   90:5   warning  Expected { after 'if' condition  curly
2026-10-10T01:42:03.9895352Z ##[warning]  103:5   warning  Expected { after 'if' condition  curly
2026-10-10T01:42:03.9895903Z ##[warning]  109:28  warning  Expected { after 'if' condition  curly
2026-10-10T01:42:03.9896456Z ##[warning]  116:5   warning  Expected { after 'if' condition  curly
2026-10-10T01:42:03.9897026Z ##[warning]  119:7   warning  Expected { after 'if' condition  curly
2026-10-10T01:42:03.9897595Z ##[warning]  132:7   warning  Expected { after 'if' condition  curly
2026-10-10T01:42:03.9898148Z ##[warning]  140:5   warning  Expected { after 'if' condition  curly
2026-10-10T01:42:03.9898715Z ##[warning]  154:5   warning  Expected { after 'if' condition  curly
2026-10-10T01:42:03.9899262Z ##[warning]  157:5   warning  Expected { after 'if' condition  curly
2026-10-10T01:42:03.9899821Z ##[warning]  172:5   warning  Expected { after 'if' condition  curly
2026-10-10T01:42:03.9900376Z ##[warning]  183:5   warning  Expected { after 'if' condition  curly
2026-10-10T01:42:03.9900926Z ##[warning]  195:5   warning  Expected { after 'if' condition  curly
2026-10-10T01:42:03.9901581Z ##[warning]  216:5   warning  Expected { after 'if' condition  curly
2026-10-10T01:42:03.9902154Z ##[warning]  219:5   warning  Expected { after 'if' condition  curly
2026-10-10T01:42:03.9902703Z ##[warning]  236:5   warning  Expected { after 'if' condition  curly
2026-10-10T01:42:03.9903244Z ##[warning]  277:5   warning  Expected { after 'if' condition  curly
2026-10-10T01:42:03.9903790Z ##[warning]  279:5   warning  Expected { after 'if' condition  curly
2026-10-10T01:42:03.9904338Z ##[warning]  281:5   warning  Expected { after 'if' condition  curly
2026-10-10T01:42:03.9904888Z ##[warning]  295:5   warning  Expected { after 'if' condition  curly
2026-10-10T01:42:03.9905536Z ##[warning]  342:7   warning  Expected { after 'if' condition  curly
2026-10-10T01:42:03.9906087Z ##[warning]  364:5   warning  Expected { after 'if' condition  curly
2026-10-10T01:42:03.9906633Z ##[warning]  390:5   warning  Expected { after 'if' condition  curly
2026-10-10T01:42:03.9907188Z ##[warning]  407:7   warning  Expected { after 'if' condition  curly
2026-10-10T01:42:03.9907740Z ##[warning]  494:5   warning  Expected { after 'if' condition  curly
2026-10-10T01:42:03.9908284Z ##[warning]  564:7   warning  Expected { after 'if' condition  curly
2026-10-10T01:42:03.9908581Z 
2026-10-10T01:42:03.9909017Z /home/runner/work/chainlesschain/chainlesschain/desktop-app-vue/src/main/evolution/desktop-browser-download-artifact-disposal.js
2026-10-10T01:42:03.9909288Z ##[warning]   23:52  warning  Expected { after 'if' condition  curly
2026-10-10T01:42:03.9909842Z ##[warning]   24:29  warning  Expected { after 'if' condition  curly
2026-10-10T01:42:03.9910394Z ##[warning]   41:5   warning  Expected { after 'if' condition  curly
2026-10-10T01:42:03.9910957Z ##[warning]   48:5   warning  Expected { after 'if' condition  curly
2026-10-10T01:42:03.9911514Z ##[warning]   65:5   warning  Expected { after 'if' condition  curly
2026-10-10T01:42:03.9912063Z ##[warning]   84:5   warning  Expected { after 'if' condition  curly
2026-10-10T01:42:03.9912725Z ##[warning]   95:5   warning  Expected { after 'if' condition  curly
2026-10-10T01:42:03.9913273Z ##[warning]   98:5   warning  Expected { after 'if' condition  curly
2026-10-10T01:42:03.9913819Z ##[warning]  120:5   warning  Expected { after 'if' condition  curly
2026-10-10T01:42:03.9914374Z ##[warning]  125:5   warning  Expected { after 'if' condition  curly
2026-10-10T01:42:03.9914923Z ##[warning]  142:5   warning  Expected { after 'if' condition  curly
2026-10-10T01:42:03.9915548Z ##[warning]  174:5   warning  Expected { after 'if' condition  curly
2026-10-10T01:42:03.9916106Z ##[warning]  178:5   warning  Expected { after 'if' condition  curly
2026-10-10T01:42:03.9916653Z ##[warning]  180:5   warning  Expected { after 'if' condition  curly
2026-10-10T01:42:03.9917208Z ##[warning]  199:5   warning  Expected { after 'if' condition  curly
2026-10-10T01:42:03.9917760Z ##[warning]  239:7   warning  Expected { after 'if' condition  curly
2026-10-10T01:42:03.9918313Z ##[warning]  261:5   warning  Expected { after 'if' condition  curly
2026-10-10T01:42:03.9918864Z ##[warning]  361:7   warning  Expected { after 'if' condition  curly
2026-10-10T01:42:03.9919163Z 
2026-10-10T01:42:03.9919561Z /home/runner/work/chainlesschain/chainlesschain/desktop-app-vue/src/main/evolution/desktop-browser-keyboard-action.js
2026-10-10T01:42:03.9919834Z ##[warning]  124:52  warning  Expected { after 'if' condition  curly
2026-10-10T01:42:03.9920382Z ##[warning]  125:29  warning  Expected { after 'if' condition  curly
2026-10-10T01:42:03.9920930Z ##[warning]  142:5   warning  Expected { after 'if' condition  curly
2026-10-10T01:42:03.9921483Z ##[warning]  149:5   warning  Expected { after 'if' condition  curly
2026-10-10T01:42:03.9922030Z ##[warning]  166:5   warning  Expected { after 'if' condition  curly
2026-10-10T01:42:03.9922586Z ##[warning]  177:5   warning  Expected { after 'if' condition  curly
2026-10-10T01:42:03.9923140Z ##[warning]  188:5   warning  Expected { after 'if' condition  curly
2026-10-10T01:42:03.9923797Z ##[warning]  194:5   warning  Expected { after 'if' condition  curly
2026-10-10T01:42:03.9924349Z ##[warning]  201:5   warning  Expected { after 'if' condition  curly
2026-10-10T01:42:03.9924897Z ##[warning]  207:5   warning  Expected { after 'if' condition  curly
2026-10-10T01:42:03.9925522Z ##[warning]  210:5   warning  Expected { after 'if' condition  curly
2026-10-10T01:42:03.9926074Z ##[warning]  216:5   warning  Expected { after 'if' condition  curly
2026-10-10T01:42:03.9926629Z ##[warning]  232:5   warning  Expected { after 'if' condition  curly
2026-10-10T01:42:03.9927176Z ##[warning]  246:5   warning  Expected { after 'if' condition  curly
2026-10-10T01:42:03.9927719Z ##[warning]  249:5   warning  Expected { after 'if' condition  curly
2026-10-10T01:42:03.9928269Z ##[warning]  264:5   warning  Expected { after 'if' condition  curly
2026-10-10T01:42:03.9928860Z ##[warning]  288:5   warning  Expected { after 'if' condition  curly
2026-10-10T01:42:03.9929415Z ##[warning]  290:5   warning  Expected { after 'if' condition  curly
2026-10-10T01:42:03.9929999Z ##[warning]  292:5   warning  Expected { after 'if' condition  curly
2026-10-10T01:42:03.9930845Z ##[warning]  306:5   warning  Expected { after 'if' condition  curly
2026-10-10T01:42:03.9931643Z ##[warning]  347:7   warning  Expected { after 'if' condition  curly
2026-10-10T01:42:03.9932430Z ##[warning]  369:5   warning  Expected { after 'if' condition  curly
2026-10-10T01:42:03.9933321Z ##[warning]  436:5   warning  Expected { after 'if' condition  curly
2026-10-10T01:42:03.9934224Z ##[warning]  493:7   warning  Expected { after 'if' condition  curly
2026-10-10T01:42:03.9934716Z 
2026-10-10T01:42:03.9935440Z /home/runner/work/chainlesschain/chainlesschain/desktop-app-vue/src/main/evolution/desktop-browser-navigation-action.js
2026-10-10T01:42:03.9935856Z ##[warning]   19:52  warning  Expected { after 'if' condition  curly
2026-10-10T01:42:03.9936700Z ##[warning]   20:29  warning  Expected { after 'if' condition  curly
2026-10-10T01:42:03.9937561Z ##[warning]   37:5   warning  Expected { after 'if' condition  curly
2026-10-10T01:42:03.9938638Z ##[warning]   44:5   warning  Expected { after 'if' condition  curly
2026-10-10T01:42:03.9939540Z ##[warning]   67:20  warning  Expected { after 'if' condition  curly
2026-10-10T01:42:03.9940437Z ##[warning]   69:5   warning  Expected { after 'if' condition  curly
2026-10-10T01:42:03.9941328Z ##[warning]   77:5   warning  Expected { after 'if' condition  curly
2026-10-10T01:42:03.9942251Z ##[warning]   99:5   warning  Expected { after 'if' condition  curly
2026-10-10T01:42:03.9943200Z ##[warning]  112:7   warning  Expected { after 'if' condition  curly
2026-10-10T01:42:03.9944138Z ##[warning]  168:5   warning  Expected { after 'if' condition  curly
2026-10-10T01:42:03.9945243Z ##[warning]  196:5   warning  Expected { after 'if' condition  curly
2026-10-10T01:42:03.9946042Z ##[warning]  257:5   warning  Expected { after 'if' condition  curly
2026-10-10T01:42:03.9946834Z ##[warning]  262:5   warning  Expected { after 'if' condition  curly
2026-10-10T01:42:03.9947735Z ##[warning]  310:5   warning  Expected { after 'if' condition  curly
2026-10-10T01:42:03.9948515Z ##[warning]  314:5   warning  Expected { after 'if' condition  curly
2026-10-10T01:42:03.9949269Z ##[warning]  316:5   warning  Expected { after 'if' condition  curly
2026-10-10T01:42:03.9949680Z 
2026-10-10T01:42:03.9950349Z /home/runner/work/chainlesschain/chainlesschain/desktop-app-vue/src/main/evolution/desktop-browser-quarantine-lock-maintenance.js
2026-10-10T01:42:03.9950747Z ##[warning]   43:52  warning  Expected { after 'if' condition  curly
2026-10-10T01:42:03.9951635Z ##[warning]   44:29  warning  Expected { after 'if' condition  curly
2026-10-10T01:42:03.9952236Z ##[warning]   60:5   warning  Expected { after 'if' condition  curly
2026-10-10T01:42:03.9952795Z ##[warning]   63:5   warning  Expected { after 'if' condition  curly
2026-10-10T01:42:03.9953346Z ##[warning]   70:5   warning  Expected { after 'if' condition  curly
2026-10-10T01:42:03.9954060Z ##[warning]   87:5   warning  Expected { after 'if' condition  curly
2026-10-10T01:42:03.9954612Z ##[warning]  119:5   warning  Expected { after 'if' condition  curly
2026-10-10T01:42:03.9955351Z ##[warning]  138:5   warning  Expected { after 'if' condition  curly
2026-10-10T01:42:03.9955909Z ##[warning]  154:16  warning  Expected { after 'if' condition  curly
2026-10-10T01:42:03.9956470Z ##[warning]  160:51  warning  Expected { after 'if' condition  curly
2026-10-10T01:42:03.9957018Z ##[warning]  163:7   warning  Expected { after 'if' condition  curly
2026-10-10T01:42:03.9957565Z ##[warning]  181:5   warning  Expected { after 'if' condition  curly
2026-10-10T01:42:03.9958115Z ##[warning]  186:5   warning  Expected { after 'if' condition  curly
2026-10-10T01:42:03.9958658Z ##[warning]  205:5   warning  Expected { after 'if' condition  curly
2026-10-10T01:42:03.9959203Z ##[warning]  214:5   warning  Expected { after 'if' condition  curly
2026-10-10T01:42:03.9959769Z ##[warning]  249:5   warning  Expected { after 'if' condition  curly
2026-10-10T01:42:03.9960336Z ##[warning]  323:5   warning  Expected { after 'if' condition  curly
2026-10-10T01:42:03.9960906Z ##[warning]  330:5   warning  Expected { after 'if' condition  curly
2026-10-10T01:42:03.9961469Z ##[warning]  339:5   warning  Expected { after 'if' condition  curly
2026-10-10T01:42:03.9962021Z ##[warning]  350:5   warning  Expected { after 'if' condition  curly
2026-10-10T01:42:03.9962568Z ##[warning]  396:5   warning  Expected { after 'if' condition  curly
2026-10-10T01:42:03.9963111Z ##[warning]  449:5   warning  Expected { after 'if' condition  curly
2026-10-10T01:42:03.9963412Z 
2026-10-10T01:42:03.9963864Z /home/runner/work/chainlesschain/chainlesschain/desktop-app-vue/src/main/evolution/desktop-browser-quarantine-operator-revocation.js
2026-10-10T01:42:03.9964142Z ##[warning]   28:52  warning  Expected { after 'if' condition  curly
2026-10-10T01:42:03.9964696Z ##[warning]   29:29  warning  Expected { after 'if' condition  curly
2026-10-10T01:42:03.9965524Z ##[warning]   45:5   warning  Expected { after 'if' condition  curly
2026-10-10T01:42:03.9966092Z ##[warning]   48:5   warning  Expected { after 'if' condition  curly
2026-10-10T01:42:03.9966644Z ##[warning]   55:5   warning  Expected { after 'if' condition  curly
2026-10-10T01:42:03.9967189Z ##[warning]   72:5   warning  Expected { after 'if' condition  curly
2026-10-10T01:42:03.9967735Z ##[warning]  102:5   warning  Expected { after 'if' condition  curly
2026-10-10T01:42:03.9968289Z ##[warning]  123:5   warning  Expected { after 'if' condition  curly
2026-10-10T01:42:03.9968851Z ##[warning]  139:16  warning  Expected { after 'if' condition  curly
2026-10-10T01:42:03.9969403Z ##[warning]  145:51  warning  Expected { after 'if' condition  curly
2026-10-10T01:42:03.9969951Z ##[warning]  148:7   warning  Expected { after 'if' condition  curly
2026-10-10T01:42:03.9970506Z ##[warning]  166:5   warning  Expected { after 'if' condition  curly
2026-10-10T01:42:03.9971059Z ##[warning]  171:5   warning  Expected { after 'if' condition  curly
2026-10-10T01:42:03.9971615Z ##[warning]  190:5   warning  Expected { after 'if' condition  curly
2026-10-10T01:42:03.9972166Z ##[warning]  203:5   warning  Expected { after 'if' condition  curly
2026-10-10T01:42:03.9972714Z ##[warning]  238:5   warning  Expected { after 'if' condition  curly
2026-10-10T01:42:03.9973285Z ##[warning]  294:5   warning  Expected { after 'if' condition  curly
2026-10-10T01:42:03.9973844Z ##[warning]  301:5   warning  Expected { after 'if' condition  curly
2026-10-10T01:42:03.9974393Z ##[warning]  310:5   warning  Expected { after 'if' condition  curly
2026-10-10T01:42:03.9974946Z ##[warning]  321:5   warning  Expected { after 'if' condition  curly
2026-10-10T01:42:03.9975684Z ##[warning]  367:5   warning  Expected { after 'if' condition  curly
2026-10-10T01:42:03.9976245Z ##[warning]  420:5   warning  Expected { after 'if' condition  curly
2026-10-10T01:42:03.9976548Z 
2026-10-10T01:42:03.9977047Z /home/runner/work/chainlesschain/chainlesschain/desktop-app-vue/src/main/evolution/desktop-browser-tab-open-action.js
2026-10-10T01:42:03.9977321Z ##[warning]   25:52  warning  Expected { after 'if' condition  curly
2026-10-10T01:42:03.9977874Z ##[warning]   26:29  warning  Expected { after 'if' condition  curly
2026-10-10T01:42:03.9978425Z ##[warning]   43:5   warning  Expected { after 'if' condition  curly
2026-10-10T01:42:03.9978973Z ##[warning]   50:5   warning  Expected { after 'if' condition  curly
2026-10-10T01:42:03.9979522Z ##[warning]   67:5   warning  Expected { after 'if' condition  curly
2026-10-10T01:42:03.9980070Z ##[warning]   72:5   warning  Expected { after 'if' condition  curly
2026-10-10T01:42:03.9980617Z ##[warning]   85:5   warning  Expected { after 'if' condition  curly
2026-10-10T01:42:03.9981170Z ##[warning]   91:28  warning  Expected { after 'if' condition  curly
2026-10-10T01:42:03.9981716Z ##[warning]   98:5   warning  Expected { after 'if' condition  curly
2026-10-10T01:42:03.9982272Z ##[warning]  101:7   warning  Expected { after 'if' condition  curly
2026-10-10T01:42:03.9982826Z ##[warning]  114:7   warning  Expected { after 'if' condition  curly
2026-10-10T01:42:03.9983384Z ##[warning]  122:5   warning  Expected { after 'if' condition  curly
2026-10-10T01:42:03.9983935Z ##[warning]  136:5   warning  Expected { after 'if' condition  curly
2026-10-10T01:42:03.9984491Z ##[warning]  147:5   warning  Expected { after 'if' condition  curly
2026-10-10T01:42:03.9985226Z ##[warning]  160:5   warning  Expected { after 'if' condition  curly
2026-10-10T01:42:03.9985790Z ##[warning]  180:5   warning  Expected { after 'if' condition  curly
2026-10-10T01:42:03.9986340Z ##[warning]  183:5   warning  Expected { after 'if' condition  curly
2026-10-10T01:42:03.9986892Z ##[warning]  198:5   warning  Expected { after 'if' condition  curly
2026-10-10T01:42:03.9987440Z ##[warning]  229:5   warning  Expected { after 'if' condition  curly
2026-10-10T01:42:03.9987990Z ##[warning]  231:5   warning  Expected { after 'if' condition  curly
2026-10-10T01:42:03.9988674Z ##[warning]  233:5   warning  Expected { after 'if' condition  curly
2026-10-10T01:42:03.9989230Z ##[warning]  247:5   warning  Expected { after 'if' condition  curly
2026-10-10T01:42:03.9989788Z ##[warning]  294:7   warning  Expected { after 'if' condition  curly
2026-10-10T01:42:03.9990346Z ##[warning]  316:5   warning  Expected { after 'if' condition  curly
2026-10-10T01:42:03.9990895Z ##[warning]  385:5   warning  Expected { after 'if' condition  curly
2026-10-10T01:42:03.9991448Z ##[warning]  480:7   warning  Expected { after 'if' condition  curly
2026-10-10T01:42:03.9991745Z 
2026-10-10T01:42:03.9992128Z /home/runner/work/chainlesschain/chainlesschain/desktop-app-vue/src/main/evolution/desktop-browser-vision-action.js
2026-10-10T01:42:03.9992391Z ##[warning]   20:52  warning  Expected { after 'if' condition  curly
2026-10-10T01:42:03.9992940Z ##[warning]   21:29  warning  Expected { after 'if' condition  curly
2026-10-10T01:42:03.9993490Z ##[warning]   38:5   warning  Expected { after 'if' condition  curly
2026-10-10T01:42:03.9994044Z ##[warning]   45:5   warning  Expected { after 'if' condition  curly
2026-10-10T01:42:03.9994595Z ##[warning]   68:20  warning  Expected { after 'if' condition  curly
2026-10-10T01:42:03.9995301Z ##[warning]   70:5   warning  Expected { after 'if' condition  curly
2026-10-10T01:42:03.9995863Z ##[warning]  173:5   warning  Expected { after 'if' condition  curly
2026-10-10T01:42:03.9996409Z ##[warning]  192:7   warning  Expected { after 'if' condition  curly
2026-10-10T01:42:03.9996953Z ##[warning]  214:5   warning  Expected { after 'if' condition  curly
2026-10-10T01:42:03.9997496Z ##[warning]  220:5   warning  Expected { after 'if' condition  curly
2026-10-10T01:42:03.9998060Z ##[warning]  223:5   warning  Expected { after 'if' condition  curly
2026-10-10T01:42:03.9998630Z ##[warning]  271:5   warning  Expected { after 'if' condition  curly
2026-10-10T01:42:03.9999187Z ##[warning]  275:5   warning  Expected { after 'if' condition  curly
2026-10-10T01:42:03.9999841Z ##[warning]  277:5   warning  Expected { after 'if' condition  curly
2026-10-10T01:42:04.0000391Z ##[warning]  407:7   warning  Expected { after 'if' condition  curly
2026-10-10T01:42:04.0000691Z 
2026-10-10T01:42:04.0001092Z /home/runner/work/chainlesschain/chainlesschain/desktop-app-vue/src/main/evolution/desktop-browser-vision-observation.js
2026-10-10T01:42:04.0001357Z ##[warning]   20:52  warning  Expected { after 'if' condition  curly
2026-10-10T01:42:04.0001902Z ##[warning]   21:29  warning  Expected { after 'if' condition  curly
2026-10-10T01:42:04.0002441Z ##[warning]   38:5   warning  Expected { after 'if' condition  curly
2026-10-10T01:42:04.0002981Z ##[warning]   45:5   warning  Expected { after 'if' condition  curly
2026-10-10T01:42:04.0003526Z ##[warning]   50:22  warning  Expected { after 'if' condition  curly
2026-10-10T01:42:04.0004068Z ##[warning]   52:5   warning  Expected { after 'if' condition  curly
2026-10-10T01:42:04.0004615Z ##[warning]   58:20  warning  Expected { after 'if' condition  curly
2026-10-10T01:42:04.0005311Z ##[warning]   60:5   warning  Expected { after 'if' condition  curly
2026-10-10T01:42:04.0005874Z ##[warning]   65:22  warning  Expected { after 'if' condition  curly
2026-10-10T01:42:04.0006429Z ##[warning]   67:5   warning  Expected { after 'if' condition  curly
2026-10-10T01:42:04.0006978Z ##[warning]   72:22  warning  Expected { after 'if' condition  curly
2026-10-10T01:42:04.0007535Z ##[warning]   92:7   warning  Expected { after 'if' condition  curly
2026-10-10T01:42:04.0008091Z ##[warning]  123:5   warning  Expected { after 'if' condition  curly
2026-10-10T01:42:04.0008640Z ##[warning]  129:5   warning  Expected { after 'if' condition  curly
2026-10-10T01:42:04.0009181Z ##[warning]  193:5   warning  Expected { after 'if' condition  curly
2026-10-10T01:42:04.0009725Z ##[warning]  205:5   warning  Expected { after 'if' condition  curly
2026-10-10T01:42:04.0010268Z ##[warning]  219:7   warning  Expected { after 'if' condition  curly
2026-10-10T01:42:04.0010824Z ##[warning]  232:5   warning  Expected { after 'if' condition  curly
2026-10-10T01:42:04.0011489Z ##[warning]  241:5   warning  Expected { after 'if' condition  curly
2026-10-10T01:42:04.0012037Z ##[warning]  246:5   warning  Expected { after 'if' condition  curly
2026-10-10T01:42:04.0012583Z ##[warning]  257:5   warning  Expected { after 'if' condition  curly
2026-10-10T01:42:04.0013130Z ##[warning]  283:5   warning  Expected { after 'if' condition  curly
2026-10-10T01:42:04.0013666Z ##[warning]  287:5   warning  Expected { after 'if' condition  curly
2026-10-10T01:42:04.0014209Z ##[warning]  289:5   warning  Expected { after 'if' condition  curly
2026-10-10T01:42:04.0014508Z 
2026-10-10T01:42:04.0014882Z /home/runner/work/chainlesschain/chainlesschain/desktop-app-vue/src/main/evolution/desktop-evolution-deployment.js
2026-10-10T01:42:04.0015337Z ##[warning]   120:5   warning  Expected { after 'if' condition  curly
2026-10-10T01:42:04.0015908Z ##[warning]   135:5   warning  Expected { after 'if' condition  curly
2026-10-10T01:42:04.0016474Z ##[warning]   138:5   warning  Expected { after 'if' condition  curly
2026-10-10T01:42:04.0017023Z ##[warning]   172:5   warning  Expected { after 'if' condition  curly
2026-10-10T01:42:04.0017793Z ##[warning]   198:5   warning  Expected { after 'if' condition  curly
2026-10-10T01:42:04.0018725Z ##[warning]   204:5   warning  Expected { after 'if' condition  curly
2026-10-10T01:42:04.0019501Z ##[warning]   244:5   warning  Expected { after 'if' condition  curly
2026-10-10T01:42:04.0020306Z ##[warning]   375:5   warning  Expected { after 'if' condition  curly
2026-10-10T01:42:04.0021426Z ##[warning]   404:5   warning  Expected { after 'if' condition  curly
2026-10-10T01:42:04.0022214Z ##[warning]   855:5   warning  Expected { after 'if' condition  curly
2026-10-10T01:42:04.0023008Z ##[warning]   883:7   warning  Expected { after 'if' condition  curly
2026-10-10T01:42:04.0023776Z ##[warning]  1408:9   warning  Expected { after 'if' condition  curly
2026-10-10T01:42:04.0024697Z ##[warning]  1482:38  warning  Expected { after 'if' condition  curly
2026-10-10T01:42:04.0025725Z ##[warning]  2266:7   warning  Expected { after 'if' condition  curly
2026-10-10T01:42:04.0026597Z ##[warning]  2292:5   warning  Expected { after 'if' condition  curly
2026-10-10T01:42:04.0026964Z 
2026-10-10T01:42:04.0027380Z /home/runner/work/chainlesschain/chainlesschain/desktop-app-vue/src/main/evolution/desktop-model-ingress.js
2026-10-10T01:42:04.0027775Z ##[warning]    46:9   warning  Expected { after 'if' condition  curly
2026-10-10T01:42:04.0028599Z ##[warning]    53:9   warning  Expected { after 'if' condition  curly
2026-10-10T01:42:04.0029426Z ##[warning]    90:11  warning  Expected { after 'if' condition  curly
2026-10-10T01:42:04.0030215Z ##[warning]    94:11  warning  Expected { after 'if' condition  curly
2026-10-10T01:42:04.0031027Z ##[warning]   110:9   warning  Expected { after 'if' condition  curly
2026-10-10T01:42:04.0031772Z ##[warning]   117:9   warning  Expected { after 'if' condition  curly
2026-10-10T01:42:04.0032601Z ##[warning]   119:18  warning  Expected { after 'if' condition  curly
2026-10-10T01:42:04.0033409Z ##[warning]   123:61  warning  Expected { after 'if' condition  curly
2026-10-10T01:42:04.0034212Z ##[warning]   131:29  warning  Expected { after 'if' condition  curly
2026-10-10T01:42:04.0034994Z ##[warning]   148:38  warning  Expected { after 'if' condition  curly
2026-10-10T01:42:04.0036086Z ##[warning]   155:25  warning  Expected { after 'if' condition  curly
2026-10-10T01:42:04.0036904Z ##[warning]   159:9   warning  Expected { after 'if' condition  curly
2026-10-10T01:42:04.0037767Z ##[warning]   162:22  warning  Expected { after 'if' condition  curly
2026-10-10T01:42:04.0039152Z ##[warning]   170:11  warning  Expected { after 'if' condition  curly
2026-10-10T01:42:04.0039945Z ##[warning]   176:22  warning  Expected { after 'if' condition  curly
2026-10-10T01:42:04.0040734Z ##[warning]   177:34  warning  Expected { after 'if' condition  curly
2026-10-10T01:42:04.0041522Z ##[warning]   179:11  warning  Expected { after 'if' condition  curly
2026-10-10T01:42:04.0042454Z ##[warning]   186:25  warning  Expected { after 'if' condition  curly
2026-10-10T01:42:04.0043222Z ##[warning]   187:25  warning  Expected { after 'if' condition  curly
2026-10-10T01:42:04.0044037Z ##[warning]   198:24  warning  Expected { after 'if' condition  curly
2026-10-10T01:42:04.0044821Z ##[warning]   200:7   warning  Expected { after 'if' condition  curly
2026-10-10T01:42:04.0045833Z ##[warning]   205:7   warning  Expected { after 'if' condition  curly
2026-10-10T01:42:04.0046650Z ##[warning]   219:61  warning  Expected { after 'if' condition  curly
2026-10-10T01:42:04.0047474Z ##[warning]   283:7   warning  Expected { after 'if' condition  curly
2026-10-10T01:42:04.0048284Z ##[warning]   292:7   warning  Expected { after 'if' condition  curly
2026-10-10T01:42:04.0049063Z ##[warning]   295:7   warning  Expected { after 'if' condition  curly
2026-10-10T01:42:04.0049808Z ##[warning]   310:11  warning  Expected { after 'if' condition  curly
2026-10-10T01:42:04.0050631Z ##[warning]   314:11  warning  Expected { after 'if' condition  curly
2026-10-10T01:42:04.0051411Z ##[warning]   322:13  warning  Expected { after 'if' condition  curly
2026-10-10T01:42:04.0052192Z ##[warning]   326:11  warning  Expected { after 'if' condition  curly
2026-10-10T01:42:04.0052968Z ##[warning]   328:11  warning  Expected { after 'if' condition  curly
2026-10-10T01:42:04.0053775Z ##[warning]   340:13  warning  Expected { after 'if' condition  curly
2026-10-10T01:42:04.0054589Z ##[warning]   344:13  warning  Expected { after 'if' condition  curly
2026-10-10T01:42:04.0055514Z ##[warning]   351:13  warning  Expected { after 'if' condition  curly
2026-10-10T01:42:04.0056289Z ##[warning]   358:69  warning  Expected { after 'if' condition  curly
2026-10-10T01:42:04.0057079Z ##[warning]   371:61  warning  Expected { after 'if' condition  curly
2026-10-10T01:42:04.0057865Z ##[warning]   382:5   warning  Expected { after 'if' condition  curly
2026-10-10T01:42:04.0058786Z ##[warning]   384:5   warning  Expected { after 'if' condition  curly
2026-10-10T01:42:04.0059568Z ##[warning]   395:13  warning  Expected { after 'if' condition  curly
2026-10-10T01:42:04.0060339Z ##[warning]   405:43  warning  Expected { after 'if' condition  curly
2026-10-10T01:42:04.0061148Z ##[warning]   445:7   warning  Expected { after 'if' condition  curly
2026-10-10T01:42:04.0061925Z ##[warning]   480:27  warning  Expected { after 'if' condition  curly
2026-10-10T01:42:04.0062723Z ##[warning]   482:11  warning  Expected { after 'if' condition  curly
2026-10-10T01:42:04.0063510Z ##[warning]   484:26  warning  Expected { after 'if' condition  curly
2026-10-10T01:42:04.0064315Z ##[warning]   487:11  warning  Expected { after 'if' condition  curly
2026-10-10T01:42:04.0065215Z ##[warning]   492:34  warning  Expected { after 'if' condition  curly
2026-10-10T01:42:04.0065994Z ##[warning]   502:11  warning  Expected { after 'if' condition  curly
2026-10-10T01:42:04.0066757Z ##[warning]   507:9   warning  Expected { after 'if' condition  curly
2026-10-10T01:42:04.0067557Z ##[warning]   515:34  warning  Expected { after 'if' condition  curly
2026-10-10T01:42:04.0068336Z ##[warning]   517:7   warning  Expected { after 'if' condition  curly
2026-10-10T01:42:04.0069141Z ##[warning]   520:7   warning  Expected { after 'if' condition  curly
2026-10-10T01:42:04.0069875Z ##[warning]   533:61  warning  Expected { after 'if' condition  curly
2026-10-10T01:42:04.0070698Z ##[warning]   615:9   warning  Expected { after 'if' condition  curly
2026-10-10T01:42:04.0071488Z ##[warning]   624:9   warning  Expected { after 'if' condition  curly
2026-10-10T01:42:04.0073581Z ##[warning]   633:15  warning  Expected { after 'if' condition  curly
2026-10-10T01:42:04.0074383Z ##[warning]   643:7   warning  Expected { after 'if' condition  curly
2026-10-10T01:42:04.0075264Z ##[warning]   650:7   warning  Expected { after 'if' condition  curly
2026-10-10T01:42:04.0076091Z ##[warning]   652:7   warning  Expected { after 'if' condition  curly
2026-10-10T01:42:04.0077008Z ##[warning]   665:7   warning  Expected { after 'if' condition  curly
2026-10-10T01:42:04.0077783Z ##[warning]   667:20  warning  Expected { after 'if' condition  curly
2026-10-10T01:42:04.0078578Z ##[warning]   674:9   warning  Expected { after 'if' condition  curly
2026-10-10T01:42:04.0079347Z ##[warning]   699:43  warning  Expected { after 'if' condition  curly
2026-10-10T01:42:04.0080160Z ##[warning]   714:31  warning  Expected { after 'if' condition  curly
2026-10-10T01:42:04.0080927Z ##[warning]   715:32  warning  Expected { after 'if' condition  curly
2026-10-10T01:42:04.0081713Z ##[warning]   751:39  warning  Expected { after 'if' condition  curly
2026-10-10T01:42:04.0082544Z ##[warning]   753:25  warning  Expected { after 'if' condition  curly
2026-10-10T01:42:04.0083321Z ##[warning]   759:13  warning  Expected { after 'if' condition  curly
2026-10-10T01:42:04.0084120Z ##[warning]   764:9   warning  Expected { after 'if' condition  curly
2026-10-10T01:42:04.0084857Z ##[warning]   767:22  warning  Expected { after 'if' condition  curly
2026-10-10T01:42:04.0085747Z ##[warning]   769:36  warning  Expected { after 'if' condition  curly
2026-10-10T01:42:04.0086552Z ##[warning]   770:33  warning  Expected { after 'if' condition  curly
2026-10-10T01:42:04.0087367Z ##[warning]   782:24  warning  Expected { after 'if' condition  curly
2026-10-10T01:42:04.0104055Z ##[warning]   784:7   warning  Expected { after 'if' condition  curly
2026-10-10T01:42:04.0104898Z ##[warning]   786:18  warning  Expected { after 'if' condition  curly
2026-10-10T01:42:04.0105606Z ##[warning]   800:61  warning  Expected { after 'if' condition  curly
2026-10-10T01:42:04.0106173Z ##[warning]   851:5   warning  Expected { after 'if' condition  curly
2026-10-10T01:42:04.0106740Z ##[warning]   858:5   warning  Expected { after 'if' condition  curly
2026-10-10T01:42:04.0107289Z ##[warning]   860:5   warning  Expected { after 'if' condition  curly
2026-10-10T01:42:04.0108007Z ##[warning]   908:5   warning  Expected { after 'if' condition  curly
2026-10-10T01:42:04.0108562Z ##[warning]   988:5   warning  Expected { after 'if' condition  curly
2026-10-10T01:42:04.0109126Z ##[warning]  1022:5   warning  Expected { after 'if' condition  curly
2026-10-10T01:42:04.0109431Z 
2026-10-10T01:42:04.0109838Z /home/runner/work/chainlesschain/chainlesschain/desktop-app-vue/src/main/evolution/desktop-pm-exploration-readiness.js
2026-10-10T01:42:04.0110116Z ##[warning]   40:52  warning  Expected { after 'if' condition  curly
2026-10-10T01:42:04.0110682Z ##[warning]   41:29  warning  Expected { after 'if' condition  curly
2026-10-10T01:42:04.0111243Z ##[warning]   84:68  warning  Expected { after 'if' condition  curly
2026-10-10T01:42:04.0111795Z ##[warning]  105:5   warning  Expected { after 'if' condition  curly
2026-10-10T01:42:04.0112345Z ##[warning]  116:5   warning  Expected { after 'if' condition  curly
2026-10-10T01:42:04.0112888Z ##[warning]  134:28  warning  Expected { after 'if' condition  curly
2026-10-10T01:42:04.0113438Z ##[warning]  155:5   warning  Expected { after 'if' condition  curly
2026-10-10T01:42:04.0113985Z ##[warning]  223:5   warning  Expected { after 'if' condition  curly
2026-10-10T01:42:04.0114281Z 
2026-10-10T01:42:04.0114641Z /home/runner/work/chainlesschain/chainlesschain/desktop-app-vue/src/main/evolution/desktop-pm-pre-run-seal.js
2026-10-10T01:42:04.0114912Z ##[warning]   28:5   warning  Expected { after 'if' condition  curly
2026-10-10T01:42:04.0115604Z ##[warning]   56:5   warning  Expected { after 'if' condition  curly
2026-10-10T01:42:04.0116156Z ##[warning]   89:52  warning  Expected { after 'if' condition  curly
2026-10-10T01:42:04.0116709Z ##[warning]   90:29  warning  Expected { after 'if' condition  curly
2026-10-10T01:42:04.0117273Z ##[warning]  162:9   warning  Expected { after 'if' condition  curly
2026-10-10T01:42:04.0117821Z ##[warning]  164:19  warning  Expected { after 'if' condition  curly
2026-10-10T01:42:04.0118361Z ##[warning]  188:5   warning  Expected { after 'if' condition  curly
2026-10-10T01:42:04.0119023Z ##[warning]  313:5   warning  Expected { after 'if' condition  curly
2026-10-10T01:42:04.0119322Z 
2026-10-10T01:42:04.0119725Z /home/runner/work/chainlesschain/chainlesschain/desktop-app-vue/src/main/evolution/desktop-pm-read-only-outcome-reader.js
2026-10-10T01:42:04.0119999Z ##[warning]   70:5   warning  Expected { after 'if' condition  curly
2026-10-10T01:42:04.0120552Z ##[warning]   98:5   warning  Expected { after 'if' condition  curly
2026-10-10T01:42:04.0121101Z ##[warning]  123:52  warning  Expected { after 'if' condition  curly
2026-10-10T01:42:04.0121645Z ##[warning]  124:29  warning  Expected { after 'if' condition  curly
2026-10-10T01:42:04.0122199Z ##[warning]  176:63  warning  Expected { after 'if' condition  curly
2026-10-10T01:42:04.0122743Z ##[warning]  180:46  warning  Expected { after 'if' condition  curly
2026-10-10T01:42:04.0123281Z ##[warning]  198:5   warning  Expected { after 'if' condition  curly
2026-10-10T01:42:04.0123822Z ##[warning]  244:5   warning  Expected { after 'if' condition  curly
2026-10-10T01:42:04.0124377Z ##[warning]  287:5   warning  Expected { after 'if' condition  curly
2026-10-10T01:42:04.0124922Z ##[warning]  288:23  warning  Expected { after 'if' condition  curly
2026-10-10T01:42:04.0125589Z ##[warning]  294:5   warning  Expected { after 'if' condition  curly
2026-10-10T01:42:04.0126130Z ##[warning]  312:5   warning  Expected { after 'if' condition  curly
2026-10-10T01:42:04.0126671Z ##[warning]  330:5   warning  Expected { after 'if' condition  curly
2026-10-10T01:42:04.0127214Z ##[warning]  356:20  warning  Expected { after 'if' condition  curly
2026-10-10T01:42:04.0127747Z ##[warning]  359:5   warning  Expected { after 'if' condition  curly
2026-10-10T01:42:04.0128289Z ##[warning]  412:7   warning  Expected { after 'if' condition  curly
2026-10-10T01:42:04.0128866Z ##[warning]  460:9   warning  Expected { after 'if' condition  curly
2026-10-10T01:42:04.0129159Z 
2026-10-10T01:42:04.0129649Z /home/runner/work/chainlesschain/chainlesschain/desktop-app-vue/src/main/evolution/desktop-pm-workspace-snapshot.js
2026-10-10T01:42:04.0129924Z ##[warning]  41:52  warning  Expected { after 'if' condition  curly
2026-10-10T01:42:04.0130483Z ##[warning]  42:29  warning  Expected { after 'if' condition  curly
2026-10-10T01:42:04.0130783Z 
2026-10-10T01:42:04.0131108Z /home/runner/work/chainlesschain/chainlesschain/desktop-app-vue/src/main/evomap/evomap-asset-bridge.js
2026-10-10T01:42:04.0131793Z ##[warning]  518:14  warning  'err' is defined but never used. Allowed unused caught errors must match /^_/u  @typescript-eslint/no-unused-vars
2026-10-10T01:42:04.0132627Z ##[warning]  608:14  warning  'err' is defined but never used. Allowed unused caught errors must match /^_/u  @typescript-eslint/no-unused-vars
2026-10-10T01:42:04.0132928Z 
2026-10-10T01:42:04.0133233Z /home/runner/work/chainlesschain/chainlesschain/desktop-app-vue/src/main/evomap/evomap-client.js
2026-10-10T01:42:04.0133771Z ##[warning]  19:10  warning  'e' is defined but never used. Allowed unused caught errors must match /^_/u  @typescript-eslint/no-unused-vars
2026-10-10T01:42:04.0134077Z 
2026-10-10T01:42:04.0134414Z /home/runner/work/chainlesschain/chainlesschain/desktop-app-vue/src/main/federated/model-parameter-sync.js
2026-10-10T01:42:04.0134805Z ##[warning]  469:14  warning  Unexpected constant condition  no-constant-condition
2026-10-10T01:42:04.0135195Z 
2026-10-10T01:42:04.0135541Z /home/runner/work/chainlesschain/chainlesschain/desktop-app-vue/src/main/file/external-device-file-manager.js
2026-10-10T01:42:04.0136234Z ##[warning]    35:3   warning  'FILE_CATEGORIES' is assigned a value but never used. Allowed unused vars must match /^_/u  @typescript-eslint/no-unused-vars
2026-10-10T01:42:04.0137131Z ##[warning]  1143:53  warning  'totalBytes' is assigned a value but never used. Allowed unused vars must match /^_/u       @typescript-eslint/no-unused-vars
2026-10-10T01:42:04.0138021Z ##[warning]  1313:16  warning  'readError' is defined but never used. Allowed unused caught errors must match /^_/u        @typescript-eslint/no-unused-vars
2026-10-10T01:42:04.0138997Z ##[warning]  1453:44  warning  'options' is assigned a value but never used. Allowed unused args must match /^_/u          @typescript-eslint/no-unused-vars
2026-10-10T01:42:04.0139871Z ##[warning]  1907:28  warning  'deviceId' is defined but never used. Allowed unused args must match /^_/u                  @typescript-eslint/no-unused-vars
2026-10-10T01:42:04.0140737Z ##[warning]  1907:38  warning  'timestamp' is defined but never used. Allowed unused args must match /^_/u                 @typescript-eslint/no-unused-vars
2026-10-10T01:42:04.0141038Z 
2026-10-10T01:42:04.0141321Z /home/runner/work/chainlesschain/chainlesschain/desktop-app-vue/src/main/file/file-ipc.js
2026-10-10T01:42:04.0141898Z ##[warning]   85:16  warning  'error' is defined but never used. Allowed unused caught errors must match /^_/u  @typescript-eslint/no-unused-vars
2026-10-10T01:42:04.0142741Z ##[warning]  173:16  warning  'error' is defined but never used. Allowed unused caught errors must match /^_/u  @typescript-eslint/no-unused-vars
2026-10-10T01:42:04.0143543Z ##[warning]  263:9   warning  Move function declaration to function body root                                   no-inner-declarations
2026-10-10T01:42:04.0144325Z ##[warning]  392:7   warning  Move function declaration to function body root                                   no-inner-declarations
2026-10-10T01:42:04.0145247Z ##[warning]  627:40  warning  'isDirectory' is defined but never used. Allowed unused args must match /^_/u     @typescript-eslint/no-unused-vars
2026-10-10T01:42:04.0146106Z ##[warning]  627:53  warning  'fileName' is defined but never used. Allowed unused args must match /^_/u        @typescript-eslint/no-unused-vars
2026-10-10T01:42:04.0146970Z ##[warning]  679:40  warning  'isDirectory' is defined but never used. Allowed unused args must match /^_/u     @typescript-eslint/no-unused-vars
2026-10-10T01:42:04.0147940Z ##[warning]  679:53  warning  'fileName' is defined but never used. Allowed unused args must match /^_/u        @typescript-eslint/no-unused-vars
2026-10-10T01:42:04.0148245Z 
2026-10-10T01:42:04.0148547Z /home/runner/work/chainlesschain/chainlesschain/desktop-app-vue/src/main/file/file-manager.js
2026-10-10T01:42:04.0149107Z ##[warning]    9:7   warning  'path' is assigned a value but never used. Allowed unused vars must match /^_/u  @typescript-eslint/no-unused-vars
2026-10-10T01:42:04.0149935Z ##[warning]  524:39  warning  'content' is defined but never used. Allowed unused args must match /^_/u        @typescript-eslint/no-unused-vars
2026-10-10T01:42:04.0150229Z 
2026-10-10T01:42:04.0150540Z /home/runner/work/chainlesschain/chainlesschain/desktop-app-vue/src/main/file/large-file-reader.js
2026-10-10T01:42:04.0151083Z ##[warning]  9:9  warning  'once' is assigned a value but never used. Allowed unused vars must match /^_/u  @typescript-eslint/no-unused-vars
2026-10-10T01:42:04.0151383Z 
2026-10-10T01:42:04.0151690Z /home/runner/work/chainlesschain/chainlesschain/desktop-app-vue/src/main/file/version-manager.js
2026-10-10T01:42:04.0152254Z ##[warning]  7:7  warning  'crypto' is assigned a value but never used. Allowed unused vars must match /^_/u  @typescript-eslint/no-unused-vars
2026-10-10T01:42:04.0153088Z ##[warning]  9:7  warning  'path' is assigned a value but never used. Allowed unused vars must match /^_/u    @typescript-eslint/no-unused-vars
2026-10-10T01:42:04.0153385Z 
2026-10-10T01:42:04.0153785Z /home/runner/work/chainlesschain/chainlesschain/desktop-app-vue/src/main/fine-tuning/__tests__/fine-tuning-manager.test.js
2026-10-10T01:42:04.0154178Z ##[warning]  150:77  warning  Empty block statement  no-empty
2026-10-10T01:42:04.0154481Z 
2026-10-10T01:42:04.0154887Z /home/runner/work/chainlesschain/chainlesschain/desktop-app-vue/src/main/fine-tuning/__tests__/training-data-builder.test.js
2026-10-10T01:42:04.0155271Z ##[warning]  68:80  warning  Empty block statement  no-empty
2026-10-10T01:42:04.0155579Z 
2026-10-10T01:42:04.0156017Z /home/runner/work/chainlesschain/chainlesschain/desktop-app-vue/src/main/fine-tuning/fine-tuning-ipc.js
2026-10-10T01:42:04.0156552Z ##[warning]  101:54  warning  'event' is defined but never used. Allowed unused args must match /^_/u  @typescript-eslint/no-unused-vars
2026-10-10T01:42:04.0156859Z 
2026-10-10T01:42:04.0157161Z /home/runner/work/chainlesschain/chainlesschain/desktop-app-vue/src/main/git/ai-commit-message.js
2026-10-10T01:42:04.0157781Z ##[warning]  219:14  warning  'error' is defined but never used. Allowed unused caught errors must match /^_/u  @typescript-eslint/no-unused-vars
2026-10-10T01:42:04.0158082Z 
2026-10-10T01:42:04.0158431Z /home/runner/work/chainlesschain/chainlesschain/desktop-app-vue/src/main/git/conflict-resolution/llm-merger.js
2026-10-10T01:42:04.0159056Z ##[warning]  181:14  warning  'error' is defined but never used. Allowed unused caught errors must match /^_/u     @typescript-eslint/no-unused-vars
2026-10-10T01:42:04.0159929Z ##[warning]  190:34  warning  'filePath' is assigned a value but never used. Allowed unused vars must match /^_/u  @typescript-eslint/no-unused-vars
2026-10-10T01:42:04.0160777Z ##[warning]  229:14  warning  'error' is defined but never used. Allowed unused caught errors must match /^_/u     @typescript-eslint/no-unused-vars
2026-10-10T01:42:04.0161070Z 
2026-10-10T01:42:04.0161418Z /home/runner/work/chainlesschain/chainlesschain/desktop-app-vue/src/main/git/conflict-resolution/rule-merger.js
2026-10-10T01:42:04.0161986Z ##[warning]   10:9   warning  'logger' is assigned a value but never used. Allowed unused vars must match /^_/u    @typescript-eslint/no-unused-vars
2026-10-10T01:42:04.0162832Z ##[warning]   43:11  warning  'normBase' is assigned a value but never used. Allowed unused vars must match /^_/u  @typescript-eslint/no-unused-vars
2026-10-10T01:42:04.0163676Z ##[warning]  291:14  warning  'error' is defined but never used. Allowed unused caught errors must match /^_/u     @typescript-eslint/no-unused-vars
2026-10-10T01:42:04.0164615Z ##[warning]  315:14  warning  'error' is defined but never used. Allowed unused caught errors must match /^_/u     @typescript-eslint/no-unused-vars
2026-10-10T01:42:04.0164914Z 
2026-10-10T01:42:04.0165303Z /home/runner/work/chainlesschain/chainlesschain/desktop-app-vue/src/main/git/device-discovery.js
2026-10-10T01:42:04.0165898Z ##[warning]  444:14  warning  'error' is defined but never used. Allowed unused caught errors must match /^_/u  @typescript-eslint/no-unused-vars
2026-10-10T01:42:04.0166760Z ##[warning]  485:14  warning  'error' is defined but never used. Allowed unused caught errors must match /^_/u  @typescript-eslint/no-unused-vars
2026-10-10T01:42:04.0167064Z 
2026-10-10T01:42:04.0167465Z /home/runner/work/chainlesschain/chainlesschain/desktop-app-vue/src/main/git/diff-sync/__tests__/packfile-optimizer.test.js
2026-10-10T01:42:04.0167857Z ##[warning]  18:22  warning  Expected { after 'if' condition  curly
2026-10-10T01:42:04.0168165Z 
2026-10-10T01:42:04.0168494Z /home/runner/work/chainlesschain/chainlesschain/desktop-app-vue/src/main/git/diff-sync/db-diff-tracker.js
2026-10-10T01:42:04.0169047Z ##[warning]  395:14  warning  'error' is defined but never used. Allowed unused caught errors must match /^_/u  @typescript-eslint/no-unused-vars
2026-10-10T01:42:04.0169871Z ##[warning]  446:14  warning  'error' is defined but never used. Allowed unused caught errors must match /^_/u  @typescript-eslint/no-unused-vars
2026-10-10T01:42:04.0170169Z 
2026-10-10T01:42:04.0170497Z /home/runner/work/chainlesschain/chainlesschain/desktop-app-vue/src/main/git/diff-sync/file-diff-engine.js
2026-10-10T01:42:04.0171072Z ##[warning]  25:7  warning  'RABIN_MASK' is assigned a value but never used. Allowed unused vars must match /^_/u  @typescript-eslint/no-unused-vars
2026-10-10T01:42:04.0171376Z 
2026-10-10T01:42:04.0171710Z /home/runner/work/chainlesschain/chainlesschain/desktop-app-vue/src/main/git/diff-sync/packfile-optimizer.js
2026-10-10T01:42:04.0172422Z ##[warning]   18:7   warning  'DEFAULT_DELTA_COMPRESSION_RATIO' is assigned a value but never used. Allowed unused vars must match /^_/u  @typescript-eslint/no-unused-vars
2026-10-10T01:42:04.0173466Z ##[warning]  230:48  warning  'readObject' is defined but never used. Allowed unused args must match /^_/u                                @typescript-eslint/no-unused-vars
2026-10-10T01:42:04.0173769Z 
2026-10-10T01:42:04.0174065Z /home/runner/work/chainlesschain/chainlesschain/desktop-app-vue/src/main/git/git-auto-commit.js
2026-10-10T01:42:04.0174645Z ##[warning]   74:17  warning  'projectId' is assigned a value but never used. Allowed unused vars must match /^_/u  @typescript-eslint/no-unused-vars
2026-10-10T01:42:04.0175576Z ##[warning]  154:13  warning  'FILE' is assigned a value but never used. Allowed unused vars must match /^_/u       @typescript-eslint/no-unused-vars
2026-10-10T01:42:04.0176428Z ##[warning]  155:13  warning  'WORKDIR' is assigned a value but never used. Allowed unused vars must match /^_/u    @typescript-eslint/no-unused-vars
2026-10-10T01:42:04.0177275Z ##[warning]  156:13  warning  'STAGE' is assigned a value but never used. Allowed unused vars must match /^_/u      @typescript-eslint/no-unused-vars
2026-10-10T01:42:04.0177570Z 
2026-10-10T01:42:04.0177853Z /home/runner/work/chainlesschain/chainlesschain/desktop-app-vue/src/main/git/git-manager.js
2026-10-10T01:42:04.0178412Z ##[warning]  107:14  warning  'error' is defined but never used. Allowed unused caught errors must match /^_/u  @typescript-eslint/no-unused-vars
2026-10-10T01:42:04.0179249Z ##[warning]  187:14  warning  'error' is defined but never used. Allowed unused caught errors must match /^_/u  @typescript-eslint/no-unused-vars
2026-10-10T01:42:04.0180080Z ##[warning]  214:16  warning  'error' is defined but never used. Allowed unused caught errors must match /^_/u  @typescript-eslint/no-unused-vars
2026-10-10T01:42:04.0180901Z ##[warning]  227:16  warning  'error' is defined but never used. Allowed unused caught errors must match /^_/u  @typescript-eslint/no-unused-vars
2026-10-10T01:42:04.0181829Z ##[warning]  448:29  warning  'head' is assigned a value but never used. Allowed unused vars must match /^_/u   @typescript-eslint/no-unused-vars
2026-10-10T01:42:04.0182647Z ##[warning]  448:44  warning  'stage' is assigned a value but never used. Allowed unused vars must match /^_/u  @typescript-eslint/no-unused-vars
2026-10-10T01:42:04.0183476Z ##[warning]  737:14  warning  'error' is defined but never used. Allowed unused caught errors must match /^_/u  @typescript-eslint/no-unused-vars
2026-10-10T01:42:04.0184309Z ##[warning]  816:14  warning  'error' is defined but never used. Allowed unused caught errors must match /^_/u  @typescript-eslint/no-unused-vars
2026-10-10T01:42:04.0184613Z 
2026-10-10T01:42:04.0184896Z /home/runner/work/chainlesschain/chainlesschain/desktop-app-vue/src/main/git/git-p2p-ipc.js
2026-10-10T01:42:04.0185521Z ##[warning]  20:59  warning  'mainWindow' is defined but never used. Allowed unused args must match /^_/u  @typescript-eslint/no-unused-vars
2026-10-10T01:42:04.0185839Z 
2026-10-10T01:42:04.0186190Z /home/runner/work/chainlesschain/chainlesschain/desktop-app-vue/src/main/git/hosting/git-hosting-provider.js
2026-10-10T01:42:04.0186819Z ##[warning]   42:21  warning  'options' is assigned a value but never used. Allowed unused args must match /^_/u   @typescript-eslint/no-unused-vars
2026-10-10T01:42:04.0187673Z ##[warning]   51:20  warning  'repoConfig' is defined but never used. Allowed unused args must match /^_/u         @typescript-eslint/no-unused-vars
2026-10-10T01:42:04.0188508Z ##[warning]   69:19  warning  'title' is defined but never used. Allowed unused args must match /^_/u              @typescript-eslint/no-unused-vars
2026-10-10T01:42:04.0189341Z ##[warning]   69:26  warning  'publicKey' is defined but never used. Allowed unused args must match /^_/u          @typescript-eslint/no-unused-vars
2026-10-10T01:42:04.0190179Z ##[warning]  126:22  warning  'e' is defined but never used. Allowed unused caught errors must match /^_/u         @typescript-eslint/no-unused-vars
2026-10-10T01:42:04.0191133Z ##[warning]  171:28  warning  'protocol' is assigned a value but never used. Allowed unused args must match /^_/u  @typescript-eslint/no-unused-vars
2026-10-10T01:42:04.0191961Z ##[warning]  680:19  warning  'title' is defined but never used. Allowed unused args must match /^_/u              @typescript-eslint/no-unused-vars
2026-10-10T01:42:04.0192803Z ##[warning]  680:26  warning  'publicKey' is defined but never used. Allowed unused args must match /^_/u          @typescript-eslint/no-unused-vars
2026-10-10T01:42:04.0193635Z ##[warning]  708:13  warning  'fs' is assigned a value but never used. Allowed unused vars must match /^_/u        @typescript-eslint/no-unused-vars
2026-10-10T01:42:04.0193930Z 
2026-10-10T01:42:04.0194253Z /home/runner/work/chainlesschain/chainlesschain/desktop-app-vue/src/main/git/hosting/ssh-key-manager.js
2026-10-10T01:42:04.0194807Z ##[warning]  250:14  warning  'error' is defined but never used. Allowed unused caught errors must match /^_/u  @typescript-eslint/no-unused-vars
2026-10-10T01:42:04.0195795Z ##[warning]  263:42  warning  'pemPublicKey' is defined but never used. Allowed unused args must match /^_/u    @typescript-eslint/no-unused-vars
2026-10-10T01:42:04.0196637Z ##[warning]  263:56  warning  'comment' is defined but never used. Allowed unused args must match /^_/u         @typescript-eslint/no-unused-vars
2026-10-10T01:42:04.0196932Z 
2026-10-10T01:42:04.0197221Z /home/runner/work/chainlesschain/chainlesschain/desktop-app-vue/src/main/git/p2p-git-sync.js
2026-10-10T01:42:04.0197774Z ##[warning]  629:14  warning  'error' is defined but never used. Allowed unused caught errors must match /^_/u  @typescript-eslint/no-unused-vars
2026-10-10T01:42:04.0198071Z 
2026-10-10T01:42:04.0198375Z /home/runner/work/chainlesschain/chainlesschain/desktop-app-vue/src/main/git/p2p-git-transport.js
2026-10-10T01:42:04.0198907Z ##[warning]  492:14  warning  'e' is defined but never used. Allowed unused caught errors must match /^_/u  @typescript-eslint/no-unused-vars
2026-10-10T01:42:04.0199305Z 
2026-10-10T01:42:04.0199612Z /home/runner/work/chainlesschain/chainlesschain/desktop-app-vue/src/main/hooks/hook-environment.js
2026-10-10T01:42:04.0199947Z ##[warning]  34:30  warning  Expected { after 'if' condition  curly
2026-10-10T01:42:04.0200499Z ##[warning]  38:50  warning  Expected { after 'if' condition  curly
2026-10-10T01:42:04.0201042Z ##[warning]  41:24  warning  Expected { after 'if' condition  curly
2026-10-10T01:42:04.0201338Z 
2026-10-10T01:42:04.0201637Z /home/runner/work/chainlesschain/chainlesschain/desktop-app-vue/src/main/hooks/hook-middleware.js
2026-10-10T01:42:04.0202230Z ##[warning]    9:9   warning  'HookResult' is assigned a value but never used. Allowed unused vars must match /^_/u  @typescript-eslint/no-unused-vars
2026-10-10T01:42:04.0203067Z ##[warning]  142:13  warning  Unexpected aliasing of 'this' to local variable                                        @typescript-eslint/no-this-alias
2026-10-10T01:42:04.0203368Z 
2026-10-10T01:42:04.0203673Z /home/runner/work/chainlesschain/chainlesschain/desktop-app-vue/src/main/hooks/hook-registry.js
2026-10-10T01:42:04.0204232Z ##[warning]  10:7  warning  'path' is assigned a value but never used. Allowed unused vars must match /^_/u  @typescript-eslint/no-unused-vars
2026-10-10T01:42:04.0204531Z 
2026-10-10T01:42:04.0204852Z /home/runner/work/chainlesschain/chainlesschain/desktop-app-vue/src/main/image-gen/image-gen-manager.js
2026-10-10T01:42:04.0205603Z ##[warning]  130:14  warning  'error' is defined but never used. Allowed unused caught errors must match /^_/u  @typescript-eslint/no-unused-vars
2026-10-10T01:42:04.0205914Z 
2026-10-10T01:42:04.0206218Z /home/runner/work/chainlesschain/chainlesschain/desktop-app-vue/src/main/image/image-processor.js
2026-10-10T01:42:04.0206841Z ##[warning]   17:13  warning  'uuidv4' is assigned a value but never used. Allowed unused vars must match /^_/u  @typescript-eslint/no-unused-vars
2026-10-10T01:42:04.0207699Z ##[warning]  277:16  warning  'error' is defined but never used. Allowed unused caught errors must match /^_/u   @typescript-eslint/no-unused-vars
2026-10-10T01:42:04.0208675Z ##[warning]  331:16  warning  'error' is defined but never used. Allowed unused caught errors must match /^_/u   @typescript-eslint/no-unused-vars
2026-10-10T01:42:04.0208974Z 
2026-10-10T01:42:04.0209273Z /home/runner/work/chainlesschain/chainlesschain/desktop-app-vue/src/main/import/file-importer.js
2026-10-10T01:42:04.0209920Z ##[warning]  242:16  warning  'err' is defined but never used. Allowed unused caught errors must match /^_/u              @typescript-eslint/no-unused-vars
2026-10-10T01:42:04.0210824Z ##[warning]  267:13  warning  'accumulatedSize' is assigned a value but never used. Allowed unused vars must match /^_/u  @typescript-eslint/no-unused-vars
2026-10-10T01:42:04.0211685Z ##[warning]  374:16  warning  'err' is defined but never used. Allowed unused caught errors must match /^_/u              @typescript-eslint/no-unused-vars
2026-10-10T01:42:04.0211986Z 
2026-10-10T01:42:04.0212230Z /home/runner/work/chainlesschain/chainlesschain/desktop-app-vue/src/main/index.js
2026-10-10T01:42:04.0212510Z ##[warning]  2997:21  warning  Expected { after 'if' condition  curly
2026-10-10T01:42:04.0212806Z 
2026-10-10T01:42:04.0213217Z /home/runner/work/chainlesschain/chainlesschain/desktop-app-vue/src/main/ipc/__tests__/personal-data-hub-open-web-window.test.js
2026-10-10T01:42:04.0213590Z ##[warning]  84:18  warning  Empty block statement  no-empty
2026-10-10T01:42:04.0213889Z 
2026-10-10T01:42:04.0214167Z /home/runner/work/chainlesschain/chainlesschain/desktop-app-vue/src/main/ipc/domains/ai.js
2026-10-10T01:42:04.0214742Z ##[warning]  10:27  warning  'deps' is defined but never used. Allowed unused args must match /^_/u  @typescript-eslint/no-unused-vars
2026-10-10T01:42:04.0215134Z 
2026-10-10T01:42:04.0215441Z /home/runner/work/chainlesschain/chainlesschain/desktop-app-vue/src/main/ipc/domains/autonomous.js
2026-10-10T01:42:04.0216040Z ##[warning]  10:35  warning  'deps' is defined but never used. Allowed unused args must match /^_/u  @typescript-eslint/no-unused-vars
2026-10-10T01:42:04.0216346Z 
2026-10-10T01:42:04.0216626Z /home/runner/work/chainlesschain/chainlesschain/desktop-app-vue/src/main/ipc/domains/core.js
2026-10-10T01:42:04.0217121Z ##[warning]  11:29  warning  'deps' is defined but never used. Allowed unused args must match /^_/u  @typescript-eslint/no-unused-vars
2026-10-10T01:42:04.0217416Z 
2026-10-10T01:42:04.0217712Z /home/runner/work/chainlesschain/chainlesschain/desktop-app-vue/src/main/ipc/domains/enterprise.js
2026-10-10T01:42:04.0218200Z ##[warning]  10:35  warning  'deps' is defined but never used. Allowed unused args must match /^_/u  @typescript-eslint/no-unused-vars
2026-10-10T01:42:04.0218499Z 
2026-10-10T01:42:04.0218789Z /home/runner/work/chainlesschain/chainlesschain/desktop-app-vue/src/main/ipc/domains/evomap.js
2026-10-10T01:42:04.0219286Z ##[warning]  10:31  warning  'deps' is defined but never used. Allowed unused args must match /^_/u  @typescript-eslint/no-unused-vars
2026-10-10T01:42:04.0219587Z 
2026-10-10T01:42:04.0219912Z /home/runner/work/chainlesschain/chainlesschain/desktop-app-vue/src/main/ipc/domains/infrastructure.js
2026-10-10T01:42:04.0220409Z ##[warning]  10:39  warning  'deps' is defined but never used. Allowed unused args must match /^_/u  @typescript-eslint/no-unused-vars
2026-10-10T01:42:04.0220708Z 
2026-10-10T01:42:04.0221017Z /home/runner/work/chainlesschain/chainlesschain/desktop-app-vue/src/main/ipc/domains/marketplace.js
2026-10-10T01:42:04.0221500Z ##[warning]  10:36  warning  'deps' is defined but never used. Allowed unused args must match /^_/u  @typescript-eslint/no-unused-vars
2026-10-10T01:42:04.0221802Z 
2026-10-10T01:42:04.0222081Z /home/runner/work/chainlesschain/chainlesschain/desktop-app-vue/src/main/ipc/domains/p2p.js
2026-10-10T01:42:04.0222568Z ##[warning]  10:28  warning  'deps' is defined but never used. Allowed unused args must match /^_/u  @typescript-eslint/no-unused-vars
2026-10-10T01:42:04.0222964Z 
2026-10-10T01:42:04.0223263Z /home/runner/work/chainlesschain/chainlesschain/desktop-app-vue/src/main/ipc/domains/security.js
2026-10-10T01:42:04.0223751Z ##[warning]  10:33  warning  'deps' is defined but never used. Allowed unused args must match /^_/u  @typescript-eslint/no-unused-vars
2026-10-10T01:42:04.0224050Z 
2026-10-10T01:42:04.0224331Z /home/runner/work/chainlesschain/chainlesschain/desktop-app-vue/src/main/ipc/domains/social.js
2026-10-10T01:42:04.0224821Z ##[warning]  10:31  warning  'deps' is defined but never used. Allowed unused args must match /^_/u  @typescript-eslint/no-unused-vars
2026-10-10T01:42:04.0225199Z 
2026-10-10T01:42:04.0225466Z /home/runner/work/chainlesschain/chainlesschain/desktop-app-vue/src/main/ipc/file-ipc.js
2026-10-10T01:42:04.0226030Z ##[warning]  598:16  warning  'error' is defined but never used. Allowed unused caught errors must match /^_/u  @typescript-eslint/no-unused-vars
2026-10-10T01:42:04.0226332Z 
2026-10-10T01:42:04.0226604Z /home/runner/work/chainlesschain/chainlesschain/desktop-app-vue/src/main/ipc/ipc-guard.js
2026-10-10T01:42:04.0227042Z ##[warning]   13:25  warning  Expected { after 'if' condition                                                 curly
2026-10-10T01:42:04.0227877Z ##[warning]  198:16  warning  'err' is defined but never used. Allowed unused caught errors must match /^_/u  @typescript-eslint/no-unused-vars
2026-10-10T01:42:04.0228175Z 
2026-10-10T01:42:04.0228462Z /home/runner/work/chainlesschain/chainlesschain/desktop-app-vue/src/main/ipc/ipc-middleware.js
2026-10-10T01:42:04.0228910Z ##[warning]  42:11  warning  Unexpected aliasing of 'this' to local variable  @typescript-eslint/no-this-alias
2026-10-10T01:42:04.0229209Z 
2026-10-10T01:42:04.0229527Z /home/runner/work/chainlesschain/chainlesschain/desktop-app-vue/src/main/ipc/personal-data-hub-ipc.js
2026-10-10T01:42:04.0229809Z ##[warning]  189:9  warning  Expected { after 'if' condition  curly
2026-10-10T01:42:04.0230102Z 
2026-10-10T01:42:04.0230503Z /home/runner/work/chainlesschain/chainlesschain/desktop-app-vue/src/main/ipc/phases/phase-1-ai.js
2026-10-10T01:42:04.0230857Z ##[warning]  266:16  warning  Expected { after 'if' condition  curly
2026-10-10T01:42:04.0231156Z 
2026-10-10T01:42:04.0231492Z /home/runner/work/chainlesschain/chainlesschain/desktop-app-vue/src/main/ipc/workflow-optimizations-ipc.js
2026-10-10T01:42:04.0232049Z ##[warning]  180:14  warning  'error' is defined but never used. Allowed unused caught errors must match /^_/u  @typescript-eslint/no-unused-vars
2026-10-10T01:42:04.0232881Z ##[warning]  427:14  warning  'error' is defined but never used. Allowed unused caught errors must match /^_/u  @typescript-eslint/no-unused-vars
2026-10-10T01:42:04.0233707Z ##[warning]  442:14  warning  'error' is defined but never used. Allowed unused caught errors must match /^_/u  @typescript-eslint/no-unused-vars
2026-10-10T01:42:04.0234531Z ##[warning]  458:14  warning  'error' is defined but never used. Allowed unused caught errors must match /^_/u  @typescript-eslint/no-unused-vars
2026-10-10T01:42:04.0235499Z ##[warning]  472:14  warning  'error' is defined but never used. Allowed unused caught errors must match /^_/u  @typescript-eslint/no-unused-vars
2026-10-10T01:42:04.0236362Z ##[warning]  488:14  warning  'error' is defined but never used. Allowed unused caught errors must match /^_/u  @typescript-eslint/no-unused-vars
2026-10-10T01:42:04.0237198Z ##[warning]  503:14  warning  'error' is defined but never used. Allowed unused caught errors must match /^_/u  @typescript-eslint/no-unused-vars
2026-10-10T01:42:04.0238033Z ##[warning]  520:14  warning  'error' is defined but never used. Allowed unused caught errors must match /^_/u  @typescript-eslint/no-unused-vars
2026-10-10T01:42:04.0238859Z ##[warning]  542:14  warning  'error' is defined but never used. Allowed unused caught errors must match /^_/u  @typescript-eslint/no-unused-vars
2026-10-10T01:42:04.0239692Z ##[warning]  563:14  warning  'error' is defined but never used. Allowed unused caught errors must match /^_/u  @typescript-eslint/no-unused-vars
2026-10-10T01:42:04.0240654Z ##[warning]  577:14  warning  'error' is defined but never used. Allowed unused caught errors must match /^_/u  @typescript-eslint/no-unused-vars
2026-10-10T01:42:04.0240956Z 
2026-10-10T01:42:04.0241256Z /home/runner/work/chainlesschain/chainlesschain/desktop-app-vue/src/main/ipfs/ipfs-boundaries.js
2026-10-10T01:42:04.0241595Z ##[warning]  134:20  warning  Expected { after 'if' condition  curly
2026-10-10T01:42:04.0241896Z 
2026-10-10T01:42:04.0242212Z /home/runner/work/chainlesschain/chainlesschain/desktop-app-vue/src/main/ipfs/ipfs-content-runtime.js
2026-10-10T01:42:04.0242484Z ##[warning]   63:28  warning  Expected { after 'if' condition  curly
2026-10-10T01:42:04.0243033Z ##[warning]   94:26  warning  Expected { after 'if' condition  curly
2026-10-10T01:42:04.0243656Z ##[warning]  122:14  warning  Unexpected constant condition    no-constant-condition
2026-10-10T01:42:04.0244204Z ##[warning]  128:26  warning  Expected { after 'if' condition  curly
2026-10-10T01:42:04.0244505Z 
2026-10-10T01:42:04.0244786Z /home/runner/work/chainlesschain/chainlesschain/desktop-app-vue/src/main/ipfs/ipfs-ipc.js
2026-10-10T01:42:04.0245137Z ##[warning]  45:40  warning  Expected { after 'if' condition  curly
2026-10-10T01:42:04.0245687Z ##[warning]  49:42  warning  Expected { after 'if' condition  curly
2026-10-10T01:42:04.0245980Z 
2026-10-10T01:42:04.0246273Z /home/runner/work/chainlesschain/chainlesschain/desktop-app-vue/src/main/ipfs/ipfs-manager.js
2026-10-10T01:42:04.0246542Z ##[warning]  234:17  warning  Expected { after 'if' condition  curly
2026-10-10T01:42:04.0247088Z ##[warning]  610:51  warning  Expected { after 'if' condition  curly
2026-10-10T01:42:04.0247631Z ##[warning]  624:29  warning  Expected { after 'if' condition  curly
2026-10-10T01:42:04.0248176Z ##[warning]  642:56  warning  Expected { after 'if' condition  curly
2026-10-10T01:42:04.0248468Z 
2026-10-10T01:42:04.0248973Z /home/runner/work/chainlesschain/chainlesschain/desktop-app-vue/src/main/knowledge-graph/__tests__/graph-analytics.test.js
2026-10-10T01:42:04.0249354Z ##[warning]   86:41  warning  Expected { after 'for-of'        curly
2026-10-10T01:42:04.0249907Z ##[warning]  181:36  warning  Expected { after 'if' condition  curly
2026-10-10T01:42:04.0250209Z 
2026-10-10T01:42:04.0250532Z /home/runner/work/chainlesschain/chainlesschain/desktop-app-vue/src/main/knowledge-graph/graph-export.js
2026-10-10T01:42:04.0251082Z ##[warning]  16:10  warning  'e' is defined but never used. Allowed unused caught errors must match /^_/u  @typescript-eslint/no-unused-vars
2026-10-10T01:42:04.0251898Z ##[warning]  28:15  warning  'name' is defined but never used. Allowed unused args must match /^_/u        @typescript-eslint/no-unused-vars
2026-10-10T01:42:04.0252203Z 
2026-10-10T01:42:04.0252536Z /home/runner/work/chainlesschain/chainlesschain/desktop-app-vue/src/main/knowledge-graph/graph-exporter.js
2026-10-10T01:42:04.0253089Z ##[warning]  8:7  warning  'path' is assigned a value but never used. Allowed unused vars must match /^_/u  @typescript-eslint/no-unused-vars
2026-10-10T01:42:04.0253395Z 
2026-10-10T01:42:04.0253762Z /home/runner/work/chainlesschain/chainlesschain/desktop-app-vue/src/main/knowledge/collaboration-session-manager.js
2026-10-10T01:42:04.0254422Z ##[warning]  378:17  warning  'knowledgeId' is assigned a value but never used. Allowed unused vars must match /^_/u  @typescript-eslint/no-unused-vars
2026-10-10T01:42:04.0254730Z 
2026-10-10T01:42:04.0255217Z /home/runner/work/chainlesschain/chainlesschain/desktop-app-vue/src/main/llm/__tests__/volcengine-function-capability.test.js
2026-10-10T01:42:04.0255616Z ##[warning]   27:52  warning  Expected { after 'if' condition  curly
2026-10-10T01:42:04.0256171Z ##[warning]   28:29  warning  Expected { after 'if' condition  curly
2026-10-10T01:42:04.0256724Z ##[warning]  145:34  warning  Expected { after 'if' condition  curly
2026-10-10T01:42:04.0257020Z 
2026-10-10T01:42:04.0257350Z /home/runner/work/chainlesschain/chainlesschain/desktop-app-vue/src/main/llm/adapters/database-adapter.js
2026-10-10T01:42:04.0257932Z ##[warning]  104:11  warning  Unexpected aliasing of 'this' to local variable  @typescript-eslint/no-this-alias
2026-10-10T01:42:04.0258237Z 
2026-10-10T01:42:04.0258571Z /home/runner/work/chainlesschain/chainlesschain/desktop-app-vue/src/main/llm/adapters/file-system-adapter.js
2026-10-10T01:42:04.0259152Z ##[warning]  154:28  warning  'options' is assigned a value but never used. Allowed unused args must match /^_/u  @typescript-eslint/no-unused-vars
2026-10-10T01:42:04.0259995Z ##[warning]  178:26  warning  'options' is defined but never used. Allowed unused args must match /^_/u           @typescript-eslint/no-unused-vars
2026-10-10T01:42:04.0260296Z 
2026-10-10T01:42:04.0260594Z /home/runner/work/chainlesschain/chainlesschain/desktop-app-vue/src/main/llm/anthropic-client.js
2026-10-10T01:42:04.0260865Z ##[warning]   23:36  warning  Expected { after 'if' condition  curly
2026-10-10T01:42:04.0261411Z ##[warning]  249:21  warning  Expected { after 'if' condition  curly
2026-10-10T01:42:04.0261958Z ##[warning]  252:63  warning  Expected { after 'if' condition  curly
2026-10-10T01:42:04.0262507Z ##[warning]  306:11  warning  Expected { after 'if' condition  curly
2026-10-10T01:42:04.0263058Z ##[warning]  317:25  warning  Expected { after 'if' condition  curly
2026-10-10T01:42:04.0263604Z ##[warning]  322:11  warning  Expected { after 'if' condition  curly
2026-10-10T01:42:04.0264148Z ##[warning]  405:15  warning  Expected { after 'if' condition  curly
2026-10-10T01:42:04.0264692Z ##[warning]  413:11  warning  Expected { after 'if' condition  curly
2026-10-10T01:42:04.0265334Z ##[warning]  415:15  warning  Expected { after 'if' condition  curly
2026-10-10T01:42:04.0265888Z ##[warning]  418:21  warning  Expected { after 'if' condition  curly
2026-10-10T01:42:04.0266432Z ##[warning]  421:63  warning  Expected { after 'if' condition  curly
2026-10-10T01:42:04.0266736Z 
2026-10-10T01:42:04.0267139Z /home/runner/work/chainlesschain/chainlesschain/desktop-app-vue/src/main/llm/gemini-client.js
2026-10-10T01:42:04.0267403Z ##[warning]   28:36  warning  Expected { after 'if' condition  curly
2026-10-10T01:42:04.0267957Z ##[warning]  141:28  warning  Expected { after 'if' condition  curly
2026-10-10T01:42:04.0268499Z ##[warning]  213:21  warning  Expected { after 'if' condition  curly
2026-10-10T01:42:04.0269051Z ##[warning]  216:63  warning  Expected { after 'if' condition  curly
2026-10-10T01:42:04.0269599Z ##[warning]  245:9   warning  Expected { after 'if' condition  curly
2026-10-10T01:42:04.0270149Z ##[warning]  319:63  warning  Expected { after 'if' condition  curly
2026-10-10T01:42:04.0270693Z ##[warning]  354:63  warning  Expected { after 'if' condition  curly
2026-10-10T01:42:04.0270986Z 
2026-10-10T01:42:04.0271275Z /home/runner/work/chainlesschain/chainlesschain/desktop-app-vue/src/main/llm/instinct-ipc.js
2026-10-10T01:42:04.0271543Z ##[warning]  183:56  warning  Expected { after 'if' condition  curly
2026-10-10T01:42:04.0272091Z ##[warning]  303:35  warning  Expected { after 'if' condition  curly
2026-10-10T01:42:04.0272634Z ##[warning]  371:7   warning  Expected { after 'if' condition  curly
2026-10-10T01:42:04.0273176Z ##[warning]  428:31  warning  Expected { after 'if' condition  curly
2026-10-10T01:42:04.0273718Z ##[warning]  440:26  warning  Expected { after 'if' condition  curly
2026-10-10T01:42:04.0274268Z ##[warning]  467:28  warning  Expected { after 'if' condition  curly
2026-10-10T01:42:04.0274806Z ##[warning]  480:28  warning  Expected { after 'if' condition  curly
2026-10-10T01:42:04.0275483Z ##[warning]  495:9   warning  Expected { after 'if' condition  curly
2026-10-10T01:42:04.0276032Z ##[warning]  504:28  warning  Expected { after 'if' condition  curly
2026-10-10T01:42:04.0276576Z ##[warning]  510:28  warning  Expected { after 'if' condition  curly
2026-10-10T01:42:04.0277119Z ##[warning]  512:46  warning  Expected { after 'if' condition  curly
2026-10-10T01:42:04.0277657Z ##[warning]  524:28  warning  Expected { after 'if' condition  curly
2026-10-10T01:42:04.0278302Z ##[warning]  541:28  warning  Expected { after 'if' condition  curly
2026-10-10T01:42:04.0278844Z ##[warning]  545:46  warning  Expected { after 'if' condition  curly
2026-10-10T01:42:04.0279382Z ##[warning]  554:28  warning  Expected { after 'if' condition  curly
2026-10-10T01:42:04.0279926Z ##[warning]  567:44  warning  Expected { after 'for-of'        curly
2026-10-10T01:42:04.0280223Z 
2026-10-10T01:42:04.0280548Z /home/runner/work/chainlesschain/chainlesschain/desktop-app-vue/src/main/llm/llm-config-projection.js
2026-10-10T01:42:04.0280815Z ##[warning]  112:27  warning  Expected { after 'if' condition  curly
2026-10-10T01:42:04.0281361Z ##[warning]  113:62  warning  Expected { after 'if' condition  curly
2026-10-10T01:42:04.0281657Z 
2026-10-10T01:42:04.0281944Z /home/runner/work/chainlesschain/chainlesschain/desktop-app-vue/src/main/llm/llm-ipc-core.js
2026-10-10T01:42:04.0282211Z ##[warning]   222:19  warning  Expected { after 'if' condition  curly
2026-10-10T01:42:04.0282770Z ##[warning]   263:15  warning  Expected { after 'if' condition  curly
2026-10-10T01:42:04.0283323Z ##[warning]   332:21  warning  Expected { after 'if' condition  curly
2026-10-10T01:42:04.0283877Z ##[warning]   339:15  warning  Expected { after 'if' condition  curly
2026-10-10T01:42:04.0284422Z ##[warning]   397:15  warning  Expected { after 'if' condition  curly
2026-10-10T01:42:04.0284971Z ##[warning]   475:15  warning  Expected { after 'if' condition  curly
2026-10-10T01:42:04.0285700Z ##[warning]   505:15  warning  Expected { after 'if' condition  curly
2026-10-10T01:42:04.0286249Z ##[warning]   567:15  warning  Expected { after 'if' condition  curly
2026-10-10T01:42:04.0286802Z ##[warning]   597:15  warning  Expected { after 'if' condition  curly
2026-10-10T01:42:04.0287341Z ##[warning]   649:17  warning  Expected { after 'if' condition  curly
2026-10-10T01:42:04.0287880Z ##[warning]   711:23  warning  Expected { after 'if' condition  curly
2026-10-10T01:42:04.0288553Z ##[warning]   746:17  warning  Expected { after 'if' condition  curly
2026-10-10T01:42:04.0289111Z ##[warning]   865:15  warning  Expected { after 'if' condition  curly
2026-10-10T01:42:04.0289649Z ##[warning]   891:15  warning  Expected { after 'if' condition  curly
2026-10-10T01:42:04.0290203Z ##[warning]  1093:9   warning  Expected { after 'if' condition  curly
2026-10-10T01:42:04.0290745Z ##[warning]  1099:9   warning  Expected { after 'if' condition  curly
2026-10-10T01:42:04.0291039Z 
2026-10-10T01:42:04.0291317Z /home/runner/work/chainlesschain/chainlesschain/desktop-app-vue/src/main/llm/llm-manager.js
2026-10-10T01:42:04.0291590Z ##[warning]    99:40  warning  Expected { after 'if' condition  curly
2026-10-10T01:42:04.0292137Z ##[warning]   199:9   warning  Expected { after 'if' condition  curly
2026-10-10T01:42:04.0292688Z ##[warning]   296:13  warning  Expected { after 'if' condition  curly
2026-10-10T01:42:04.0293236Z ##[warning]   435:7   warning  Expected { after 'if' condition  curly
2026-10-10T01:42:04.0293797Z ##[warning]   451:9   warning  Expected { after 'if' condition  curly
2026-10-10T01:42:04.0294345Z ##[warning]   470:24  warning  Expected { after 'if' condition  curly
2026-10-10T01:42:04.0294896Z ##[warning]   716:30  warning  Expected { after 'if' condition  curly
2026-10-10T01:42:04.0295520Z ##[warning]   718:7   warning  Expected { after 'if' condition  curly
2026-10-10T01:42:04.0296070Z ##[warning]   760:9   warning  Expected { after 'if' condition  curly
2026-10-10T01:42:04.0296622Z ##[warning]   772:7   warning  Expected { after 'if' condition  curly
2026-10-10T01:42:04.0297168Z ##[warning]   786:15  warning  Expected { after 'if' condition  curly
2026-10-10T01:42:04.0297714Z ##[warning]   789:27  warning  Expected { after 'if' condition  curly
2026-10-10T01:42:04.0298262Z ##[warning]   807:17  warning  Expected { after 'if' condition  curly
2026-10-10T01:42:04.0298808Z ##[warning]   934:11  warning  Expected { after 'if' condition  curly
2026-10-10T01:42:04.0299357Z ##[warning]   949:21  warning  Expected { after 'if' condition  curly
2026-10-10T01:42:04.0300028Z ##[warning]   951:9   warning  Expected { after 'else'          curly
2026-10-10T01:42:04.0300584Z ##[warning]  1106:11  warning  Expected { after 'if' condition  curly
2026-10-10T01:42:04.0301139Z ##[warning]  2025:5   warning  Expected { after 'if' condition  curly
2026-10-10T01:42:04.0301439Z 
2026-10-10T01:42:04.0301732Z /home/runner/work/chainlesschain/chainlesschain/desktop-app-vue/src/main/llm/llm-state-bus.js
2026-10-10T01:42:04.0302006Z ##[warning]  110:20  warning  Expected { after 'if' condition  curly
2026-10-10T01:42:04.0302305Z 
2026-10-10T01:42:04.0302576Z /home/runner/work/chainlesschain/chainlesschain/desktop-app-vue/src/main/llm/manus-ipc.js
2026-10-10T01:42:04.0303105Z ##[warning]   61:48  warning  'event' is defined but never used. Allowed unused args must match /^_/u  @typescript-eslint/no-unused-vars
2026-10-10T01:42:04.0303901Z ##[warning]   75:48  warning  'event' is defined but never used. Allowed unused args must match /^_/u  @typescript-eslint/no-unused-vars
2026-10-10T01:42:04.0304694Z ##[warning]   89:46  warning  'event' is defined but never used. Allowed unused args must match /^_/u  @typescript-eslint/no-unused-vars
2026-10-10T01:42:04.0305608Z ##[warning]  103:51  warning  'event' is defined but never used. Allowed unused args must match /^_/u  @typescript-eslint/no-unused-vars
2026-10-10T01:42:04.0306434Z ##[warning]  174:54  warning  'event' is defined but never used. Allowed unused args must match /^_/u  @typescript-eslint/no-unused-vars
2026-10-10T01:42:04.0307226Z ##[warning]  222:52  warning  'event' is defined but never used. Allowed unused args must match /^_/u  @typescript-eslint/no-unused-vars
2026-10-10T01:42:04.0308029Z ##[warning]  274:44  warning  'event' is defined but never used. Allowed unused args must match /^_/u  @typescript-eslint/no-unused-vars
2026-10-10T01:42:04.0308823Z ##[warning]  288:46  warning  'event' is defined but never used. Allowed unused args must match /^_/u  @typescript-eslint/no-unused-vars
2026-10-10T01:42:04.0309708Z ##[warning]  302:52  warning  'event' is defined but never used. Allowed unused args must match /^_/u  @typescript-eslint/no-unused-vars
2026-10-10T01:42:04.0310012Z 
2026-10-10T01:42:04.0310336Z /home/runner/work/chainlesschain/chainlesschain/desktop-app-vue/src/main/llm/memory-file-watcher.js
2026-10-10T01:42:04.0310953Z ##[warning]  448:43  warning  'chunkCount' is assigned a value but never used. Allowed unused args must match /^_/u  @typescript-eslint/no-unused-vars
2026-10-10T01:42:04.0311260Z 
2026-10-10T01:42:04.0311556Z /home/runner/work/chainlesschain/chainlesschain/desktop-app-vue/src/main/llm/ollama-client.js
2026-10-10T01:42:04.0311841Z ##[warning]   81:19  warning  Expected { after 'if' condition  curly
2026-10-10T01:42:04.0312402Z ##[warning]  116:7   warning  Expected { after 'if' condition  curly
2026-10-10T01:42:04.0312951Z ##[warning]  124:19  warning  Expected { after 'if' condition  curly
2026-10-10T01:42:04.0313509Z ##[warning]  219:19  warning  Expected { after 'if' condition  curly
2026-10-10T01:42:04.0314062Z ##[warning]  258:7   warning  Expected { after 'if' condition  curly
2026-10-10T01:42:04.0314612Z ##[warning]  266:19  warning  Expected { after 'if' condition  curly
2026-10-10T01:42:04.0315331Z ##[warning]  452:63  warning  Expected { after 'if' condition  curly
2026-10-10T01:42:04.0315631Z 
2026-10-10T01:42:04.0315962Z /home/runner/work/chainlesschain/chainlesschain/desktop-app-vue/src/main/llm/permanent-memory-manager.js
2026-10-10T01:42:04.0316541Z ##[warning]   203:14  warning  'error' is defined but never used. Allowed unused caught errors must match /^_/u  @typescript-eslint/no-unused-vars
2026-10-10T01:42:04.0317399Z ##[warning]   287:16  warning  'err' is defined but never used. Allowed unused caught errors must match /^_/u    @typescript-eslint/no-unused-vars
2026-10-10T01:42:04.0318261Z ##[warning]   726:14  warning  'error' is defined but never used. Allowed unused caught errors must match /^_/u  @typescript-eslint/no-unused-vars
2026-10-10T01:42:04.0319207Z ##[warning]   739:14  warning  'error' is defined but never used. Allowed unused caught errors must match /^_/u  @typescript-eslint/no-unused-vars
2026-10-10T01:42:04.0320043Z ##[warning]  1139:18  warning  'e' is defined but never used. Allowed unused caught errors must match /^_/u      @typescript-eslint/no-unused-vars
2026-10-10T01:42:04.0320911Z ##[warning]  1379:39  warning  'title' is defined but never used. Allowed unused args must match /^_/u           @typescript-eslint/no-unused-vars
2026-10-10T01:42:04.0321213Z 
2026-10-10T01:42:04.0321529Z /home/runner/work/chainlesschain/chainlesschain/desktop-app-vue/src/main/llm/response-cache-ipc.js
2026-10-10T01:42:04.0321814Z ##[warning]  116:56  warning  Expected { after 'if' condition  curly
2026-10-10T01:42:04.0322374Z ##[warning]  178:34  warning  Expected { after 'if' condition  curly
2026-10-10T01:42:04.0322933Z ##[warning]  179:69  warning  Expected { after 'if' condition  curly
2026-10-10T01:42:04.0323505Z ##[warning]  223:37  warning  Expected { after 'if' condition  curly
2026-10-10T01:42:04.0324077Z ##[warning]  359:21  warning  Expected { after 'if' condition  curly
2026-10-10T01:42:04.0324634Z ##[warning]  371:28  warning  Expected { after 'if' condition  curly
2026-10-10T01:42:04.0325270Z ##[warning]  381:30  warning  Expected { after 'if' condition  curly
2026-10-10T01:42:04.0325820Z ##[warning]  392:30  warning  Expected { after 'if' condition  curly
2026-10-10T01:42:04.0326367Z ##[warning]  413:28  warning  Expected { after 'if' condition  curly
2026-10-10T01:42:04.0326918Z ##[warning]  418:28  warning  Expected { after 'if' condition  curly
2026-10-10T01:42:04.0327468Z ##[warning]  432:39  warning  Expected { after 'if' condition  curly
2026-10-10T01:42:04.0328024Z ##[warning]  441:30  warning  Expected { after 'if' condition  curly
2026-10-10T01:42:04.0328575Z ##[warning]  450:28  warning  Expected { after 'if' condition  curly
2026-10-10T01:42:04.0329154Z ##[warning]  462:28  warning  Expected { after 'if' condition  curly
2026-10-10T01:42:04.0329809Z ##[warning]  492:30  warning  Expected { after 'if' condition  curly
2026-10-10T01:42:04.0330364Z ##[warning]  504:30  warning  Expected { after 'if' condition  curly
2026-10-10T01:42:04.0330918Z ##[warning]  519:59  warning  Expected { after 'if' condition  curly
2026-10-10T01:42:04.0331463Z ##[warning]  522:41  warning  Expected { after 'for-of'        curly
2026-10-10T01:42:04.0331760Z 
2026-10-10T01:42:04.0332064Z /home/runner/work/chainlesschain/chainlesschain/desktop-app-vue/src/main/llm/response-cache.js
2026-10-10T01:42:04.0332342Z ##[warning]   23:5  warning  Expected { after 'if' condition  curly
2026-10-10T01:42:04.0332895Z ##[warning]   25:5  warning  Expected { after 'if' condition  curly
2026-10-10T01:42:04.0333452Z ##[warning]   32:5  warning  Expected { after 'if' condition  curly
2026-10-10T01:42:04.0334006Z ##[warning]   38:5  warning  Expected { after 'if' condition  curly
2026-10-10T01:42:04.0334555Z ##[warning]   46:5  warning  Expected { after 'if' condition  curly
2026-10-10T01:42:04.0335206Z ##[warning]   56:9  warning  Expected { after 'if' condition  curly
2026-10-10T01:42:04.0335761Z ##[warning]  108:7  warning  Expected { after 'if' condition  curly
2026-10-10T01:42:04.0336053Z 
2026-10-10T01:42:04.0336399Z /home/runner/work/chainlesschain/chainlesschain/desktop-app-vue/src/main/llm/session-manager-compression.js
2026-10-10T01:42:04.0337059Z ##[warning]    9:9   warning  'PromptCompressor' is assigned a value but never used. Allowed unused vars must match /^_/u  @typescript-eslint/no-unused-vars
2026-10-10T01:42:04.0337971Z ##[warning]  201:14  warning  'error' is defined but never used. Allowed unused caught errors must match /^_/u             @typescript-eslint/no-unused-vars
2026-10-10T01:42:04.0338271Z 
2026-10-10T01:42:04.0338621Z /home/runner/work/chainlesschain/chainlesschain/desktop-app-vue/src/main/llm/session-manager-exportImport.js
2026-10-10T01:42:04.0339246Z ##[warning]   88:13  warning  'generateNewId' is assigned a value but never used. Allowed unused vars must match /^_/u  @typescript-eslint/no-unused-vars
2026-10-10T01:42:04.0340249Z ##[warning]  134:36  warning  'options' is assigned a value but never used. Allowed unused args must match /^_/u        @typescript-eslint/no-unused-vars
2026-10-10T01:42:04.0340554Z 
2026-10-10T01:42:04.0340879Z /home/runner/work/chainlesschain/chainlesschain/desktop-app-vue/src/main/llm/session-manager-summary.js
2026-10-10T01:42:04.0341548Z ##[warning]  37:13  warning  'timeSinceLastSummary' is assigned a value but never used. Allowed unused vars must match /^_/u  @typescript-eslint/no-unused-vars
2026-10-10T01:42:04.0341850Z 
2026-10-10T01:42:04.0342166Z /home/runner/work/chainlesschain/chainlesschain/desktop-app-vue/src/main/llm/session-manager-tags.js
2026-10-10T01:42:04.0342747Z ##[warning]  200:11  warning  'modified' is assigned a value but never used. Allowed unused vars must match /^_/u  @typescript-eslint/no-unused-vars
2026-10-10T01:42:04.0343048Z 
2026-10-10T01:42:04.0343349Z /home/runner/work/chainlesschain/chainlesschain/desktop-app-vue/src/main/llm/session-manager.js
2026-10-10T01:42:04.0343940Z ##[warning]  290:18  warning  'fileError' is defined but never used. Allowed unused caught errors must match /^_/u  @typescript-eslint/no-unused-vars
2026-10-10T01:42:04.0344816Z ##[warning]  339:40  warning  'options' is assigned a value but never used. Allowed unused args must match /^_/u    @typescript-eslint/no-unused-vars
2026-10-10T01:42:04.0345334Z 
2026-10-10T01:42:04.0345702Z /home/runner/work/chainlesschain/chainlesschain/desktop-app-vue/src/main/llm/volcengine-function-capability.js
2026-10-10T01:42:04.0346002Z ##[warning]  121:29  warning  Expected { after 'if' condition  curly
2026-10-10T01:42:04.0346562Z ##[warning]  143:53  warning  Expected { after 'if' condition  curly
2026-10-10T01:42:04.0346859Z 
2026-10-10T01:42:04.0347179Z /home/runner/work/chainlesschain/chainlesschain/desktop-app-vue/src/main/llm/volcengine-text-test.js
2026-10-10T01:42:04.0347811Z ##[warning]  16:13  warning  'name' is defined but never used. Allowed unused args must match /^_/u  @typescript-eslint/no-unused-vars
2026-10-10T01:42:04.0348113Z 
2026-10-10T01:42:04.0348413Z /home/runner/work/chainlesschain/chainlesschain/desktop-app-vue/src/main/llm/volcengine-tools.js
2026-10-10T01:42:04.0348681Z ##[warning]   96:63  warning  Expected { after 'if' condition  curly
2026-10-10T01:42:04.0349244Z ##[warning]   97:62  warning  Expected { after 'if' condition  curly
2026-10-10T01:42:04.0365262Z ##[warning]  135:9   warning  Expected { after 'if' condition  curly
2026-10-10T01:42:04.0365921Z ##[warning]  169:63  warning  Expected { after 'if' condition  curly
2026-10-10T01:42:04.0366488Z ##[warning]  170:62  warning  Expected { after 'if' condition  curly
2026-10-10T01:42:04.0367042Z ##[warning]  461:67  warning  Expected { after 'if' condition  curly
2026-10-10T01:42:04.0367338Z 
2026-10-10T01:42:04.0367634Z /home/runner/work/chainlesschain/chainlesschain/desktop-app-vue/src/main/logging/logger.js
2026-10-10T01:42:04.0368340Z ##[warning]  386:16  warning  'error' is defined but never used. Allowed unused caught errors must match /^_/u  @typescript-eslint/no-unused-vars
2026-10-10T01:42:04.0369201Z ##[warning]  441:18  warning  'error' is defined but never used. Allowed unused caught errors must match /^_/u  @typescript-eslint/no-unused-vars
2026-10-10T01:42:04.0369509Z 
2026-10-10T01:42:04.0369853Z /home/runner/work/chainlesschain/chainlesschain/desktop-app-vue/src/main/marketplace/marketplace-client.js
2026-10-10T01:42:04.0370452Z ##[warning]  24:10  warning  'e' is defined but never used. Allowed unused caught errors must match /^_/u  @typescript-eslint/no-unused-vars
2026-10-10T01:42:04.0370757Z 
2026-10-10T01:42:04.0371095Z /home/runner/work/chainlesschain/chainlesschain/desktop-app-vue/src/main/marketplace/marketplace-ipc.js
2026-10-10T01:42:04.0371614Z ##[warning]  184:55  warning  'event' is defined but never used. Allowed unused args must match /^_/u  @typescript-eslint/no-unused-vars
2026-10-10T01:42:04.0372417Z ##[warning]  322:54  warning  'event' is defined but never used. Allowed unused args must match /^_/u  @typescript-eslint/no-unused-vars
2026-10-10T01:42:04.0373388Z ##[warning]  424:52  warning  'event' is defined but never used. Allowed unused args must match /^_/u  @typescript-eslint/no-unused-vars
2026-10-10T01:42:04.0374169Z ##[warning]  650:53  warning  'event' is defined but never used. Allowed unused args must match /^_/u  @typescript-eslint/no-unused-vars
2026-10-10T01:42:04.0374468Z 
2026-10-10T01:42:04.0374806Z /home/runner/work/chainlesschain/chainlesschain/desktop-app-vue/src/main/marketplace/plugin-ecosystem-v2.js
2026-10-10T01:42:04.0375460Z ##[warning]  23:24  warning  'deps' is assigned a value but never used. Allowed unused args must match /^_/u  @typescript-eslint/no-unused-vars
2026-10-10T01:42:04.0375764Z 
2026-10-10T01:42:04.0376081Z /home/runner/work/chainlesschain/chainlesschain/desktop-app-vue/src/main/marketplace/plugin-installer.js
2026-10-10T01:42:04.0376623Z ##[warning]    45:10  warning  'e' is defined but never used. Allowed unused caught errors must match /^_/u   @typescript-eslint/no-unused-vars
2026-10-10T01:42:04.0377439Z ##[warning]   104:16  warning  'e' is defined but never used. Allowed unused caught errors must match /^_/u   @typescript-eslint/no-unused-vars
2026-10-10T01:42:04.0378255Z ##[warning]  1069:16  warning  'e' is defined but never used. Allowed unused caught errors must match /^_/u   @typescript-eslint/no-unused-vars
2026-10-10T01:42:04.0379059Z ##[warning]  1112:16  warning  'e' is defined but never used. Allowed unused caught errors must match /^_/u   @typescript-eslint/no-unused-vars
2026-10-10T01:42:04.0379880Z ##[warning]  1129:20  warning  'e2' is defined but never used. Allowed unused caught errors must match /^_/u  @typescript-eslint/no-unused-vars
2026-10-10T01:42:04.0380714Z ##[warning]  1512:18  warning  'e' is defined but never used. Allowed unused caught errors must match /^_/u   @typescript-eslint/no-unused-vars
2026-10-10T01:42:04.0381672Z ##[warning]  1523:18  warning  'e' is defined but never used. Allowed unused caught errors must match /^_/u   @typescript-eslint/no-unused-vars
2026-10-10T01:42:04.0382496Z ##[warning]  1535:18  warning  'e' is defined but never used. Allowed unused caught errors must match /^_/u   @typescript-eslint/no-unused-vars
2026-10-10T01:42:04.0383309Z ##[warning]  1611:16  warning  'e' is defined but never used. Allowed unused caught errors must match /^_/u   @typescript-eslint/no-unused-vars
2026-10-10T01:42:04.0384126Z ##[warning]  1713:20  warning  'e' is defined but never used. Allowed unused caught errors must match /^_/u   @typescript-eslint/no-unused-vars
2026-10-10T01:42:04.0384940Z ##[warning]  1717:16  warning  'e' is defined but never used. Allowed unused caught errors must match /^_/u   @typescript-eslint/no-unused-vars
2026-10-10T01:42:04.0385322Z 
2026-10-10T01:42:04.0385683Z /home/runner/work/chainlesschain/chainlesschain/desktop-app-vue/src/main/marketplace/skill-marketplace-client.js
2026-10-10T01:42:04.0386243Z ##[warning]  152:23  warning  'sort' is assigned a value but never used. Allowed unused vars must match /^_/u  @typescript-eslint/no-unused-vars
2026-10-10T01:42:04.0386546Z 
2026-10-10T01:42:04.0386865Z /home/runner/work/chainlesschain/chainlesschain/desktop-app-vue/src/main/marketplace/skill-packager.js
2026-10-10T01:42:04.0387420Z ##[warning]  40:14  warning  'error' is defined but never used. Allowed unused caught errors must match /^_/u  @typescript-eslint/no-unused-vars
2026-10-10T01:42:04.0387718Z 
2026-10-10T01:42:04.0388083Z /home/runner/work/chainlesschain/chainlesschain/desktop-app-vue/src/main/mcp/__tests__/benchmark-mcp-performance.js
2026-10-10T01:42:04.0388750Z ##[warning]  184:16  warning  'error' is defined but never used. Allowed unused caught errors must match /^_/u  @typescript-eslint/no-unused-vars
2026-10-10T01:42:04.0389047Z 
2026-10-10T01:42:04.0389433Z /home/runner/work/chainlesschain/chainlesschain/desktop-app-vue/src/main/mcp/__tests__/mcp-client-manager-latency.test.js
2026-10-10T01:42:04.0389831Z ##[warning]  18:35  warning  Expected { after 'for' condition  curly
2026-10-10T01:42:04.0390390Z ##[warning]  32:36  warning  Expected { after 'for' condition  curly
2026-10-10T01:42:04.0390940Z ##[warning]  37:35  warning  Expected { after 'for' condition  curly
2026-10-10T01:42:04.0391242Z 
2026-10-10T01:42:04.0391573Z /home/runner/work/chainlesschain/chainlesschain/desktop-app-vue/src/main/mcp/__tests__/quick-benchmark.js
2026-10-10T01:42:04.0392142Z ##[warning]  38:9  warning  'monitor' is assigned a value but never used. Allowed unused vars must match /^_/u  @typescript-eslint/no-unused-vars
2026-10-10T01:42:04.0392457Z 
2026-10-10T01:42:04.0392764Z /home/runner/work/chainlesschain/chainlesschain/desktop-app-vue/src/main/mcp/community-registry.js
2026-10-10T01:42:04.0393129Z ##[warning]  1286:11  warning  'chunks' is never reassigned. Use 'const' instead  prefer-const
2026-10-10T01:42:04.0393425Z 
2026-10-10T01:42:04.0393764Z /home/runner/work/chainlesschain/chainlesschain/desktop-app-vue/src/main/mcp/examples/example-integration.js
2026-10-10T01:42:04.0394375Z ##[warning]   96:22  warning  'capabilities' is defined but never used. Allowed unused args must match /^_/u  @typescript-eslint/no-unused-vars
2026-10-10T01:42:04.0395283Z ##[warning]  115:41  warning  'result' is defined but never used. Allowed unused args must match /^_/u        @typescript-eslint/no-unused-vars
2026-10-10T01:42:04.0395582Z 
2026-10-10T01:42:04.0395884Z /home/runner/work/chainlesschain/chainlesschain/desktop-app-vue/src/main/mcp/mcp-client-manager.js
2026-10-10T01:42:04.0396163Z ##[warning]  102:31  warning  Expected { after 'if' condition  curly
2026-10-10T01:42:04.0396465Z 
2026-10-10T01:42:04.0396766Z /home/runner/work/chainlesschain/chainlesschain/desktop-app-vue/src/main/mcp/mcp-egress-policy.js
2026-10-10T01:42:04.0397215Z ##[warning]  24:54  warning  Expected { after 'if' condition                                                   curly
2026-10-10T01:42:04.0398032Z ##[warning]  25:69  warning  Expected { after 'if' condition                                                   curly
2026-10-10T01:42:04.0398741Z ##[warning]  26:39  warning  Expected { after 'if' condition                                                   curly
2026-10-10T01:42:04.0399595Z ##[warning]  50:3   warning  'allowedDomains' is defined but never used. Allowed unused args must match /^_/u  @typescript-eslint/no-unused-vars
2026-10-10T01:42:04.0400308Z ##[warning]  60:18  warning  Expected { after 'if' condition                                                   curly
2026-10-10T01:42:04.0401006Z ##[warning]  71:21  warning  Expected { after 'if' condition                                                   curly
2026-10-10T01:42:04.0401304Z 
2026-10-10T01:42:04.0401629Z /home/runner/work/chainlesschain/chainlesschain/desktop-app-vue/src/main/mcp/mcp-security-audit-store.js
2026-10-10T01:42:04.0401901Z ##[warning]  32:37  warning  Expected { after 'if' condition  curly
2026-10-10T01:42:04.0402193Z 
2026-10-10T01:42:04.0402505Z /home/runner/work/chainlesschain/chainlesschain/desktop-app-vue/src/main/mcp/mcp-security-policy.js
2026-10-10T01:42:04.0402773Z ##[warning]  41:38  warning  Expected { after 'if' condition  curly
2026-10-10T01:42:04.0403328Z ##[warning]  42:36  warning  Expected { after 'if' condition  curly
2026-10-10T01:42:04.0403881Z ##[warning]  50:34  warning  Expected { after 'if' condition  curly
2026-10-10T01:42:04.0404439Z ##[warning]  51:19  warning  Expected { after 'if' condition  curly
2026-10-10T01:42:04.0404730Z 
2026-10-10T01:42:04.0405203Z /home/runner/work/chainlesschain/chainlesschain/desktop-app-vue/src/main/mcp/sdk/bounded-line-reader.js
2026-10-10T01:42:04.0405540Z ##[warning]  21:37  warning  Expected { after 'if' condition  curly
2026-10-10T01:42:04.0406100Z ##[warning]  32:31  warning  Expected { after 'if' condition  curly
2026-10-10T01:42:04.0406636Z ##[warning]  42:29  warning  Expected { after 'if' condition  curly
2026-10-10T01:42:04.0407175Z ##[warning]  58:31  warning  Expected { after 'if' condition  curly
2026-10-10T01:42:04.0407621Z 
2026-10-10T01:42:04.0407917Z /home/runner/work/chainlesschain/chainlesschain/desktop-app-vue/src/main/mcp/sdk/http-server.js
2026-10-10T01:42:04.0408369Z ##[warning]    60:51  warning  Expected { after 'if' condition                                                        curly
2026-10-10T01:42:04.0409105Z ##[warning]   544:22  warning  Expected { after 'if' condition                                                        curly
2026-10-10T01:42:04.0409815Z ##[warning]   556:21  warning  Expected { after 'if' condition                                                        curly
2026-10-10T01:42:04.0410528Z ##[warning]   580:21  warning  Expected { after 'if' condition                                                        curly
2026-10-10T01:42:04.0411240Z ##[warning]   592:21  warning  Expected { after 'if' condition                                                        curly
2026-10-10T01:42:04.0412146Z ##[warning]   601:18  warning  'parseError' is defined but never used. Allowed unused caught errors must match /^_/u  @typescript-eslint/no-unused-vars
2026-10-10T01:42:04.0412876Z ##[warning]   678:42  warning  Expected { after 'if' condition                                                        curly
2026-10-10T01:42:04.0413592Z ##[warning]   683:24  warning  Expected { after 'if' condition                                                        curly
2026-10-10T01:42:04.0414306Z ##[warning]   689:24  warning  Expected { after 'if' condition                                                        curly
2026-10-10T01:42:04.0415242Z ##[warning]   778:19  warning  'params' is defined but never used. Allowed unused args must match /^_/u               @typescript-eslint/no-unused-vars
2026-10-10T01:42:04.0416111Z ##[warning]   781:17  warning  'toolName' is assigned a value but never used. Allowed unused vars must match /^_/u    @typescript-eslint/no-unused-vars
2026-10-10T01:42:04.0417059Z ##[warning]   855:23  warning  'params' is defined but never used. Allowed unused args must match /^_/u               @typescript-eslint/no-unused-vars
2026-10-10T01:42:04.0417912Z ##[warning]   858:17  warning  'uri' is assigned a value but never used. Allowed unused vars must match /^_/u         @typescript-eslint/no-unused-vars
2026-10-10T01:42:04.0418766Z ##[warning]   920:21  warning  'params' is defined but never used. Allowed unused args must match /^_/u               @typescript-eslint/no-unused-vars
2026-10-10T01:42:04.0419620Z ##[warning]   923:17  warning  'promptName' is assigned a value but never used. Allowed unused vars must match /^_/u  @typescript-eslint/no-unused-vars
2026-10-10T01:42:04.0420383Z ##[warning]  1059:18  warning  Expected { after 'if' condition                                                        curly
2026-10-10T01:42:04.0421102Z ##[warning]  1097:21  warning  Expected { after 'if' condition                                                        curly
2026-10-10T01:42:04.0421968Z ##[warning]  1404:16  warning  'error' is defined but never used. Allowed unused caught errors must match /^_/u       @typescript-eslint/no-unused-vars
2026-10-10T01:42:04.0422280Z 
2026-10-10T01:42:04.0422586Z /home/runner/work/chainlesschain/chainlesschain/desktop-app-vue/src/main/mcp/sdk/stdio-server.js
2026-10-10T01:42:04.0423025Z ##[warning]    64:51  warning  Expected { after 'if' condition                                                        curly
2026-10-10T01:42:04.0423727Z ##[warning]   312:54  warning  Expected { after 'for-of'                                                              curly
2026-10-10T01:42:04.0424433Z ##[warning]   383:28  warning  Expected { after 'if' condition                                                        curly
2026-10-10T01:42:04.0425226Z ##[warning]   386:32  warning  Expected { after 'if' condition                                                        curly
2026-10-10T01:42:04.0425925Z ##[warning]   391:30  warning  Expected { after 'if' condition                                                        curly
2026-10-10T01:42:04.0426638Z ##[warning]   489:21  warning  Expected { after 'if' condition                                                        curly
2026-10-10T01:42:04.0427604Z ##[warning]   667:20  warning  'params' is defined but never used. Allowed unused args must match /^_/u               @typescript-eslint/no-unused-vars
2026-10-10T01:42:04.0428464Z ##[warning]   670:17  warning  'toolName' is assigned a value but never used. Allowed unused vars must match /^_/u    @typescript-eslint/no-unused-vars
2026-10-10T01:42:04.0429326Z ##[warning]   745:24  warning  'params' is defined but never used. Allowed unused args must match /^_/u               @typescript-eslint/no-unused-vars
2026-10-10T01:42:04.0430165Z ##[warning]   748:17  warning  'uri' is assigned a value but never used. Allowed unused vars must match /^_/u         @typescript-eslint/no-unused-vars
2026-10-10T01:42:04.0431000Z ##[warning]   810:22  warning  'params' is defined but never used. Allowed unused args must match /^_/u               @typescript-eslint/no-unused-vars
2026-10-10T01:42:04.0431870Z ##[warning]   813:17  warning  'promptName' is assigned a value but never used. Allowed unused vars must match /^_/u  @typescript-eslint/no-unused-vars
2026-10-10T01:42:04.0432581Z ##[warning]  1032:63  warning  Expected { after 'if' condition                                                        curly
2026-10-10T01:42:04.0433293Z ##[warning]  1068:58  warning  Expected { after 'if' condition                                                        curly
2026-10-10T01:42:04.0434006Z ##[warning]  1071:24  warning  Expected { after 'if' condition                                                        curly
2026-10-10T01:42:04.0434713Z ##[warning]  1088:31  warning  Expected { after 'if' condition                                                        curly
2026-10-10T01:42:04.0435538Z ##[warning]  1094:26  warning  Expected { after 'if' condition                                                        curly
2026-10-10T01:42:04.0436367Z ##[warning]  1097:26  warning  Expected { after 'if' condition                                                        curly
2026-10-10T01:42:04.0437218Z ##[warning]  1168:16  warning  'error' is defined but never used. Allowed unused caught errors must match /^_/u       @typescript-eslint/no-unused-vars
2026-10-10T01:42:04.0437517Z 
2026-10-10T01:42:04.0437915Z /home/runner/work/chainlesschain/chainlesschain/desktop-app-vue/src/main/mcp/transports/brokered-stdio-client-transport.js
2026-10-10T01:42:04.0438278Z ##[warning]  118:35  warning  Expected { after 'if' condition  curly
2026-10-10T01:42:04.0438904Z ##[warning]  147:12  warning  Unexpected constant condition    no-constant-condition
2026-10-10T01:42:04.0439458Z ##[warning]  149:29  warning  Expected { after 'if' condition  curly
2026-10-10T01:42:04.0440001Z ##[warning]  191:61  warning  Expected { after 'if' condition  curly
2026-10-10T01:42:04.0440649Z ##[warning]  227:57  warning  Expected { after 'if' condition  curly
2026-10-10T01:42:04.0441305Z ##[warning]  239:30  warning  Expected { after 'if' condition  curly
2026-10-10T01:42:04.0441848Z ##[warning]  244:26  warning  Expected { after 'if' condition  curly
2026-10-10T01:42:04.0442386Z ##[warning]  253:33  warning  Expected { after 'if' condition  curly
2026-10-10T01:42:04.0442920Z ##[warning]  285:17  warning  Expected { after 'if' condition  curly
2026-10-10T01:42:04.0443211Z 
2026-10-10T01:42:04.0443562Z /home/runner/work/chainlesschain/chainlesschain/desktop-app-vue/src/main/mcp/transports/http-sse-transport.js
2026-10-10T01:42:04.0444142Z ##[warning]  568:7  warning  'requestId' is assigned a value but never used. Allowed unused vars must match /^_/u  @typescript-eslint/no-unused-vars
2026-10-10T01:42:04.0444446Z 
2026-10-10T01:42:04.0444766Z /home/runner/work/chainlesschain/chainlesschain/desktop-app-vue/src/main/memory/auto-backup-manager.js
2026-10-10T01:42:04.0445577Z ##[warning]   386:18  warning  'tableError' is defined but never used. Allowed unused caught errors must match /^_/u  @typescript-eslint/no-unused-vars
2026-10-10T01:42:04.0446498Z ##[warning]   576:18  warning  'tableError' is defined but never used. Allowed unused caught errors must match /^_/u  @typescript-eslint/no-unused-vars
2026-10-10T01:42:04.0447503Z ##[warning]  1154:16  warning  'fileError' is defined but never used. Allowed unused caught errors must match /^_/u   @typescript-eslint/no-unused-vars
2026-10-10T01:42:04.0447808Z 
2026-10-10T01:42:04.0448084Z /home/runner/work/chainlesschain/chainlesschain/desktop-app-vue/src/main/memory/index.js
2026-10-10T01:42:04.0448489Z ##[warning]  281:3  warning  'dashboardIPC' is never reassigned. Use 'const' instead  prefer-const
2026-10-10T01:42:04.0448790Z 
2026-10-10T01:42:04.0449132Z /home/runner/work/chainlesschain/chainlesschain/desktop-app-vue/src/main/memory/learned-pattern-manager.js
2026-10-10T01:42:04.0449696Z ##[warning]  354:23  warning  'tags' is assigned a value but never used. Allowed unused vars must match /^_/u  @typescript-eslint/no-unused-vars
2026-10-10T01:42:04.0450000Z 
2026-10-10T01:42:04.0450318Z /home/runner/work/chainlesschain/chainlesschain/desktop-app-vue/src/main/memory/memory-hierarchy.js
2026-10-10T01:42:04.0450755Z ##[warning]  495:46  warning  Expected { after 'if' condition                                               curly
2026-10-10T01:42:04.0451586Z ##[warning]  688:18  warning  'e' is defined but never used. Allowed unused caught errors must match /^_/u  @typescript-eslint/no-unused-vars
2026-10-10T01:42:04.0451883Z 
2026-10-10T01:42:04.0452193Z /home/runner/work/chainlesschain/chainlesschain/desktop-app-vue/src/main/monitoring/error-handler.js
2026-10-10T01:42:04.0452783Z ##[warning]  123:47  warning  'promise' is defined but never used. Allowed unused args must match /^_/u  @typescript-eslint/no-unused-vars
2026-10-10T01:42:04.0453596Z ##[warning]  203:21  warning  'context' is defined but never used. Allowed unused args must match /^_/u  @typescript-eslint/no-unused-vars
2026-10-10T01:42:04.0453899Z 
2026-10-10T01:42:04.0454301Z /home/runner/work/chainlesschain/chainlesschain/desktop-app-vue/src/main/monitoring/error-monitor.js
2026-10-10T01:42:04.0454880Z ##[warning]   543:27  warning  'error' is defined but never used. Allowed unused args must match /^_/u                  @typescript-eslint/no-unused-vars
2026-10-10T01:42:04.0455852Z ##[warning]   941:18  warning  'netstatError' is defined but never used. Allowed unused caught errors must match /^_/u  @typescript-eslint/no-unused-vars
2026-10-10T01:42:04.0456727Z ##[warning]   979:18  warning  'lsofError' is defined but never used. Allowed unused caught errors must match /^_/u     @typescript-eslint/no-unused-vars
2026-10-10T01:42:04.0457596Z ##[warning]  1062:22  warning  'subdirError' is defined but never used. Allowed unused caught errors must match /^_/u   @typescript-eslint/no-unused-vars
2026-10-10T01:42:04.0458328Z ##[warning]  1101:27  warning  Expected { after 'if' condition                                                          curly
2026-10-10T01:42:04.0459040Z ##[warning]  1120:27  warning  Expected { after 'if' condition                                                          curly
2026-10-10T01:42:04.0459916Z ##[warning]  1348:16  warning  'syncError' is defined but never used. Allowed unused caught errors must match /^_/u     @typescript-eslint/no-unused-vars
2026-10-10T01:42:04.0460780Z ##[warning]  1482:45  warning  'options' is assigned a value but never used. Allowed unused args must match /^_/u       @typescript-eslint/no-unused-vars
2026-10-10T01:42:04.0461075Z 
2026-10-10T01:42:04.0461386Z /home/runner/work/chainlesschain/chainlesschain/desktop-app-vue/src/main/monitoring/health-check.js
2026-10-10T01:42:04.0461664Z ##[warning]  186:33  warning  Expected { after 'if' condition  curly
2026-10-10T01:42:04.0462206Z ##[warning]  232:33  warning  Expected { after 'if' condition  curly
2026-10-10T01:42:04.0462498Z 
2026-10-10T01:42:04.0462829Z /home/runner/work/chainlesschain/chainlesschain/desktop-app-vue/src/main/monitoring/performance-monitor.js
2026-10-10T01:42:04.0463388Z ##[warning]  636:18  warning  'e' is defined but never used. Allowed unused caught errors must match /^_/u      @typescript-eslint/no-unused-vars
2026-10-10T01:42:04.0464340Z ##[warning]  926:14  warning  'error' is defined but never used. Allowed unused caught errors must match /^_/u  @typescript-eslint/no-unused-vars
2026-10-10T01:42:04.0464638Z 
2026-10-10T01:42:04.0464949Z /home/runner/work/chainlesschain/chainlesschain/desktop-app-vue/src/main/mtc/governance-multisig.js
2026-10-10T01:42:04.0465668Z ##[warning]  32:7  warning  'naclUtil' is assigned a value but never used. Allowed unused vars must match /^_/u  @typescript-eslint/no-unused-vars
2026-10-10T01:42:04.0465969Z 
2026-10-10T01:42:04.0466293Z /home/runner/work/chainlesschain/chainlesschain/desktop-app-vue/src/main/native-messaging/http-server.js
2026-10-10T01:42:04.0466874Z ##[warning]  282:16  warning  'e' is defined but never used. Allowed unused caught errors must match /^_/u  @typescript-eslint/no-unused-vars
2026-10-10T01:42:04.0467175Z 
2026-10-10T01:42:04.0467497Z /home/runner/work/chainlesschain/chainlesschain/desktop-app-vue/src/main/native-messaging/native-host.js
2026-10-10T01:42:04.0468093Z ##[warning]   34:11  warning  'lengthBuffer' is assigned a value but never used. Allowed unused vars must match /^_/u  @typescript-eslint/no-unused-vars
2026-10-10T01:42:04.0468872Z ##[warning]  212:12  warning  Unexpected constant condition                                                            no-constant-condition
2026-10-10T01:42:04.0469166Z 
2026-10-10T01:42:04.0469588Z /home/runner/work/chainlesschain/chainlesschain/desktop-app-vue/src/main/notification/__tests__/notification-authority-ipc.test.js
2026-10-10T01:42:04.0469969Z ##[warning]   97:44  warning  Expected { after 'if' condition   curly
2026-10-10T01:42:04.0470524Z ##[warning]   98:18  warning  Expected { after 'if' condition   curly
2026-10-10T01:42:04.0471073Z ##[warning]  348:35  warning  Expected { after 'for' condition  curly
2026-10-10T01:42:04.0471367Z 
2026-10-10T01:42:04.0471916Z /home/runner/work/chainlesschain/chainlesschain/desktop-app-vue/src/main/notification/__tests__/project-goal-notification-journey.test.js
2026-10-10T01:42:04.0472185Z ##[warning]  116:19  warning  Expected { after 'if' condition   curly
2026-10-10T01:42:04.0472737Z ##[warning]  211:9   warning  Expected { after 'if' condition   curly
2026-10-10T01:42:04.0473281Z ##[warning]  213:9   warning  Expected { after 'if' condition   curly
2026-10-10T01:42:04.0473819Z ##[warning]  215:9   warning  Expected { after 'if' condition   curly
2026-10-10T01:42:04.0474360Z ##[warning]  255:37  warning  Expected { after 'for' condition  curly
2026-10-10T01:42:04.0474652Z 
2026-10-10T01:42:04.0474995Z /home/runner/work/chainlesschain/chainlesschain/desktop-app-vue/src/main/notification/notification-ipc.js
2026-10-10T01:42:04.0475352Z ##[warning]   22:5   warning  Expected { after 'if' condition  curly
2026-10-10T01:42:04.0475909Z ##[warning]   34:5   warning  Expected { after 'if' condition  curly
2026-10-10T01:42:04.0476450Z ##[warning]   45:5   warning  Expected { after 'if' condition  curly
2026-10-10T01:42:04.0476989Z ##[warning]   85:7   warning  Expected { after 'if' condition  curly
2026-10-10T01:42:04.0477533Z ##[warning]   88:7   warning  Expected { after 'if' condition  curly
2026-10-10T01:42:04.0478064Z ##[warning]  102:7   warning  Expected { after 'if' condition  curly
2026-10-10T01:42:04.0478599Z ##[warning]  109:7   warning  Expected { after 'if' condition  curly
2026-10-10T01:42:04.0479138Z ##[warning]  112:7   warning  Expected { after 'if' condition  curly
2026-10-10T01:42:04.0479853Z ##[warning]  119:9   warning  Expected { after 'if' condition  curly
2026-10-10T01:42:04.0480396Z ##[warning]  120:37  warning  Expected { after 'if' condition  curly
2026-10-10T01:42:04.0480937Z ##[warning]  122:9   warning  Expected { after 'if' condition  curly
2026-10-10T01:42:04.0481477Z ##[warning]  148:49  warning  Expected { after 'if' condition  curly
2026-10-10T01:42:04.0482017Z ##[warning]  152:39  warning  Expected { after 'if' condition  curly
2026-10-10T01:42:04.0482558Z ##[warning]  158:46  warning  Expected { after 'if' condition  curly
2026-10-10T01:42:04.0483212Z ##[warning]  175:26  warning  Expected { after 'if' condition  curly
2026-10-10T01:42:04.0483749Z ##[warning]  176:29  warning  Expected { after 'if' condition  curly
2026-10-10T01:42:04.0484288Z ##[warning]  182:7   warning  Expected { after 'if' condition  curly
2026-10-10T01:42:04.0484823Z ##[warning]  188:35  warning  Expected { after 'if' condition  curly
2026-10-10T01:42:04.0485518Z ##[warning]  209:12  warning  Unexpected constant condition    no-constant-condition
2026-10-10T01:42:04.0486061Z ##[warning]  218:51  warning  Expected { after 'if' condition  curly
2026-10-10T01:42:04.0486602Z ##[warning]  220:37  warning  Expected { after 'if' condition  curly
2026-10-10T01:42:04.0487144Z ##[warning]  259:27  warning  Expected { after 'if' condition  curly
2026-10-10T01:42:04.0487680Z ##[warning]  294:31  warning  Expected { after 'if' condition  curly
2026-10-10T01:42:04.0488221Z ##[warning]  303:17  warning  Expected { after 'if' condition  curly
2026-10-10T01:42:04.0488765Z ##[warning]  304:39  warning  Expected { after 'if' condition  curly
2026-10-10T01:42:04.0489313Z ##[warning]  306:51  warning  Expected { after 'if' condition  curly
2026-10-10T01:42:04.0489858Z ##[warning]  308:43  warning  Expected { after 'if' condition  curly
2026-10-10T01:42:04.0490403Z ##[warning]  321:25  warning  Expected { after 'if' condition  curly
2026-10-10T01:42:04.0490942Z ##[warning]  332:13  warning  Expected { after 'if' condition  curly
2026-10-10T01:42:04.0491479Z ##[warning]  348:25  warning  Expected { after 'if' condition  curly
2026-10-10T01:42:04.0492016Z ##[warning]  370:27  warning  Expected { after 'if' condition  curly
2026-10-10T01:42:04.0492554Z ##[warning]  377:27  warning  Expected { after 'if' condition  curly
2026-10-10T01:42:04.0493096Z ##[warning]  392:13  warning  Expected { after 'if' condition  curly
2026-10-10T01:42:04.0493641Z ##[warning]  420:11  warning  Expected { after 'if' condition  curly
2026-10-10T01:42:04.0493940Z 
2026-10-10T01:42:04.0494368Z /home/runner/work/chainlesschain/chainlesschain/desktop-app-vue/src/main/organization/category-ipc.js
2026-10-10T01:42:04.0495115Z ##[warning]  10:48  warning  'mainWindow' is defined but never used. Allowed unused args must match /^_/u  @typescript-eslint/no-unused-vars
2026-10-10T01:42:04.0495425Z 
2026-10-10T01:42:04.0495743Z /home/runner/work/chainlesschain/chainlesschain/desktop-app-vue/src/main/organization/dashboard-ipc.js
2026-10-10T01:42:04.0496334Z ##[warning]  344:11  warning  'startTime' is assigned a value but never used. Allowed unused vars must match /^_/u  @typescript-eslint/no-unused-vars
2026-10-10T01:42:04.0497183Z ##[warning]  659:14  warning  'e' is defined but never used. Allowed unused caught errors must match /^_/u          @typescript-eslint/no-unused-vars
2026-10-10T01:42:04.0498019Z ##[warning]  675:14  warning  'e' is defined but never used. Allowed unused caught errors must match /^_/u          @typescript-eslint/no-unused-vars
2026-10-10T01:42:04.0498871Z ##[warning]  692:14  warning  'e' is defined but never used. Allowed unused caught errors must match /^_/u          @typescript-eslint/no-unused-vars
2026-10-10T01:42:04.0499724Z ##[warning]  708:14  warning  'e' is defined but never used. Allowed unused caught errors must match /^_/u          @typescript-eslint/no-unused-vars
2026-10-10T01:42:04.0500024Z 
2026-10-10T01:42:04.0500379Z /home/runner/work/chainlesschain/chainlesschain/desktop-app-vue/src/main/organization/did-invitation-manager.js
2026-10-10T01:42:04.0500949Z ##[warning]   528:46  warning  'senderPeerId' is defined but never used. Allowed unused args must match /^_/u  @typescript-eslint/no-unused-vars
2026-10-10T01:42:04.0501790Z ##[warning]   588:16  warning  'e' is defined but never used. Allowed unused caught errors must match /^_/u    @typescript-eslint/no-unused-vars
2026-10-10T01:42:04.0502621Z ##[warning]   600:16  warning  'e' is defined but never used. Allowed unused caught errors must match /^_/u    @typescript-eslint/no-unused-vars
2026-10-10T01:42:04.0503572Z ##[warning]  2006:16  warning  'e' is defined but never used. Allowed unused caught errors must match /^_/u    @typescript-eslint/no-unused-vars
2026-10-10T01:42:04.0503873Z 
2026-10-10T01:42:04.0504196Z /home/runner/work/chainlesschain/chainlesschain/desktop-app-vue/src/main/organization/org-p2p-network.js
2026-10-10T01:42:04.0504722Z ##[warning]  272:27  warning  'orgId' is defined but never used. Allowed unused args must match /^_/u  @typescript-eslint/no-unused-vars
2026-10-10T01:42:04.0505122Z 
2026-10-10T01:42:04.0505454Z /home/runner/work/chainlesschain/chainlesschain/desktop-app-vue/src/main/organization/organization-ipc.js
2026-10-10T01:42:04.0506084Z ##[warning]  51:7  warning  'registeredCount' is assigned a value but never used. Allowed unused vars must match /^_/u  @typescript-eslint/no-unused-vars
2026-10-10T01:42:04.0506399Z 
2026-10-10T01:42:04.0506784Z /home/runner/work/chainlesschain/chainlesschain/desktop-app-vue/src/main/organization/organization-manager-p2pSync.js
2026-10-10T01:42:04.0507406Z ##[warning]  9:9  warning  'OrgP2PNetwork' is assigned a value but never used. Allowed unused vars must match /^_/u  @typescript-eslint/no-unused-vars
2026-10-10T01:42:04.0507710Z 
2026-10-10T01:42:04.0508076Z /home/runner/work/chainlesschain/chainlesschain/desktop-app-vue/src/main/organization/organization-manager-roles.js
2026-10-10T01:42:04.0508648Z ##[warning]  133:22  warning  'action' is assigned a value but never used. Allowed unused vars must match /^_/u  @typescript-eslint/no-unused-vars
2026-10-10T01:42:04.0508948Z 
2026-10-10T01:42:04.0509295Z /home/runner/work/chainlesschain/chainlesschain/desktop-app-vue/src/main/organization/organization-manager.js
2026-10-10T01:42:04.0509877Z ##[warning]   16:7   warning  'crypto' is assigned a value but never used. Allowed unused vars must match /^_/u       @typescript-eslint/no-unused-vars
2026-10-10T01:42:04.0510922Z ##[warning]   17:24  warning  'MessageType' is assigned a value but never used. Allowed unused vars must match /^_/u  @typescript-eslint/no-unused-vars
2026-10-10T01:42:04.0511777Z ##[warning]   81:10  warning  'orgId' is defined but never used. Allowed unused args must match /^_/u                 @typescript-eslint/no-unused-vars
2026-10-10T01:42:04.0512607Z ##[warning]   90:54  warning  'orgId' is defined but never used. Allowed unused args must match /^_/u                 @typescript-eslint/no-unused-vars
2026-10-10T01:42:04.0513467Z ##[warning]   97:10  warning  'orgId' is defined but never used. Allowed unused args must match /^_/u                 @typescript-eslint/no-unused-vars
2026-10-10T01:42:04.0514320Z ##[warning]  116:10  warning  'orgId' is defined but never used. Allowed unused args must match /^_/u                 @typescript-eslint/no-unused-vars
2026-10-10T01:42:04.0515266Z ##[warning]  116:23  warning  'content' is defined but never used. Allowed unused args must match /^_/u               @typescript-eslint/no-unused-vars
2026-10-10T01:42:04.0515571Z 
2026-10-10T01:42:04.0515933Z /home/runner/work/chainlesschain/chainlesschain/desktop-app-vue/src/main/organization/permission-middleware.js
2026-10-10T01:42:04.0516507Z ##[warning]  167:29  warning  'options' is assigned a value but never used. Allowed unused args must match /^_/u  @typescript-eslint/no-unused-vars
2026-10-10T01:42:04.0517354Z ##[warning]  196:55  warning  'options' is assigned a value but never used. Allowed unused args must match /^_/u  @typescript-eslint/no-unused-vars
2026-10-10T01:42:04.0518198Z ##[warning]  409:56  warning  'options' is assigned a value but never used. Allowed unused args must match /^_/u  @typescript-eslint/no-unused-vars
2026-10-10T01:42:04.0518491Z 
2026-10-10T01:42:04.0518849Z /home/runner/work/chainlesschain/chainlesschain/desktop-app-vue/src/main/p2p/__tests__/signaling-handlers.test.js
2026-10-10T01:42:04.0519266Z ##[warning]  94:49  warning  Expected { after 'if' condition  curly
2026-10-10T01:42:04.0519561Z 
2026-10-10T01:42:04.0519873Z /home/runner/work/chainlesschain/chainlesschain/desktop-app-vue/src/main/p2p/call-history-ipc.js
2026-10-10T01:42:04.0520545Z ##[warning]   12:10  warning  'error' is defined but never used. Allowed unused caught errors must match /^_/u  @typescript-eslint/no-unused-vars
2026-10-10T01:42:04.0521365Z ##[warning]  116:53  warning  'event' is defined but never used. Allowed unused args must match /^_/u           @typescript-eslint/no-unused-vars
2026-10-10T01:42:04.0521661Z 
2026-10-10T01:42:04.0521994Z /home/runner/work/chainlesschain/chainlesschain/desktop-app-vue/src/main/p2p/connection-health-manager.js
2026-10-10T01:42:04.0522556Z ##[warning]  214:14  warning  'error' is defined but never used. Allowed unused caught errors must match /^_/u   @typescript-eslint/no-unused-vars
2026-10-10T01:42:04.0523396Z ##[warning]  383:17  warning  'peerId' is assigned a value but never used. Allowed unused vars must match /^_/u  @typescript-eslint/no-unused-vars
2026-10-10T01:42:04.0523692Z 
2026-10-10T01:42:04.0523993Z /home/runner/work/chainlesschain/chainlesschain/desktop-app-vue/src/main/p2p/connection-pool.js
2026-10-10T01:42:04.0524539Z ##[warning]  330:11  warning  'now' is assigned a value but never used. Allowed unused vars must match /^_/u  @typescript-eslint/no-unused-vars
2026-10-10T01:42:04.0524837Z 
2026-10-10T01:42:04.0525226Z /home/runner/work/chainlesschain/chainlesschain/desktop-app-vue/src/main/p2p/device-sync-manager.js
2026-10-10T01:42:04.0525746Z ##[warning]  386:11  warning  'deviceQueue' is never reassigned. Use 'const' instead                               prefer-const
2026-10-10T01:42:04.0526609Z ##[warning]  892:17  warning  'deviceId' is assigned a value but never used. Allowed unused vars must match /^_/u  @typescript-eslint/no-unused-vars
2026-10-10T01:42:04.0526908Z 
2026-10-10T01:42:04.0527224Z /home/runner/work/chainlesschain/chainlesschain/desktop-app-vue/src/main/p2p/file-transfer-manager.js
2026-10-10T01:42:04.0527892Z ##[warning]  74:38  warning  'options' is assigned a value but never used. Allowed unused args must match /^_/u  @typescript-eslint/no-unused-vars
2026-10-10T01:42:04.0528188Z 
2026-10-10T01:42:04.0528505Z /home/runner/work/chainlesschain/chainlesschain/desktop-app-vue/src/main/p2p/knowledge-sync-handler.js
2026-10-10T01:42:04.0529082Z ##[warning]  378:18  warning  'e' is defined but never used. Allowed unused caught errors must match /^_/u  @typescript-eslint/no-unused-vars
2026-10-10T01:42:04.0529382Z 
2026-10-10T01:42:04.0529697Z /home/runner/work/chainlesschain/chainlesschain/desktop-app-vue/src/main/p2p/knowledge-sync-manager.js
2026-10-10T01:42:04.0530267Z ##[warning]   72:27  warning  'options' is assigned a value but never used. Allowed unused args must match /^_/u   @typescript-eslint/no-unused-vars
2026-10-10T01:42:04.0531113Z ##[warning]  552:11  warning  'conflict' is assigned a value but never used. Allowed unused vars must match /^_/u  @typescript-eslint/no-unused-vars
2026-10-10T01:42:04.0531408Z 
2026-10-10T01:42:04.0531714Z /home/runner/work/chainlesschain/chainlesschain/desktop-app-vue/src/main/p2p/media-stream-bridge.js
2026-10-10T01:42:04.0532311Z ##[warning]   11:10  warning  'error' is defined but never used. Allowed unused caught errors must match /^_/u         @typescript-eslint/no-unused-vars
2026-10-10T01:42:04.0533186Z ##[warning]   22:17  warning  'createLogger' is assigned a value but never used. Allowed unused vars must match /^_/u  @typescript-eslint/no-unused-vars
2026-10-10T01:42:04.0534054Z ##[warning]  280:17  warning  'requestId' is assigned a value but never used. Allowed unused vars must match /^_/u     @typescript-eslint/no-unused-vars
2026-10-10T01:42:04.0534352Z 
2026-10-10T01:42:04.0534638Z /home/runner/work/chainlesschain/chainlesschain/desktop-app-vue/src/main/p2p/mobile-bridge.js
2026-10-10T01:42:04.0535284Z ##[warning]  1369:16  warning  'e' is defined but never used. Allowed unused caught errors must match /^_/u       @typescript-eslint/no-unused-vars
2026-10-10T01:42:04.0536155Z ##[warning]  1432:17  warning  'peerId' is assigned a value but never used. Allowed unused vars must match /^_/u  @typescript-eslint/no-unused-vars
2026-10-10T01:42:04.0536560Z 
2026-10-10T01:42:04.0536846Z /home/runner/work/chainlesschain/chainlesschain/desktop-app-vue/src/main/p2p/nat-detector.js
2026-10-10T01:42:04.0537435Z ##[warning]    8:9   warning  'promisify' is assigned a value but never used. Allowed unused vars must match /^_/u  @typescript-eslint/no-unused-vars
2026-10-10T01:42:04.0538240Z ##[warning]  150:11  warning  'timeout' is never reassigned. Use 'const' instead                                    prefer-const
2026-10-10T01:42:04.0539095Z ##[warning]  159:20  warning  'e' is defined but never used. Allowed unused caught errors must match /^_/u          @typescript-eslint/no-unused-vars
2026-10-10T01:42:04.0539393Z 
2026-10-10T01:42:04.0539696Z /home/runner/work/chainlesschain/chainlesschain/desktop-app-vue/src/main/p2p/p2p-enhanced-ipc.js
2026-10-10T01:42:04.0540307Z ##[warning]  130:13  warning  'BrowserWindow' is assigned a value but never used. Allowed unused vars must match /^_/u  @typescript-eslint/no-unused-vars
2026-10-10T01:42:04.0541161Z ##[warning]  300:31  warning  'event' is defined but never used. Allowed unused args must match /^_/u                   @typescript-eslint/no-unused-vars
2026-10-10T01:42:04.0542007Z ##[warning]  339:28  warning  'event' is defined but never used. Allowed unused args must match /^_/u                   @typescript-eslint/no-unused-vars
2026-10-10T01:42:04.0542847Z ##[warning]  359:28  warning  'event' is defined but never used. Allowed unused args must match /^_/u                   @typescript-eslint/no-unused-vars
2026-10-10T01:42:04.0543701Z ##[warning]  488:32  warning  'event' is defined but never used. Allowed unused args must match /^_/u                   @typescript-eslint/no-unused-vars
2026-10-10T01:42:04.0544562Z ##[warning]  508:24  warning  'event' is defined but never used. Allowed unused args must match /^_/u                   @typescript-eslint/no-unused-vars
2026-10-10T01:42:04.0545581Z ##[warning]  669:30  warning  'event' is defined but never used. Allowed unused args must match /^_/u                   @typescript-eslint/no-unused-vars
2026-10-10T01:42:04.0545889Z 
2026-10-10T01:42:04.0546175Z /home/runner/work/chainlesschain/chainlesschain/desktop-app-vue/src/main/p2p/p2p-manager.js
2026-10-10T01:42:04.0546752Z ##[warning]  1123:20  warning  'e' is defined but never used. Allowed unused caught errors must match /^_/u         @typescript-eslint/no-unused-vars
2026-10-10T01:42:04.0547614Z ##[warning]  2018:17  warning  'senderId' is assigned a value but never used. Allowed unused vars must match /^_/u  @typescript-eslint/no-unused-vars
2026-10-10T01:42:04.0548461Z ##[warning]  2047:17  warning  'senderId' is assigned a value but never used. Allowed unused vars must match /^_/u  @typescript-eslint/no-unused-vars
2026-10-10T01:42:04.0549319Z ##[warning]  2075:17  warning  'senderId' is assigned a value but never used. Allowed unused vars must match /^_/u  @typescript-eslint/no-unused-vars
2026-10-10T01:42:04.0549625Z 
2026-10-10T01:42:04.0549956Z /home/runner/work/chainlesschain/chainlesschain/desktop-app-vue/src/main/p2p/p2p-stream-boundaries.js
2026-10-10T01:42:04.0550293Z ##[warning]  167:12  warning  Unexpected constant condition  no-constant-condition
2026-10-10T01:42:04.0550597Z 
2026-10-10T01:42:04.0550906Z /home/runner/work/chainlesschain/chainlesschain/desktop-app-vue/src/main/p2p/pc-status-handler.js
2026-10-10T01:42:04.0551442Z ##[warning]  14:7  warning  'fs' is assigned a value but never used. Allowed unused vars must match /^_/u  @typescript-eslint/no-unused-vars
2026-10-10T01:42:04.0551743Z 
2026-10-10T01:42:04.0552055Z /home/runner/work/chainlesschain/chainlesschain/desktop-app-vue/src/main/p2p/project-sync-handler.js
2026-10-10T01:42:04.0552625Z ##[warning]  106:20  warning  'error' is defined but never used. Allowed unused caught errors must match /^_/u  @typescript-eslint/no-unused-vars
2026-10-10T01:42:04.0553473Z ##[warning]  185:18  warning  'error' is defined but never used. Allowed unused caught errors must match /^_/u  @typescript-eslint/no-unused-vars
2026-10-10T01:42:04.0553878Z 
2026-10-10T01:42:04.0554176Z /home/runner/work/chainlesschain/chainlesschain/desktop-app-vue/src/main/p2p/screen-share-ipc.js
2026-10-10T01:42:04.0554723Z ##[warning]  12:10  warning  'error' is defined but never used. Allowed unused caught errors must match /^_/u  @typescript-eslint/no-unused-vars
2026-10-10T01:42:04.0555108Z 
2026-10-10T01:42:04.0555377Z /home/runner/work/chainlesschain/chainlesschain/desktop-app-vue/src/main/p2p/sfu-relay.js
2026-10-10T01:42:04.0555979Z ##[warning]   20:13  warning  'uuidv4' is assigned a value but never used. Allowed unused vars must match /^_/u            @typescript-eslint/no-unused-vars
2026-10-10T01:42:04.0556888Z ##[warning]  213:19  warning  'subscriberPeerId' is assigned a value but never used. Allowed unused vars must match /^_/u  @typescript-eslint/no-unused-vars
2026-10-10T01:42:04.0557192Z 
2026-10-10T01:42:04.0557500Z /home/runner/work/chainlesschain/chainlesschain/desktop-app-vue/src/main/p2p/signal-driver-legacy.js
2026-10-10T01:42:04.0558062Z ##[warning]   17:7   warning  'crypto' is assigned a value but never used. Allowed unused vars must match /^_/u  @typescript-eslint/no-unused-vars
2026-10-10T01:42:04.0558899Z ##[warning]  760:27  warning  'identifier' is defined but never used. Allowed unused args must match /^_/u       @typescript-eslint/no-unused-vars
2026-10-10T01:42:04.0559740Z ##[warning]  760:39  warning  'identityKey' is defined but never used. Allowed unused args must match /^_/u      @typescript-eslint/no-unused-vars
2026-10-10T01:42:04.0560586Z ##[warning]  760:52  warning  'direction' is defined but never used. Allowed unused args must match /^_/u        @typescript-eslint/no-unused-vars
2026-10-10T01:42:04.0560884Z 
2026-10-10T01:42:04.0561188Z /home/runner/work/chainlesschain/chainlesschain/desktop-app-vue/src/main/p2p/signaling-server.js
2026-10-10T01:42:04.0561884Z ##[warning]  168:20  warning  'error' is defined but never used. Allowed unused caught errors must match /^_/u      @typescript-eslint/no-unused-vars
2026-10-10T01:42:04.0562758Z ##[warning]  201:11  warning  'WebSocket' is assigned a value but never used. Allowed unused vars must match /^_/u  @typescript-eslint/no-unused-vars
2026-10-10T01:42:04.0563620Z ##[warning]  647:11  warning  'WebSocket' is assigned a value but never used. Allowed unused vars must match /^_/u  @typescript-eslint/no-unused-vars
2026-10-10T01:42:04.0564475Z ##[warning]  755:14  warning  'error' is defined but never used. Allowed unused caught errors must match /^_/u      @typescript-eslint/no-unused-vars
2026-10-10T01:42:04.0564769Z 
2026-10-10T01:42:04.0565168Z /home/runner/work/chainlesschain/chainlesschain/desktop-app-vue/src/main/p2p/voice-video-ipc.js
2026-10-10T01:42:04.0565780Z ##[warning]   67:13  warning  'BrowserWindow' is assigned a value but never used. Allowed unused vars must match /^_/u  @typescript-eslint/no-unused-vars
2026-10-10T01:42:04.0566636Z ##[warning]  269:30  warning  'event' is defined but never used. Allowed unused args must match /^_/u                   @typescript-eslint/no-unused-vars
2026-10-10T01:42:04.0567491Z ##[warning]  289:24  warning  'event' is defined but never used. Allowed unused args must match /^_/u                   @typescript-eslint/no-unused-vars
2026-10-10T01:42:04.0567794Z 
2026-10-10T01:42:04.0568101Z /home/runner/work/chainlesschain/chainlesschain/desktop-app-vue/src/main/p2p/webrtc-data-channel.js
2026-10-10T01:42:04.0568661Z ##[warning]  18:10  warning  'error' is defined but never used. Allowed unused caught errors must match /^_/u  @typescript-eslint/no-unused-vars
2026-10-10T01:42:04.0568968Z 
2026-10-10T01:42:04.0569287Z /home/runner/work/chainlesschain/chainlesschain/desktop-app-vue/src/main/p2p/webrtc-quality-monitor.js
2026-10-10T01:42:04.0569884Z ##[warning]  250:11  warning  'latestStats' is assigned a value but never used. Allowed unused vars must match /^_/u  @typescript-eslint/no-unused-vars
2026-10-10T01:42:04.0570187Z 
2026-10-10T01:42:04.0570492Z /home/runner/work/chainlesschain/chainlesschain/desktop-app-vue/src/main/performance/auto-tuner.js
2026-10-10T01:42:04.0571206Z ##[warning]  124:11  warning  Unexpected aliasing of 'this' to local variable                                @typescript-eslint/no-this-alias
2026-10-10T01:42:04.0572030Z ##[warning]  138:14  warning  'metrics' is defined but never used. Allowed unused args must match /^_/u      @typescript-eslint/no-unused-vars
2026-10-10T01:42:04.0572845Z ##[warning]  294:17  warning  'metrics' is defined but never used. Allowed unused args must match /^_/u      @typescript-eslint/no-unused-vars
2026-10-10T01:42:04.0573659Z ##[warning]  613:17  warning  'id' is assigned a value but never used. Allowed unused vars must match /^_/u  @typescript-eslint/no-unused-vars
2026-10-10T01:42:04.0573970Z 
2026-10-10T01:42:04.0574326Z /home/runner/work/chainlesschain/chainlesschain/desktop-app-vue/src/main/performance/performance-monitor.js
2026-10-10T01:42:04.0574920Z ##[warning]  3:9  warning  'performance' is assigned a value but never used. Allowed unused vars must match /^_/u  @typescript-eslint/no-unused-vars
2026-10-10T01:42:04.0575321Z 
2026-10-10T01:42:04.0575649Z /home/runner/work/chainlesschain/chainlesschain/desktop-app-vue/src/main/permission/permission-engine.js
2026-10-10T01:42:04.0576220Z ##[warning]  521:5  warning  'now' is defined but never used. Allowed unused args must match /^_/u  @typescript-eslint/no-unused-vars
2026-10-10T01:42:04.0576534Z 
2026-10-10T01:42:04.0576931Z /home/runner/work/chainlesschain/chainlesschain/desktop-app-vue/src/main/personal-data-hub/__tests__/wechat-wiring.test.js
2026-10-10T01:42:04.0577336Z ##[warning]   91:18  warning  Expected { after 'if' condition  curly
2026-10-10T01:42:04.0577903Z ##[warning]   93:41  warning  Expected { after 'if' condition  curly
2026-10-10T01:42:04.0578456Z ##[warning]  120:44  warning  Expected { after 'if' condition  curly
2026-10-10T01:42:04.0579009Z ##[warning]  125:45  warning  Expected { after 'if' condition  curly
2026-10-10T01:42:04.0579303Z 
2026-10-10T01:42:04.0579754Z /home/runner/work/chainlesschain/chainlesschain/desktop-app-vue/src/main/personal-data-hub/route-mobile.js
2026-10-10T01:42:04.0580027Z ##[warning]  263:20  warning  Empty block statement  no-empty
2026-10-10T01:42:04.0580569Z ##[warning]  271:20  warning  Empty block statement  no-empty
2026-10-10T01:42:04.0580866Z 
2026-10-10T01:42:04.0581236Z /home/runner/work/chainlesschain/chainlesschain/desktop-app-vue/src/main/personal-data-hub/wechat-accounts-store.js
2026-10-10T01:42:04.0581511Z ##[warning]  30:35  warning  Expected { after 'if' condition  curly
2026-10-10T01:42:04.0581810Z 
2026-10-10T01:42:04.0582127Z /home/runner/work/chainlesschain/chainlesschain/desktop-app-vue/src/main/personal-data-hub/wiring.js
2026-10-10T01:42:04.0582391Z ##[warning]  401:30  warning  Expected { after 'if' condition  curly
2026-10-10T01:42:04.0582944Z ##[warning]  402:40  warning  Expected { after 'if' condition  curly
2026-10-10T01:42:04.0583495Z ##[warning]  403:70  warning  Expected { after 'if' condition  curly
2026-10-10T01:42:04.0583804Z 
2026-10-10T01:42:04.0584113Z /home/runner/work/chainlesschain/chainlesschain/desktop-app-vue/src/main/plugins/marketplace-api.js
2026-10-10T01:42:04.0584723Z ##[warning]  200:20  warning  'e' is defined but never used. Allowed unused caught errors must match /^_/u  @typescript-eslint/no-unused-vars
2026-10-10T01:42:04.0585110Z 
2026-10-10T01:42:04.0585416Z /home/runner/work/chainlesschain/chainlesschain/desktop-app-vue/src/main/plugins/marketplace-ipc.js
2026-10-10T01:42:04.0585942Z ##[warning]   85:58  warning  'event' is defined but never used. Allowed unused args must match /^_/u  @typescript-eslint/no-unused-vars
2026-10-10T01:42:04.0586735Z ##[warning]  260:58  warning  'event' is defined but never used. Allowed unused args must match /^_/u  @typescript-eslint/no-unused-vars
2026-10-10T01:42:04.0587528Z ##[warning]  273:65  warning  'event' is defined but never used. Allowed unused args must match /^_/u  @typescript-eslint/no-unused-vars
2026-10-10T01:42:04.0588316Z ##[warning]  365:59  warning  'event' is defined but never used. Allowed unused args must match /^_/u  @typescript-eslint/no-unused-vars
2026-10-10T01:42:04.0588728Z 
2026-10-10T01:42:04.0589076Z /home/runner/work/chainlesschain/chainlesschain/desktop-app-vue/src/main/plugins/permission-dialog-manager.js
2026-10-10T01:42:04.0589663Z ##[warning]  494:17  warning  'requestId' is assigned a value but never used. Allowed unused vars must match /^_/u  @typescript-eslint/no-unused-vars
2026-10-10T01:42:04.0589969Z 
2026-10-10T01:42:04.0590264Z /home/runner/work/chainlesschain/chainlesschain/desktop-app-vue/src/main/plugins/plugin-api.js
2026-10-10T01:42:04.0590536Z ##[warning]  26:38  warning  Expected { after 'if' condition  curly
2026-10-10T01:42:04.0591090Z ##[warning]  27:41  warning  Expected { after 'if' condition  curly
2026-10-10T01:42:04.0591639Z ##[warning]  28:38  warning  Expected { after 'if' condition  curly
2026-10-10T01:42:04.0592184Z ##[warning]  29:57  warning  Expected { after 'if' condition  curly
2026-10-10T01:42:04.0592732Z ##[warning]  46:49  warning  Expected { after 'if' condition  curly
2026-10-10T01:42:04.0593033Z 
2026-10-10T01:42:04.0593339Z /home/runner/work/chainlesschain/chainlesschain/desktop-app-vue/src/main/plugins/plugin-manager.js
2026-10-10T01:42:04.0593905Z ##[warning]  506:18  warning  'error' is defined but never used. Allowed unused caught errors must match /^_/u  @typescript-eslint/no-unused-vars
2026-10-10T01:42:04.0594212Z 
2026-10-10T01:42:04.0594514Z /home/runner/work/chainlesschain/chainlesschain/desktop-app-vue/src/main/plugins/semver-utils.js
2026-10-10T01:42:04.0594779Z ##[warning]  102:30  warning  Expected { after 'if' condition  curly
2026-10-10T01:42:04.0595404Z ##[warning]  109:15  warning  Expected { after 'if' condition  curly
2026-10-10T01:42:04.0595954Z ##[warning]  110:15  warning  Expected { after 'if' condition  curly
2026-10-10T01:42:04.0596498Z ##[warning]  114:36  warning  Expected { after 'if' condition  curly
2026-10-10T01:42:04.0596796Z 
2026-10-10T01:42:04.0597236Z /home/runner/work/chainlesschain/chainlesschain/desktop-app-vue/src/main/plugins/ui-extension-manager.js
2026-10-10T01:42:04.0597789Z ##[warning]  13:7  warning  'path' is assigned a value but never used. Allowed unused vars must match /^_/u  @typescript-eslint/no-unused-vars
2026-10-10T01:42:04.0598094Z 
2026-10-10T01:42:04.0598415Z /home/runner/work/chainlesschain/chainlesschain/desktop-app-vue/src/main/project/automation-manager.js
2026-10-10T01:42:04.0599042Z ##[warning]  421:48  warning  'format' is assigned a value but never used. Allowed unused vars must match /^_/u  @typescript-eslint/no-unused-vars
2026-10-10T01:42:04.0599343Z 
2026-10-10T01:42:04.0599657Z /home/runner/work/chainlesschain/chainlesschain/desktop-app-vue/src/main/project/checkpoint-manager.js
2026-10-10T01:42:04.0599924Z ##[warning]  17:34  warning  Expected { after 'if' condition  curly
2026-10-10T01:42:04.0600227Z 
2026-10-10T01:42:04.0600560Z /home/runner/work/chainlesschain/chainlesschain/desktop-app-vue/src/main/project/conflict-resolver-ipc.js
2026-10-10T01:42:04.0601199Z ##[warning]  9:30  warning  'ResolutionStrategy' is assigned a value but never used. Allowed unused vars must match /^_/u  @typescript-eslint/no-unused-vars
2026-10-10T01:42:04.0601504Z 
2026-10-10T01:42:04.0601816Z /home/runner/work/chainlesschain/chainlesschain/desktop-app-vue/src/main/project/file-cache-manager.js
2026-10-10T01:42:04.0602401Z ##[warning]  199:16  warning  'error' is defined but never used. Allowed unused caught errors must match /^_/u      @typescript-eslint/no-unused-vars
2026-10-10T01:42:04.0603232Z ##[warning]  207:7   warning  Move function declaration to function body root                                       no-inner-declarations
2026-10-10T01:42:04.0604091Z ##[warning]  580:17  warning  'projectId' is assigned a value but never used. Allowed unused vars must match /^_/u  @typescript-eslint/no-unused-vars
2026-10-10T01:42:04.0604391Z 
2026-10-10T01:42:04.0604716Z /home/runner/work/chainlesschain/chainlesschain/desktop-app-vue/src/main/project/project-ai-ipc-chat.js
2026-10-10T01:42:04.0605307Z ##[warning]  1088:7  warning  Move function declaration to function body root  no-inner-declarations
2026-10-10T01:42:04.0605621Z 
2026-10-10T01:42:04.0605933Z /home/runner/work/chainlesschain/chainlesschain/desktop-app-vue/src/main/project/project-core-ipc.js
2026-10-10T01:42:04.0606507Z ##[warning]    75:3   warning  'fileSyncManager' is defined but never used. Allowed unused args must match /^_/u  @typescript-eslint/no-unused-vars
2026-10-10T01:42:04.0607360Z ##[warning]   390:11  warning  'path' is assigned a value but never used. Allowed unused vars must match /^_/u    @typescript-eslint/no-unused-vars
2026-10-10T01:42:04.0608189Z ##[warning]  2480:13  warning  'path' is assigned a value but never used. Allowed unused vars must match /^_/u    @typescript-eslint/no-unused-vars
2026-10-10T01:42:04.0608491Z 
2026-10-10T01:42:04.0608814Z /home/runner/work/chainlesschain/chainlesschain/desktop-app-vue/src/main/project/project-export-ipc.js
2026-10-10T01:42:04.0609440Z ##[warning]    82:3   warning  'convertSlidesToOutline' is defined but never used. Allowed unused args must match /^_/u  @typescript-eslint/no-unused-vars
2026-10-10T01:42:04.0610326Z ##[warning]   111:15  warning  'projectId' is assigned a value but never used. Allowed unused vars must match /^_/u      @typescript-eslint/no-unused-vars
2026-10-10T01:42:04.0611201Z ##[warning]   147:15  warning  'projectId' is assigned a value but never used. Allowed unused vars must match /^_/u      @typescript-eslint/no-unused-vars
2026-10-10T01:42:04.0612080Z ##[warning]   186:15  warning  'projectId' is assigned a value but never used. Allowed unused vars must match /^_/u      @typescript-eslint/no-unused-vars
2026-10-10T01:42:04.0612950Z ##[warning]   237:15  warning  'projectId' is assigned a value but never used. Allowed unused vars must match /^_/u      @typescript-eslint/no-unused-vars
2026-10-10T01:42:04.0613936Z ##[warning]   277:16  warning  'parseError' is defined but never used. Allowed unused caught errors must match /^_/u     @typescript-eslint/no-unused-vars
2026-10-10T01:42:04.0614812Z ##[warning]   642:16  warning  'error' is defined but never used. Allowed unused caught errors must match /^_/u          @typescript-eslint/no-unused-vars
2026-10-10T01:42:04.0615758Z ##[warning]   764:16  warning  'err' is defined but never used. Allowed unused caught errors must match /^_/u            @typescript-eslint/no-unused-vars
2026-10-10T01:42:04.0616624Z ##[warning]  1019:22  warning  'err' is defined but never used. Allowed unused caught errors must match /^_/u            @typescript-eslint/no-unused-vars
2026-10-10T01:42:04.0616922Z 
2026-10-10T01:42:04.0617265Z /home/runner/work/chainlesschain/chainlesschain/desktop-app-vue/src/main/project/project-path-security.js
2026-10-10T01:42:04.0617541Z ##[warning]  43:30  warning  Expected { after 'if' condition  curly
2026-10-10T01:42:04.0617841Z 
2026-10-10T01:42:04.0618146Z /home/runner/work/chainlesschain/chainlesschain/desktop-app-vue/src/main/project/project-rag.js
2026-10-10T01:42:04.0618712Z ##[warning]   560:18  warning  'error' is defined but never used. Allowed unused caught errors must match /^_/u  @typescript-eslint/no-unused-vars
2026-10-10T01:42:04.0619555Z ##[warning]  1156:16  warning  'error' is defined but never used. Allowed unused caught errors must match /^_/u  @typescript-eslint/no-unused-vars
2026-10-10T01:42:04.0620396Z ##[warning]  1254:16  warning  'error' is defined but never used. Allowed unused caught errors must match /^_/u  @typescript-eslint/no-unused-vars
2026-10-10T01:42:04.0621234Z ##[warning]  1272:16  warning  'error' is defined but never used. Allowed unused caught errors must match /^_/u  @typescript-eslint/no-unused-vars
2026-10-10T01:42:04.0622078Z ##[warning]  1385:14  warning  'error' is defined but never used. Allowed unused caught errors must match /^_/u  @typescript-eslint/no-unused-vars
2026-10-10T01:42:04.0622907Z ##[warning]  1422:16  warning  'error' is defined but never used. Allowed unused caught errors must match /^_/u  @typescript-eslint/no-unused-vars
2026-10-10T01:42:04.0623853Z ##[warning]  1701:36  warning  'projectType' is defined but never used. Allowed unused args must match /^_/u     @typescript-eslint/no-unused-vars
2026-10-10T01:42:04.0624151Z 
2026-10-10T01:42:04.0624470Z /home/runner/work/chainlesschain/chainlesschain/desktop-app-vue/src/main/project/project-structure.js
2026-10-10T01:42:04.0625201Z ##[warning]    13:3   warning  'ProjectTemplates' is assigned a value but never used. Allowed unused vars must match /^_/u  @typescript-eslint/no-unused-vars
2026-10-10T01:42:04.0626079Z ##[warning]  1830:16  warning  'error' is defined but never used. Allowed unused caught errors must match /^_/u             @typescript-eslint/no-unused-vars
2026-10-10T01:42:04.0626949Z ##[warning]  1841:16  warning  'error' is defined but never used. Allowed unused caught errors must match /^_/u             @typescript-eslint/no-unused-vars
2026-10-10T01:42:04.0627253Z 
2026-10-10T01:42:04.0627566Z /home/runner/work/chainlesschain/chainlesschain/desktop-app-vue/src/main/project/python-bridge.js
2026-10-10T01:42:04.0628110Z ##[warning]   67:16  warning  'e' is defined but never used. Allowed unused caught errors must match /^_/u  @typescript-eslint/no-unused-vars
2026-10-10T01:42:04.0628951Z ##[warning]  141:20  warning  'e' is defined but never used. Allowed unused caught errors must match /^_/u  @typescript-eslint/no-unused-vars
2026-10-10T01:42:04.0629255Z 
2026-10-10T01:42:04.0629557Z /home/runner/work/chainlesschain/chainlesschain/desktop-app-vue/src/main/project/share-manager.js
2026-10-10T01:42:04.0629934Z ##[warning]  67:7  warning  'shareLink' is never reassigned. Use 'const' instead  prefer-const
2026-10-10T01:42:04.0630226Z 
2026-10-10T01:42:04.0630540Z /home/runner/work/chainlesschain/chainlesschain/desktop-app-vue/src/main/project/stats-collector.js
2026-10-10T01:42:04.0631089Z ##[warning]  268:18  warning  'error' is defined but never used. Allowed unused caught errors must match /^_/u  @typescript-eslint/no-unused-vars
2026-10-10T01:42:04.0694616Z ##[warning]  329:14  warning  'error' is defined but never used. Allowed unused caught errors must match /^_/u  @typescript-eslint/no-unused-vars
2026-10-10T01:42:04.0695349Z 
2026-10-10T01:42:04.0695824Z /home/runner/work/chainlesschain/chainlesschain/desktop-app-vue/src/main/rag/advanced-memory-search.js
2026-10-10T01:42:04.0696829Z ##[warning]  309:35  warning  'types' is assigned a value but never used. Allowed unused vars must match /^_/u       @typescript-eslint/no-unused-vars
2026-10-10T01:42:04.0698327Z ##[warning]  521:32  warning  'options' is defined but never used. Allowed unused args must match /^_/u              @typescript-eslint/no-unused-vars
2026-10-10T01:42:04.0699600Z ##[warning]  523:11  warning  'lowerQuery' is assigned a value but never used. Allowed unused vars must match /^_/u  @typescript-eslint/no-unused-vars
2026-10-10T01:42:04.0700933Z ##[warning]  752:14  warning  'error' is defined but never used. Allowed unused caught errors must match /^_/u       @typescript-eslint/no-unused-vars
2026-10-10T01:42:04.0701269Z 
2026-10-10T01:42:04.0701593Z /home/runner/work/chainlesschain/chainlesschain/desktop-app-vue/src/main/rag/bge-reranker-client.js
2026-10-10T01:42:04.0702164Z ##[warning]  181:36  warning  'options' is defined but never used. Allowed unused args must match /^_/u  @typescript-eslint/no-unused-vars
2026-10-10T01:42:04.0702499Z 
2026-10-10T01:42:04.0702818Z /home/runner/work/chainlesschain/chainlesschain/desktop-app-vue/src/main/rag/embeddings-service.js
2026-10-10T01:42:04.0703397Z ##[warning]  16:10  warning  'error' is defined but never used. Allowed unused caught errors must match /^_/u  @typescript-eslint/no-unused-vars
2026-10-10T01:42:04.0703720Z 
2026-10-10T01:42:04.0704025Z /home/runner/work/chainlesschain/chainlesschain/desktop-app-vue/src/main/rag/memory-analytics.js
2026-10-10T01:42:04.0704581Z ##[warning]  273:18  warning  'e' is defined but never used. Allowed unused caught errors must match /^_/u  @typescript-eslint/no-unused-vars
2026-10-10T01:42:04.0705268Z 
2026-10-10T01:42:04.0705542Z /home/runner/work/chainlesschain/chainlesschain/desktop-app-vue/src/main/rag/metrics.js
2026-10-10T01:42:04.0706091Z ##[warning]  223:22  warning  'value' is defined but never used. Allowed unused args must match /^_/u  @typescript-eslint/no-unused-vars
2026-10-10T01:42:04.0706408Z 
2026-10-10T01:42:04.0706698Z /home/runner/work/chainlesschain/chainlesschain/desktop-app-vue/src/main/rag/query-rewriter.js
2026-10-10T01:42:04.0707285Z ##[warning]  156:28  warning  'options' is assigned a value but never used. Allowed unused args must match /^_/u  @typescript-eslint/no-unused-vars
2026-10-10T01:42:04.0708149Z ##[warning]  186:32  warning  'options' is assigned a value but never used. Allowed unused args must match /^_/u  @typescript-eslint/no-unused-vars
2026-10-10T01:42:04.0709006Z ##[warning]  219:31  warning  'options' is assigned a value but never used. Allowed unused args must match /^_/u  @typescript-eslint/no-unused-vars
2026-10-10T01:42:04.0709867Z ##[warning]  267:14  warning  'error' is defined but never used. Allowed unused caught errors must match /^_/u    @typescript-eslint/no-unused-vars
2026-10-10T01:42:04.0710175Z 
2026-10-10T01:42:04.0710444Z /home/runner/work/chainlesschain/chainlesschain/desktop-app-vue/src/main/rag/rag-ipc.js
2026-10-10T01:42:04.0710993Z ##[warning]  21:3  warning  'llmManager' is defined but never used. Allowed unused args must match /^_/u  @typescript-eslint/no-unused-vars
2026-10-10T01:42:04.0711297Z 
2026-10-10T01:42:04.0711578Z /home/runner/work/chainlesschain/chainlesschain/desktop-app-vue/src/main/rag/rag-manager.js
2026-10-10T01:42:04.0712113Z ##[warning]  438:19  warning  'id' is assigned a value but never used. Allowed unused vars must match /^_/u  @typescript-eslint/no-unused-vars
2026-10-10T01:42:04.0712418Z 
2026-10-10T01:42:04.0712680Z /home/runner/work/chainlesschain/chainlesschain/desktop-app-vue/src/main/rag/reranker.js
2026-10-10T01:42:04.0712967Z ##[warning]  103:64  warning  Expected { after 'if' condition  curly
2026-10-10T01:42:04.0713400Z 
2026-10-10T01:42:04.0713748Z /home/runner/work/chainlesschain/chainlesschain/desktop-app-vue/src/main/remote/browser-extension-server.js
2026-10-10T01:42:04.0714111Z ##[warning]  260:42  warning  Expected { after 'if' condition  curly
2026-10-10T01:42:04.0714688Z ##[warning]  314:56  warning  Expected { after 'if' condition  curly
2026-10-10T01:42:04.0714995Z 
2026-10-10T01:42:04.0715481Z /home/runner/work/chainlesschain/chainlesschain/desktop-app-vue/src/main/remote/handlers/ai-handler-enhanced.js
2026-10-10T01:42:04.0716137Z ##[warning]  190:18  warning  'error' is defined but never used. Allowed unused caught errors must match /^_/u      @typescript-eslint/no-unused-vars
2026-10-10T01:42:04.0717021Z ##[warning]  329:34  warning  'context' is defined but never used. Allowed unused args must match /^_/u             @typescript-eslint/no-unused-vars
2026-10-10T01:42:04.0717884Z ##[warning]  334:7   warning  'sortBy' is assigned a value but never used. Allowed unused vars must match /^_/u     @typescript-eslint/no-unused-vars
2026-10-10T01:42:04.0718765Z ##[warning]  335:7   warning  'sortOrder' is assigned a value but never used. Allowed unused vars must match /^_/u  @typescript-eslint/no-unused-vars
2026-10-10T01:42:04.0719624Z ##[warning]  396:27  warning  'context' is defined but never used. Allowed unused args must match /^_/u             @typescript-eslint/no-unused-vars
2026-10-10T01:42:04.0720472Z ##[warning]  468:30  warning  'context' is defined but never used. Allowed unused args must match /^_/u             @typescript-eslint/no-unused-vars
2026-10-10T01:42:04.0721321Z ##[warning]  540:27  warning  'context' is defined but never used. Allowed unused args must match /^_/u             @typescript-eslint/no-unused-vars
2026-10-10T01:42:04.0722179Z ##[warning]  692:29  warning  'taskConfig' is defined but never used. Allowed unused args must match /^_/u          @typescript-eslint/no-unused-vars
2026-10-10T01:42:04.0723028Z ##[warning]  758:41  warning  'taskConfig' is defined but never used. Allowed unused args must match /^_/u          @typescript-eslint/no-unused-vars
2026-10-10T01:42:04.0723457Z 
2026-10-10T01:42:04.0723779Z /home/runner/work/chainlesschain/chainlesschain/desktop-app-vue/src/main/remote/handlers/ai-handler.js
2026-10-10T01:42:04.0724329Z ##[warning]  485:34  warning  'context' is defined but never used. Allowed unused args must match /^_/u     @typescript-eslint/no-unused-vars
2026-10-10T01:42:04.0725280Z ##[warning]  536:27  warning  'context' is defined but never used. Allowed unused args must match /^_/u     @typescript-eslint/no-unused-vars
2026-10-10T01:42:04.0726093Z ##[warning]  604:30  warning  'context' is defined but never used. Allowed unused args must match /^_/u     @typescript-eslint/no-unused-vars
2026-10-10T01:42:04.0727062Z ##[warning]  817:19  warning  'params' is defined but never used. Allowed unused args must match /^_/u      @typescript-eslint/no-unused-vars
2026-10-10T01:42:04.0727894Z ##[warning]  817:27  warning  'context' is defined but never used. Allowed unused args must match /^_/u     @typescript-eslint/no-unused-vars
2026-10-10T01:42:04.0728753Z ##[warning]  877:20  warning  'e' is defined but never used. Allowed unused caught errors must match /^_/u  @typescript-eslint/no-unused-vars
2026-10-10T01:42:04.0729060Z 
2026-10-10T01:42:04.0729418Z /home/runner/work/chainlesschain/chainlesschain/desktop-app-vue/src/main/remote/handlers/application-handler.js
2026-10-10T01:42:04.0729991Z ##[warning]   19:7   warning  'path' is assigned a value but never used. Allowed unused vars must match /^_/u  @typescript-eslint/no-unused-vars
2026-10-10T01:42:04.0730863Z ##[warning]   20:7   warning  'fs' is assigned a value but never used. Allowed unused vars must match /^_/u    @typescript-eslint/no-unused-vars
2026-10-10T01:42:04.0731713Z ##[warning]  148:36  warning  'context' is defined but never used. Allowed unused args must match /^_/u        @typescript-eslint/no-unused-vars
2026-10-10T01:42:04.0732672Z ##[warning]  275:34  warning  'context' is defined but never used. Allowed unused args must match /^_/u        @typescript-eslint/no-unused-vars
2026-10-10T01:42:04.0733509Z ##[warning]  348:31  warning  'index' is defined but never used. Allowed unused args must match /^_/u          @typescript-eslint/no-unused-vars
2026-10-10T01:42:04.0734329Z ##[warning]  358:25  warning  'context' is defined but never used. Allowed unused args must match /^_/u        @typescript-eslint/no-unused-vars
2026-10-10T01:42:04.0735258Z ##[warning]  395:34  warning  'appPath' is defined but never used. Allowed unused args must match /^_/u        @typescript-eslint/no-unused-vars
2026-10-10T01:42:04.0736086Z ##[warning]  444:32  warning  'appPath' is defined but never used. Allowed unused args must match /^_/u        @typescript-eslint/no-unused-vars
2026-10-10T01:42:04.0736911Z ##[warning]  465:24  warning  'context' is defined but never used. Allowed unused args must match /^_/u        @typescript-eslint/no-unused-vars
2026-10-10T01:42:04.0737743Z ##[warning]  528:23  warning  'context' is defined but never used. Allowed unused args must match /^_/u        @typescript-eslint/no-unused-vars
2026-10-10T01:42:04.0738566Z ##[warning]  600:23  warning  'context' is defined but never used. Allowed unused args must match /^_/u        @typescript-eslint/no-unused-vars
2026-10-10T01:42:04.0739383Z ##[warning]  654:28  warning  'pid' is defined but never used. Allowed unused args must match /^_/u            @typescript-eslint/no-unused-vars
2026-10-10T01:42:04.0740203Z ##[warning]  704:32  warning  'context' is defined but never used. Allowed unused args must match /^_/u        @typescript-eslint/no-unused-vars
2026-10-10T01:42:04.0740503Z 
2026-10-10T01:42:04.0740848Z /home/runner/work/chainlesschain/chainlesschain/desktop-app-vue/src/main/remote/handlers/browser-handler.js
2026-10-10T01:42:04.0741405Z ##[warning]   31:14  warning  'e' is defined but never used. Allowed unused caught errors must match /^_/u       @typescript-eslint/no-unused-vars
2026-10-10T01:42:04.0742378Z ##[warning]  169:14  warning  'params' is assigned a value but never used. Allowed unused args must match /^_/u  @typescript-eslint/no-unused-vars
2026-10-10T01:42:04.0742678Z 
2026-10-10T01:42:04.0743026Z /home/runner/work/chainlesschain/chainlesschain/desktop-app-vue/src/main/remote/handlers/clipboard-handler.js
2026-10-10T01:42:04.0743565Z ##[warning]  130:22  warning  'params' is defined but never used. Allowed unused args must match /^_/u      @typescript-eslint/no-unused-vars
2026-10-10T01:42:04.0744397Z ##[warning]  130:30  warning  'context' is defined but never used. Allowed unused args must match /^_/u     @typescript-eslint/no-unused-vars
2026-10-10T01:42:04.0745335Z ##[warning]  197:18  warning  'e' is defined but never used. Allowed unused caught errors must match /^_/u  @typescript-eslint/no-unused-vars
2026-10-10T01:42:04.0746208Z ##[warning]  310:19  warning  'params' is defined but never used. Allowed unused args must match /^_/u      @typescript-eslint/no-unused-vars
2026-10-10T01:42:04.0747056Z ##[warning]  310:27  warning  'context' is defined but never used. Allowed unused args must match /^_/u     @typescript-eslint/no-unused-vars
2026-10-10T01:42:04.0747877Z ##[warning]  365:28  warning  'context' is defined but never used. Allowed unused args must match /^_/u     @typescript-eslint/no-unused-vars
2026-10-10T01:42:04.0748685Z ##[warning]  415:22  warning  'params' is defined but never used. Allowed unused args must match /^_/u      @typescript-eslint/no-unused-vars
2026-10-10T01:42:04.0749498Z ##[warning]  415:30  warning  'context' is defined but never used. Allowed unused args must match /^_/u     @typescript-eslint/no-unused-vars
2026-10-10T01:42:04.0749800Z 
2026-10-10T01:42:04.0750184Z /home/runner/work/chainlesschain/chainlesschain/desktop-app-vue/src/main/remote/handlers/command-history-handler.js
2026-10-10T01:42:04.0750714Z ##[warning]  194:28  warning  'context' is defined but never used. Allowed unused args must match /^_/u  @typescript-eslint/no-unused-vars
2026-10-10T01:42:04.0751637Z ##[warning]  229:25  warning  'context' is defined but never used. Allowed unused args must match /^_/u  @typescript-eslint/no-unused-vars
2026-10-10T01:42:04.0752458Z ##[warning]  255:31  warning  'context' is defined but never used. Allowed unused args must match /^_/u  @typescript-eslint/no-unused-vars
2026-10-10T01:42:04.0753271Z ##[warning]  286:26  warning  'context' is defined but never used. Allowed unused args must match /^_/u  @typescript-eslint/no-unused-vars
2026-10-10T01:42:04.0754072Z ##[warning]  366:31  warning  'context' is defined but never used. Allowed unused args must match /^_/u  @typescript-eslint/no-unused-vars
2026-10-10T01:42:04.0754897Z ##[warning]  429:30  warning  'context' is defined but never used. Allowed unused args must match /^_/u  @typescript-eslint/no-unused-vars
2026-10-10T01:42:04.0755845Z ##[warning]  458:29  warning  'context' is defined but never used. Allowed unused args must match /^_/u  @typescript-eslint/no-unused-vars
2026-10-10T01:42:04.0756661Z ##[warning]  490:32  warning  'context' is defined but never used. Allowed unused args must match /^_/u  @typescript-eslint/no-unused-vars
2026-10-10T01:42:04.0756963Z 
2026-10-10T01:42:04.0757337Z /home/runner/work/chainlesschain/chainlesschain/desktop-app-vue/src/main/remote/handlers/device-manager-handler.js
2026-10-10T01:42:04.0757905Z ##[warning]  221:32  warning  'context' is defined but never used. Allowed unused args must match /^_/u          @typescript-eslint/no-unused-vars
2026-10-10T01:42:04.0758769Z ##[warning]  302:13  warning  'result' is assigned a value but never used. Allowed unused vars must match /^_/u  @typescript-eslint/no-unused-vars
2026-10-10T01:42:04.0759610Z ##[warning]  351:29  warning  'context' is defined but never used. Allowed unused args must match /^_/u          @typescript-eslint/no-unused-vars
2026-10-10T01:42:04.0760446Z ##[warning]  389:31  warning  'context' is defined but never used. Allowed unused args must match /^_/u          @typescript-eslint/no-unused-vars
2026-10-10T01:42:04.0761380Z ##[warning]  414:30  warning  'context' is defined but never used. Allowed unused args must match /^_/u          @typescript-eslint/no-unused-vars
2026-10-10T01:42:04.0762196Z ##[warning]  462:30  warning  'context' is defined but never used. Allowed unused args must match /^_/u          @typescript-eslint/no-unused-vars
2026-10-10T01:42:04.0763023Z ##[warning]  493:37  warning  'context' is defined but never used. Allowed unused args must match /^_/u          @typescript-eslint/no-unused-vars
2026-10-10T01:42:04.0763847Z ##[warning]  533:31  warning  'context' is defined but never used. Allowed unused args must match /^_/u          @typescript-eslint/no-unused-vars
2026-10-10T01:42:04.0764675Z ##[warning]  574:30  warning  'context' is defined but never used. Allowed unused args must match /^_/u          @typescript-eslint/no-unused-vars
2026-10-10T01:42:04.0765652Z ##[warning]  599:28  warning  'context' is defined but never used. Allowed unused args must match /^_/u          @typescript-eslint/no-unused-vars
2026-10-10T01:42:04.0766484Z ##[warning]  622:33  warning  'context' is defined but never used. Allowed unused args must match /^_/u          @typescript-eslint/no-unused-vars
2026-10-10T01:42:04.0767320Z ##[warning]  658:29  warning  'context' is defined but never used. Allowed unused args must match /^_/u          @typescript-eslint/no-unused-vars
2026-10-10T01:42:04.0768184Z ##[warning]  681:37  warning  'context' is defined but never used. Allowed unused args must match /^_/u          @typescript-eslint/no-unused-vars
2026-10-10T01:42:04.0769045Z ##[warning]  704:33  warning  'context' is defined but never used. Allowed unused args must match /^_/u          @typescript-eslint/no-unused-vars
2026-10-10T01:42:04.0769893Z ##[warning]  734:25  warning  'params' is defined but never used. Allowed unused args must match /^_/u           @typescript-eslint/no-unused-vars
2026-10-10T01:42:04.0770851Z ##[warning]  734:33  warning  'context' is defined but never used. Allowed unused args must match /^_/u          @typescript-eslint/no-unused-vars
2026-10-10T01:42:04.0771690Z ##[warning]  771:33  warning  'context' is defined but never used. Allowed unused args must match /^_/u          @typescript-eslint/no-unused-vars
2026-10-10T01:42:04.0772528Z ##[warning]  885:34  warning  'context' is defined but never used. Allowed unused args must match /^_/u          @typescript-eslint/no-unused-vars
2026-10-10T01:42:04.0772833Z 
2026-10-10T01:42:04.0773176Z /home/runner/work/chainlesschain/chainlesschain/desktop-app-vue/src/main/remote/handlers/display-handler.js
2026-10-10T01:42:04.0773786Z ##[warning]   21:34  warning  'nativeImage' is assigned a value but never used. Allowed unused vars must match /^_/u  @typescript-eslint/no-unused-vars
2026-10-10T01:42:04.0774651Z ##[warning]   22:7   warning  'path' is assigned a value but never used. Allowed unused vars must match /^_/u         @typescript-eslint/no-unused-vars
2026-10-10T01:42:04.0775615Z ##[warning]   24:7   warning  'os' is assigned a value but never used. Allowed unused vars must match /^_/u           @typescript-eslint/no-unused-vars
2026-10-10T01:42:04.0776488Z ##[warning]  112:21  warning  'params' is assigned a value but never used. Allowed unused args must match /^_/u       @typescript-eslint/no-unused-vars
2026-10-10T01:42:04.0777346Z ##[warning]  112:34  warning  'context' is defined but never used. Allowed unused args must match /^_/u               @typescript-eslint/no-unused-vars
2026-10-10T01:42:04.0778209Z ##[warning]  148:20  warning  'params' is assigned a value but never used. Allowed unused args must match /^_/u       @typescript-eslint/no-unused-vars
2026-10-10T01:42:04.0779054Z ##[warning]  148:33  warning  'context' is defined but never used. Allowed unused args must match /^_/u               @typescript-eslint/no-unused-vars
2026-10-10T01:42:04.0779904Z ##[warning]  178:36  warning  'context' is defined but never used. Allowed unused args must match /^_/u               @typescript-eslint/no-unused-vars
2026-10-10T01:42:04.0780859Z ##[warning]  227:23  warning  'params' is assigned a value but never used. Allowed unused args must match /^_/u       @typescript-eslint/no-unused-vars
2026-10-10T01:42:04.0781706Z ##[warning]  227:36  warning  'context' is defined but never used. Allowed unused args must match /^_/u               @typescript-eslint/no-unused-vars
2026-10-10T01:42:04.0782542Z ##[warning]  305:31  warning  'context' is defined but never used. Allowed unused args must match /^_/u               @typescript-eslint/no-unused-vars
2026-10-10T01:42:04.0783383Z ##[warning]  366:33  warning  'context' is defined but never used. Allowed unused args must match /^_/u               @typescript-eslint/no-unused-vars
2026-10-10T01:42:04.0784258Z ##[warning]  400:24  warning  'params' is assigned a value but never used. Allowed unused args must match /^_/u       @typescript-eslint/no-unused-vars
2026-10-10T01:42:04.0785176Z ##[warning]  400:37  warning  'context' is defined but never used. Allowed unused args must match /^_/u               @typescript-eslint/no-unused-vars
2026-10-10T01:42:04.0786020Z ##[warning]  467:36  warning  'context' is defined but never used. Allowed unused args must match /^_/u               @typescript-eslint/no-unused-vars
2026-10-10T01:42:04.0786861Z ##[warning]  499:33  warning  'context' is defined but never used. Allowed unused args must match /^_/u               @typescript-eslint/no-unused-vars
2026-10-10T01:42:04.0787716Z ##[warning]  592:23  warning  'params' is assigned a value but never used. Allowed unused args must match /^_/u       @typescript-eslint/no-unused-vars
2026-10-10T01:42:04.0788566Z ##[warning]  592:36  warning  'context' is defined but never used. Allowed unused args must match /^_/u               @typescript-eslint/no-unused-vars
2026-10-10T01:42:04.0789421Z ##[warning]  622:27  warning  'params' is assigned a value but never used. Allowed unused args must match /^_/u       @typescript-eslint/no-unused-vars
2026-10-10T01:42:04.0790373Z ##[warning]  622:40  warning  'context' is defined but never used. Allowed unused args must match /^_/u               @typescript-eslint/no-unused-vars
2026-10-10T01:42:04.0790675Z 
2026-10-10T01:42:04.0791043Z /home/runner/work/chainlesschain/chainlesschain/desktop-app-vue/src/main/remote/handlers/file-transfer-handler.js
2026-10-10T01:42:04.0791627Z ##[warning]   906:26  warning  'context' is defined but never used. Allowed unused args must match /^_/u         @typescript-eslint/no-unused-vars
2026-10-10T01:42:04.0792499Z ##[warning]   934:27  warning  'context' is defined but never used. Allowed unused args must match /^_/u         @typescript-eslint/no-unused-vars
2026-10-10T01:42:04.0793363Z ##[warning]  1021:28  warning  'context' is defined but never used. Allowed unused args must match /^_/u         @typescript-eslint/no-unused-vars
2026-10-10T01:42:04.0794201Z ##[warning]  1050:26  warning  'context' is defined but never used. Allowed unused args must match /^_/u         @typescript-eslint/no-unused-vars
2026-10-10T01:42:04.0795152Z ##[warning]  1086:26  warning  'context' is defined but never used. Allowed unused args must match /^_/u         @typescript-eslint/no-unused-vars
2026-10-10T01:42:04.0795989Z ##[warning]  1125:30  warning  'context' is defined but never used. Allowed unused args must match /^_/u         @typescript-eslint/no-unused-vars
2026-10-10T01:42:04.0796819Z ##[warning]  1148:28  warning  'context' is defined but never used. Allowed unused args must match /^_/u         @typescript-eslint/no-unused-vars
2026-10-10T01:42:04.0797664Z ##[warning]  1159:14  warning  'error' is defined but never used. Allowed unused caught errors must match /^_/u  @typescript-eslint/no-unused-vars
2026-10-10T01:42:04.0798506Z ##[warning]  1173:28  warning  'context' is defined but never used. Allowed unused args must match /^_/u         @typescript-eslint/no-unused-vars
2026-10-10T01:42:04.0799334Z ##[warning]  1225:31  warning  'context' is defined but never used. Allowed unused args must match /^_/u         @typescript-eslint/no-unused-vars
2026-10-10T01:42:04.0799758Z 
2026-10-10T01:42:04.0800100Z /home/runner/work/chainlesschain/chainlesschain/desktop-app-vue/src/main/remote/handlers/input-handler.js
2026-10-10T01:42:04.0800685Z ##[warning]  215:30  warning  'context' is defined but never used. Allowed unused args must match /^_/u             @typescript-eslint/no-unused-vars
2026-10-10T01:42:04.0801534Z ##[warning]  290:30  warning  'context' is defined but never used. Allowed unused args must match /^_/u             @typescript-eslint/no-unused-vars
2026-10-10T01:42:04.0802373Z ##[warning]  386:26  warning  'context' is defined but never used. Allowed unused args must match /^_/u             @typescript-eslint/no-unused-vars
2026-10-10T01:42:04.0803208Z ##[warning]  425:32  warning  'delay' is defined but never used. Allowed unused args must match /^_/u               @typescript-eslint/no-unused-vars
2026-10-10T01:42:04.0804041Z ##[warning]  446:28  warning  'delay' is defined but never used. Allowed unused args must match /^_/u               @typescript-eslint/no-unused-vars
2026-10-10T01:42:04.0804877Z ##[warning]  463:27  warning  'context' is defined but never used. Allowed unused args must match /^_/u             @typescript-eslint/no-unused-vars
2026-10-10T01:42:04.0805841Z ##[warning]  574:11  warning  'buttonMap' is assigned a value but never used. Allowed unused vars must match /^_/u  @typescript-eslint/no-unused-vars
2026-10-10T01:42:04.0806680Z ##[warning]  670:27  warning  'context' is defined but never used. Allowed unused args must match /^_/u             @typescript-eslint/no-unused-vars
2026-10-10T01:42:04.0807527Z ##[warning]  671:41  warning  'button' is assigned a value but never used. Allowed unused vars must match /^_/u     @typescript-eslint/no-unused-vars
2026-10-10T01:42:04.0808384Z ##[warning]  773:29  warning  'context' is defined but never used. Allowed unused args must match /^_/u             @typescript-eslint/no-unused-vars
2026-10-10T01:42:04.0809387Z ##[warning]  841:27  warning  'params' is defined but never used. Allowed unused args must match /^_/u              @typescript-eslint/no-unused-vars
2026-10-10T01:42:04.0810235Z ##[warning]  841:35  warning  'context' is defined but never used. Allowed unused args must match /^_/u             @typescript-eslint/no-unused-vars
2026-10-10T01:42:04.0811072Z ##[warning]  902:27  warning  'params' is defined but never used. Allowed unused args must match /^_/u              @typescript-eslint/no-unused-vars
2026-10-10T01:42:04.0811906Z ##[warning]  902:35  warning  'context' is defined but never used. Allowed unused args must match /^_/u             @typescript-eslint/no-unused-vars
2026-10-10T01:42:04.0812210Z 
2026-10-10T01:42:04.0812559Z /home/runner/work/chainlesschain/chainlesschain/desktop-app-vue/src/main/remote/handlers/knowledge-handler.js
2026-10-10T01:42:04.0813107Z ##[warning]  241:29  warning  'context' is defined but never used. Allowed unused args must match /^_/u  @typescript-eslint/no-unused-vars
2026-10-10T01:42:04.0813925Z ##[warning]  257:29  warning  'context' is defined but never used. Allowed unused args must match /^_/u  @typescript-eslint/no-unused-vars
2026-10-10T01:42:04.0814732Z ##[warning]  273:17  warning  'params' is defined but never used. Allowed unused args must match /^_/u   @typescript-eslint/no-unused-vars
2026-10-10T01:42:04.0815613Z ##[warning]  273:25  warning  'context' is defined but never used. Allowed unused args must match /^_/u  @typescript-eslint/no-unused-vars
2026-10-10T01:42:04.0816412Z ##[warning]  362:28  warning  'context' is defined but never used. Allowed unused args must match /^_/u  @typescript-eslint/no-unused-vars
2026-10-10T01:42:04.0817208Z ##[warning]  380:31  warning  'context' is defined but never used. Allowed unused args must match /^_/u  @typescript-eslint/no-unused-vars
2026-10-10T01:42:04.0818006Z ##[warning]  396:30  warning  'context' is defined but never used. Allowed unused args must match /^_/u  @typescript-eslint/no-unused-vars
2026-10-10T01:42:04.0818800Z ##[warning]  409:26  warning  'context' is defined but never used. Allowed unused args must match /^_/u  @typescript-eslint/no-unused-vars
2026-10-10T01:42:04.0819204Z 
2026-10-10T01:42:04.0819534Z /home/runner/work/chainlesschain/chainlesschain/desktop-app-vue/src/main/remote/handlers/media-handler.js
2026-10-10T01:42:04.0820104Z ##[warning]   20:7   warning  'path' is assigned a value but never used. Allowed unused vars must match /^_/u    @typescript-eslint/no-unused-vars
2026-10-10T01:42:04.0820943Z ##[warning]   91:19  warning  'params' is assigned a value but never used. Allowed unused args must match /^_/u  @typescript-eslint/no-unused-vars
2026-10-10T01:42:04.0821770Z ##[warning]   91:32  warning  'context' is defined but never used. Allowed unused args must match /^_/u          @typescript-eslint/no-unused-vars
2026-10-10T01:42:04.0822602Z ##[warning]  185:27  warning  'context' is defined but never used. Allowed unused args must match /^_/u          @typescript-eslint/no-unused-vars
2026-10-10T01:42:04.0823441Z ##[warning]  238:14  warning  'params' is assigned a value but never used. Allowed unused args must match /^_/u  @typescript-eslint/no-unused-vars
2026-10-10T01:42:04.0824271Z ##[warning]  238:27  warning  'context' is defined but never used. Allowed unused args must match /^_/u          @typescript-eslint/no-unused-vars
2026-10-10T01:42:04.0825185Z ##[warning]  268:16  warning  'params' is assigned a value but never used. Allowed unused args must match /^_/u  @typescript-eslint/no-unused-vars
2026-10-10T01:42:04.0826008Z ##[warning]  268:29  warning  'context' is defined but never used. Allowed unused args must match /^_/u          @typescript-eslint/no-unused-vars
2026-10-10T01:42:04.0826846Z ##[warning]  298:20  warning  'params' is assigned a value but never used. Allowed unused args must match /^_/u  @typescript-eslint/no-unused-vars
2026-10-10T01:42:04.0827682Z ##[warning]  318:20  warning  'params' is assigned a value but never used. Allowed unused args must match /^_/u  @typescript-eslint/no-unused-vars
2026-10-10T01:42:04.0828642Z ##[warning]  318:33  warning  'context' is defined but never used. Allowed unused args must match /^_/u          @typescript-eslint/no-unused-vars
2026-10-10T01:42:04.0829480Z ##[warning]  397:27  warning  'context' is defined but never used. Allowed unused args must match /^_/u          @typescript-eslint/no-unused-vars
2026-10-10T01:42:04.0830322Z ##[warning]  472:19  warning  'params' is assigned a value but never used. Allowed unused args must match /^_/u  @typescript-eslint/no-unused-vars
2026-10-10T01:42:04.0831158Z ##[warning]  472:32  warning  'context' is defined but never used. Allowed unused args must match /^_/u          @typescript-eslint/no-unused-vars
2026-10-10T01:42:04.0831984Z ##[warning]  487:27  warning  'params' is assigned a value but never used. Allowed unused args must match /^_/u  @typescript-eslint/no-unused-vars
2026-10-10T01:42:04.0832805Z ##[warning]  487:40  warning  'context' is defined but never used. Allowed unused args must match /^_/u          @typescript-eslint/no-unused-vars
2026-10-10T01:42:04.0833623Z ##[warning]  554:30  warning  'context' is defined but never used. Allowed unused args must match /^_/u          @typescript-eslint/no-unused-vars
2026-10-10T01:42:04.0833924Z 
2026-10-10T01:42:04.0834298Z /home/runner/work/chainlesschain/chainlesschain/desktop-app-vue/src/main/remote/handlers/mobile-approval-channel.js
2026-10-10T01:42:04.0834850Z ##[warning]  172:18  warning  'err' is defined but never used. Allowed unused caught errors must match /^_/u  @typescript-eslint/no-unused-vars
2026-10-10T01:42:04.0835222Z 
2026-10-10T01:42:04.0835559Z /home/runner/work/chainlesschain/chainlesschain/desktop-app-vue/src/main/remote/handlers/network-handler.js
2026-10-10T01:42:04.0836121Z ##[warning]   208:19  warning  'params' is assigned a value but never used. Allowed unused args must match /^_/u  @typescript-eslint/no-unused-vars
2026-10-10T01:42:04.0836951Z ##[warning]   208:32  warning  'context' is defined but never used. Allowed unused args must match /^_/u          @typescript-eslint/no-unused-vars
2026-10-10T01:42:04.0837881Z ##[warning]   295:36  warning  'context' is defined but never used. Allowed unused args must match /^_/u          @typescript-eslint/no-unused-vars
2026-10-10T01:42:04.0838703Z ##[warning]   344:37  warning  'context' is defined but never used. Allowed unused args must match /^_/u          @typescript-eslint/no-unused-vars
2026-10-10T01:42:04.0839538Z ##[warning]   478:22  warning  'params' is assigned a value but never used. Allowed unused args must match /^_/u  @typescript-eslint/no-unused-vars
2026-10-10T01:42:04.0840370Z ##[warning]   478:35  warning  'context' is defined but never used. Allowed unused args must match /^_/u          @typescript-eslint/no-unused-vars
2026-10-10T01:42:04.0841193Z ##[warning]   703:28  warning  'host' is defined but never used. Allowed unused args must match /^_/u             @typescript-eslint/no-unused-vars
2026-10-10T01:42:04.0842032Z ##[warning]   753:21  warning  'params' is assigned a value but never used. Allowed unused args must match /^_/u  @typescript-eslint/no-unused-vars
2026-10-10T01:42:04.0842857Z ##[warning]   753:34  warning  'context' is defined but never used. Allowed unused args must match /^_/u          @typescript-eslint/no-unused-vars
2026-10-10T01:42:04.0843686Z ##[warning]   807:16  warning  'params' is assigned a value but never used. Allowed unused args must match /^_/u  @typescript-eslint/no-unused-vars
2026-10-10T01:42:04.0844518Z ##[warning]   807:29  warning  'context' is defined but never used. Allowed unused args must match /^_/u          @typescript-eslint/no-unused-vars
2026-10-10T01:42:04.0845434Z ##[warning]   854:28  warning  'context' is defined but never used. Allowed unused args must match /^_/u          @typescript-eslint/no-unused-vars
2026-10-10T01:42:04.0846272Z ##[warning]   963:17  warning  'params' is assigned a value but never used. Allowed unused args must match /^_/u  @typescript-eslint/no-unused-vars
2026-10-10T01:42:04.0847198Z ##[warning]   963:30  warning  'context' is defined but never used. Allowed unused args must match /^_/u          @typescript-eslint/no-unused-vars
2026-10-10T01:42:04.0848036Z ##[warning]  1052:13  warning  'info' is assigned a value but never used. Allowed unused vars must match /^_/u    @typescript-eslint/no-unused-vars
2026-10-10T01:42:04.0848864Z ##[warning]  1070:31  warning  'context' is defined but never used. Allowed unused args must match /^_/u          @typescript-eslint/no-unused-vars
2026-10-10T01:42:04.0849170Z 
2026-10-10T01:42:04.0849535Z /home/runner/work/chainlesschain/chainlesschain/desktop-app-vue/src/main/remote/handlers/notification-handler.js
2026-10-10T01:42:04.0850072Z ##[warning]  240:34  warning  'context' is defined but never used. Allowed unused args must match /^_/u  @typescript-eslint/no-unused-vars
2026-10-10T01:42:04.0850889Z ##[warning]  323:30  warning  'context' is defined but never used. Allowed unused args must match /^_/u  @typescript-eslint/no-unused-vars
2026-10-10T01:42:04.0851696Z ##[warning]  462:28  warning  'context' is defined but never used. Allowed unused args must match /^_/u  @typescript-eslint/no-unused-vars
2026-10-10T01:42:04.0852502Z ##[warning]  546:28  warning  'context' is defined but never used. Allowed unused args must match /^_/u  @typescript-eslint/no-unused-vars
2026-10-10T01:42:04.0853299Z ##[warning]  705:30  warning  'context' is defined but never used. Allowed unused args must match /^_/u  @typescript-eslint/no-unused-vars
2026-10-10T01:42:04.0854104Z ##[warning]  744:21  warning  'params' is defined but never used. Allowed unused args must match /^_/u   @typescript-eslint/no-unused-vars
2026-10-10T01:42:04.0854900Z ##[warning]  744:29  warning  'context' is defined but never used. Allowed unused args must match /^_/u  @typescript-eslint/no-unused-vars
2026-10-10T01:42:04.0855771Z ##[warning]  754:32  warning  'context' is defined but never used. Allowed unused args must match /^_/u  @typescript-eslint/no-unused-vars
2026-10-10T01:42:04.0856068Z 
2026-10-10T01:42:04.0856411Z /home/runner/work/chainlesschain/chainlesschain/desktop-app-vue/src/main/remote/handlers/power-handler.js
2026-10-10T01:42:04.0857086Z ##[warning]  203:15  warning  'params' is assigned a value but never used. Allowed unused args must match /^_/u  @typescript-eslint/no-unused-vars
2026-10-10T01:42:04.0857928Z ##[warning]  235:19  warning  'params' is assigned a value but never used. Allowed unused args must match /^_/u  @typescript-eslint/no-unused-vars
2026-10-10T01:42:04.0858772Z ##[warning]  267:14  warning  'params' is assigned a value but never used. Allowed unused args must match /^_/u  @typescript-eslint/no-unused-vars
2026-10-10T01:42:04.0859605Z ##[warning]  404:32  warning  'context' is defined but never used. Allowed unused args must match /^_/u          @typescript-eslint/no-unused-vars
2026-10-10T01:42:04.0860430Z ##[warning]  431:21  warning  'params' is defined but never used. Allowed unused args must match /^_/u           @typescript-eslint/no-unused-vars
2026-10-10T01:42:04.0861258Z ##[warning]  431:29  warning  'context' is defined but never used. Allowed unused args must match /^_/u          @typescript-eslint/no-unused-vars
2026-10-10T01:42:04.0862080Z ##[warning]  481:31  warning  'context' is defined but never used. Allowed unused args must match /^_/u          @typescript-eslint/no-unused-vars
2026-10-10T01:42:04.0862905Z ##[warning]  521:17  warning  'id' is assigned a value but never used. Allowed unused vars must match /^_/u      @typescript-eslint/no-unused-vars
2026-10-10T01:42:04.0863209Z 
2026-10-10T01:42:04.0863551Z /home/runner/work/chainlesschain/chainlesschain/desktop-app-vue/src/main/remote/handlers/process-handler.js
2026-10-10T01:42:04.0864111Z ##[warning]   27:7   warning  'isMac' is assigned a value but never used. Allowed unused vars must match /^_/u    @typescript-eslint/no-unused-vars
2026-10-10T01:42:04.0864968Z ##[warning]   28:7   warning  'isLinux' is assigned a value but never used. Allowed unused vars must match /^_/u  @typescript-eslint/no-unused-vars
2026-10-10T01:42:04.0865983Z ##[warning]  214:28  warning  'context' is defined but never used. Allowed unused args must match /^_/u           @typescript-eslint/no-unused-vars
2026-10-10T01:42:04.0866827Z ##[warning]  406:22  warning  'params' is assigned a value but never used. Allowed unused args must match /^_/u   @typescript-eslint/no-unused-vars
2026-10-10T01:42:04.0867667Z ##[warning]  406:35  warning  'context' is defined but never used. Allowed unused args must match /^_/u           @typescript-eslint/no-unused-vars
2026-10-10T01:42:04.0867967Z 
2026-10-10T01:42:04.0868335Z /home/runner/work/chainlesschain/chainlesschain/desktop-app-vue/src/main/remote/handlers/remote-desktop-handler.js
2026-10-10T01:42:04.0868885Z ##[warning]   34:10  warning  'err' is defined but never used. Allowed unused caught errors must match /^_/u  @typescript-eslint/no-unused-vars
2026-10-10T01:42:04.0869718Z ##[warning]  551:21  warning  'params' is defined but never used. Allowed unused args must match /^_/u        @typescript-eslint/no-unused-vars
2026-10-10T01:42:04.0870542Z ##[warning]  551:29  warning  'context' is defined but never used. Allowed unused args must match /^_/u       @typescript-eslint/no-unused-vars
2026-10-10T01:42:04.0871358Z ##[warning]  609:18  warning  'params' is defined but never used. Allowed unused args must match /^_/u        @typescript-eslint/no-unused-vars
2026-10-10T01:42:04.0872169Z ##[warning]  609:26  warning  'context' is defined but never used. Allowed unused args must match /^_/u       @typescript-eslint/no-unused-vars
2026-10-10T01:42:04.0872473Z 
2026-10-10T01:42:04.0872812Z /home/runner/work/chainlesschain/chainlesschain/desktop-app-vue/src/main/remote/handlers/security-handler.js
2026-10-10T01:42:04.0873375Z ##[warning]   83:25  warning  'params' is assigned a value but never used. Allowed unused args must match /^_/u  @typescript-eslint/no-unused-vars
2026-10-10T01:42:04.0874212Z ##[warning]   83:38  warning  'context' is defined but never used. Allowed unused args must match /^_/u          @typescript-eslint/no-unused-vars
2026-10-10T01:42:04.0875259Z ##[warning]  121:19  warning  'params' is assigned a value but never used. Allowed unused args must match /^_/u  @typescript-eslint/no-unused-vars
2026-10-10T01:42:04.0876098Z ##[warning]  151:24  warning  'params' is assigned a value but never used. Allowed unused args must match /^_/u  @typescript-eslint/no-unused-vars
2026-10-10T01:42:04.0876930Z ##[warning]  151:37  warning  'context' is defined but never used. Allowed unused args must match /^_/u          @typescript-eslint/no-unused-vars
2026-10-10T01:42:04.0877760Z ##[warning]  233:33  warning  'context' is defined but never used. Allowed unused args must match /^_/u          @typescript-eslint/no-unused-vars
2026-10-10T01:42:04.0878599Z ##[warning]  317:27  warning  'params' is assigned a value but never used. Allowed unused args must match /^_/u  @typescript-eslint/no-unused-vars
2026-10-10T01:42:04.0879433Z ##[warning]  317:40  warning  'context' is defined but never used. Allowed unused args must match /^_/u          @typescript-eslint/no-unused-vars
2026-10-10T01:42:04.0880265Z ##[warning]  420:28  warning  'params' is assigned a value but never used. Allowed unused args must match /^_/u  @typescript-eslint/no-unused-vars
2026-10-10T01:42:04.0881098Z ##[warning]  420:41  warning  'context' is defined but never used. Allowed unused args must match /^_/u          @typescript-eslint/no-unused-vars
2026-10-10T01:42:04.0881934Z ##[warning]  498:29  warning  'params' is assigned a value but never used. Allowed unused args must match /^_/u  @typescript-eslint/no-unused-vars
2026-10-10T01:42:04.0882760Z ##[warning]  498:42  warning  'context' is defined but never used. Allowed unused args must match /^_/u          @typescript-eslint/no-unused-vars
2026-10-10T01:42:04.0883592Z ##[warning]  572:20  warning  'params' is assigned a value but never used. Allowed unused args must match /^_/u  @typescript-eslint/no-unused-vars
2026-10-10T01:42:04.0884522Z ##[warning]  572:33  warning  'context' is defined but never used. Allowed unused args must match /^_/u          @typescript-eslint/no-unused-vars
2026-10-10T01:42:04.0884829Z 
2026-10-10T01:42:04.0885246Z /home/runner/work/chainlesschain/chainlesschain/desktop-app-vue/src/main/remote/handlers/storage-handler.js
2026-10-10T01:42:04.0885821Z ##[warning]  145:18  warning  'params' is assigned a value but never used. Allowed unused args must match /^_/u  @typescript-eslint/no-unused-vars
2026-10-10T01:42:04.0886675Z ##[warning]  145:31  warning  'context' is defined but never used. Allowed unused args must match /^_/u          @typescript-eslint/no-unused-vars
2026-10-10T01:42:04.0887513Z ##[warning]  319:18  warning  'params' is assigned a value but never used. Allowed unused args must match /^_/u  @typescript-eslint/no-unused-vars
2026-10-10T01:42:04.0888344Z ##[warning]  362:23  warning  'params' is assigned a value but never used. Allowed unused args must match /^_/u  @typescript-eslint/no-unused-vars
2026-10-10T01:42:04.0889174Z ##[warning]  362:36  warning  'context' is defined but never used. Allowed unused args must match /^_/u          @typescript-eslint/no-unused-vars
2026-10-10T01:42:04.0890010Z ##[warning]  443:31  warning  'context' is defined but never used. Allowed unused args must match /^_/u          @typescript-eslint/no-unused-vars
2026-10-10T01:42:04.0890836Z ##[warning]  533:31  warning  'context' is defined but never used. Allowed unused args must match /^_/u          @typescript-eslint/no-unused-vars
2026-10-10T01:42:04.0891657Z ##[warning]  594:31  warning  'context' is defined but never used. Allowed unused args must match /^_/u          @typescript-eslint/no-unused-vars
2026-10-10T01:42:04.0892477Z ##[warning]  682:32  warning  'context' is defined but never used. Allowed unused args must match /^_/u          @typescript-eslint/no-unused-vars
2026-10-10T01:42:04.0893297Z ##[warning]  775:34  warning  'context' is defined but never used. Allowed unused args must match /^_/u          @typescript-eslint/no-unused-vars
2026-10-10T01:42:04.0894127Z ##[warning]  858:28  warning  'context' is defined but never used. Allowed unused args must match /^_/u          @typescript-eslint/no-unused-vars
2026-10-10T01:42:04.0895146Z ##[warning]  915:24  warning  'params' is assigned a value but never used. Allowed unused args must match /^_/u  @typescript-eslint/no-unused-vars
2026-10-10T01:42:04.0895970Z ##[warning]  915:37  warning  'context' is defined but never used. Allowed unused args must match /^_/u          @typescript-eslint/no-unused-vars
2026-10-10T01:42:04.0896273Z 
2026-10-10T01:42:04.0896641Z /home/runner/work/chainlesschain/chainlesschain/desktop-app-vue/src/main/remote/handlers/system-handler-enhanced.js
2026-10-10T01:42:04.0897150Z ##[warning]   42:3   warning  Read-only global 'Notification' should not be modified                     no-global-assign
2026-10-10T01:42:04.0897968Z ##[warning]  242:28  warning  'context' is defined but never used. Allowed unused args must match /^_/u  @typescript-eslint/no-unused-vars
2026-10-10T01:42:04.0898772Z ##[warning]  379:19  warning  'params' is defined but never used. Allowed unused args must match /^_/u   @typescript-eslint/no-unused-vars
2026-10-10T01:42:04.0899572Z ##[warning]  379:27  warning  'context' is defined but never used. Allowed unused args must match /^_/u  @typescript-eslint/no-unused-vars
2026-10-10T01:42:04.0900371Z ##[warning]  404:17  warning  'params' is defined but never used. Allowed unused args must match /^_/u   @typescript-eslint/no-unused-vars
2026-10-10T01:42:04.0901167Z ##[warning]  404:25  warning  'context' is defined but never used. Allowed unused args must match /^_/u  @typescript-eslint/no-unused-vars
2026-10-10T01:42:04.0901965Z ##[warning]  432:29  warning  'context' is defined but never used. Allowed unused args must match /^_/u  @typescript-eslint/no-unused-vars
2026-10-10T01:42:04.0902260Z 
2026-10-10T01:42:04.0902595Z /home/runner/work/chainlesschain/chainlesschain/desktop-app-vue/src/main/remote/handlers/system-handler.js
2026-10-10T01:42:04.0903215Z ##[warning]   65:19  warning  'params' is defined but never used. Allowed unused args must match /^_/u   @typescript-eslint/no-unused-vars
2026-10-10T01:42:04.0904011Z ##[warning]   65:27  warning  'context' is defined but never used. Allowed unused args must match /^_/u  @typescript-eslint/no-unused-vars
2026-10-10T01:42:04.0904809Z ##[warning]  106:17  warning  'params' is defined but never used. Allowed unused args must match /^_/u   @typescript-eslint/no-unused-vars
2026-10-10T01:42:04.0905687Z ##[warning]  106:25  warning  'context' is defined but never used. Allowed unused args must match /^_/u  @typescript-eslint/no-unused-vars
2026-10-10T01:42:04.0906485Z ##[warning]  144:28  warning  'context' is defined but never used. Allowed unused args must match /^_/u  @typescript-eslint/no-unused-vars
2026-10-10T01:42:04.0907285Z ##[warning]  236:24  warning  'context' is defined but never used. Allowed unused args must match /^_/u  @typescript-eslint/no-unused-vars
2026-10-10T01:42:04.0907578Z 
2026-10-10T01:42:04.0907937Z /home/runner/work/chainlesschain/chainlesschain/desktop-app-vue/src/main/remote/handlers/system-info-handler.js
2026-10-10T01:42:04.0908498Z ##[warning]   98:16  warning  'params' is assigned a value but never used. Allowed unused args must match /^_/u  @typescript-eslint/no-unused-vars
2026-10-10T01:42:04.0909331Z ##[warning]   98:29  warning  'context' is defined but never used. Allowed unused args must match /^_/u          @typescript-eslint/no-unused-vars
2026-10-10T01:42:04.0910163Z ##[warning]  231:19  warning  'params' is assigned a value but never used. Allowed unused args must match /^_/u  @typescript-eslint/no-unused-vars
2026-10-10T01:42:04.0910991Z ##[warning]  231:32  warning  'context' is defined but never used. Allowed unused args must match /^_/u          @typescript-eslint/no-unused-vars
2026-10-10T01:42:04.0912297Z ##[warning]  296:20  warning  'params' is assigned a value but never used. Allowed unused args must match /^_/u  @typescript-eslint/no-unused-vars
2026-10-10T01:42:04.0913393Z ##[warning]  296:33  warning  'context' is defined but never used. Allowed unused args must match /^_/u          @typescript-eslint/no-unused-vars
2026-10-10T01:42:04.0914635Z ##[warning]  400:24  warning  'params' is assigned a value but never used. Allowed unused args must match /^_/u  @typescript-eslint/no-unused-vars
2026-10-10T01:42:04.0915889Z ##[warning]  400:37  warning  'context' is defined but never used. Allowed unused args must match /^_/u          @typescript-eslint/no-unused-vars
2026-10-10T01:42:04.0916977Z ##[warning]  497:19  warning  'params' is assigned a value but never used. Allowed unused args must match /^_/u  @typescript-eslint/no-unused-vars
2026-10-10T01:42:04.0918071Z ##[warning]  497:32  warning  'context' is defined but never used. Allowed unused args must match /^_/u          @typescript-eslint/no-unused-vars
2026-10-10T01:42:04.0919149Z ##[warning]  529:15  warning  'params' is assigned a value but never used. Allowed unused args must match /^_/u  @typescript-eslint/no-unused-vars
2026-10-10T01:42:04.0920235Z ##[warning]  529:28  warning  'context' is defined but never used. Allowed unused args must match /^_/u          @typescript-eslint/no-unused-vars
2026-10-10T01:42:04.0921358Z ##[warning]  628:21  warning  'params' is assigned a value but never used. Allowed unused args must match /^_/u  @typescript-eslint/no-unused-vars
2026-10-10T01:42:04.0922970Z ##[warning]  628:34  warning  'context' is defined but never used. Allowed unused args must match /^_/u          @typescript-eslint/no-unused-vars
2026-10-10T01:42:04.0924105Z ##[warning]  733:25  warning  'context' is defined but never used. Allowed unused args must match /^_/u          @typescript-eslint/no-unused-vars
2026-10-10T01:42:04.0925232Z ##[warning]  819:34  warning  'context' is defined but never used. Allowed unused args must match /^_/u          @typescript-eslint/no-unused-vars
2026-10-10T01:42:04.0926347Z ##[warning]  918:24  warning  'params' is assigned a value but never used. Allowed unused args must match /^_/u  @typescript-eslint/no-unused-vars
2026-10-10T01:42:04.0926808Z 
2026-10-10T01:42:04.0927380Z /home/runner/work/chainlesschain/chainlesschain/desktop-app-vue/src/main/remote/handlers/user-browser-handler.js
2026-10-10T01:42:04.0927782Z ##[warning]  1298:56  warning  Expected { after 'if' condition  curly
2026-10-10T01:42:04.0928245Z 
2026-10-10T01:42:04.0928676Z /home/runner/work/chainlesschain/chainlesschain/desktop-app-vue/src/main/remote/handlers/workflow-handler.js
2026-10-10T01:42:04.0929400Z ##[warning]   39:3   warning  'WORKFLOW_STATUS' is assigned a value but never used. Allowed unused vars must match /^_/u  @typescript-eslint/no-unused-vars
2026-10-10T01:42:04.0930624Z ##[warning]  320:27  warning  'context' is defined but never used. Allowed unused args must match /^_/u                   @typescript-eslint/no-unused-vars
2026-10-10T01:42:04.0931774Z ##[warning]  387:32  warning  'context' is defined but never used. Allowed unused args must match /^_/u                   @typescript-eslint/no-unused-vars
2026-10-10T01:42:04.0932907Z ##[warning]  406:31  warning  'context' is defined but never used. Allowed unused args must match /^_/u                   @typescript-eslint/no-unused-vars
2026-10-10T01:42:04.0934002Z ##[warning]  469:29  warning  'context' is defined but never used. Allowed unused args must match /^_/u                   @typescript-eslint/no-unused-vars
2026-10-10T01:42:04.0935216Z ##[warning]  486:32  warning  'context' is defined but never used. Allowed unused args must match /^_/u                   @typescript-eslint/no-unused-vars
2026-10-10T01:42:04.0936344Z ##[warning]  554:32  warning  'context' is defined but never used. Allowed unused args must match /^_/u                   @typescript-eslint/no-unused-vars
2026-10-10T01:42:04.0937492Z ##[warning]  582:28  warning  'context' is defined but never used. Allowed unused args must match /^_/u                   @typescript-eslint/no-unused-vars
2026-10-10T01:42:04.0938573Z ##[warning]  650:29  warning  'params' is defined but never used. Allowed unused args must match /^_/u                    @typescript-eslint/no-unused-vars
2026-10-10T01:42:04.0939808Z ##[warning]  650:37  warning  'context' is defined but never used. Allowed unused args must match /^_/u                   @typescript-eslint/no-unused-vars
2026-10-10T01:42:04.0940227Z 
2026-10-10T01:42:04.0940605Z /home/runner/work/chainlesschain/chainlesschain/desktop-app-vue/src/main/remote/integration-example.js
2026-10-10T01:42:04.0941309Z ##[warning]  136:46  warning  'peerId' is defined but never used. Allowed unused args must match /^_/u   @typescript-eslint/no-unused-vars
2026-10-10T01:42:04.0942361Z ##[warning]  193:16  warning  'example' is defined but never used. Allowed unused vars must match /^_/u  @typescript-eslint/no-unused-vars
2026-10-10T01:42:04.0942767Z 
2026-10-10T01:42:04.0943084Z /home/runner/work/chainlesschain/chainlesschain/desktop-app-vue/src/main/remote/logging/index.js
2026-10-10T01:42:04.0943942Z ##[warning]  65:51  warning  'stats' is defined but never used. Allowed unused args must match /^_/u  @typescript-eslint/no-unused-vars
2026-10-10T01:42:04.0944352Z 
2026-10-10T01:42:04.0944766Z /home/runner/work/chainlesschain/chainlesschain/desktop-app-vue/src/main/remote/logging/remote-command-audit-redaction.js
2026-10-10T01:42:04.0945345Z ##[warning]  115:7   warning  Expected { after 'if' condition  curly
2026-10-10T01:42:04.0946166Z ##[warning]  135:23  warning  Expected { after 'if' condition  curly
2026-10-10T01:42:04.0946941Z ##[warning]  137:7   warning  Expected { after 'else'          curly
2026-10-10T01:42:04.0947389Z 
2026-10-10T01:42:04.0947779Z /home/runner/work/chainlesschain/chainlesschain/desktop-app-vue/src/main/remote/logging/statistics-collector.js
2026-10-10T01:42:04.0948466Z ##[warning]  412:19  warning  'key' is assigned a value but never used. Allowed unused vars must match /^_/u  @typescript-eslint/no-unused-vars
2026-10-10T01:42:04.0948950Z 
2026-10-10T01:42:04.0949312Z /home/runner/work/chainlesschain/chainlesschain/desktop-app-vue/src/main/remote/p2p-command-adapter.js
2026-10-10T01:42:04.0950122Z ##[warning]  194:16  warning  'e' is defined but never used. Allowed unused caught errors must match /^_/u       @typescript-eslint/no-unused-vars
2026-10-10T01:42:04.0951242Z ##[warning]  242:25  warning  'params' is assigned a value but never used. Allowed unused vars must match /^_/u  @typescript-eslint/no-unused-vars
2026-10-10T01:42:04.0952243Z ##[warning]  368:23  warning  Expected { after 'if' condition                                                    curly
2026-10-10T01:42:04.0953382Z ##[warning]  506:27  warning  'payload' is defined but never used. Allowed unused args must match /^_/u          @typescript-eslint/no-unused-vars
2026-10-10T01:42:04.0954489Z ##[warning]  862:17  warning  'id' is assigned a value but never used. Allowed unused vars must match /^_/u      @typescript-eslint/no-unused-vars
2026-10-10T01:42:04.0955700Z ##[warning]  869:17  warning  'id' is assigned a value but never used. Allowed unused vars must match /^_/u      @typescript-eslint/no-unused-vars
2026-10-10T01:42:04.0956146Z 
2026-10-10T01:42:04.0956497Z /home/runner/work/chainlesschain/chainlesschain/desktop-app-vue/src/main/remote/permission-gate.js
2026-10-10T01:42:04.0957203Z ##[warning]    25:7   warning  'crypto' is assigned a value but never used. Allowed unused vars must match /^_/u  @typescript-eslint/no-unused-vars
2026-10-10T01:42:04.0958321Z ##[warning]  1115:14  warning  'e' is defined but never used. Allowed unused caught errors must match /^_/u       @typescript-eslint/no-unused-vars
2026-10-10T01:42:04.0959405Z ##[warning]  1819:14  warning  'e' is defined but never used. Allowed unused caught errors must match /^_/u       @typescript-eslint/no-unused-vars
2026-10-10T01:42:04.0959815Z 
2026-10-10T01:42:04.0960187Z /home/runner/work/chainlesschain/chainlesschain/desktop-app-vue/src/main/remote/remote-ipc.js
2026-10-10T01:42:04.0960888Z ##[warning]   371:21  warning  'peerId' is defined but never used. Allowed unused args must match /^_/u  @typescript-eslint/no-unused-vars
2026-10-10T01:42:04.0962047Z ##[warning]   775:51  warning  'event' is defined but never used. Allowed unused args must match /^_/u   @typescript-eslint/no-unused-vars
2026-10-10T01:42:04.0963098Z ##[warning]   791:53  warning  'event' is defined but never used. Allowed unused args must match /^_/u   @typescript-eslint/no-unused-vars
2026-10-10T01:42:04.0964514Z ##[warning]   837:59  warning  'event' is defined but never used. Allowed unused args must match /^_/u   @typescript-eslint/no-unused-vars
2026-10-10T01:42:04.0965624Z ##[warning]  1069:61  warning  'event' is defined but never used. Allowed unused args must match /^_/u   @typescript-eslint/no-unused-vars
2026-10-10T01:42:04.0966680Z ##[warning]  1345:56  warning  'event' is defined but never used. Allowed unused args must match /^_/u   @typescript-eslint/no-unused-vars
2026-10-10T01:42:04.0967077Z 
2026-10-10T01:42:04.0967452Z /home/runner/work/chainlesschain/chainlesschain/desktop-app-vue/src/main/remote/workflow/workflow-engine.js
2026-10-10T01:42:04.0968216Z ##[warning]   54:34  warning  'context' is defined but never used. Allowed unused args must match /^_/u  @typescript-eslint/no-unused-vars
2026-10-10T01:42:04.0969135Z ##[warning]  242:32  warning  Expected '===' and instead saw '=='                                        eqeqeq
2026-10-10T01:42:04.0970072Z ##[warning]  244:32  warning  Expected '!==' and instead saw '!='                                        eqeqeq
2026-10-10T01:42:04.0970985Z ##[warning]  276:27  warning  Expected '===' and instead saw '=='                                        eqeqeq
2026-10-10T01:42:04.0971925Z ##[warning]  282:27  warning  Expected '!==' and instead saw '!='                                        eqeqeq
2026-10-10T01:42:04.0972330Z 
2026-10-10T01:42:04.0972799Z /home/runner/work/chainlesschain/chainlesschain/desktop-app-vue/src/main/runtime/__tests__/universal-runtime-cache.test.js
2026-10-10T01:42:04.0973328Z ##[warning]  18:35  warning  Expected { after 'for' condition  curly
2026-10-10T01:42:04.0973759Z 
2026-10-10T01:42:04.0974249Z /home/runner/work/chainlesschain/chainlesschain/desktop-app-vue/src/main/runtime/universal-runtime.js
2026-10-10T01:42:04.0976284Z ##[warning]   26:24  warning  'deps' is assigned a value but never used. Allowed unused args must match /^_/u           @typescript-eslint/no-unused-vars
2026-10-10T01:42:04.0977581Z ##[warning]  111:41  warning  'updatePayload' is assigned a value but never used. Allowed unused args must match /^_/u  @typescript-eslint/no-unused-vars
2026-10-10T01:42:04.0977962Z 
2026-10-10T01:42:04.0978350Z /home/runner/work/chainlesschain/chainlesschain/desktop-app-vue/src/main/sandbox/python-sandbox.js
2026-10-10T01:42:04.0979181Z ##[warning]  336:14  warning  'error' is defined but never used. Allowed unused caught errors must match /^_/u        @typescript-eslint/no-unused-vars
2026-10-10T01:42:04.0980276Z ##[warning]  368:14  warning  'error' is defined but never used. Allowed unused caught errors must match /^_/u        @typescript-eslint/no-unused-vars
2026-10-10T01:42:04.0981376Z ##[warning]  386:14  warning  'error' is defined but never used. Allowed unused caught errors must match /^_/u        @typescript-eslint/no-unused-vars
2026-10-10T01:42:04.0982506Z ##[warning]  472:17  warning  'executionId' is assigned a value but never used. Allowed unused vars must match /^_/u  @typescript-eslint/no-unused-vars
2026-10-10T01:42:04.0983637Z ##[warning]  480:14  warning  'error' is defined but never used. Allowed unused caught errors must match /^_/u        @typescript-eslint/no-unused-vars
2026-10-10T01:42:04.0984050Z 
2026-10-10T01:42:04.0984412Z /home/runner/work/chainlesschain/chainlesschain/desktop-app-vue/src/main/sandbox/sandbox-ipc.js
2026-10-10T01:42:04.0985216Z ##[warning]  23:3  warning  'mainWindow' is defined but never used. Allowed unused args must match /^_/u  @typescript-eslint/no-unused-vars
2026-10-10T01:42:04.0985632Z 
2026-10-10T01:42:04.0986005Z /home/runner/work/chainlesschain/chainlesschain/desktop-app-vue/src/main/session/session-core-ipc.js
2026-10-10T01:42:04.0986657Z ##[warning]  331:11  warning  Expected { after 'else'          curly
2026-10-10T01:42:04.0988087Z ##[warning]  359:47  warning  Expected { after 'if' condition  curly
2026-10-10T01:42:04.0988859Z ##[warning]  406:47  warning  Expected { after 'if' condition  curly
2026-10-10T01:42:04.0989321Z 
2026-10-10T01:42:04.0989721Z /home/runner/work/chainlesschain/chainlesschain/desktop-app-vue/src/main/signed-desktop-launch-probe.js
2026-10-10T01:42:04.0990094Z ##[warning]  12:29  warning  Expected { after 'if' condition  curly
2026-10-10T01:42:04.0990884Z ##[warning]  13:44  warning  Expected { after 'if' condition  curly
2026-10-10T01:42:04.0991687Z ##[warning]  58:16  warning  Expected { after 'if' condition  curly
2026-10-10T01:42:04.0992092Z 
2026-10-10T01:42:04.0992542Z /home/runner/work/chainlesschain/chainlesschain/desktop-app-vue/src/main/skill-tool-system/additional-tools-v3-handler.js
2026-10-10T01:42:04.0993405Z ##[warning]    37:9   warning  'analysisDepth' is assigned a value but never used. Allowed unused vars must match /^_/u       @typescript-eslint/no-unused-vars
2026-10-10T01:42:04.0994623Z ##[warning]   260:9   warning  'iterations' is assigned a value but never used. Allowed unused vars must match /^_/u          @typescript-eslint/no-unused-vars
2026-10-10T01:42:04.0995856Z ##[warning]   431:9   warning  'analysisType' is assigned a value but never used. Allowed unused vars must match /^_/u        @typescript-eslint/no-unused-vars
2026-10-10T01:42:04.0997034Z ##[warning]   504:9   warning  'dataSource' is assigned a value but never used. Allowed unused vars must match /^_/u          @typescript-eslint/no-unused-vars
2026-10-10T01:42:04.0998171Z ##[warning]   506:9   warning  'analysisType' is assigned a value but never used. Allowed unused vars must match /^_/u        @typescript-eslint/no-unused-vars
2026-10-10T01:42:04.0999311Z ##[warning]   661:9   warning  'payment' is assigned a value but never used. Allowed unused vars must match /^_/u             @typescript-eslint/no-unused-vars
2026-10-10T01:42:04.1000602Z ##[warning]   849:9   warning  'scoringModel' is assigned a value but never used. Allowed unused vars must match /^_/u        @typescript-eslint/no-unused-vars
2026-10-10T01:42:04.1001712Z ##[warning]   932:9   warning  'modelType' is assigned a value but never used. Allowed unused vars must match /^_/u           @typescript-eslint/no-unused-vars
2026-10-10T01:42:04.1002918Z ##[warning]  1036:9   warning  'credentials' is assigned a value but never used. Allowed unused vars must match /^_/u         @typescript-eslint/no-unused-vars
2026-10-10T01:42:04.1004053Z ##[warning]  1037:9   warning  'syncData' is assigned a value but never used. Allowed unused vars must match /^_/u            @typescript-eslint/no-unused-vars
2026-10-10T01:42:04.1005302Z ##[warning]  1211:9   warning  'communicationTypes' is assigned a value but never used. Allowed unused vars must match /^_/u  @typescript-eslint/no-unused-vars
2026-10-10T01:42:04.1006457Z ##[warning]  1309:13  warning  'hierarchy' is assigned a value but never used. Allowed unused vars must match /^_/u           @typescript-eslint/no-unused-vars
2026-10-10T01:42:04.1024328Z ##[warning]  1368:9   warning  'benchmarkData' is assigned a value but never used. Allowed unused vars must match /^_/u       @typescript-eslint/no-unused-vars
2026-10-10T01:42:04.1025645Z ##[warning]  1595:9   warning  'preparationWeeks' is assigned a value but never used. Allowed unused vars must match /^_/u    @typescript-eslint/no-unused-vars
2026-10-10T01:42:04.1026630Z ##[warning]  2216:9   warning  'outputFormat' is assigned a value but never used. Allowed unused vars must match /^_/u        @typescript-eslint/no-unused-vars
2026-10-10T01:42:04.1027599Z ##[warning]  2576:11  warning  'independentClaims' is assigned a value but never used. Allowed unused vars must match /^_/u   @typescript-eslint/no-unused-vars
2026-10-10T01:42:04.1028538Z ##[warning]  2583:23  warning  'claims' is defined but never used. Allowed unused args must match /^_/u                       @typescript-eslint/no-unused-vars
2026-10-10T01:42:04.1029647Z ##[warning]  2587:26  warning  'claims' is defined but never used. Allowed unused args must match /^_/u                       @typescript-eslint/no-unused-vars
2026-10-10T01:42:04.1030580Z ##[warning]  2587:34  warning  'priorArt' is defined but never used. Allowed unused args must match /^_/u                     @typescript-eslint/no-unused-vars
2026-10-10T01:42:04.1031491Z ##[warning]  2619:45  warning  'jurisdiction' is defined but never used. Allowed unused args must match /^_/u                 @typescript-eslint/no-unused-vars
2026-10-10T01:42:04.1032388Z ##[warning]  2619:59  warning  'language' is defined but never used. Allowed unused args must match /^_/u                     @typescript-eslint/no-unused-vars
2026-10-10T01:42:04.1033282Z ##[warning]  2631:45  warning  'jurisdiction' is defined but never used. Allowed unused args must match /^_/u                 @typescript-eslint/no-unused-vars
2026-10-10T01:42:04.1034166Z ##[warning]  2631:59  warning  'language' is defined but never used. Allowed unused args must match /^_/u                     @typescript-eslint/no-unused-vars
2026-10-10T01:42:04.1035198Z ##[warning]  2716:26  warning  'surveyData' is defined but never used. Allowed unused args must match /^_/u                   @typescript-eslint/no-unused-vars
2026-10-10T01:42:04.1036080Z ##[warning]  2716:38  warning  'dimension' is defined but never used. Allowed unused args must match /^_/u                    @typescript-eslint/no-unused-vars
2026-10-10T01:42:04.1036960Z ##[warning]  2727:28  warning  'responses' is defined but never used. Allowed unused args must match /^_/u                    @typescript-eslint/no-unused-vars
2026-10-10T01:42:04.1037835Z ##[warning]  2727:39  warning  'stage' is defined but never used. Allowed unused args must match /^_/u                        @typescript-eslint/no-unused-vars
2026-10-10T01:42:04.1038853Z ##[warning]  2749:23  warning  'auditArea' is defined but never used. Allowed unused args must match /^_/u                    @typescript-eslint/no-unused-vars
2026-10-10T01:42:04.1039747Z ##[warning]  2749:34  warning  'entityInfo' is defined but never used. Allowed unused args must match /^_/u                   @typescript-eslint/no-unused-vars
2026-10-10T01:42:04.1040624Z ##[warning]  2757:22  warning  'auditArea' is defined but never used. Allowed unused args must match /^_/u                    @typescript-eslint/no-unused-vars
2026-10-10T01:42:04.1041508Z ##[warning]  2757:33  warning  'entityInfo' is defined but never used. Allowed unused args must match /^_/u                   @typescript-eslint/no-unused-vars
2026-10-10T01:42:04.1041817Z 
2026-10-10T01:42:04.1042193Z /home/runner/work/chainlesschain/chainlesschain/desktop-app-vue/src/main/skill-tool-system/ai-skill-scheduler.js
2026-10-10T01:42:04.1042788Z ##[warning]  309:13  warning  'action' is assigned a value but never used. Allowed unused vars must match /^_/u  @typescript-eslint/no-unused-vars
2026-10-10T01:42:04.1043670Z ##[warning]  309:21  warning  'target' is assigned a value but never used. Allowed unused vars must match /^_/u  @typescript-eslint/no-unused-vars
2026-10-10T01:42:04.1044548Z ##[warning]  333:38  warning  'context' is defined but never used. Allowed unused args must match /^_/u          @typescript-eslint/no-unused-vars
2026-10-10T01:42:04.1045473Z ##[warning]  366:36  warning  'intent' is defined but never used. Allowed unused args must match /^_/u           @typescript-eslint/no-unused-vars
2026-10-10T01:42:04.1046313Z ##[warning]  366:44  warning  'context' is defined but never used. Allowed unused args must match /^_/u          @typescript-eslint/no-unused-vars
2026-10-10T01:42:04.1046616Z 
2026-10-10T01:42:04.1046976Z /home/runner/work/chainlesschain/chainlesschain/desktop-app-vue/src/main/skill-tool-system/api-doc-generator.js
2026-10-10T01:42:04.1047569Z ##[warning]  322:14  warning  'fullMatch' is assigned a value but never used. Allowed unused vars must match /^_/u  @typescript-eslint/no-unused-vars
2026-10-10T01:42:04.1047874Z 
2026-10-10T01:42:04.1048337Z /home/runner/work/chainlesschain/chainlesschain/desktop-app-vue/src/main/skill-tool-system/chat-skill-bridge.js
2026-10-10T01:42:04.1048904Z ##[warning]  215:14  warning  'e' is defined but never used. Allowed unused caught errors must match /^_/u      @typescript-eslint/no-unused-vars
2026-10-10T01:42:04.1049742Z ##[warning]  402:27  warning  'text' is defined but never used. Allowed unused args must match /^_/u            @typescript-eslint/no-unused-vars
2026-10-10T01:42:04.1050593Z ##[warning]  402:33  warning  'mentionedTools' is defined but never used. Allowed unused args must match /^_/u  @typescript-eslint/no-unused-vars
2026-10-10T01:42:04.1051414Z ##[warning]  411:30  warning  'text' is defined but never used. Allowed unused args must match /^_/u            @typescript-eslint/no-unused-vars
2026-10-10T01:42:04.1051725Z 
2026-10-10T01:42:04.1052069Z /home/runner/work/chainlesschain/chainlesschain/desktop-app-vue/src/main/skill-tool-system/config-manager.js
2026-10-10T01:42:04.1052644Z ##[warning]   46:7   warning  'format' is assigned a value but never used. Allowed unused vars must match /^_/u  @typescript-eslint/no-unused-vars
2026-10-10T01:42:04.1053484Z ##[warning]  521:14  warning  'yaml' is defined but never used. Allowed unused args must match /^_/u             @typescript-eslint/no-unused-vars
2026-10-10T01:42:04.1053789Z 
2026-10-10T01:42:04.1054169Z /home/runner/work/chainlesschain/chainlesschain/desktop-app-vue/src/main/skill-tool-system/enhanced-handler-example.js
2026-10-10T01:42:04.1054794Z ##[warning]  11:3  warning  'ValidationError' is assigned a value but never used. Allowed unused vars must match /^_/u  @typescript-eslint/no-unused-vars
2026-10-10T01:42:04.1055783Z ##[warning]  12:3  warning  'ExecutionError' is assigned a value but never used. Allowed unused vars must match /^_/u   @typescript-eslint/no-unused-vars
2026-10-10T01:42:04.1056087Z 
2026-10-10T01:42:04.1056426Z /home/runner/work/chainlesschain/chainlesschain/desktop-app-vue/src/main/skill-tool-system/skill-executor.js
2026-10-10T01:42:04.1057100Z ##[warning]    7:7   warning  'path' is assigned a value but never used. Allowed unused vars must match /^_/u    @typescript-eslint/no-unused-vars
2026-10-10T01:42:04.1057937Z ##[warning]  358:17  warning  'name' is defined but never used. Allowed unused args must match /^_/u             @typescript-eslint/no-unused-vars
2026-10-10T01:42:04.1058786Z ##[warning]  632:17  warning  'taskId' is assigned a value but never used. Allowed unused vars must match /^_/u  @typescript-eslint/no-unused-vars
2026-10-10T01:42:04.1059084Z 
2026-10-10T01:42:04.1059427Z /home/runner/work/chainlesschain/chainlesschain/desktop-app-vue/src/main/skill-tool-system/skill-manager.js
2026-10-10T01:42:04.1060001Z ##[warning]  913:14  warning  'error' is defined but never used. Allowed unused caught errors must match /^_/u  @typescript-eslint/no-unused-vars
2026-10-10T01:42:04.1060309Z 
2026-10-10T01:42:04.1060653Z /home/runner/work/chainlesschain/chainlesschain/desktop-app-vue/src/main/skill-tool-system/skill-tool-ipc.js
2026-10-10T01:42:04.1061219Z ##[warning]  426:60  warning  'event' is defined but never used. Allowed unused args must match /^_/u               @typescript-eslint/no-unused-vars
2026-10-10T01:42:04.1062084Z ##[warning]  486:19  warning  'dateRange' is assigned a value but never used. Allowed unused args must match /^_/u  @typescript-eslint/no-unused-vars
2026-10-10T01:42:04.1062930Z ##[warning]  540:58  warning  'event' is defined but never used. Allowed unused args must match /^_/u               @typescript-eslint/no-unused-vars
2026-10-10T01:42:04.1063765Z ##[warning]  606:60  warning  'event' is defined but never used. Allowed unused args must match /^_/u               @typescript-eslint/no-unused-vars
2026-10-10T01:42:04.1064597Z ##[warning]  641:66  warning  'event' is defined but never used. Allowed unused args must match /^_/u               @typescript-eslint/no-unused-vars
2026-10-10T01:42:04.1065547Z ##[warning]  692:63  warning  'event' is defined but never used. Allowed unused args must match /^_/u               @typescript-eslint/no-unused-vars
2026-10-10T01:42:04.1065982Z 
2026-10-10T01:42:04.1066359Z /home/runner/work/chainlesschain/chainlesschain/desktop-app-vue/src/main/skill-tool-system/test-chat-skill-bridge.js
2026-10-10T01:42:04.1066892Z ##[warning]  56:39  warning  'context' is defined but never used. Allowed unused args must match /^_/u  @typescript-eslint/no-unused-vars
2026-10-10T01:42:04.1067195Z 
2026-10-10T01:42:04.1067562Z /home/runner/work/chainlesschain/chainlesschain/desktop-app-vue/src/main/skill-tool-system/test-real-tools-phase1.js
2026-10-10T01:42:04.1068116Z ##[warning]  161:15  warning  'stats' is assigned a value but never used. Allowed unused vars must match /^_/u  @typescript-eslint/no-unused-vars
2026-10-10T01:42:04.1068423Z 
2026-10-10T01:42:04.1068778Z /home/runner/work/chainlesschain/chainlesschain/desktop-app-vue/src/main/skill-tool-system/test-real-tools-phase3.js
2026-10-10T01:42:04.1069296Z ##[warning]  354:55  warning  'text' is defined but never used. Allowed unused args must match /^_/u  @typescript-eslint/no-unused-vars
2026-10-10T01:42:04.1069601Z 
2026-10-10T01:42:04.1069926Z /home/runner/work/chainlesschain/chainlesschain/desktop-app-vue/src/main/skill-tool-system/tool-errors.js
2026-10-10T01:42:04.1070464Z ##[warning]  199:27  warning  'toolName' is defined but never used. Allowed unused args must match /^_/u  @typescript-eslint/no-unused-vars
2026-10-10T01:42:04.1070764Z 
2026-10-10T01:42:04.1071094Z /home/runner/work/chainlesschain/chainlesschain/desktop-app-vue/src/main/skill-tool-system/tool-manager.js
2026-10-10T01:42:04.1071714Z ##[warning]   571:18  warning  'e' is defined but never used. Allowed unused caught errors must match /^_/u                  @typescript-eslint/no-unused-vars
2026-10-10T01:42:04.1072647Z ##[warning]   905:13  warning  'additionalToolsV3' is assigned a value but never used. Allowed unused vars must match /^_/u  @typescript-eslint/no-unused-vars
2026-10-10T01:42:04.1073659Z ##[warning]  1103:13  warning  'beforeLength' is assigned a value but never used. Allowed unused vars must match /^_/u       @typescript-eslint/no-unused-vars
2026-10-10T01:42:04.1074550Z ##[warning]  1139:14  warning  'error' is defined but never used. Allowed unused caught errors must match /^_/u              @typescript-eslint/no-unused-vars
2026-10-10T01:42:04.1074853Z 
2026-10-10T01:42:04.1075316Z /home/runner/work/chainlesschain/chainlesschain/desktop-app-vue/src/main/skill-tool-system/tool-runner.js
2026-10-10T01:42:04.1075915Z ##[warning]  488:28  warning  'projectType' is assigned a value but never used. Allowed unused vars must match /^_/u  @typescript-eslint/no-unused-vars
2026-10-10T01:42:04.1076792Z ##[warning]  488:49  warning  'features' is assigned a value but never used. Allowed unused vars must match /^_/u     @typescript-eslint/no-unused-vars
2026-10-10T01:42:04.1077094Z 
2026-10-10T01:42:04.1077454Z /home/runner/work/chainlesschain/chainlesschain/desktop-app-vue/src/main/skill-tool-system/tool-stats-dashboard.js
2026-10-10T01:42:04.1078034Z ##[warning]  396:51  warning  'dateRange' is defined but never used. Allowed unused args must match /^_/u          @typescript-eslint/no-unused-vars
2026-10-10T01:42:04.1078892Z ##[warning]  827:11  warning  'jsonData' is assigned a value but never used. Allowed unused vars must match /^_/u  @typescript-eslint/no-unused-vars
2026-10-10T01:42:04.1079190Z 
2026-10-10T01:42:04.1079473Z /home/runner/work/chainlesschain/chainlesschain/desktop-app-vue/src/main/social/album-ipc.js
2026-10-10T01:42:04.1080151Z ##[warning]  29:3  warning  'photoEncryptor' is defined but never used. Allowed unused args must match /^_/u  @typescript-eslint/no-unused-vars
2026-10-10T01:42:04.1080996Z ##[warning]  30:3  warning  'photoSync' is defined but never used. Allowed unused args must match /^_/u       @typescript-eslint/no-unused-vars
2026-10-10T01:42:04.1081294Z 
2026-10-10T01:42:04.1081606Z /home/runner/work/chainlesschain/chainlesschain/desktop-app-vue/src/main/social/content-moderator.js
2026-10-10T01:42:04.1082315Z ##[warning]  272:18  warning  'parseError' is defined but never used. Allowed unused caught errors must match /^_/u  @typescript-eslint/no-unused-vars
2026-10-10T01:42:04.1082616Z 
2026-10-10T01:42:04.1082921Z /home/runner/work/chainlesschain/chainlesschain/desktop-app-vue/src/main/social/danmaku-engine.js
2026-10-10T01:42:04.1083476Z ##[warning]  453:18  warning  'error' is defined but never used. Allowed unused caught errors must match /^_/u  @typescript-eslint/no-unused-vars
2026-10-10T01:42:04.1083778Z 
2026-10-10T01:42:04.1084097Z /home/runner/work/chainlesschain/chainlesschain/desktop-app-vue/src/main/social/doc-version-manager.js
2026-10-10T01:42:04.1084641Z ##[warning]  497:14  warning  'error' is defined but never used. Allowed unused caught errors must match /^_/u  @typescript-eslint/no-unused-vars
2026-10-10T01:42:04.1084947Z 
2026-10-10T01:42:04.1085387Z /home/runner/work/chainlesschain/chainlesschain/desktop-app-vue/src/main/social/exif-stripper.js
2026-10-10T01:42:04.1085970Z ##[warning]   85:16  warning  'error' is defined but never used. Allowed unused caught errors must match /^_/u        @typescript-eslint/no-unused-vars
2026-10-10T01:42:04.1086848Z ##[warning]  482:13  warning  'thumbResult' is assigned a value but never used. Allowed unused vars must match /^_/u  @typescript-eslint/no-unused-vars
2026-10-10T01:42:04.1087151Z 
2026-10-10T01:42:04.1087460Z /home/runner/work/chainlesschain/chainlesschain/desktop-app-vue/src/main/social/memory-generator.js
2026-10-10T01:42:04.1088040Z ##[warning]  105:20  warning  'parseError' is defined but never used. Allowed unused caught errors must match /^_/u  @typescript-eslint/no-unused-vars
2026-10-10T01:42:04.1088905Z ##[warning]  215:20  warning  'parseError' is defined but never used. Allowed unused caught errors must match /^_/u  @typescript-eslint/no-unused-vars
2026-10-10T01:42:04.1089768Z ##[warning]  295:20  warning  'parseError' is defined but never used. Allowed unused caught errors must match /^_/u  @typescript-eslint/no-unused-vars
2026-10-10T01:42:04.1090171Z 
2026-10-10T01:42:04.1090463Z /home/runner/work/chainlesschain/chainlesschain/desktop-app-vue/src/main/social/photo-sync.js
2026-10-10T01:42:04.1091012Z ##[warning]  635:26  warning  'state' is assigned a value but never used. Allowed unused vars must match /^_/u  @typescript-eslint/no-unused-vars
2026-10-10T01:42:04.1091313Z 
2026-10-10T01:42:04.1091649Z /home/runner/work/chainlesschain/chainlesschain/desktop-app-vue/src/main/social/social-collab-transport.js
2026-10-10T01:42:04.1091982Z ##[warning]  214:14  warning  Unexpected constant condition  no-constant-condition
2026-10-10T01:42:04.1092284Z 
2026-10-10T01:42:04.1092614Z /home/runner/work/chainlesschain/chainlesschain/desktop-app-vue/src/main/speech/advanced-voice-commands.js
2026-10-10T01:42:04.1093232Z ##[warning]  483:17  warning  'name' is assigned a value but never used. Allowed unused vars must match /^_/u  @typescript-eslint/no-unused-vars
2026-10-10T01:42:04.1094061Z ##[warning]  508:17  warning  'name' is assigned a value but never used. Allowed unused vars must match /^_/u  @typescript-eslint/no-unused-vars
2026-10-10T01:42:04.1094897Z ##[warning]  537:20  warning  'context' is defined but never used. Allowed unused args must match /^_/u        @typescript-eslint/no-unused-vars
2026-10-10T01:42:04.1095802Z ##[warning]  728:22  warning  'context' is defined but never used. Allowed unused args must match /^_/u        @typescript-eslint/no-unused-vars
2026-10-10T01:42:04.1096106Z 
2026-10-10T01:42:04.1096395Z /home/runner/work/chainlesschain/chainlesschain/desktop-app-vue/src/main/speech/audio-cache.js
2026-10-10T01:42:04.1096946Z ##[warning]  327:18  warning  'error' is defined but never used. Allowed unused caught errors must match /^_/u  @typescript-eslint/no-unused-vars
2026-10-10T01:42:04.1097253Z 
2026-10-10T01:42:04.1097555Z /home/runner/work/chainlesschain/chainlesschain/desktop-app-vue/src/main/speech/audio-processor.js
2026-10-10T01:42:04.1098112Z ##[warning]   60:40  warning  'formats' is defined but never used. Allowed unused args must match /^_/u           @typescript-eslint/no-unused-vars
2026-10-10T01:42:04.1099056Z ##[warning]  582:57  warning  'options' is assigned a value but never used. Allowed unused args must match /^_/u  @typescript-eslint/no-unused-vars
2026-10-10T01:42:04.1099356Z 
2026-10-10T01:42:04.1099650Z /home/runner/work/chainlesschain/chainlesschain/desktop-app-vue/src/main/speech/edge-tts-client.js
2026-10-10T01:42:04.1100199Z ##[warning]  126:16  warning  'e' is defined but never used. Allowed unused caught errors must match /^_/u      @typescript-eslint/no-unused-vars
2026-10-10T01:42:04.1101038Z ##[warning]  383:14  warning  'error' is defined but never used. Allowed unused caught errors must match /^_/u  @typescript-eslint/no-unused-vars
2026-10-10T01:42:04.1101340Z 
2026-10-10T01:42:04.1101643Z /home/runner/work/chainlesschain/chainlesschain/desktop-app-vue/src/main/speech/local-tts-client.js
2026-10-10T01:42:04.1102168Z ##[warning]  571:25  warning  'stderr' is defined but never used. Allowed unused args must match /^_/u  @typescript-eslint/no-unused-vars
2026-10-10T01:42:04.1102474Z 
2026-10-10T01:42:04.1102792Z /home/runner/work/chainlesschain/chainlesschain/desktop-app-vue/src/main/speech/realtime-voice-input.js
2026-10-10T01:42:04.1103364Z ##[warning]  10:9   warning  'Readable' is assigned a value but never used. Allowed unused vars must match /^_/u  @typescript-eslint/no-unused-vars
2026-10-10T01:42:04.1104233Z ##[warning]  58:24  warning  'options' is assigned a value but never used. Allowed unused args must match /^_/u   @typescript-eslint/no-unused-vars
2026-10-10T01:42:04.1104545Z 
2026-10-10T01:42:04.1104841Z /home/runner/work/chainlesschain/chainlesschain/desktop-app-vue/src/main/speech/speech-config.js
2026-10-10T01:42:04.1105470Z ##[warning]  10:7  warning  'os' is assigned a value but never used. Allowed unused vars must match /^_/u  @typescript-eslint/no-unused-vars
2026-10-10T01:42:04.1105783Z 
2026-10-10T01:42:04.1106203Z /home/runner/work/chainlesschain/chainlesschain/desktop-app-vue/src/main/speech/speech-recognizer.js
2026-10-10T01:42:04.1106773Z ##[warning]   38:26  warning  'options' is assigned a value but never used. Allowed unused args must match /^_/u  @typescript-eslint/no-unused-vars
2026-10-10T01:42:04.1107518Z ##[warning]  178:64  warning  Expected { after 'if' condition                                                     curly
2026-10-10T01:42:04.1108234Z ##[warning]  462:64  warning  Expected { after 'if' condition                                                     curly
2026-10-10T01:42:04.1109077Z ##[warning]  550:30  warning  'options' is assigned a value but never used. Allowed unused args must match /^_/u  @typescript-eslint/no-unused-vars
2026-10-10T01:42:04.1109382Z 
2026-10-10T01:42:04.1109703Z /home/runner/work/chainlesschain/chainlesschain/desktop-app-vue/src/main/speech/subtitle-generator.js
2026-10-10T01:42:04.1110320Z ##[warning]  120:7  warning  'wordsPerMinute' is assigned a value but never used. Allowed unused vars must match /^_/u  @typescript-eslint/no-unused-vars
2026-10-10T01:42:04.1110624Z 
2026-10-10T01:42:04.1110965Z /home/runner/work/chainlesschain/chainlesschain/desktop-app-vue/src/main/speech/voice-command-recognizer.js
2026-10-10T01:42:04.1111515Z ##[warning]  282:17  warning  'name' is assigned a value but never used. Allowed unused vars must match /^_/u  @typescript-eslint/no-unused-vars
2026-10-10T01:42:04.1112335Z ##[warning]  302:17  warning  'name' is assigned a value but never used. Allowed unused vars must match /^_/u  @typescript-eslint/no-unused-vars
2026-10-10T01:42:04.1113163Z ##[warning]  430:22  warning  'context' is defined but never used. Allowed unused args must match /^_/u        @typescript-eslint/no-unused-vars
2026-10-10T01:42:04.1113464Z 
2026-10-10T01:42:04.1113768Z /home/runner/work/chainlesschain/chainlesschain/desktop-app-vue/src/main/speech/whisper-client.js
2026-10-10T01:42:04.1114340Z ##[warning]  310:14  warning  'e' is defined but never used. Allowed unused caught errors must match /^_/u           @typescript-eslint/no-unused-vars
2026-10-10T01:42:04.1115403Z ##[warning]  558:16  warning  'e' is defined but never used. Allowed unused caught errors must match /^_/u           @typescript-eslint/no-unused-vars
2026-10-10T01:42:04.1116279Z ##[warning]  594:14  warning  'e' is defined but never used. Allowed unused caught errors must match /^_/u           @typescript-eslint/no-unused-vars
2026-10-10T01:42:04.1117141Z ##[warning]  681:20  warning  'cleanupErr' is defined but never used. Allowed unused caught errors must match /^_/u  @typescript-eslint/no-unused-vars
2026-10-10T01:42:04.1117999Z ##[warning]  698:20  warning  'cleanupErr' is defined but never used. Allowed unused caught errors must match /^_/u  @typescript-eslint/no-unused-vars
2026-10-10T01:42:04.1118862Z ##[warning]  717:16  warning  'cleanupErr' is defined but never used. Allowed unused caught errors must match /^_/u  @typescript-eslint/no-unused-vars
2026-10-10T01:42:04.1119594Z ##[warning]  779:64  warning  Expected { after 'if' condition                                                        curly
2026-10-10T01:42:04.1120439Z ##[warning]  957:14  warning  'e' is defined but never used. Allowed unused caught errors must match /^_/u           @typescript-eslint/no-unused-vars
2026-10-10T01:42:04.1120741Z 
2026-10-10T01:42:04.1121042Z /home/runner/work/chainlesschain/chainlesschain/desktop-app-vue/src/main/speech/whisper-ipc.js
2026-10-10T01:42:04.1121566Z ##[warning]  134:50  warning  'event' is defined but never used. Allowed unused args must match /^_/u  @typescript-eslint/no-unused-vars
2026-10-10T01:42:04.1121867Z 
2026-10-10T01:42:04.1122165Z /home/runner/work/chainlesschain/chainlesschain/desktop-app-vue/src/main/sync/db-sync-manager.js
2026-10-10T01:42:04.1122824Z ##[warning]    8:7   warning  'crypto' is assigned a value but never used. Allowed unused vars must match /^_/u  @typescript-eslint/no-unused-vars
2026-10-10T01:42:04.1123809Z ##[warning]  378:34  warning  'attempt' is defined but never used. Allowed unused args must match /^_/u          @typescript-eslint/no-unused-vars
2026-10-10T01:42:04.1124644Z ##[warning]  839:16  warning  'e' is defined but never used. Allowed unused caught errors must match /^_/u       @typescript-eslint/no-unused-vars
2026-10-10T01:42:04.1124944Z 
2026-10-10T01:42:04.1125360Z /home/runner/work/chainlesschain/chainlesschain/desktop-app-vue/src/main/sync/group-chat-sync-manager.js
2026-10-10T01:42:04.1125929Z ##[warning]  14:7  warning  'crypto' is assigned a value but never used. Allowed unused vars must match /^_/u  @typescript-eslint/no-unused-vars
2026-10-10T01:42:04.1126236Z 
2026-10-10T01:42:04.1126547Z /home/runner/work/chainlesschain/chainlesschain/desktop-app-vue/src/main/sync/mobile-bridge-sync.js
2026-10-10T01:42:04.1127098Z ##[warning]   535:11  warning  'userId' is assigned a value but never used. Allowed unused vars must match /^_/u  @typescript-eslint/no-unused-vars
2026-10-10T01:42:04.1127982Z ##[warning]  1193:31  warning  'deviceId' is defined but never used. Allowed unused args must match /^_/u         @typescript-eslint/no-unused-vars
2026-10-10T01:42:04.1128818Z ##[warning]  2134:53  warning  'data' is defined but never used. Allowed unused args must match /^_/u             @typescript-eslint/no-unused-vars
2026-10-10T01:42:04.1129121Z 
2026-10-10T01:42:04.1129402Z /home/runner/work/chainlesschain/chainlesschain/desktop-app-vue/src/main/sync/oss-engine.js
2026-10-10T01:42:04.1129727Z ##[warning]  145:20  warning  Unexpected constant condition  no-constant-condition
2026-10-10T01:42:04.1130028Z 
2026-10-10T01:42:04.1130324Z /home/runner/work/chainlesschain/chainlesschain/desktop-app-vue/src/main/sync/p2p-sync-engine.js
2026-10-10T01:42:04.1130771Z ##[warning]  426:20  warning  Expected { after 'if' condition                                                        curly
2026-10-10T01:42:04.1131493Z ##[warning]  452:22  warning  Expected { after 'if' condition                                                        curly
2026-10-10T01:42:04.1132364Z ##[warning]  567:7   warning  'author_did' is assigned a value but never used. Allowed unused vars must match /^_/u  @typescript-eslint/no-unused-vars
2026-10-10T01:42:04.1132766Z 
2026-10-10T01:42:04.1133052Z /home/runner/work/chainlesschain/chainlesschain/desktop-app-vue/src/main/sync/retry-policy.js
2026-10-10T01:42:04.1133586Z ##[warning]  150:30  warning  'attempt' is defined but never used. Allowed unused args must match /^_/u  @typescript-eslint/no-unused-vars
2026-10-10T01:42:04.1133883Z 
2026-10-10T01:42:04.1134170Z /home/runner/work/chainlesschain/chainlesschain/desktop-app-vue/src/main/sync/webdav-engine.js
2026-10-10T01:42:04.1134488Z ##[warning]  147:20  warning  Unexpected constant condition  no-constant-condition
2026-10-10T01:42:04.1134788Z 
2026-10-10T01:42:04.1135159Z /home/runner/work/chainlesschain/chainlesschain/desktop-app-vue/src/main/system/auto-updater.js
2026-10-10T01:42:04.1135820Z ##[warning]    9:3   warning  'BrowserWindow' is assigned a value but never used. Allowed unused vars must match /^_/u  @typescript-eslint/no-unused-vars
2026-10-10T01:42:04.1136680Z ##[warning]  222:45  warning  'info' is defined but never used. Allowed unused args must match /^_/u                    @typescript-eslint/no-unused-vars
2026-10-10T01:42:04.1136986Z 
2026-10-10T01:42:04.1137288Z /home/runner/work/chainlesschain/chainlesschain/desktop-app-vue/src/main/system/backup-manager.js
2026-10-10T01:42:04.1137843Z ##[warning]  7:14  warning  'dialog' is assigned a value but never used. Allowed unused vars must match /^_/u  @typescript-eslint/no-unused-vars
2026-10-10T01:42:04.1138150Z 
2026-10-10T01:42:04.1138439Z /home/runner/work/chainlesschain/chainlesschain/desktop-app-vue/src/main/system/system-ipc.js
2026-10-10T01:42:04.1139042Z ##[warning]  10:18  warning  'BrowserWindow' is assigned a value but never used. Allowed unused vars must match /^_/u  @typescript-eslint/no-unused-vars
2026-10-10T01:42:04.1139345Z 
2026-10-10T01:42:04.1139646Z /home/runner/work/chainlesschain/chainlesschain/desktop-app-vue/src/main/system/update-checker.js
2026-10-10T01:42:04.1140296Z ##[warning]    9:7   warning  'fs' is assigned a value but never used. Allowed unused vars must match /^_/u    @typescript-eslint/no-unused-vars
2026-10-10T01:42:04.1141127Z ##[warning]   10:7   warning  'path' is assigned a value but never used. Allowed unused vars must match /^_/u  @typescript-eslint/no-unused-vars
2026-10-10T01:42:04.1141953Z ##[warning]  248:11  warning  'arch' is assigned a value but never used. Allowed unused vars must match /^_/u  @typescript-eslint/no-unused-vars
2026-10-10T01:42:04.1142255Z 
2026-10-10T01:42:04.1142687Z /home/runner/work/chainlesschain/chainlesschain/desktop-app-vue/src/main/task/__tests__/organization-project-authority-host.test.js
2026-10-10T01:42:04.1143090Z ##[warning]  102:35  warning  Expected { after 'if' condition  curly
2026-10-10T01:42:04.1143643Z ##[warning]  103:35  warning  Expected { after 'if' condition  curly
2026-10-10T01:42:04.1144196Z ##[warning]  104:42  warning  Expected { after 'if' condition  curly
2026-10-10T01:42:04.1144745Z ##[warning]  266:11  warning  Expected { after 'if' condition  curly
2026-10-10T01:42:04.1145122Z 
2026-10-10T01:42:04.1145565Z /home/runner/work/chainlesschain/chainlesschain/desktop-app-vue/src/main/task/__tests__/organization-project-goal-completion-ipc.test.js
2026-10-10T01:42:04.1145836Z ##[warning]   68:22  warning  Expected { after 'if' condition  curly
2026-10-10T01:42:04.1146388Z ##[warning]  117:7   warning  Expected { after 'for-of'        curly
2026-10-10T01:42:04.1146954Z ##[warning]  236:14  warning  Expected { after 'else'          curly
2026-10-10T01:42:04.1147519Z ##[warning]  237:33  warning  Expected { after 'if' condition  curly
2026-10-10T01:42:04.1148065Z ##[warning]  358:36  warning  Expected { after 'if' condition  curly
2026-10-10T01:42:04.1148615Z ##[warning]  360:11  warning  Expected { after 'if' condition  curly
2026-10-10T01:42:04.1149163Z ##[warning]  366:11  warning  Expected { after 'if' condition  curly
2026-10-10T01:42:04.1149715Z ##[warning]  372:34  warning  Expected { after 'if' condition  curly
2026-10-10T01:42:04.1150362Z ##[warning]  374:11  warning  Expected { after 'if' condition  curly
2026-10-10T01:42:04.1150900Z ##[warning]  418:40  warning  Expected { after 'if' condition  curly
2026-10-10T01:42:04.1151464Z ##[warning]  437:9   warning  Expected { after 'if' condition  curly
2026-10-10T01:42:04.1151768Z 
2026-10-10T01:42:04.1152180Z /home/runner/work/chainlesschain/chainlesschain/desktop-app-vue/src/main/task/__tests__/organization-project-goal-host.test.js
2026-10-10T01:42:04.1152462Z ##[warning]  50:18  warning  Expected { after 'if' condition  curly
2026-10-10T01:42:04.1152765Z 
2026-10-10T01:42:04.1153171Z /home/runner/work/chainlesschain/chainlesschain/desktop-app-vue/src/main/task/__tests__/organization-project-goal-ipc.test.js
2026-10-10T01:42:04.1153437Z ##[warning]   63:26  warning  Expected { after 'if' condition  curly
2026-10-10T01:42:04.1153990Z ##[warning]   78:7   warning  Expected { after 'for-of'        curly
2026-10-10T01:42:04.1154538Z ##[warning]  236:7   warning  Expected { after 'for-of'        curly
2026-10-10T01:42:04.1154836Z 
2026-10-10T01:42:04.1155390Z /home/runner/work/chainlesschain/chainlesschain/desktop-app-vue/src/main/task/__tests__/organization-project-goal-memory-ipc.test.js
2026-10-10T01:42:04.1155658Z ##[warning]   47:22  warning  Expected { after 'if' condition  curly
2026-10-10T01:42:04.1156208Z ##[warning]   78:24  warning  Expected { after 'if' condition  curly
2026-10-10T01:42:04.1156754Z ##[warning]  121:7   warning  Expected { after 'for-of'        curly
2026-10-10T01:42:04.1157307Z ##[warning]  294:34  warning  Expected { after 'if' condition  curly
2026-10-10T01:42:04.1157853Z ##[warning]  295:34  warning  Expected { after 'if' condition  curly
2026-10-10T01:42:04.1158401Z ##[warning]  301:9   warning  Expected { after 'if' condition  curly
2026-10-10T01:42:04.1158947Z ##[warning]  308:32  warning  Expected { after 'if' condition  curly
2026-10-10T01:42:04.1159499Z ##[warning]  310:9   warning  Expected { after 'if' condition  curly
2026-10-10T01:42:04.1160151Z ##[warning]  315:32  warning  Expected { after 'if' condition  curly
2026-10-10T01:42:04.1160707Z ##[warning]  325:36  warning  Expected { after 'if' condition  curly
2026-10-10T01:42:04.1161252Z ##[warning]  327:11  warning  Expected { after 'if' condition  curly
2026-10-10T01:42:04.1161796Z ##[warning]  334:36  warning  Expected { after 'if' condition  curly
2026-10-10T01:42:04.1162356Z ##[warning]  336:11  warning  Expected { after 'if' condition  curly
2026-10-10T01:42:04.1162910Z ##[warning]  551:36  warning  Expected { after 'if' condition  curly
2026-10-10T01:42:04.1163459Z ##[warning]  695:9   warning  Expected { after 'if' condition  curly
2026-10-10T01:42:04.1163757Z 
2026-10-10T01:42:04.1164211Z /home/runner/work/chainlesschain/chainlesschain/desktop-app-vue/src/main/task/__tests__/organization-project-goal-periodic-host.test.js
2026-10-10T01:42:04.1164476Z ##[warning]   51:18  warning  Expected { after 'if' condition  curly
2026-10-10T01:42:04.1165231Z ##[warning]  123:9   warning  Expected { after 'for-of'        curly
2026-10-10T01:42:04.1165537Z 
2026-10-10T01:42:04.1165971Z /home/runner/work/chainlesschain/chainlesschain/desktop-app-vue/src/main/task/__tests__/organization-project-goal-periodic-ipc.test.js
2026-10-10T01:42:04.1166238Z ##[warning]   90:26  warning  Expected { after 'if' condition  curly
2026-10-10T01:42:04.1166784Z ##[warning]  105:7   warning  Expected { after 'for-of'        curly
2026-10-10T01:42:04.1167333Z ##[warning]  190:36  warning  Expected { after 'if' condition  curly
2026-10-10T01:42:04.1167881Z ##[warning]  192:11  warning  Expected { after 'if' condition  curly
2026-10-10T01:42:04.1168427Z ##[warning]  199:36  warning  Expected { after 'if' condition  curly
2026-10-10T01:42:04.1168979Z ##[warning]  201:11  warning  Expected { after 'if' condition  curly
2026-10-10T01:42:04.1169274Z 
2026-10-10T01:42:04.1169701Z /home/runner/work/chainlesschain/chainlesschain/desktop-app-vue/src/main/task/__tests__/organization-project-goal-workflow-ipc.test.js
2026-10-10T01:42:04.1170084Z ##[warning]  135:7   warning  Expected { after 'for-of'        curly
2026-10-10T01:42:04.1170631Z ##[warning]  211:9   warning  Expected { after 'if' condition  curly
2026-10-10T01:42:04.1171175Z ##[warning]  218:12  warning  Expected { after 'else'          curly
2026-10-10T01:42:04.1171724Z ##[warning]  289:9   warning  Expected { after 'if' condition  curly
2026-10-10T01:42:04.1172297Z ##[warning]  296:9   warning  Expected { after 'if' condition  curly
2026-10-10T01:42:04.1172846Z ##[warning]  297:32  warning  Expected { after 'if' condition  curly
2026-10-10T01:42:04.1173153Z 
2026-10-10T01:42:04.1173536Z /home/runner/work/chainlesschain/chainlesschain/desktop-app-vue/src/main/task/__tests__/organization-project-ipc.test.js
2026-10-10T01:42:04.1173816Z ##[warning]  146:7  warning  Expected { after 'for' condition  curly
2026-10-10T01:42:04.1174119Z 
2026-10-10T01:42:04.1174517Z /home/runner/work/chainlesschain/chainlesschain/desktop-app-vue/src/main/task/__tests__/organization-project-risk-ipc.test.js
2026-10-10T01:42:04.1174787Z ##[warning]   28:7   warning  Expected { after 'for-of'        curly
2026-10-10T01:42:04.1175417Z ##[warning]   36:9   warning  Expected { after 'if' condition  curly
2026-10-10T01:42:04.1175965Z ##[warning]   38:9   warning  Expected { after 'if' condition  curly
2026-10-10T01:42:04.1176508Z ##[warning]  172:7   warning  Expected { after 'for-of'        curly
2026-10-10T01:42:04.1177051Z ##[warning]  237:14  warning  Expected { after 'else'          curly
2026-10-10T01:42:04.1177347Z 
2026-10-10T01:42:04.1177755Z /home/runner/work/chainlesschain/chainlesschain/desktop-app-vue/src/main/task/__tests__/organization-project-transfer-ipc.test.js
2026-10-10T01:42:04.1178023Z ##[warning]  148:42  warning  Expected { after 'if' condition  curly
2026-10-10T01:42:04.1178575Z ##[warning]  150:11  warning  Expected { after 'else'          curly
2026-10-10T01:42:04.1178871Z 
2026-10-10T01:42:04.1179382Z /home/runner/work/chainlesschain/chainlesschain/desktop-app-vue/src/main/task/__tests__/project-goal-auth-session.test.js
2026-10-10T01:42:04.1179652Z ##[warning]   26:33  warning  Expected { after 'if' condition  curly
2026-10-10T01:42:04.1180201Z ##[warning]  251:34  warning  Expected { after 'if' condition  curly
2026-10-10T01:42:04.1180739Z ##[warning]  252:12  warning  Expected { after 'else'          curly
2026-10-10T01:42:04.1181281Z ##[warning]  272:32  warning  Expected { after 'if' condition  curly
2026-10-10T01:42:04.1181834Z ##[warning]  273:30  warning  Expected { after 'if' condition  curly
2026-10-10T01:42:04.1182382Z ##[warning]  274:34  warning  Expected { after 'if' condition  curly
2026-10-10T01:42:04.1182931Z ##[warning]  276:9   warning  Expected { after 'if' condition  curly
2026-10-10T01:42:04.1183228Z 
2026-10-10T01:42:04.1183626Z /home/runner/work/chainlesschain/chainlesschain/desktop-app-vue/src/main/task/__tests__/project-goal-completion-ipc.test.js
2026-10-10T01:42:04.1183888Z ##[warning]   42:19  warning  Expected { after 'if' condition  curly
2026-10-10T01:42:04.1184447Z ##[warning]  118:9   warning  Expected { after 'if' condition  curly
2026-10-10T01:42:04.1184994Z ##[warning]  119:32  warning  Expected { after 'if' condition  curly
2026-10-10T01:42:04.1185619Z ##[warning]  120:34  warning  Expected { after 'if' condition  curly
2026-10-10T01:42:04.1186163Z ##[warning]  121:32  warning  Expected { after 'if' condition  curly
2026-10-10T01:42:04.1186714Z ##[warning]  123:9   warning  Expected { after 'if' condition  curly
2026-10-10T01:42:04.1187263Z ##[warning]  128:34  warning  Expected { after 'if' condition  curly
2026-10-10T01:42:04.1187812Z ##[warning]  142:26  warning  Expected { after 'if' condition  curly
2026-10-10T01:42:04.1188102Z 
2026-10-10T01:42:04.1188484Z /home/runner/work/chainlesschain/chainlesschain/desktop-app-vue/src/main/task/__tests__/project-goal-memory-ipc.test.js
2026-10-10T01:42:04.1188753Z ##[warning]   48:55  warning  Expected { after 'if' condition  curly
2026-10-10T01:42:04.1189304Z ##[warning]   49:19  warning  Expected { after 'if' condition  curly
2026-10-10T01:42:04.1189950Z ##[warning]  159:35  warning  Expected { after 'if' condition  curly
2026-10-10T01:42:04.1190494Z ##[warning]  160:42  warning  Expected { after 'if' condition  curly
2026-10-10T01:42:04.1191040Z ##[warning]  162:11  warning  Expected { after 'if' condition  curly
2026-10-10T01:42:04.1191587Z ##[warning]  163:38  warning  Expected { after 'if' condition  curly
2026-10-10T01:42:04.1192152Z ##[warning]  164:40  warning  Expected { after 'if' condition  curly
2026-10-10T01:42:04.1192699Z ##[warning]  165:14  warning  Expected { after 'else'          curly
2026-10-10T01:42:04.1193244Z ##[warning]  246:7   warning  Expected { after 'for-of'        curly
2026-10-10T01:42:04.1193546Z 
2026-10-10T01:42:04.1193947Z /home/runner/work/chainlesschain/chainlesschain/desktop-app-vue/src/main/task/__tests__/project-goal-monitoring-host.test.js
2026-10-10T01:42:04.1194213Z ##[warning]   72:19  warning  Expected { after 'if' condition  curly
2026-10-10T01:42:04.1194764Z ##[warning]  262:27  warning  Expected { after 'if' condition  curly
2026-10-10T01:42:04.1195406Z ##[warning]  358:33  warning  Expected { after 'for-of'        curly
2026-10-10T01:42:04.1195704Z 
2026-10-10T01:42:04.1196087Z /home/runner/work/chainlesschain/chainlesschain/desktop-app-vue/src/main/task/__tests__/project-goal-workflow-ipc.test.js
2026-10-10T01:42:04.1196351Z ##[warning]   57:19  warning  Expected { after 'if' condition  curly
2026-10-10T01:42:04.1196894Z ##[warning]  107:11  warning  Expected { after 'if' condition  curly
2026-10-10T01:42:04.1197437Z ##[warning]  112:34  warning  Expected { after 'if' condition  curly
2026-10-10T01:42:04.1197980Z ##[warning]  113:34  warning  Expected { after 'if' condition  curly
2026-10-10T01:42:04.1198525Z ##[warning]  114:36  warning  Expected { after 'if' condition  curly
2026-10-10T01:42:04.1199072Z ##[warning]  116:11  warning  Expected { after 'if' condition  curly
2026-10-10T01:42:04.1199715Z ##[warning]  117:36  warning  Expected { after 'if' condition  curly
2026-10-10T01:42:04.1200283Z ##[warning]  132:28  warning  Expected { after 'if' condition  curly
2026-10-10T01:42:04.1200580Z 
2026-10-10T01:42:04.1200949Z /home/runner/work/chainlesschain/chainlesschain/desktop-app-vue/src/main/task/__tests__/task-description-ipc.test.js
2026-10-10T01:42:04.1201210Z ##[warning]  108:32  warning  Expected { after 'if' condition  curly
2026-10-10T01:42:04.1201763Z ##[warning]  110:9   warning  Expected { after 'if' condition  curly
2026-10-10T01:42:04.1202311Z ##[warning]  263:35  warning  Expected { after 'if' condition  curly
2026-10-10T01:42:04.1202855Z ##[warning]  264:12  warning  Expected { after 'else'          curly
2026-10-10T01:42:04.1203406Z ##[warning]  382:7   warning  Expected { after 'for-of'        curly
2026-10-10T01:42:04.1203951Z ##[warning]  386:7   warning  Expected { after 'for-of'        curly
2026-10-10T01:42:04.1204242Z 
2026-10-10T01:42:04.1204619Z /home/runner/work/chainlesschain/chainlesschain/desktop-app-vue/src/main/task/organization-project-authority-host.js
2026-10-10T01:42:04.1204891Z ##[warning]   18:26  warning  Expected { after 'if' condition  curly
2026-10-10T01:42:04.1205505Z ##[warning]   22:24  warning  Expected { after 'if' condition  curly
2026-10-10T01:42:04.1206046Z ##[warning]   62:9   warning  Expected { after 'if' condition  curly
2026-10-10T01:42:04.1206586Z ##[warning]   68:9   warning  Expected { after 'if' condition  curly
2026-10-10T01:42:04.1207125Z ##[warning]   70:44  warning  Expected { after 'if' condition  curly
2026-10-10T01:42:04.1207667Z ##[warning]   81:7   warning  Expected { after 'if' condition  curly
2026-10-10T01:42:04.1208218Z ##[warning]   89:9   warning  Expected { after 'if' condition  curly
2026-10-10T01:42:04.1208761Z ##[warning]   90:37  warning  Expected { after 'if' condition  curly
2026-10-10T01:42:04.1209306Z ##[warning]   93:9   warning  Expected { after 'if' condition  curly
2026-10-10T01:42:04.1209848Z ##[warning]   98:9   warning  Expected { after 'if' condition  curly
2026-10-10T01:42:04.1210507Z ##[warning]  107:38  warning  Expected { after 'if' condition  curly
2026-10-10T01:42:04.1210802Z 
2026-10-10T01:42:04.1211156Z /home/runner/work/chainlesschain/chainlesschain/desktop-app-vue/src/main/task/organization-project-ipc.js
2026-10-10T01:42:04.1211438Z ##[warning]   123:5   warning  Expected { after 'if' condition  curly
2026-10-10T01:42:04.1211983Z ##[warning]   131:5   warning  Expected { after 'if' condition  curly
2026-10-10T01:42:04.1212531Z ##[warning]   220:33  warning  Expected { after 'if' condition  curly
2026-10-10T01:42:04.1213069Z ##[warning]   274:19  warning  Expected { after 'if' condition  curly
2026-10-10T01:42:04.1213615Z ##[warning]   279:19  warning  Expected { after 'if' condition  curly
2026-10-10T01:42:04.1214170Z ##[warning]   352:13  warning  Expected { after 'if' condition  curly
2026-10-10T01:42:04.1214739Z ##[warning]   389:30  warning  Expected { after 'if' condition  curly
2026-10-10T01:42:04.1215378Z ##[warning]   421:11  warning  Expected { after 'if' condition  curly
2026-10-10T01:42:04.1215935Z ##[warning]   427:36  warning  Expected { after 'if' condition  curly
2026-10-10T01:42:04.1216490Z ##[warning]   439:11  warning  Expected { after 'if' condition  curly
2026-10-10T01:42:04.1217040Z ##[warning]   452:13  warning  Expected { after 'if' condition  curly
2026-10-10T01:42:04.1217589Z ##[warning]   456:15  warning  Expected { after 'if' condition  curly
2026-10-10T01:42:04.1218133Z ##[warning]   469:15  warning  Expected { after 'if' condition  curly
2026-10-10T01:42:04.1218687Z ##[warning]   514:64  warning  Expected { after 'if' condition  curly
2026-10-10T01:42:04.1219236Z ##[warning]   526:66  warning  Expected { after 'if' condition  curly
2026-10-10T01:42:04.1219786Z ##[warning]   535:19  warning  Expected { after 'if' condition  curly
2026-10-10T01:42:04.1220337Z ##[warning]   566:29  warning  Expected { after 'if' condition  curly
2026-10-10T01:42:04.1220887Z ##[warning]   591:41  warning  Expected { after 'if' condition  curly
2026-10-10T01:42:04.1221547Z ##[warning]   599:11  warning  Expected { after 'if' condition  curly
2026-10-10T01:42:04.1222128Z ##[warning]   633:43  warning  Expected { after 'if' condition  curly
2026-10-10T01:42:04.1222679Z ##[warning]   657:9   warning  Expected { after 'if' condition  curly
2026-10-10T01:42:04.1223233Z ##[warning]   658:47  warning  Expected { after 'if' condition  curly
2026-10-10T01:42:04.1223789Z ##[warning]   668:43  warning  Expected { after 'if' condition  curly
2026-10-10T01:42:04.1224341Z ##[warning]   690:9   warning  Expected { after 'if' condition  curly
2026-10-10T01:42:04.1224897Z ##[warning]   691:47  warning  Expected { after 'if' condition  curly
2026-10-10T01:42:04.1225541Z ##[warning]   715:30  warning  Expected { after 'if' condition  curly
2026-10-10T01:42:04.1226092Z ##[warning]   730:9   warning  Expected { after 'if' condition  curly
2026-10-10T01:42:04.1226642Z ##[warning]   739:30  warning  Expected { after 'if' condition  curly
2026-10-10T01:42:04.1227201Z ##[warning]   763:30  warning  Expected { after 'if' condition  curly
2026-10-10T01:42:04.1227770Z ##[warning]   780:9   warning  Expected { after 'if' condition  curly
2026-10-10T01:42:04.1228318Z ##[warning]   792:30  warning  Expected { after 'if' condition  curly
2026-10-10T01:42:04.1228872Z ##[warning]   809:9   warning  Expected { after 'if' condition  curly
2026-10-10T01:42:04.1229422Z ##[warning]   810:47  warning  Expected { after 'if' condition  curly
2026-10-10T01:42:04.1229981Z ##[warning]   816:30  warning  Expected { after 'if' condition  curly
2026-10-10T01:42:04.1230534Z ##[warning]   830:9   warning  Expected { after 'if' condition  curly
2026-10-10T01:42:04.1231083Z ##[warning]   831:47  warning  Expected { after 'if' condition  curly
2026-10-10T01:42:04.1231637Z ##[warning]   839:18  warning  Expected { after 'if' condition  curly
2026-10-10T01:42:04.1232189Z ##[warning]   849:18  warning  Expected { after 'if' condition  curly
2026-10-10T01:42:04.1232747Z ##[warning]   860:18  warning  Expected { after 'if' condition  curly
2026-10-10T01:42:04.1233414Z ##[warning]   871:18  warning  Expected { after 'if' condition  curly
2026-10-10T01:42:04.1233967Z ##[warning]   909:9   warning  Expected { after 'if' condition  curly
2026-10-10T01:42:04.1234524Z ##[warning]   910:47  warning  Expected { after 'if' condition  curly
2026-10-10T01:42:04.1235147Z ##[warning]   934:13  warning  Expected { after 'if' condition  curly
2026-10-10T01:42:04.1235700Z ##[warning]   940:43  warning  Expected { after 'if' condition  curly
2026-10-10T01:42:04.1236250Z ##[warning]   948:44  warning  Expected { after 'if' condition  curly
2026-10-10T01:42:04.1236812Z ##[warning]  1002:15  warning  Expected { after 'if' condition  curly
2026-10-10T01:42:04.1237364Z ##[warning]  1008:38  warning  Expected { after 'if' condition  curly
2026-10-10T01:42:04.1237922Z ##[warning]  1026:15  warning  Expected { after 'if' condition  curly
2026-10-10T01:42:04.1238480Z ##[warning]  1034:17  warning  Expected { after 'if' condition  curly
2026-10-10T01:42:04.1239040Z ##[warning]  1043:19  warning  Expected { after 'if' condition  curly
2026-10-10T01:42:04.1239603Z ##[warning]  1063:9   warning  Expected { after 'if' condition  curly
2026-10-10T01:42:04.1240158Z ##[warning]  1066:39  warning  Expected { after 'if' condition  curly
2026-10-10T01:42:04.1240711Z ##[warning]  1069:13  warning  Expected { after 'if' condition  curly
2026-10-10T01:42:04.1241268Z ##[warning]  1130:61  warning  Expected { after 'if' condition  curly
2026-10-10T01:42:04.1241825Z ##[warning]  1137:15  warning  Expected { after 'if' condition  curly
2026-10-10T01:42:04.1242378Z ##[warning]  1181:9   warning  Expected { after 'if' condition  curly
2026-10-10T01:42:04.1242931Z ##[warning]  1228:9   warning  Expected { after 'if' condition  curly
2026-10-10T01:42:04.1243495Z ##[warning]  1238:13  warning  Expected { after 'if' condition  curly
2026-10-10T01:42:04.1244064Z ##[warning]  1240:13  warning  Expected { after 'if' condition  curly
2026-10-10T01:42:04.1244759Z ##[warning]  1247:13  warning  Expected { after 'if' condition  curly
2026-10-10T01:42:04.1245419Z ##[warning]  1257:9   warning  Expected { after 'if' condition  curly
2026-10-10T01:42:04.1245979Z ##[warning]  1265:9   warning  Expected { after 'if' condition  curly
2026-10-10T01:42:04.1246539Z ##[warning]  1273:9   warning  Expected { after 'if' condition  curly
2026-10-10T01:42:04.1247094Z ##[warning]  1275:9   warning  Expected { after 'if' condition  curly
2026-10-10T01:42:04.1247648Z ##[warning]  1296:9   warning  Expected { after 'if' condition  curly
2026-10-10T01:42:04.1248192Z ##[warning]  1298:9   warning  Expected { after 'if' condition  curly
2026-10-10T01:42:04.1248746Z ##[warning]  1311:5   warning  Expected { after 'for-of'        curly
2026-10-10T01:42:04.1249041Z 
2026-10-10T01:42:04.1249387Z /home/runner/work/chainlesschain/chainlesschain/desktop-app-vue/src/main/task/project-goal-auth-session.js
2026-10-10T01:42:04.1249674Z ##[warning]   17:13  warning  Empty block statement            no-empty
2026-10-10T01:42:04.1250242Z ##[warning]   22:5   warning  Expected { after 'if' condition  curly
2026-10-10T01:42:04.1250798Z ##[warning]   35:48  warning  Expected { after 'if' condition  curly
2026-10-10T01:42:04.1251353Z ##[warning]   45:5   warning  Expected { after 'for-of'        curly
2026-10-10T01:42:04.1251913Z ##[warning]   53:11  warning  Empty block statement            no-empty
2026-10-10T01:42:04.1252460Z ##[warning]   59:7   warning  Expected { after 'for-of'        curly
2026-10-10T01:42:04.1253009Z ##[warning]   79:5   warning  Expected { after 'if' condition  curly
2026-10-10T01:42:04.1253568Z ##[warning]   99:43  warning  Expected { after 'if' condition  curly
2026-10-10T01:42:04.1254115Z ##[warning]  107:5   warning  Expected { after 'if' condition  curly
2026-10-10T01:42:04.1254656Z ##[warning]  118:9   warning  Expected { after 'if' condition  curly
2026-10-10T01:42:04.1255297Z ##[warning]  143:17  warning  Expected { after 'if' condition  curly
2026-10-10T01:42:04.1255602Z 
2026-10-10T01:42:04.1256054Z /home/runner/work/chainlesschain/chainlesschain/desktop-app-vue/src/main/task/project-goal-ipc.js
2026-10-10T01:42:04.1256312Z ##[warning]   66:7   warning  Expected { after 'if' condition  curly
2026-10-10T01:42:04.1256862Z ##[warning]   68:42  warning  Expected { after 'if' condition  curly
2026-10-10T01:42:04.1257413Z ##[warning]   77:9   warning  Expected { after 'if' condition  curly
2026-10-10T01:42:04.1257960Z ##[warning]   92:37  warning  Expected { after 'if' condition  curly
2026-10-10T01:42:04.1258511Z ##[warning]   94:19  warning  Expected { after 'if' condition  curly
2026-10-10T01:42:04.1259063Z ##[warning]  107:38  warning  Expected { after 'if' condition  curly
2026-10-10T01:42:04.1259619Z ##[warning]  172:37  warning  Expected { after 'if' condition  curly
2026-10-10T01:42:04.1260174Z ##[warning]  174:19  warning  Expected { after 'if' condition  curly
2026-10-10T01:42:04.1260731Z ##[warning]  194:11  warning  Expected { after 'if' condition  curly
2026-10-10T01:42:04.1261292Z ##[warning]  234:20  warning  Expected { after 'if' condition  curly
2026-10-10T01:42:04.1261838Z ##[warning]  242:9   warning  Expected { after 'if' condition  curly
2026-10-10T01:42:04.1276890Z ##[warning]  243:37  warning  Expected { after 'if' condition  curly
2026-10-10T01:42:04.1277695Z ##[warning]  245:21  warning  Expected { after 'if' condition  curly
2026-10-10T01:42:04.1278299Z ##[warning]  247:9   warning  Expected { after 'if' condition  curly
2026-10-10T01:42:04.1278851Z ##[warning]  273:13  warning  Expected { after 'if' condition  curly
2026-10-10T01:42:04.1279402Z ##[warning]  290:7   warning  Expected { after 'if' condition  curly
2026-10-10T01:42:04.1279949Z ##[warning]  299:31  warning  Expected { after 'if' condition  curly
2026-10-10T01:42:04.1280488Z ##[warning]  302:31  warning  Expected { after 'if' condition  curly
2026-10-10T01:42:04.1281022Z ##[warning]  345:5   warning  Expected { after 'for-of'        curly
2026-10-10T01:42:04.1281325Z 
2026-10-10T01:42:04.1281850Z /home/runner/work/chainlesschain/chainlesschain/desktop-app-vue/src/main/task/project-goal-monitoring-host.js
2026-10-10T01:42:04.1282131Z ##[warning]   51:5   warning  Expected { after 'if' condition  curly
2026-10-10T01:42:04.1282693Z ##[warning]   60:17  warning  Expected { after 'if' condition  curly
2026-10-10T01:42:04.1283237Z ##[warning]   61:18  warning  Expected { after 'if' condition  curly
2026-10-10T01:42:04.1283777Z ##[warning]   64:42  warning  Expected { after 'if' condition  curly
2026-10-10T01:42:04.1284318Z ##[warning]   70:19  warning  Expected { after 'if' condition  curly
2026-10-10T01:42:04.1284855Z ##[warning]   71:35  warning  Expected { after 'if' condition  curly
2026-10-10T01:42:04.1285478Z ##[warning]   79:9   warning  Expected { after 'if' condition  curly
2026-10-10T01:42:04.1286012Z ##[warning]   81:9   warning  Expected { after 'if' condition  curly
2026-10-10T01:42:04.1286553Z ##[warning]   85:9   warning  Expected { after 'if' condition  curly
2026-10-10T01:42:04.1287100Z ##[warning]  101:15  warning  Expected { after 'if' condition  curly
2026-10-10T01:42:04.1287637Z ##[warning]  104:13  warning  Expected { after 'for-of'        curly
2026-10-10T01:42:04.1288195Z ##[warning]  105:15  warning  Expected { after 'if' condition  curly
2026-10-10T01:42:04.1288734Z ##[warning]  127:11  warning  Expected { after 'if' condition  curly
2026-10-10T01:42:04.1289289Z ##[warning]  130:21  warning  Empty block statement            no-empty
2026-10-10T01:42:04.1289826Z ##[warning]  150:18  warning  Expected { after 'if' condition  curly
2026-10-10T01:42:04.1290377Z ##[warning]  155:15  warning  Empty block statement            no-empty
2026-10-10T01:42:04.1290915Z ##[warning]  156:19  warning  Expected { after 'if' condition  curly
2026-10-10T01:42:04.1291212Z 
2026-10-10T01:42:04.1291528Z /home/runner/work/chainlesschain/chainlesschain/desktop-app-vue/src/main/task/task-board-manager.js
2026-10-10T01:42:04.1292080Z ##[warning]  1146:34  warning  'task' is defined but never used. Allowed unused args must match /^_/u     @typescript-eslint/no-unused-vars
2026-10-10T01:42:04.1293052Z ##[warning]  1146:40  warning  'context' is defined but never used. Allowed unused args must match /^_/u  @typescript-eslint/no-unused-vars
2026-10-10T01:42:04.1293351Z 
2026-10-10T01:42:04.1293627Z /home/runner/work/chainlesschain/chainlesschain/desktop-app-vue/src/main/task/task-ipc.js
2026-10-10T01:42:04.1294087Z ##[warning]   38:12  warning  Expected { after 'if' condition                                                           curly
2026-10-10T01:42:04.1294823Z ##[warning]  188:23  warning  Expected { after 'if' condition                                                           curly
2026-10-10T01:42:04.1295621Z ##[warning]  248:30  warning  Expected { after 'if' condition                                                           curly
2026-10-10T01:42:04.1296517Z ##[warning]  279:16  warning  'teamTaskError' is defined but never used. Allowed unused caught errors must match /^_/u  @typescript-eslint/no-unused-vars
2026-10-10T01:42:04.1297242Z ##[warning]  298:11  warning  Expected { after 'if' condition                                                           curly
2026-10-10T01:42:04.1297956Z ##[warning]  934:20  warning  Expected { after 'if' condition                                                           curly
2026-10-10T01:42:04.1298664Z ##[warning]  943:20  warning  Expected { after 'if' condition                                                           curly
2026-10-10T01:42:04.1298960Z 
2026-10-10T01:42:04.1299254Z /home/runner/work/chainlesschain/chainlesschain/desktop-app-vue/src/main/task/task-manager.js
2026-10-10T01:42:04.1299525Z ##[warning]  6:34  warning  Expected { after 'if' condition  curly
2026-10-10T01:42:04.1299816Z 
2026-10-10T01:42:04.1300121Z /home/runner/work/chainlesschain/chainlesschain/desktop-app-vue/src/main/task/team-task-manager.js
2026-10-10T01:42:04.1300657Z ##[warning]  204:37  warning  'actorDid' is defined but never used. Allowed unused args must match /^_/u  @typescript-eslint/no-unused-vars
2026-10-10T01:42:04.1301570Z ##[warning]  272:46  warning  'actorDid' is defined but never used. Allowed unused args must match /^_/u  @typescript-eslint/no-unused-vars
2026-10-10T01:42:04.1302370Z ##[warning]  347:39  warning  'actorDid' is defined but never used. Allowed unused args must match /^_/u  @typescript-eslint/no-unused-vars
2026-10-10T01:42:04.1303188Z ##[warning]  370:37  warning  'actorDid' is defined but never used. Allowed unused args must match /^_/u  @typescript-eslint/no-unused-vars
2026-10-10T01:42:04.1303486Z 
2026-10-10T01:42:04.1303790Z /home/runner/work/chainlesschain/chainlesschain/desktop-app-vue/src/main/trade/contract-engine.js
2026-10-10T01:42:04.1304458Z ##[warning]  1384:34  warning  'terms' is assigned a value but never used. Allowed unused vars must match /^_/u  @typescript-eslint/no-unused-vars
2026-10-10T01:42:04.1304763Z 
2026-10-10T01:42:04.1305134Z /home/runner/work/chainlesschain/chainlesschain/desktop-app-vue/src/main/trade/credit-score.js
2026-10-10T01:42:04.1305586Z ##[warning]    6:34  warning  Expected { after 'if' condition                                                    curly
2026-10-10T01:42:04.1306422Z ##[warning]  282:11  warning  'credit' is assigned a value but never used. Allowed unused vars must match /^_/u  @typescript-eslint/no-unused-vars
2026-10-10T01:42:04.1306720Z 
2026-10-10T01:42:04.1307034Z /home/runner/work/chainlesschain/chainlesschain/desktop-app-vue/src/main/trade/marketplace-manager.js
2026-10-10T01:42:04.1307579Z ##[warning]   907:13  warning  'now' is assigned a value but never used. Allowed unused vars must match /^_/u  @typescript-eslint/no-unused-vars
2026-10-10T01:42:04.1308394Z ##[warning]   977:13  warning  'db' is assigned a value but never used. Allowed unused vars must match /^_/u   @typescript-eslint/no-unused-vars
2026-10-10T01:42:04.1309220Z ##[warning]  1071:18  warning  'e' is defined but never used. Allowed unused caught errors must match /^_/u    @typescript-eslint/no-unused-vars
2026-10-10T01:42:04.1309519Z 
2026-10-10T01:42:04.1309961Z /home/runner/work/chainlesschain/chainlesschain/desktop-app-vue/src/main/trade/realtime-trading-engine.js
2026-10-10T01:42:04.1310529Z ##[warning]  455:17  warning  'assetId' is assigned a value but never used. Allowed unused vars must match /^_/u  @typescript-eslint/no-unused-vars
2026-10-10T01:42:04.1310829Z 
2026-10-10T01:42:04.1311105Z /home/runner/work/chainlesschain/chainlesschain/desktop-app-vue/src/main/types/browser.d.ts
2026-10-10T01:42:04.1311342Z   334:38  warning  The `Function` type accepts any function-like value.
2026-10-10T01:42:04.1311692Z Prefer explicitly defining any function parameters and return type  @typescript-eslint/no-unsafe-function-type
2026-10-10T01:42:04.1311698Z 
2026-10-10T01:42:04.1312072Z /home/runner/work/chainlesschain/chainlesschain/desktop-app-vue/src/main/ukey/__tests__/cloud-backup-manager.test.js
2026-10-10T01:42:04.1312637Z ##[warning]  41:3  warning  Read-only global 'sharedStorage' should not be modified  no-global-assign
2026-10-10T01:42:04.1312959Z 
2026-10-10T01:42:04.1313223Z /home/runner/work/chainlesschain/chainlesschain/desktop-app-vue/src/main/ukey/_gen.js
2026-10-10T01:42:04.1313765Z ##[warning]  4:7  warning  'w' is assigned a value but never used. Allowed unused vars must match /^_/u  @typescript-eslint/no-unused-vars
2026-10-10T01:42:04.1314071Z 
2026-10-10T01:42:04.1314362Z /home/runner/work/chainlesschain/chainlesschain/desktop-app-vue/src/main/ukey/adaptive-auth.js
2026-10-10T01:42:04.1314944Z ##[warning]  13:3  warning  'AUTH_LEVEL' is assigned a value but never used. Allowed unused vars must match /^_/u  @typescript-eslint/no-unused-vars
2026-10-10T01:42:04.1315325Z 
2026-10-10T01:42:04.1315627Z /home/runner/work/chainlesschain/chainlesschain/desktop-app-vue/src/main/ukey/backup-encryptor.js
2026-10-10T01:42:04.1316184Z ##[warning]   16:7   warning  'TAG_LEN' is assigned a value but never used. Allowed unused vars must match /^_/u  @typescript-eslint/no-unused-vars
2026-10-10T01:42:04.1317138Z ##[warning]  111:12  warning  'err' is defined but never used. Allowed unused caught errors must match /^_/u      @typescript-eslint/no-unused-vars
2026-10-10T01:42:04.1317443Z 
2026-10-10T01:42:04.1317747Z /home/runner/work/chainlesschain/chainlesschain/desktop-app-vue/src/main/ukey/biometric-manager.js
2026-10-10T01:42:04.1318369Z ##[warning]   30:7   warning  'MAX_LIVENESS_RETRY' is assigned a value but never used. Allowed unused vars must match /^_/u  @typescript-eslint/no-unused-vars
2026-10-10T01:42:04.1319253Z ##[warning]  132:14  warning  'e' is defined but never used. Allowed unused caught errors must match /^_/u                   @typescript-eslint/no-unused-vars
2026-10-10T01:42:04.1320163Z ##[warning]  150:7   warning  'adminPin' is assigned a value but never used. Allowed unused vars must match /^_/u            @typescript-eslint/no-unused-vars
2026-10-10T01:42:04.1321056Z ##[warning]  210:13  warning  'template' is assigned a value but never used. Allowed unused vars must match /^_/u            @typescript-eslint/no-unused-vars
2026-10-10T01:42:04.1321928Z ##[warning]  377:17  warning  'id' is assigned a value but never used. Allowed unused vars must match /^_/u                  @typescript-eslint/no-unused-vars
2026-10-10T01:42:04.1322794Z ##[warning]  441:24  warning  'samples' is defined but never used. Allowed unused args must match /^_/u                      @typescript-eslint/no-unused-vars
2026-10-10T01:42:04.1323679Z ##[warning]  456:27  warning  'sampleData' is defined but never used. Allowed unused args must match /^_/u                   @typescript-eslint/no-unused-vars
2026-10-10T01:42:04.1324536Z ##[warning]  456:39  warning  'usage' is defined but never used. Allowed unused args must match /^_/u                        @typescript-eslint/no-unused-vars
2026-10-10T01:42:04.1324833Z 
2026-10-10T01:42:04.1325206Z /home/runner/work/chainlesschain/chainlesschain/desktop-app-vue/src/main/ukey/ble-driver.js
2026-10-10T01:42:04.1325769Z ##[warning]   90:14  warning  'e' is defined but never used. Allowed unused caught errors must match /^_/u        @typescript-eslint/no-unused-vars
2026-10-10T01:42:04.1326715Z ##[warning]  115:13  warning  'timer' is assigned a value but never used. Allowed unused vars must match /^_/u    @typescript-eslint/no-unused-vars
2026-10-10T01:42:04.1327594Z ##[warning]  253:17  warning  'timeout' is assigned a value but never used. Allowed unused args must match /^_/u  @typescript-eslint/no-unused-vars
2026-10-10T01:42:04.1327897Z 
2026-10-10T01:42:04.1328185Z /home/runner/work/chainlesschain/chainlesschain/desktop-app-vue/src/main/ukey/chain-adapter.js
2026-10-10T01:42:04.1328736Z ##[warning]  132:27  warning  'chain' is assigned a value but never used. Allowed unused args must match /^_/u  @typescript-eslint/no-unused-vars
2026-10-10T01:42:04.1329041Z 
2026-10-10T01:42:04.1329329Z /home/runner/work/chainlesschain/chainlesschain/desktop-app-vue/src/main/ukey/config.js
2026-10-10T01:42:04.1329911Z ##[warning]    7:9   warning  'logger' is assigned a value but never used. Allowed unused vars must match /^_/u        @typescript-eslint/no-unused-vars
2026-10-10T01:42:04.1330784Z ##[warning]    7:17  warning  'createLogger' is assigned a value but never used. Allowed unused vars must match /^_/u  @typescript-eslint/no-unused-vars
2026-10-10T01:42:04.1331649Z ##[warning]  111:14  warning  'error' is defined but never used. Allowed unused caught errors must match /^_/u         @typescript-eslint/no-unused-vars
2026-10-10T01:42:04.1332493Z ##[warning]  136:14  warning  'error' is defined but never used. Allowed unused caught errors must match /^_/u         @typescript-eslint/no-unused-vars
2026-10-10T01:42:04.1333334Z ##[warning]  339:14  warning  'error' is defined but never used. Allowed unused caught errors must match /^_/u         @typescript-eslint/no-unused-vars
2026-10-10T01:42:04.1333630Z 
2026-10-10T01:42:04.1333924Z /home/runner/work/chainlesschain/chainlesschain/desktop-app-vue/src/main/ukey/contract-signer.js
2026-10-10T01:42:04.1334561Z ##[warning]  181:17  warning  'txInfo' is defined but never used. Allowed unused args must match /^_/u  @typescript-eslint/no-unused-vars
2026-10-10T01:42:04.1334858Z 
2026-10-10T01:42:04.1335240Z /home/runner/work/chainlesschain/chainlesschain/desktop-app-vue/src/main/ukey/ctap2-protocol.js
2026-10-10T01:42:04.1335821Z ##[warning]  323:21  warning  'authenticatorKey' is defined but never used. Allowed unused args must match /^_/u  @typescript-eslint/no-unused-vars
2026-10-10T01:42:04.1336118Z 
2026-10-10T01:42:04.1336415Z /home/runner/work/chainlesschain/chainlesschain/desktop-app-vue/src/main/ukey/esim-ota-manager.js
2026-10-10T01:42:04.1336957Z ##[warning]  414:31  warning  'session' is defined but never used. Allowed unused args must match /^_/u      @typescript-eslint/no-unused-vars
2026-10-10T01:42:04.1337785Z ##[warning]  414:40  warning  'authResult' is defined but never used. Allowed unused args must match /^_/u   @typescript-eslint/no-unused-vars
2026-10-10T01:42:04.1338810Z ##[warning]  431:25  warning  'profileData' is defined but never used. Allowed unused args must match /^_/u  @typescript-eslint/no-unused-vars
2026-10-10T01:42:04.1339865Z ##[warning]  488:33  warning  'channel' is defined but never used. Allowed unused args must match /^_/u      @typescript-eslint/no-unused-vars
2026-10-10T01:42:04.1340678Z ##[warning]  488:42  warning  'keyId' is defined but never used. Allowed unused args must match /^_/u        @typescript-eslint/no-unused-vars
2026-10-10T01:42:04.1340981Z 
2026-10-10T01:42:04.1341266Z /home/runner/work/chainlesschain/chainlesschain/desktop-app-vue/src/main/ukey/fido2-driver.js
2026-10-10T01:42:04.1341855Z ##[warning]   29:7   warning  'CTAP2_CMD' is assigned a value but never used. Allowed unused vars must match /^_/u     @typescript-eslint/no-unused-vars
2026-10-10T01:42:04.1342731Z ##[warning]   38:7   warning  'CTAP2_STATUS' is assigned a value but never used. Allowed unused vars must match /^_/u  @typescript-eslint/no-unused-vars
2026-10-10T01:42:04.1343592Z ##[warning]  149:14  warning  'e' is defined but never used. Allowed unused caught errors must match /^_/u             @typescript-eslint/no-unused-vars
2026-10-10T01:42:04.1344580Z ##[warning]  275:14  warning  'e' is defined but never used. Allowed unused caught errors must match /^_/u             @typescript-eslint/no-unused-vars
2026-10-10T01:42:04.1345549Z ##[warning]  536:17  warning  'stdout' is assigned a value but never used. Allowed unused vars must match /^_/u        @typescript-eslint/no-unused-vars
2026-10-10T01:42:04.1345847Z 
2026-10-10T01:42:04.1346172Z /home/runner/work/chainlesschain/chainlesschain/desktop-app-vue/src/main/ukey/fingerprint-enrollment.js
2026-10-10T01:42:04.1346799Z ##[warning]  15:9  warning  'BiometricManager' is assigned a value but never used. Allowed unused vars must match /^_/u  @typescript-eslint/no-unused-vars
2026-10-10T01:42:04.1347099Z 
2026-10-10T01:42:04.1347393Z /home/runner/work/chainlesschain/chainlesschain/desktop-app-vue/src/main/ukey/hsm-federation.js
2026-10-10T01:42:04.1347910Z ##[warning]  537:35  warning  'share' is defined but never used. Allowed unused args must match /^_/u  @typescript-eslint/no-unused-vars
2026-10-10T01:42:04.1348211Z 
2026-10-10T01:42:04.1348513Z /home/runner/work/chainlesschain/chainlesschain/desktop-app-vue/src/main/ukey/hw-wallet-bridge.js
2026-10-10T01:42:04.1349094Z ##[warning]   9:7  warning  'crypto' is assigned a value but never used. Allowed unused vars must match /^_/u         @typescript-eslint/no-unused-vars
2026-10-10T01:42:04.1349957Z ##[warning]  12:7  warning  'HW_VENDOR_IDS' is assigned a value but never used. Allowed unused vars must match /^_/u  @typescript-eslint/no-unused-vars
2026-10-10T01:42:04.1350251Z 
2026-10-10T01:42:04.1350546Z /home/runner/work/chainlesschain/chainlesschain/desktop-app-vue/src/main/ukey/keystone-adapter.js
2026-10-10T01:42:04.1351118Z ##[warning]  153:36  warning  'coinType' is assigned a value but never used. Allowed unused args must match /^_/u  @typescript-eslint/no-unused-vars
2026-10-10T01:42:04.1351414Z 
2026-10-10T01:42:04.1351822Z /home/runner/work/chainlesschain/chainlesschain/desktop-app-vue/src/main/ukey/ledger-adapter.js
2026-10-10T01:42:04.1352417Z ##[warning]  11:7   warning  'CLA' is assigned a value but never used. Allowed unused vars must match /^_/u                  @typescript-eslint/no-unused-vars
2026-10-10T01:42:04.1353315Z ##[warning]  12:7   warning  'INS_GET_ADDRESS' is assigned a value but never used. Allowed unused vars must match /^_/u      @typescript-eslint/no-unused-vars
2026-10-10T01:42:04.1354195Z ##[warning]  13:7   warning  'INS_SIGN_TX' is assigned a value but never used. Allowed unused vars must match /^_/u          @typescript-eslint/no-unused-vars
2026-10-10T01:42:04.1355316Z ##[warning]  14:7   warning  'INS_GET_APP_NAME' is assigned a value but never used. Allowed unused vars must match /^_/u     @typescript-eslint/no-unused-vars
2026-10-10T01:42:04.1356223Z ##[warning]  15:7   warning  'INS_GET_DEVICE_INFO' is assigned a value but never used. Allowed unused vars must match /^_/u  @typescript-eslint/no-unused-vars
2026-10-10T01:42:04.1357116Z ##[warning]  53:36  warning  'coinType' is assigned a value but never used. Allowed unused args must match /^_/u             @typescript-eslint/no-unused-vars
2026-10-10T01:42:04.1358005Z ##[warning]  98:21  warning  'derivationPath' is defined but never used. Allowed unused args must match /^_/u                @typescript-eslint/no-unused-vars
2026-10-10T01:42:04.1358866Z ##[warning]  98:37  warning  'message' is defined but never used. Allowed unused args must match /^_/u                       @typescript-eslint/no-unused-vars
2026-10-10T01:42:04.1359163Z 
2026-10-10T01:42:04.1359478Z /home/runner/work/chainlesschain/chainlesschain/desktop-app-vue/src/main/ukey/multi-device-signer.js
2026-10-10T01:42:04.1360033Z ##[warning]  119:16  warning  'e' is defined but never used. Allowed unused caught errors must match /^_/u     @typescript-eslint/no-unused-vars
2026-10-10T01:42:04.1360866Z ##[warning]  145:28  warning  'txParams' is defined but never used. Allowed unused args must match /^_/u       @typescript-eslint/no-unused-vars
2026-10-10T01:42:04.1361813Z ##[warning]  145:38  warning  'ukeySignature' is defined but never used. Allowed unused args must match /^_/u  @typescript-eslint/no-unused-vars
2026-10-10T01:42:04.1362639Z ##[warning]  145:53  warning  'hwSignature' is defined but never used. Allowed unused args must match /^_/u    @typescript-eslint/no-unused-vars
2026-10-10T01:42:04.1362932Z 
2026-10-10T01:42:04.1363210Z /home/runner/work/chainlesschain/chainlesschain/desktop-app-vue/src/main/ukey/nfc-driver.js
2026-10-10T01:42:04.1363772Z ##[warning]  19:7   warning  'NFC_APDU' is assigned a value but never used. Allowed unused vars must match /^_/u  @typescript-eslint/no-unused-vars
2026-10-10T01:42:04.1364606Z ##[warning]  82:14  warning  'e' is defined but never used. Allowed unused caught errors must match /^_/u         @typescript-eslint/no-unused-vars
2026-10-10T01:42:04.1365405Z ##[warning]  82:17  warning  Unreachable code                                                                     no-unreachable
2026-10-10T01:42:04.1365708Z 
2026-10-10T01:42:04.1366000Z /home/runner/work/chainlesschain/chainlesschain/desktop-app-vue/src/main/ukey/onekey-adapter.js
2026-10-10T01:42:04.1366560Z ##[warning]  38:36  warning  'coinType' is assigned a value but never used. Allowed unused args must match /^_/u  @typescript-eslint/no-unused-vars
2026-10-10T01:42:04.1367405Z ##[warning]  60:16  warning  'derivationPath' is defined but never used. Allowed unused args must match /^_/u     @typescript-eslint/no-unused-vars
2026-10-10T01:42:04.1368228Z ##[warning]  60:32  warning  'txParams' is defined but never used. Allowed unused args must match /^_/u           @typescript-eslint/no-unused-vars
2026-10-10T01:42:04.1369064Z ##[warning]  72:21  warning  'derivationPath' is defined but never used. Allowed unused args must match /^_/u     @typescript-eslint/no-unused-vars
2026-10-10T01:42:04.1369996Z ##[warning]  72:37  warning  'message' is defined but never used. Allowed unused args must match /^_/u            @typescript-eslint/no-unused-vars
2026-10-10T01:42:04.1370296Z 
2026-10-10T01:42:04.1370587Z /home/runner/work/chainlesschain/chainlesschain/desktop-app-vue/src/main/ukey/openpgp-driver.js
2026-10-10T01:42:04.1371187Z ##[warning]  32:7  warning  'OPENPGP_AID' is assigned a value but never used. Allowed unused vars must match /^_/u       @typescript-eslint/no-unused-vars
2026-10-10T01:42:04.1372059Z ##[warning]  34:7  warning  'OPENPGP_KEY_SLOT' is assigned a value but never used. Allowed unused vars must match /^_/u  @typescript-eslint/no-unused-vars
2026-10-10T01:42:04.1372935Z ##[warning]  40:7  warning  'OPENPGP_ALG' is assigned a value but never used. Allowed unused vars must match /^_/u       @typescript-eslint/no-unused-vars
2026-10-10T01:42:04.1373234Z 
2026-10-10T01:42:04.1373528Z /home/runner/work/chainlesschain/chainlesschain/desktop-app-vue/src/main/ukey/pkcs11-driver.js
2026-10-10T01:42:04.1374102Z ##[warning]   829:18  warning  'e' is defined but never used. Allowed unused caught errors must match /^_/u      @typescript-eslint/no-unused-vars
2026-10-10T01:42:04.1374969Z ##[warning]  1030:14  warning  'error' is defined but never used. Allowed unused caught errors must match /^_/u  @typescript-eslint/no-unused-vars
2026-10-10T01:42:04.1375893Z ##[warning]  1292:18  warning  'e' is defined but never used. Allowed unused caught errors must match /^_/u      @typescript-eslint/no-unused-vars
2026-10-10T01:42:04.1376717Z ##[warning]  1318:18  warning  'e' is defined but never used. Allowed unused caught errors must match /^_/u      @typescript-eslint/no-unused-vars
2026-10-10T01:42:04.1377020Z 
2026-10-10T01:42:04.1377342Z /home/runner/work/chainlesschain/chainlesschain/desktop-app-vue/src/main/ukey/satellite-sim-driver.js
2026-10-10T01:42:04.1377885Z ##[warning]  374:35  warning  'priority' is defined but never used. Allowed unused args must match /^_/u  @typescript-eslint/no-unused-vars
2026-10-10T01:42:04.1378706Z ##[warning]  436:32  warning  'compress' is defined but never used. Allowed unused args must match /^_/u  @typescript-eslint/no-unused-vars
2026-10-10T01:42:04.1379108Z 
2026-10-10T01:42:04.1379402Z /home/runner/work/chainlesschain/chainlesschain/desktop-app-vue/src/main/ukey/simkey-roaming.js
2026-10-10T01:42:04.1379952Z ##[warning]  292:26  warning  'data' is defined but never used. Allowed unused args must match /^_/u             @typescript-eslint/no-unused-vars
2026-10-10T01:42:04.1380793Z ##[warning]  292:32  warning  'signature' is defined but never used. Allowed unused args must match /^_/u        @typescript-eslint/no-unused-vars
2026-10-10T01:42:04.1381646Z ##[warning]  453:34  warning  'visitingCarrier' is defined but never used. Allowed unused args must match /^_/u  @typescript-eslint/no-unused-vars
2026-10-10T01:42:04.1382480Z ##[warning]  453:51  warning  'params' is defined but never used. Allowed unused args must match /^_/u           @typescript-eslint/no-unused-vars
2026-10-10T01:42:04.1382783Z 
2026-10-10T01:42:04.1383094Z /home/runner/work/chainlesschain/chainlesschain/desktop-app-vue/src/main/ukey/simulated-driver.js
2026-10-10T01:42:04.1383664Z ##[warning]  90:14  warning  'error' is defined but never used. Allowed unused caught errors must match /^_/u  @typescript-eslint/no-unused-vars
2026-10-10T01:42:04.1383985Z 
2026-10-10T01:42:04.1384267Z /home/runner/work/chainlesschain/chainlesschain/desktop-app-vue/src/main/ukey/skf-driver.js
2026-10-10T01:42:04.1384821Z ##[warning]   17:7   warning  'path' is assigned a value but never used. Allowed unused vars must match /^_/u   @typescript-eslint/no-unused-vars
2026-10-10T01:42:04.1385732Z ##[warning]   18:7   warning  'os' is assigned a value but never used. Allowed unused vars must match /^_/u     @typescript-eslint/no-unused-vars
2026-10-10T01:42:04.1386569Z ##[warning]  641:14  warning  'error' is defined but never used. Allowed unused caught errors must match /^_/u  @typescript-eslint/no-unused-vars
2026-10-10T01:42:04.1386871Z 
2026-10-10T01:42:04.1387167Z /home/runner/work/chainlesschain/chainlesschain/desktop-app-vue/src/main/ukey/trezor-adapter.js
2026-10-10T01:42:04.1387832Z ##[warning]  64:16  warning  'derivationPath' is defined but never used. Allowed unused args must match /^_/u  @typescript-eslint/no-unused-vars
2026-10-10T01:42:04.1388666Z ##[warning]  64:32  warning  'txParams' is defined but never used. Allowed unused args must match /^_/u        @typescript-eslint/no-unused-vars
2026-10-10T01:42:04.1389511Z ##[warning]  80:21  warning  'derivationPath' is defined but never used. Allowed unused args must match /^_/u  @typescript-eslint/no-unused-vars
2026-10-10T01:42:04.1390334Z ##[warning]  80:37  warning  'message' is defined but never used. Allowed unused args must match /^_/u         @typescript-eslint/no-unused-vars
2026-10-10T01:42:04.1390630Z 
2026-10-10T01:42:04.1390916Z /home/runner/work/chainlesschain/chainlesschain/desktop-app-vue/src/main/ukey/tx-simulator.js
2026-10-10T01:42:04.1391457Z ##[warning]  68:31  warning  'chain' is assigned a value but never used. Allowed unused args must match /^_/u  @typescript-eslint/no-unused-vars
2026-10-10T01:42:04.1391757Z 
2026-10-10T01:42:04.1392035Z /home/runner/work/chainlesschain/chainlesschain/desktop-app-vue/src/main/ukey/ukey-manager.js
2026-10-10T01:42:04.1392625Z ##[warning]    9:9   warning  'logger' is assigned a value but never used. Allowed unused vars must match /^_/u        @typescript-eslint/no-unused-vars
2026-10-10T01:42:04.1393525Z ##[warning]    9:17  warning  'createLogger' is assigned a value but never used. Allowed unused vars must match /^_/u  @typescript-eslint/no-unused-vars
2026-10-10T01:42:04.1394377Z ##[warning]  161:18  warning  'e' is defined but never used. Allowed unused caught errors must match /^_/u             @typescript-eslint/no-unused-vars
2026-10-10T01:42:04.1395331Z ##[warning]  254:16  warning  'error' is defined but never used. Allowed unused caught errors must match /^_/u         @typescript-eslint/no-unused-vars
2026-10-10T01:42:04.1396206Z ##[warning]  485:16  warning  'error' is defined but never used. Allowed unused caught errors must match /^_/u         @typescript-eslint/no-unused-vars
2026-10-10T01:42:04.1397162Z ##[warning]  523:16  warning  'error' is defined but never used. Allowed unused caught errors must match /^_/u         @typescript-eslint/no-unused-vars
2026-10-10T01:42:04.1397466Z 
2026-10-10T01:42:04.1397773Z /home/runner/work/chainlesschain/chainlesschain/desktop-app-vue/src/main/ukey/wireless-pairing.js
2026-10-10T01:42:04.1398334Z ##[warning]   15:7   warning  'crypto' is assigned a value but never used. Allowed unused vars must match /^_/u  @typescript-eslint/no-unused-vars
2026-10-10T01:42:04.1399162Z ##[warning]  177:17  warning  'id' is assigned a value but never used. Allowed unused vars must match /^_/u      @typescript-eslint/no-unused-vars
2026-10-10T01:42:04.1399982Z ##[warning]  180:17  warning  'id' is assigned a value but never used. Allowed unused vars must match /^_/u      @typescript-eslint/no-unused-vars
2026-10-10T01:42:04.1400281Z 
2026-10-10T01:42:04.1400588Z /home/runner/work/chainlesschain/chainlesschain/desktop-app-vue/src/main/ukey/xinjinke-driver.js
2026-10-10T01:42:04.1401135Z ##[warning]  67:16  warning  'e' is defined but never used. Allowed unused caught errors must match /^_/u      @typescript-eslint/no-unused-vars
2026-10-10T01:42:04.1401983Z ##[warning]  96:14  warning  'error' is defined but never used. Allowed unused caught errors must match /^_/u  @typescript-eslint/no-unused-vars
2026-10-10T01:42:04.1402283Z 
2026-10-10T01:42:04.1402660Z /home/runner/work/chainlesschain/chainlesschain/desktop-app-vue/src/main/utils/__tests__/resumable-processor.test.js
2026-10-10T01:42:04.1403100Z ##[warning]  110:27  warning  Expected { after 'if' condition  curly
2026-10-10T01:42:04.1403402Z 
2026-10-10T01:42:04.1403689Z /home/runner/work/chainlesschain/chainlesschain/desktop-app-vue/src/main/utils/file-cache.js
2026-10-10T01:42:04.1404243Z ##[warning]  213:14  warning  'error' is defined but never used. Allowed unused caught errors must match /^_/u  @typescript-eslint/no-unused-vars
2026-10-10T01:42:04.1404555Z 
2026-10-10T01:42:04.1404965Z /home/runner/work/chainlesschain/chainlesschain/desktop-app-vue/src/main/utils/file-integrity.js
2026-10-10T01:42:04.1405602Z ##[warning]  298:16  warning  'error' is defined but never used. Allowed unused caught errors must match /^_/u  @typescript-eslint/no-unused-vars
2026-10-10T01:42:04.1405910Z 
2026-10-10T01:42:04.1406201Z /home/runner/work/chainlesschain/chainlesschain/desktop-app-vue/src/main/utils/log-forwarder.js
2026-10-10T01:42:04.1406735Z ##[warning]   69:16  warning  'e' is defined but never used. Allowed unused caught errors must match /^_/u      @typescript-eslint/no-unused-vars
2026-10-10T01:42:04.1407564Z ##[warning]  101:12  warning  'error' is defined but never used. Allowed unused caught errors must match /^_/u  @typescript-eslint/no-unused-vars
2026-10-10T01:42:04.1408386Z ##[warning]  181:14  warning  'error' is defined but never used. Allowed unused caught errors must match /^_/u  @typescript-eslint/no-unused-vars
2026-10-10T01:42:04.1408685Z 
2026-10-10T01:42:04.1408964Z /home/runner/work/chainlesschain/chainlesschain/desktop-app-vue/src/main/vc/vc-manager.js
2026-10-10T01:42:04.1409562Z ##[warning]  280:18  warning  'error' is defined but never used. Allowed unused caught errors must match /^_/u  @typescript-eslint/no-unused-vars
2026-10-10T01:42:04.1409860Z 
2026-10-10T01:42:04.1410153Z /home/runner/work/chainlesschain/chainlesschain/desktop-app-vue/src/main/vector/vector-store.js
2026-10-10T01:42:04.1410761Z ##[warning]  126:14  warning  'error' is defined but never used. Allowed unused caught errors must match /^_/u  @typescript-eslint/no-unused-vars
2026-10-10T01:42:04.1411604Z ##[warning]  142:14  warning  'error' is defined but never used. Allowed unused caught errors must match /^_/u  @typescript-eslint/no-unused-vars
2026-10-10T01:42:04.1411901Z 
2026-10-10T01:42:04.1412238Z /home/runner/work/chainlesschain/chainlesschain/desktop-app-vue/src/main/vendor/agent-sdk/agent-session.js
2026-10-10T01:42:04.1412629Z ##[warning]   36:9   warning  Expected { after 'if' condition  curly
2026-10-10T01:42:04.1413281Z ##[warning]   38:9   warning  Expected { after 'if' condition  curly
2026-10-10T01:42:04.1413824Z ##[warning]   40:9   warning  Expected { after 'if' condition  curly
2026-10-10T01:42:04.1414383Z ##[warning]   76:9   warning  Expected { after 'if' condition  curly
2026-10-10T01:42:04.1414926Z ##[warning]   78:9   warning  Expected { after 'if' condition  curly
2026-10-10T01:42:04.1415569Z ##[warning]   80:9   warning  Expected { after 'if' condition  curly
2026-10-10T01:42:04.1416117Z ##[warning]   82:9   warning  Expected { after 'if' condition  curly
2026-10-10T01:42:04.1416667Z ##[warning]   87:9   warning  Expected { after 'if' condition  curly
2026-10-10T01:42:04.1417213Z ##[warning]   89:9   warning  Expected { after 'if' condition  curly
2026-10-10T01:42:04.1417768Z ##[warning]   91:9   warning  Expected { after 'if' condition  curly
2026-10-10T01:42:04.1418317Z ##[warning]  126:13  warning  Expected { after 'if' condition  curly
2026-10-10T01:42:04.1418882Z ##[warning]  139:13  warning  Expected { after 'if' condition  curly
2026-10-10T01:42:04.1419432Z ##[warning]  151:13  warning  Expected { after 'if' condition  curly
2026-10-10T01:42:04.1419971Z ##[warning]  166:17  warning  Expected { after 'if' condition  curly
2026-10-10T01:42:04.1420517Z ##[warning]  181:13  warning  Expected { after 'if' condition  curly
2026-10-10T01:42:04.1421062Z ##[warning]  233:13  warning  Expected { after 'if' condition  curly
2026-10-10T01:42:04.1421609Z ##[warning]  251:13  warning  Expected { after 'if' condition  curly
2026-10-10T01:42:04.1422159Z ##[warning]  266:13  warning  Expected { after 'if' condition  curly
2026-10-10T01:42:04.1422701Z ##[warning]  286:13  warning  Expected { after 'if' condition  curly
2026-10-10T01:42:04.1423241Z ##[warning]  298:13  warning  Expected { after 'if' condition  curly
2026-10-10T01:42:04.1423783Z ##[warning]  300:13  warning  Expected { after 'if' condition  curly
2026-10-10T01:42:04.1424445Z ##[warning]  304:17  warning  Expected { after 'if' condition  curly
2026-10-10T01:42:04.1424993Z ##[warning]  384:13  warning  Expected { after 'if' condition  curly
2026-10-10T01:42:04.1425366Z 
2026-10-10T01:42:04.1425720Z /home/runner/work/chainlesschain/chainlesschain/desktop-app-vue/src/main/vendor/agent-sdk/app-server-client.js
2026-10-10T01:42:04.1425987Z ##[warning]   51:13  warning  Expected { after 'if' condition  curly
2026-10-10T01:42:04.1426529Z ##[warning]   53:13  warning  Expected { after 'if' condition  curly
2026-10-10T01:42:04.1427072Z ##[warning]   55:13  warning  Expected { after 'if' condition  curly
2026-10-10T01:42:04.1427644Z ##[warning]   91:17  warning  Expected { after 'if' condition  curly
2026-10-10T01:42:04.1428191Z ##[warning]   96:21  warning  Expected { after 'if' condition  curly
2026-10-10T01:42:04.1428739Z ##[warning]  101:17  warning  Expected { after 'if' condition  curly
2026-10-10T01:42:04.1429290Z ##[warning]  105:17  warning  Expected { after 'if' condition  curly
2026-10-10T01:42:04.1429862Z ##[warning]  109:17  warning  Expected { after 'if' condition  curly
2026-10-10T01:42:04.1430420Z ##[warning]  117:17  warning  Expected { after 'if' condition  curly
2026-10-10T01:42:04.1430969Z ##[warning]  185:13  warning  Expected { after 'if' condition  curly
2026-10-10T01:42:04.1431514Z ##[warning]  188:13  warning  Expected { after 'if' condition  curly
2026-10-10T01:42:04.1432072Z ##[warning]  205:17  warning  Expected { after 'if' condition  curly
2026-10-10T01:42:04.1432617Z ##[warning]  207:17  warning  Expected { after 'if' condition  curly
2026-10-10T01:42:04.1433161Z ##[warning]  215:17  warning  Expected { after 'if' condition  curly
2026-10-10T01:42:04.1433707Z ##[warning]  221:13  warning  Expected { after 'if' condition  curly
2026-10-10T01:42:04.1434252Z ##[warning]  223:13  warning  Expected { after 'if' condition  curly
2026-10-10T01:42:04.1434803Z ##[warning]  230:13  warning  Expected { after 'if' condition  curly
2026-10-10T01:42:04.1435428Z ##[warning]  249:13  warning  Expected { after 'if' condition  curly
2026-10-10T01:42:04.1436122Z ##[warning]  253:13  warning  Expected { after 'if' condition  curly
2026-10-10T01:42:04.1436661Z ##[warning]  257:13  warning  Expected { after 'if' condition  curly
2026-10-10T01:42:04.1437206Z ##[warning]  259:13  warning  Expected { after 'else'          curly
2026-10-10T01:42:04.1437747Z ##[warning]  295:21  warning  Expected { after 'if' condition  curly
2026-10-10T01:42:04.1438044Z 
2026-10-10T01:42:04.1438425Z /home/runner/work/chainlesschain/chainlesschain/desktop-app-vue/src/main/vendor/agent-sdk/app-server-pilot-client.js
2026-10-10T01:42:04.1438694Z ##[warning]  58:13  warning  Expected { after 'if' condition  curly
2026-10-10T01:42:04.1439240Z ##[warning]  64:17  warning  Expected { after 'if' condition  curly
2026-10-10T01:42:04.1439539Z 
2026-10-10T01:42:04.1439867Z /home/runner/work/chainlesschain/chainlesschain/desktop-app-vue/src/main/vendor/agent-sdk/background.js
2026-10-10T01:42:04.1440191Z ##[warning]  11:1   warning  Unexpected var, use let or const instead  no-var
2026-10-10T01:42:04.1440783Z ##[warning]  63:17  warning  Expected { after 'if' condition           curly
2026-10-10T01:42:04.1441079Z 
2026-10-10T01:42:04.1441392Z /home/runner/work/chainlesschain/chainlesschain/desktop-app-vue/src/main/vendor/agent-sdk/browser.js
2026-10-10T01:42:04.1441693Z ##[warning]   6:1   warning  Unexpected var, use let or const instead  no-var
2026-10-10T01:42:04.1442286Z ##[warning]   7:27  warning  Expected { after 'if' condition           curly
2026-10-10T01:42:04.1442873Z ##[warning]   8:5   warning  Unexpected var, use let or const instead  no-var
2026-10-10T01:42:04.1443439Z ##[warning]  14:27  warning  Expected { after 'if' condition           curly
2026-10-10T01:42:04.1444018Z ##[warning]  17:1   warning  Unexpected var, use let or const instead  no-var
2026-10-10T01:42:04.1444595Z ##[warning]  18:10  warning  Unexpected var, use let or const instead  no-var
2026-10-10T01:42:04.1445343Z ##[warning]  18:22  warning  Expected { after 'for-in'                 curly
2026-10-10T01:42:04.1445921Z ##[warning]  18:96  warning  Expected { after 'if' condition           curly
2026-10-10T01:42:04.1446499Z ##[warning]  26:1   warning  Unexpected var, use let or const instead  no-var
2026-10-10T01:42:04.1447071Z ##[warning]  35:9   warning  Expected { after 'if' condition           curly
2026-10-10T01:42:04.1447362Z 
2026-10-10T01:42:04.1447681Z /home/runner/work/chainlesschain/chainlesschain/desktop-app-vue/src/main/vendor/agent-sdk/cli-json.js
2026-10-10T01:42:04.1447953Z ##[warning]  50:9   warning  Expected { after 'if' condition  curly
2026-10-10T01:42:04.1448499Z ##[warning]  55:17  warning  Expected { after 'if' condition  curly
2026-10-10T01:42:04.1448792Z 
2026-10-10T01:42:04.1449157Z /home/runner/work/chainlesschain/chainlesschain/desktop-app-vue/src/main/vendor/agent-sdk/generated/app-protocol.js
2026-10-10T01:42:04.1449491Z ##[warning]  5981:9   warning  Expected { after 'if' condition  curly
2026-10-10T01:42:04.1450053Z ##[warning]  5983:9   warning  Expected { after 'if' condition  curly
2026-10-10T01:42:04.1450603Z ##[warning]  5985:9   warning  Expected { after 'if' condition  curly
2026-10-10T01:42:04.1451152Z ##[warning]  5987:9   warning  Expected { after 'if' condition  curly
2026-10-10T01:42:04.1451700Z ##[warning]  5989:9   warning  Expected { after 'if' condition  curly
2026-10-10T01:42:04.1452244Z ##[warning]  5997:13  warning  Expected { after 'if' condition  curly
2026-10-10T01:42:04.1452788Z ##[warning]  5999:13  warning  Expected { after 'else'          curly
2026-10-10T01:42:04.1453335Z ##[warning]  6009:9   warning  Expected { after 'for-of'        curly
2026-10-10T01:42:04.1453878Z ##[warning]  6010:13  warning  Expected { after 'for-of'        curly
2026-10-10T01:42:04.1454427Z ##[warning]  6013:13  warning  Expected { after 'if' condition  curly
2026-10-10T01:42:04.1454977Z ##[warning]  6020:13  warning  Expected { after 'if' condition  curly
2026-10-10T01:42:04.1455603Z ##[warning]  6029:13  warning  Expected { after 'if' condition  curly
2026-10-10T01:42:04.1456251Z ##[warning]  6031:13  warning  Expected { after 'if' condition  curly
2026-10-10T01:42:04.1456794Z ##[warning]  6033:13  warning  Expected { after 'if' condition  curly
2026-10-10T01:42:04.1457339Z ##[warning]  6035:13  warning  Expected { after 'if' condition  curly
2026-10-10T01:42:04.1457880Z ##[warning]  6039:13  warning  Expected { after 'if' condition  curly
2026-10-10T01:42:04.1458425Z ##[warning]  6041:13  warning  Expected { after 'if' condition  curly
2026-10-10T01:42:04.1458975Z ##[warning]  6045:13  warning  Expected { after 'if' condition  curly
2026-10-10T01:42:04.1459524Z ##[warning]  6047:13  warning  Expected { after 'if' condition  curly
2026-10-10T01:42:04.1460070Z ##[warning]  6049:13  warning  Expected { after 'if' condition  curly
2026-10-10T01:42:04.1460614Z ##[warning]  6055:13  warning  Expected { after 'for-of'        curly
2026-10-10T01:42:04.1461162Z ##[warning]  6056:17  warning  Expected { after 'if' condition  curly
2026-10-10T01:42:04.1461718Z ##[warning]  6058:13  warning  Expected { after 'for-of'        curly
2026-10-10T01:42:04.1462271Z ##[warning]  6059:17  warning  Expected { after 'if' condition  curly
2026-10-10T01:42:04.1462816Z ##[warning]  6063:17  warning  Expected { after 'if' condition  curly
2026-10-10T01:42:04.1463363Z ##[warning]  6065:17  warning  Expected { after 'if' condition  curly
2026-10-10T01:42:04.1463914Z ##[warning]  6067:17  warning  Expected { after 'if' condition  curly
2026-10-10T01:42:04.1464870Z ##[warning]  6081:9   warning  Expected { after 'if' condition  curly
2026-10-10T01:42:04.1465844Z ##[warning]  6094:9   warning  Expected { after 'if' condition  curly
2026-10-10T01:42:04.1466746Z ##[warning]  6105:9   warning  Expected { after 'if' condition  curly
2026-10-10T01:42:04.1467519Z ##[warning]  6116:9   warning  Expected { after 'if' condition  curly
2026-10-10T01:42:04.1468321Z ##[warning]  6133:9   warning  Expected { after 'if' condition  curly
2026-10-10T01:42:04.1469223Z ##[warning]  6138:9   warning  Expected { after 'if' condition  curly
2026-10-10T01:42:04.1470056Z ##[warning]  6143:9   warning  Expected { after 'if' condition  curly
2026-10-10T01:42:04.1470456Z 
2026-10-10T01:42:04.1470801Z /home/runner/work/chainlesschain/chainlesschain/desktop-app-vue/src/main/vendor/agent-sdk/index.js
2026-10-10T01:42:04.1471284Z ##[warning]  10:1   warning  Unexpected var, use let or const instead  no-var
2026-10-10T01:42:04.1472097Z ##[warning]  11:27  warning  Expected { after 'if' condition           curly
2026-10-10T01:42:04.1472930Z ##[warning]  12:5   warning  Unexpected var, use let or const instead  no-var
2026-10-10T01:42:04.1473743Z ##[warning]  18:27  warning  Expected { after 'if' condition           curly
2026-10-10T01:42:04.1474585Z ##[warning]  21:1   warning  Unexpected var, use let or const instead  no-var
2026-10-10T01:42:04.1475486Z ##[warning]  22:10  warning  Unexpected var, use let or const instead  no-var
2026-10-10T01:42:04.1476278Z ##[warning]  22:22  warning  Expected { after 'for-in'                 curly
2026-10-10T01:42:04.1477151Z ##[warning]  22:96  warning  Expected { after 'if' condition           curly
2026-10-10T01:42:04.1479251Z ##[warning]  28:1   warning  Unexpected var, use let or const instead  no-var
2026-10-10T01:42:04.1480095Z ##[warning]  31:1   warning  Unexpected var, use let or const instead  no-var
2026-10-10T01:42:04.1480856Z ##[warning]  35:1   warning  Unexpected var, use let or const instead  no-var
2026-10-10T01:42:04.1481665Z ##[warning]  39:1   warning  Unexpected var, use let or const instead  no-var
2026-10-10T01:42:04.1482499Z ##[warning]  47:1   warning  Unexpected var, use let or const instead  no-var
2026-10-10T01:42:04.1483307Z ##[warning]  50:1   warning  Unexpected var, use let or const instead  no-var
2026-10-10T01:42:04.1483702Z 
2026-10-10T01:42:04.1484046Z /home/runner/work/chainlesschain/chainlesschain/desktop-app-vue/src/main/vendor/agent-sdk/ndjson.js
2026-10-10T01:42:04.1484521Z ##[warning]  23:13  warning  Expected { after 'if' condition  curly
2026-10-10T01:42:04.1485473Z ##[warning]  61:17  warning  Expected { after 'if' condition  curly
2026-10-10T01:42:04.1486307Z ##[warning]  63:17  warning  Expected { after 'else'          curly
2026-10-10T01:42:04.1486746Z 
2026-10-10T01:42:04.1487149Z /home/runner/work/chainlesschain/chainlesschain/desktop-app-vue/src/main/vendor/agent-sdk/protocol.js
2026-10-10T01:42:04.1487523Z ##[warning]  81:9  warning  Expected { after 'if' condition  curly
2026-10-10T01:42:04.1488310Z ##[warning]  88:9  warning  Expected { after 'if' condition  curly
2026-10-10T01:42:04.1489116Z ##[warning]  91:9  warning  Expected { after 'if' condition  curly
2026-10-10T01:42:04.1489849Z ##[warning]  93:9  warning  Expected { after 'if' condition  curly
2026-10-10T01:42:04.1490301Z 
2026-10-10T01:42:04.1490692Z /home/runner/work/chainlesschain/chainlesschain/desktop-app-vue/src/main/video/video-generator.js
2026-10-10T01:42:04.1491427Z ##[warning]  8:7  warning  'path' is assigned a value but never used. Allowed unused vars must match /^_/u    @typescript-eslint/no-unused-vars
2026-10-10T01:42:04.1492527Z ##[warning]  9:9  warning  'logger' is assigned a value but never used. Allowed unused vars must match /^_/u  @typescript-eslint/no-unused-vars
2026-10-10T01:42:04.1492947Z 
2026-10-10T01:42:04.1493327Z /home/runner/work/chainlesschain/chainlesschain/desktop-app-vue/src/main/video/video-importer.js
2026-10-10T01:42:04.1494022Z ##[warning]  240:14  warning  'error' is defined but never used. Allowed unused caught errors must match /^_/u  @typescript-eslint/no-unused-vars
2026-10-10T01:42:04.1494447Z 
2026-10-10T01:42:04.1494926Z /home/runner/work/chainlesschain/chainlesschain/desktop-app-vue/src/main/web-shell/__tests__/sync-streaming-helper.test.js
2026-10-10T01:42:04.1495548Z ##[warning]   15:10  warning  Unexpected constant condition  no-constant-condition
2026-10-10T01:42:04.1496461Z ##[warning]  127:14  warning  Unexpected constant condition  no-constant-condition
2026-10-10T01:42:04.1496827Z 
2026-10-10T01:42:04.1497387Z /home/runner/work/chainlesschain/chainlesschain/desktop-app-vue/src/main/web-shell/handlers/desktop-pair-handlers.js
2026-10-10T01:42:04.1497916Z ##[warning]  254:9  warning  Unexpected var, use let or const instead  no-var
2026-10-10T01:42:04.1498287Z 
2026-10-10T01:42:04.1498716Z /home/runner/work/chainlesschain/chainlesschain/desktop-app-vue/src/main/web-shell/handlers/mcp-handlers.js
2026-10-10T01:42:04.1499131Z ##[warning]  73:16  warning  Expected { after 'if' condition  curly
2026-10-10T01:42:04.1499533Z 
2026-10-10T01:42:04.1499900Z /home/runner/work/chainlesschain/chainlesschain/desktop-app-vue/src/main/window-registry.js
2026-10-10T01:42:04.1500572Z ##[warning]  31:7  warning  'path' is assigned a value but never used. Allowed unused vars must match /^_/u  @typescript-eslint/no-unused-vars
2026-10-10T01:42:04.1500984Z 
2026-10-10T01:42:04.1501401Z /home/runner/work/chainlesschain/chainlesschain/desktop-app-vue/src/main/workflow/quality-gate-manager.js
2026-10-10T01:42:04.1502143Z ##[warning]   95:34  warning  'context' is defined but never used. Allowed unused args must match /^_/u     @typescript-eslint/no-unused-vars
2026-10-10T01:42:04.1503247Z ##[warning]  119:33  warning  'context' is defined but never used. Allowed unused args must match /^_/u     @typescript-eslint/no-unused-vars
2026-10-10T01:42:04.1504300Z ##[warning]  133:36  warning  'context' is defined but never used. Allowed unused args must match /^_/u     @typescript-eslint/no-unused-vars
2026-10-10T01:42:04.1505457Z ##[warning]  146:41  warning  'context' is defined but never used. Allowed unused args must match /^_/u     @typescript-eslint/no-unused-vars
2026-10-10T01:42:04.1506515Z ##[warning]  159:36  warning  'context' is defined but never used. Allowed unused args must match /^_/u     @typescript-eslint/no-unused-vars
2026-10-10T01:42:04.1507600Z ##[warning]  194:16  warning  'e' is defined but never used. Allowed unused caught errors must match /^_/u  @typescript-eslint/no-unused-vars
2026-10-10T01:42:04.1508641Z ##[warning]  211:36  warning  'context' is defined but never used. Allowed unused args must match /^_/u     @typescript-eslint/no-unused-vars
2026-10-10T01:42:04.1509839Z ##[warning]  224:37  warning  'context' is defined but never used. Allowed unused args must match /^_/u     @typescript-eslint/no-unused-vars
2026-10-10T01:42:04.1510962Z ##[warning]  235:37  warning  'context' is defined but never used. Allowed unused args must match /^_/u     @typescript-eslint/no-unused-vars
2026-10-10T01:42:04.1512013Z ##[warning]  247:35  warning  'context' is defined but never used. Allowed unused args must match /^_/u     @typescript-eslint/no-unused-vars
2026-10-10T01:42:04.1513100Z ##[warning]  260:34  warning  'context' is defined but never used. Allowed unused args must match /^_/u     @typescript-eslint/no-unused-vars
2026-10-10T01:42:04.1514088Z ##[warning]  286:37  warning  'context' is defined but never used. Allowed unused args must match /^_/u     @typescript-eslint/no-unused-vars
2026-10-10T01:42:04.1515261Z ##[warning]  300:33  warning  'context' is defined but never used. Allowed unused args must match /^_/u     @typescript-eslint/no-unused-vars
2026-10-10T01:42:04.1516353Z ##[warning]  311:32  warning  'context' is defined but never used. Allowed unused args must match /^_/u     @typescript-eslint/no-unused-vars
2026-10-10T01:42:04.1517443Z ##[warning]  323:34  warning  'context' is defined but never used. Allowed unused args must match /^_/u     @typescript-eslint/no-unused-vars
2026-10-10T01:42:04.1517820Z 
2026-10-10T01:42:04.1518266Z /home/runner/work/chainlesschain/chainlesschain/desktop-app-vue/src/main/workflow/snapshot-workflow-stage.js
2026-10-10T01:42:04.1519067Z ##[warning]  10:9  warning  'SnapshotManager' is assigned a value but never used. Allowed unused vars must match /^_/u  @typescript-eslint/no-unused-vars
2026-10-10T01:42:04.1519441Z 
2026-10-10T01:42:04.1519813Z /home/runner/work/chainlesschain/chainlesschain/desktop-app-vue/src/main/workflow/workflow-ipc.js
2026-10-10T01:42:04.1520630Z ##[warning]  383:52  warning  'event' is defined but never used. Allowed unused args must match /^_/u  @typescript-eslint/no-unused-vars
2026-10-10T01:42:04.1521035Z 
2026-10-10T01:42:04.1521429Z /home/runner/work/chainlesschain/chainlesschain/desktop-app-vue/src/main/workflow/workflow-pipeline.js
2026-10-10T01:42:04.1522201Z ##[warning]    34:29  warning  'GateStatus' is assigned a value but never used. Allowed unused vars must match /^_/u  @typescript-eslint/no-unused-vars
2026-10-10T01:42:04.1523170Z ##[warning]   433:29  warning  Expected { after 'if' condition                                                        curly
2026-10-10T01:42:04.1524146Z ##[warning]   622:29  warning  Expected { after 'if' condition                                                        curly
2026-10-10T01:42:04.1525186Z ##[warning]   674:48  warning  Expected { after 'if' condition                                                        curly
2026-10-10T01:42:04.1526147Z ##[warning]   676:50  warning  Expected { after 'if' condition                                                        curly
2026-10-10T01:42:04.1527145Z ##[warning]   686:31  warning  Expected { after 'if' condition                                                        curly
2026-10-10T01:42:04.1528076Z ##[warning]   963:39  warning  Expected { after 'if' condition                                                        curly
2026-10-10T01:42:04.1529087Z ##[warning]   964:41  warning  Expected { after 'if' condition                                                        curly
2026-10-10T01:42:04.1530041Z ##[warning]   965:41  warning  Expected { after 'if' condition                                                        curly
2026-10-10T01:42:04.1530985Z ##[warning]   980:30  warning  Expected { after 'if' condition                                                        curly
2026-10-10T01:42:04.1531918Z ##[warning]   992:30  warning  Expected { after 'if' condition                                                        curly
2026-10-10T01:42:04.1532885Z ##[warning]  1003:69  warning  Expected { after 'if' condition                                                        curly
2026-10-10T01:42:04.1533980Z ##[warning]  1307:49  warning  Expected { after 'if' condition                                                        curly
2026-10-10T01:42:04.1534939Z ##[warning]  1392:23  warning  Expected { after 'if' condition                                                        curly
2026-10-10T01:42:04.1535430Z 
2026-10-10T01:42:04.1535820Z /home/runner/work/chainlesschain/chainlesschain/desktop-app-vue/src/main/workflow/workflow-snapshot.js
2026-10-10T01:42:04.1536563Z ##[warning]  18:7  warning  'crypto' is assigned a value but never used. Allowed unused vars must match /^_/u  @typescript-eslint/no-unused-vars
2026-10-10T01:42:04.1536970Z 
2026-10-10T01:42:04.1537348Z /home/runner/work/chainlesschain/chainlesschain/desktop-app-vue/src/main/workflow/workflow-stage.js
2026-10-10T01:42:04.1538037Z ##[warning]   16:9   warning  'logger' is assigned a value but never used. Allowed unused vars must match /^_/u  @typescript-eslint/no-unused-vars
2026-10-10T01:42:04.1539074Z ##[warning]  348:38  warning  'input' is defined but never used. Allowed unused args must match /^_/u            @typescript-eslint/no-unused-vars
2026-10-10T01:42:04.1540233Z ##[warning]  348:45  warning  'context' is defined but never used. Allowed unused args must match /^_/u          @typescript-eslint/no-unused-vars
2026-10-10T01:42:04.1540618Z 
2026-10-10T01:42:04.1541003Z /home/runner/work/chainlesschain/chainlesschain/desktop-app-vue/src/preload/legacy-ipc-policy.js
2026-10-10T01:42:04.1541482Z ##[warning]  13:43  warning  Expected { after 'if' condition  curly
2026-10-10T01:42:04.1541893Z 
2026-10-10T01:42:04.1542234Z /home/runner/work/chainlesschain/chainlesschain/desktop-app-vue/src/renderer/App.vue
2026-10-10T01:42:04.1543015Z ##[warning]  140:40  warning  'notifyError' is assigned a value but never used. Allowed unused vars must match /^_/u  @typescript-eslint/no-unused-vars
2026-10-10T01:42:04.1543407Z 
2026-10-10T01:42:04.1543960Z /home/runner/work/chainlesschain/chainlesschain/desktop-app-vue/src/renderer/components/DIDInvitationNotifier.vue
2026-10-10T01:42:04.1544896Z ##[warning]  350:7  warning  'loadHistoryInvitations' is assigned a value but never used. Allowed unused vars must match /^_/u  @typescript-eslint/no-unused-vars
2026-10-10T01:42:04.1545446Z 
2026-10-10T01:42:04.1545906Z /home/runner/work/chainlesschain/chainlesschain/desktop-app-vue/src/renderer/components/DatabaseEncryptionStatus.vue
2026-10-10T01:42:04.1546605Z ##[warning]  45:7  warning  'props' is assigned a value but never used. Allowed unused vars must match /^_/u  @typescript-eslint/no-unused-vars
2026-10-10T01:42:04.1546999Z 
2026-10-10T01:42:04.1547427Z /home/runner/work/chainlesschain/chainlesschain/desktop-app-vue/src/renderer/components/EnhancedCodeBlock.vue
2026-10-10T01:42:04.1548149Z ##[warning]  218:7  warning  'command' is assigned a value but never used. Allowed unused vars must match /^_/u  @typescript-eslint/no-unused-vars
2026-10-10T01:42:04.1548542Z 
2026-10-10T01:42:04.1548944Z /home/runner/work/chainlesschain/chainlesschain/desktop-app-vue/src/renderer/components/GitStatus.vue
2026-10-10T01:42:04.1549592Z ##[warning]  256:7  warning  'emit' is assigned a value but never used. Allowed unused vars must match /^_/u  @typescript-eslint/no-unused-vars
2026-10-10T01:42:04.1565365Z 
2026-10-10T01:42:04.1565764Z /home/runner/work/chainlesschain/chainlesschain/desktop-app-vue/src/renderer/components/ImageUpload.vue
2026-10-10T01:42:04.1566436Z ##[warning]  673:34  warning  'data' is defined but never used. Allowed unused args must match /^_/u      @typescript-eslint/no-unused-vars
2026-10-10T01:42:04.1567346Z ##[warning]  866:25  warning  'filePath' is defined but never used. Allowed unused args must match /^_/u  @typescript-eslint/no-unused-vars
2026-10-10T01:42:04.1567665Z 
2026-10-10T01:42:04.1567996Z /home/runner/work/chainlesschain/chainlesschain/desktop-app-vue/src/renderer/components/LLMSettings.vue
2026-10-10T01:42:04.1568692Z ##[warning]  750:7  warning  'handleModelsDropdown' is assigned a value but never used. Allowed unused vars must match /^_/u  @typescript-eslint/no-unused-vars
2026-10-10T01:42:04.1569788Z ##[warning]  777:7  warning  'formatSize' is assigned a value but never used. Allowed unused vars must match /^_/u            @typescript-eslint/no-unused-vars
2026-10-10T01:42:04.1570099Z 
2026-10-10T01:42:04.1570418Z /home/runner/work/chainlesschain/chainlesschain/desktop-app-vue/src/renderer/components/LLMStatus.vue
2026-10-10T01:42:04.1570976Z ##[warning]  169:7  warning  'emit' is assigned a value but never used. Allowed unused vars must match /^_/u  @typescript-eslint/no-unused-vars
2026-10-10T01:42:04.1571283Z 
2026-10-10T01:42:04.1571601Z /home/runner/work/chainlesschain/chainlesschain/desktop-app-vue/src/renderer/components/MCPSettings.vue
2026-10-10T01:42:04.1572211Z ##[warning]  783:3  warning  'normalizeToolSchema' is defined but never used. Allowed unused vars must match /^_/u  @typescript-eslint/no-unused-vars
2026-10-10T01:42:04.1572521Z 
2026-10-10T01:42:04.1572835Z /home/runner/work/chainlesschain/chainlesschain/desktop-app-vue/src/renderer/components/MainLayout.vue
2026-10-10T01:42:04.1573477Z ##[warning]  927:3   warning  'PlusCircleOutlined' is defined but never used. Allowed unused vars must match /^_/u          @typescript-eslint/no-unused-vars
2026-10-10T01:42:04.1574376Z ##[warning]  944:3   warning  'GlobalOutlined' is defined but never used. Allowed unused vars must match /^_/u              @typescript-eslint/no-unused-vars
2026-10-10T01:42:04.1575393Z ##[warning]  983:46  warning  'pluginMenuLoading' is assigned a value but never used. Allowed unused vars must match /^_/u  @typescript-eslint/no-unused-vars
2026-10-10T01:42:04.1575702Z 
2026-10-10T01:42:04.1576038Z /home/runner/work/chainlesschain/chainlesschain/desktop-app-vue/src/renderer/components/MarkdownEditor.vue
2026-10-10T01:42:04.1576715Z ##[warning]  290:31  warning  'selStart' is defined but never used. Allowed unused args must match /^_/u       @typescript-eslint/no-unused-vars
2026-10-10T01:42:04.1577567Z ##[warning]  290:41  warning  'selEnd' is defined but never used. Allowed unused args must match /^_/u         @typescript-eslint/no-unused-vars
2026-10-10T01:42:04.1578426Z ##[warning]  298:10  warning  'handleKeyDown' is defined but never used. Allowed unused vars must match /^_/u  @typescript-eslint/no-unused-vars
2026-10-10T01:42:04.1578734Z 
2026-10-10T01:42:04.1579092Z /home/runner/work/chainlesschain/chainlesschain/desktop-app-vue/src/renderer/components/PathMigrationWizard.vue
2026-10-10T01:42:04.1579648Z ##[warning]  187:7  warning  'props' is assigned a value but never used. Allowed unused vars must match /^_/u  @typescript-eslint/no-unused-vars
2026-10-10T01:42:04.1579955Z 
2026-10-10T01:42:04.1580292Z /home/runner/work/chainlesschain/chainlesschain/desktop-app-vue/src/renderer/components/PromptTemplates.vue
2026-10-10T01:42:04.1580922Z ##[warning]  583:7  warning  'showImportModal' is assigned a value but never used. Allowed unused vars must match /^_/u  @typescript-eslint/no-unused-vars
2026-10-10T01:42:04.1581233Z 
2026-10-10T01:42:04.1581590Z /home/runner/work/chainlesschain/chainlesschain/desktop-app-vue/src/renderer/components/SuggestedPromptsPanel.vue
2026-10-10T01:42:04.1582138Z ##[warning]  142:7  warning  'props' is assigned a value but never used. Allowed unused vars must match /^_/u  @typescript-eslint/no-unused-vars
2026-10-10T01:42:04.1582447Z 
2026-10-10T01:42:04.1582799Z /home/runner/work/chainlesschain/chainlesschain/desktop-app-vue/src/renderer/components/TokenDashboardWidget.vue
2026-10-10T01:42:04.1583380Z ##[warning]  216:7  warning  'cacheStats' is assigned a value but never used. Allowed unused vars must match /^_/u  @typescript-eslint/no-unused-vars
2026-10-10T01:42:04.1583684Z 
2026-10-10T01:42:04.1584068Z /home/runner/work/chainlesschain/chainlesschain/desktop-app-vue/src/renderer/components/autonomous/GoalSubmissionForm.vue
2026-10-10T01:42:04.1584703Z ##[warning]  143:7  warning  'props' is assigned a value but never used. Allowed unused vars must match /^_/u  @typescript-eslint/no-unused-vars
2026-10-10T01:42:04.1585245Z 
2026-10-10T01:42:04.1585620Z /home/runner/work/chainlesschain/chainlesschain/desktop-app-vue/src/renderer/components/blockchain/WalletSelector.vue
2026-10-10T01:42:04.1586299Z ##[warning]  286:7  warning  'currentWallet' is assigned a value but never used. Allowed unused vars must match /^_/u  @typescript-eslint/no-unused-vars
2026-10-10T01:42:04.1586608Z 
2026-10-10T01:42:04.1586970Z /home/runner/work/chainlesschain/chainlesschain/desktop-app-vue/src/renderer/components/browser/RecordingPanel.vue
2026-10-10T01:42:04.1587583Z ##[warning]  763:30  warning  'recording' is defined but never used. Allowed unused args must match /^_/u  @typescript-eslint/no-unused-vars
2026-10-10T01:42:04.1587890Z 
2026-10-10T01:42:04.1588295Z /home/runner/work/chainlesschain/chainlesschain/desktop-app-vue/src/renderer/components/browser/recording/PlaybackControls.vue
2026-10-10T01:42:04.1588907Z ##[warning]  249:7  warning  'resume' is assigned a value but never used. Allowed unused vars must match /^_/u  @typescript-eslint/no-unused-vars
2026-10-10T01:42:04.1589219Z 
2026-10-10T01:42:04.1589598Z /home/runner/work/chainlesschain/chainlesschain/desktop-app-vue/src/renderer/components/browser/workflow/StepPalette.vue
2026-10-10T01:42:04.1590227Z ##[warning]  59:3  warning  'SearchOutlined' is defined but never used. Allowed unused vars must match /^_/u  @typescript-eslint/no-unused-vars
2026-10-10T01:42:04.1591076Z ##[warning]  76:7  warning  'emit' is assigned a value but never used. Allowed unused vars must match /^_/u   @typescript-eslint/no-unused-vars
2026-10-10T01:42:04.1591385Z 
2026-10-10T01:42:04.1591791Z /home/runner/work/chainlesschain/chainlesschain/desktop-app-vue/src/renderer/components/collaboration/CollaborativeEditor.vue
2026-10-10T01:42:04.1592421Z ##[warning]  229:7   warning  'ytext' is assigned a value but never used. Allowed unused vars must match /^_/u      @typescript-eslint/no-unused-vars
2026-10-10T01:42:04.1593413Z ##[warning]  230:7   warning  'awareness' is assigned a value but never used. Allowed unused vars must match /^_/u  @typescript-eslint/no-unused-vars
2026-10-10T01:42:04.1594276Z ##[warning]  630:16  warning  'submitReply' is defined but never used. Allowed unused vars must match /^_/u         @typescript-eslint/no-unused-vars
2026-10-10T01:42:04.1594578Z 
2026-10-10T01:42:04.1594962Z /home/runner/work/chainlesschain/chainlesschain/desktop-app-vue/src/renderer/components/common/EnhancedVirtualScroll.vue
2026-10-10T01:42:04.1595710Z ##[warning]  273:23  warning  'item' is defined but never used. Allowed unused args must match /^_/u  @typescript-eslint/no-unused-vars
2026-10-10T01:42:04.1596012Z 
2026-10-10T01:42:04.1596360Z /home/runner/work/chainlesschain/chainlesschain/desktop-app-vue/src/renderer/components/common/GlobalSearch.vue
2026-10-10T01:42:04.1596951Z ##[warning]  201:3  warning  'ProjectOutlined' is defined but never used. Allowed unused vars must match /^_/u  @typescript-eslint/no-unused-vars
2026-10-10T01:42:04.1597256Z 
2026-10-10T01:42:04.1597638Z /home/runner/work/chainlesschain/chainlesschain/desktop-app-vue/src/renderer/components/common/GoalNotificationList.vue
2026-10-10T01:42:04.1598278Z ##[warning]  10:10  warning  Expected 1 line break after opening tag (`<a-button>`), but no line breaks found    vue/multiline-html-element-content-newline
2026-10-10T01:42:04.1599202Z ##[warning]  10:12  warning  Expected 1 line break before closing tag (`</a-button>`), but no line breaks found  vue/multiline-html-element-content-newline
2026-10-10T01:42:04.1600113Z ##[warning]  22:10  warning  Expected 1 line break after opening tag (`<a-button>`), but no line breaks found    vue/multiline-html-element-content-newline
2026-10-10T01:42:04.1600987Z ##[warning]  22:54  warning  Expected 1 line break before closing tag (`</a-button>`), but no line breaks found  vue/multiline-html-element-content-newline
2026-10-10T01:42:04.1601857Z ##[warning]  30:10  warning  Expected 1 line break after opening tag (`<a-button>`), but no line breaks found    vue/multiline-html-element-content-newline
2026-10-10T01:42:04.1602867Z ##[warning]  30:14  warning  Expected 1 line break before closing tag (`</a-button>`), but no line breaks found  vue/multiline-html-element-content-newline
2026-10-10T01:42:04.1603602Z ##[warning]  58:5   warning  Expected { after 'if' condition                                                     curly
2026-10-10T01:42:04.1603904Z 
2026-10-10T01:42:04.1604264Z /home/runner/work/chainlesschain/chainlesschain/desktop-app-vue/src/renderer/components/common/HistoryPanel.vue
2026-10-10T01:42:04.1604846Z ##[warning]  150:7  warning  'visible' is assigned a value but never used. Allowed unused vars must match /^_/u  @typescript-eslint/no-unused-vars
2026-10-10T01:42:04.1605246Z 
2026-10-10T01:42:04.1605614Z /home/runner/work/chainlesschain/chainlesschain/desktop-app-vue/src/renderer/components/common/RecentActivities.vue
2026-10-10T01:42:04.1606302Z ##[warning]  378:7  warning  'handleClearRecentFiles' is assigned a value but never used. Allowed unused vars must match /^_/u  @typescript-eslint/no-unused-vars
2026-10-10T01:42:04.1606616Z 
2026-10-10T01:42:04.1606973Z /home/runner/work/chainlesschain/chainlesschain/desktop-app-vue/src/renderer/components/common/ThemeSettings.vue
2026-10-10T01:42:04.1607609Z ##[warning]  251:3  warning  'updateCustomTheme' is assigned a value but never used. Allowed unused vars must match /^_/u  @typescript-eslint/no-unused-vars
2026-10-10T01:42:04.1607918Z 
2026-10-10T01:42:04.1608260Z /home/runner/work/chainlesschain/chainlesschain/desktop-app-vue/src/renderer/components/common/VirtualList.vue
2026-10-10T01:42:04.1608783Z ##[warning]  159:23  warning  'event' is defined but never used. Allowed unused args must match /^_/u  @typescript-eslint/no-unused-vars
2026-10-10T01:42:04.1609091Z 
2026-10-10T01:42:04.1609427Z /home/runner/work/chainlesschain/chainlesschain/desktop-app-vue/src/renderer/components/cowork/SkillCard.vue
2026-10-10T01:42:04.1610143Z ##[warning]  95:7  warning  'props' is assigned a value but never used. Allowed unused vars must match /^_/u  @typescript-eslint/no-unused-vars
2026-10-10T01:42:04.1610447Z 
2026-10-10T01:42:04.1610808Z /home/runner/work/chainlesschain/chainlesschain/desktop-app-vue/src/renderer/components/cowork/SkillDetailPanel.vue
2026-10-10T01:42:04.1611368Z ##[warning]  134:7  warning  'props' is assigned a value but never used. Allowed unused vars must match /^_/u  @typescript-eslint/no-unused-vars
2026-10-10T01:42:04.1612211Z ##[warning]  142:7  warning  'emit' is assigned a value but never used. Allowed unused vars must match /^_/u   @typescript-eslint/no-unused-vars
2026-10-10T01:42:04.1612515Z 
2026-10-10T01:42:04.1612851Z /home/runner/work/chainlesschain/chainlesschain/desktop-app-vue/src/renderer/components/cowork/TeamCard.vue
2026-10-10T01:42:04.1613394Z ##[warning]  127:7  warning  'props' is assigned a value but never used. Allowed unused vars must match /^_/u  @typescript-eslint/no-unused-vars
2026-10-10T01:42:04.1613693Z 
2026-10-10T01:42:04.1614043Z /home/runner/work/chainlesschain/chainlesschain/desktop-app-vue/src/renderer/components/editors/ExcelEditor.vue
2026-10-10T01:42:04.1614620Z ##[warning]  779:29  warning  'data' is defined but never used. Allowed unused args must match /^_/u  @typescript-eslint/no-unused-vars
2026-10-10T01:42:04.1614923Z 
2026-10-10T01:42:04.1615357Z /home/runner/work/chainlesschain/chainlesschain/desktop-app-vue/src/renderer/components/editors/RichTextEditor.vue
2026-10-10T01:42:04.1615975Z ##[warning]  224:15  warning  'urlParams' is assigned a value but never used. Allowed unused vars must match /^_/u  @typescript-eslint/no-unused-vars
2026-10-10T01:42:04.1616850Z ##[warning]  441:11  warning  'text' is assigned a value but never used. Allowed unused vars must match /^_/u       @typescript-eslint/no-unused-vars
2026-10-10T01:42:04.1617165Z 
2026-10-10T01:42:04.1617554Z /home/runner/work/chainlesschain/chainlesschain/desktop-app-vue/src/renderer/components/graph/GraphCanvasOptimized.vue
2026-10-10T01:42:04.1618254Z ##[warning]  447:33  warning  'enabled' is defined but never used. Allowed unused args must match /^_/u  @typescript-eslint/no-unused-vars
2026-10-10T01:42:04.1618561Z 
2026-10-10T01:42:04.1618938Z /home/runner/work/chainlesschain/chainlesschain/desktop-app-vue/src/renderer/components/layout/MobileBridgeStatus.vue
2026-10-10T01:42:04.1619577Z ##[warning]  28:7  warning  'onlineCount' is assigned a value but never used. Allowed unused vars must match /^_/u  @typescript-eslint/no-unused-vars
2026-10-10T01:42:04.1619879Z 
2026-10-10T01:42:04.1620275Z /home/runner/work/chainlesschain/chainlesschain/desktop-app-vue/src/renderer/components/llm-performance/LLMControlPanel.vue
2026-10-10T01:42:04.1620889Z ##[warning]  160:7  warning  'props' is assigned a value but never used. Allowed unused vars must match /^_/u  @typescript-eslint/no-unused-vars
2026-10-10T01:42:04.1621197Z 
2026-10-10T01:42:04.1621612Z /home/runner/work/chainlesschain/chainlesschain/desktop-app-vue/src/renderer/components/llm-performance/LLMModelBudgetPanel.vue
2026-10-10T01:42:04.1622157Z ##[warning]  337:7  warning  'props' is assigned a value but never used. Allowed unused vars must match /^_/u  @typescript-eslint/no-unused-vars
2026-10-10T01:42:04.1622461Z 
2026-10-10T01:42:04.1622825Z /home/runner/work/chainlesschain/chainlesschain/desktop-app-vue/src/renderer/components/memory/MemoryStatsPanel.vue
2026-10-10T01:42:04.1623419Z ##[warning]  189:7  warning  'props' is assigned a value but never used. Allowed unused vars must match /^_/u  @typescript-eslint/no-unused-vars
2026-10-10T01:42:04.1623731Z 
2026-10-10T01:42:04.1624131Z /home/runner/work/chainlesschain/chainlesschain/desktop-app-vue/src/renderer/components/messages/InterviewQuestionMessage.vue
2026-10-10T01:42:04.1624700Z ##[warning]  231:63  warning  'index' is defined but never used. Allowed unused args must match /^_/u  @typescript-eslint/no-unused-vars
2026-10-10T01:42:04.1625005Z 
2026-10-10T01:42:04.1625578Z /home/runner/work/chainlesschain/chainlesschain/desktop-app-vue/src/renderer/components/planning/PlanPreview.vue
2026-10-10T01:42:04.1626180Z ##[warning]  228:7  warning  'props' is assigned a value but never used. Allowed unused vars must match /^_/u  @typescript-eslint/no-unused-vars
2026-10-10T01:42:04.1626492Z 
2026-10-10T01:42:04.1626895Z /home/runner/work/chainlesschain/chainlesschain/desktop-app-vue/src/renderer/components/projects/ChatPanel.vue
2026-10-10T01:42:04.1627667Z ##[warning]   224:3   warning  'createIntentConfirmationMessage' is defined but never used. Allowed unused vars must match /^_/u  @typescript-eslint/no-unused-vars
2026-10-10T01:42:04.1628600Z ##[warning]   225:3   warning  'createUserMessage' is defined but never used. Allowed unused vars must match /^_/u                @typescript-eslint/no-unused-vars
2026-10-10T01:42:04.1629551Z ##[warning]   234:3   warning  'handleClassificationError' is defined but never used. Allowed unused vars must match /^_/u        @typescript-eslint/no-unused-vars
2026-10-10T01:42:04.1630491Z ##[warning]   291:7   warning  'creationProgress' is assigned a value but never used. Allowed unused vars must match /^_/u        @typescript-eslint/no-unused-vars
2026-10-10T01:42:04.1631436Z ##[warning]   329:47  warning  'clearSafeTimeout' is assigned a value but never used. Allowed unused vars must match /^_/u        @typescript-eslint/no-unused-vars
2026-10-10T01:42:04.1632334Z ##[warning]   344:7   warning  'openFile' is assigned a value but never used. Allowed unused vars must match /^_/u                @typescript-eslint/no-unused-vars
2026-10-10T01:42:04.1633267Z ##[warning]   370:7   warning  'handleFileClick' is assigned a value but never used. Allowed unused vars must match /^_/u         @typescript-eslint/no-unused-vars
2026-10-10T01:42:04.1634174Z ##[warning]   446:27  warning  'confidence' is assigned a value but never used. Allowed unused vars must match /^_/u              @typescript-eslint/no-unused-vars
2026-10-10T01:42:04.1635136Z ##[warning]   732:61  warning  'index' is defined but never used. Allowed unused args must match /^_/u                            @typescript-eslint/no-unused-vars
2026-10-10T01:42:04.1636110Z ##[warning]   835:51  warning  'index' is defined but never used. Allowed unused args must match /^_/u                            @typescript-eslint/no-unused-vars
2026-10-10T01:42:04.1636992Z ##[warning]  1051:27  warning  'message' is defined but never used. Allowed unused args must match /^_/u                          @typescript-eslint/no-unused-vars
2026-10-10T01:42:04.1637880Z ##[warning]  1121:18  warning  'e' is defined but never used. Allowed unused caught errors must match /^_/u                       @typescript-eslint/no-unused-vars
2026-10-10T01:42:04.1638181Z 
2026-10-10T01:42:04.1638550Z /home/runner/work/chainlesschain/chainlesschain/desktop-app-vue/src/renderer/components/projects/CodeValidation.vue
2026-10-10T01:42:04.1639118Z ##[warning]  212:7  warning  'props' is assigned a value but never used. Allowed unused vars must match /^_/u  @typescript-eslint/no-unused-vars
2026-10-10T01:42:04.1639431Z 
2026-10-10T01:42:04.1639807Z /home/runner/work/chainlesschain/chainlesschain/desktop-app-vue/src/renderer/components/projects/EnhancedFileTree.vue
2026-10-10T01:42:04.1640442Z ##[warning]  368:7  warning  'validFileCount' is assigned a value but never used. Allowed unused vars must match /^_/u    @typescript-eslint/no-unused-vars
2026-10-10T01:42:04.1641350Z ##[warning]  369:7  warning  'skippedFileCount' is assigned a value but never used. Allowed unused vars must match /^_/u  @typescript-eslint/no-unused-vars
2026-10-10T01:42:04.1641644Z 
2026-10-10T01:42:04.1642000Z /home/runner/work/chainlesschain/chainlesschain/desktop-app-vue/src/renderer/components/projects/ErrorFallback.vue
2026-10-10T01:42:04.1642546Z ##[warning]  296:7  warning  'props' is assigned a value but never used. Allowed unused vars must match /^_/u  @typescript-eslint/no-unused-vars
2026-10-10T01:42:04.1642848Z 
2026-10-10T01:42:04.1643299Z /home/runner/work/chainlesschain/chainlesschain/desktop-app-vue/src/renderer/components/projects/ExcelEditor.vue
2026-10-10T01:42:04.1643834Z ##[warning]  441:27  warning  'instance' is defined but never used. Allowed unused args must match /^_/u  @typescript-eslint/no-unused-vars
2026-10-10T01:42:04.1644647Z ##[warning]  441:37  warning  'cell' is defined but never used. Allowed unused args must match /^_/u      @typescript-eslint/no-unused-vars
2026-10-10T01:42:04.1645516Z ##[warning]  441:43  warning  'x' is defined but never used. Allowed unused args must match /^_/u         @typescript-eslint/no-unused-vars
2026-10-10T01:42:04.1646312Z ##[warning]  441:46  warning  'y' is defined but never used. Allowed unused args must match /^_/u         @typescript-eslint/no-unused-vars
2026-10-10T01:42:04.1647114Z ##[warning]  441:49  warning  'value' is defined but never used. Allowed unused args must match /^_/u     @typescript-eslint/no-unused-vars
2026-10-10T01:42:04.1647904Z ##[warning]  447:48  warning  'x2' is defined but never used. Allowed unused args must match /^_/u        @typescript-eslint/no-unused-vars
2026-10-10T01:42:04.1648700Z ##[warning]  447:52  warning  'y2' is defined but never used. Allowed unused args must match /^_/u        @typescript-eslint/no-unused-vars
2026-10-10T01:42:04.1649003Z 
2026-10-10T01:42:04.1649373Z /home/runner/work/chainlesschain/chainlesschain/desktop-app-vue/src/renderer/components/projects/FileManageModal.vue
2026-10-10T01:42:04.1649887Z ##[warning]  346:25  warning  'file' is defined but never used. Allowed unused args must match /^_/u  @typescript-eslint/no-unused-vars
2026-10-10T01:42:04.1650189Z 
2026-10-10T01:42:04.1650641Z /home/runner/work/chainlesschain/chainlesschain/desktop-app-vue/src/renderer/components/projects/OrganizationProjectGoalAcceptancePanel.vue
2026-10-10T01:42:04.1650930Z ##[warning]  290:5   warning  Expected { after 'if' condition  curly
2026-10-10T01:42:04.1651486Z ##[warning]  300:5   warning  Expected { after 'if' condition  curly
2026-10-10T01:42:04.1652033Z ##[warning]  334:5   warning  Expected { after 'if' condition  curly
2026-10-10T01:42:04.1652700Z ##[warning]  341:25  warning  Expected { after 'if' condition  curly
2026-10-10T01:42:04.1653275Z ##[warning]  343:25  warning  Expected { after 'if' condition  curly
2026-10-10T01:42:04.1653839Z ##[warning]  354:24  warning  Expected { after 'if' condition  curly
2026-10-10T01:42:04.1654390Z ##[warning]  357:5   warning  Expected { after 'if' condition  curly
2026-10-10T01:42:04.1654941Z ##[warning]  358:35  warning  Expected { after 'for-of'        curly
2026-10-10T01:42:04.1655559Z ##[warning]  360:5   warning  Expected { after 'for-of'        curly
2026-10-10T01:42:04.1656109Z ##[warning]  365:7   warning  Expected { after 'if' condition  curly
2026-10-10T01:42:04.1656657Z ##[warning]  410:26  warning  Expected { after 'if' condition  curly
2026-10-10T01:42:04.1657212Z ##[warning]  422:9   warning  Expected { after 'if' condition  curly
2026-10-10T01:42:04.1657758Z ##[warning]  427:11  warning  Expected { after 'if' condition  curly
2026-10-10T01:42:04.1658306Z ##[warning]  439:11  warning  Expected { after 'if' condition  curly
2026-10-10T01:42:04.1658857Z ##[warning]  449:26  warning  Expected { after 'if' condition  curly
2026-10-10T01:42:04.1659400Z ##[warning]  450:26  warning  Expected { after 'if' condition  curly
2026-10-10T01:42:04.1659949Z ##[warning]  460:5   warning  Expected { after 'if' condition  curly
2026-10-10T01:42:04.1660492Z ##[warning]  501:5   warning  Expected { after 'if' condition  curly
2026-10-10T01:42:04.1661041Z ##[warning]  517:62  warning  Expected { after 'if' condition  curly
2026-10-10T01:42:04.1661592Z ##[warning]  532:41  warning  Expected { after 'if' condition  curly
2026-10-10T01:42:04.1662139Z ##[warning]  538:64  warning  Expected { after 'if' condition  curly
2026-10-10T01:42:04.1662689Z ##[warning]  544:23  warning  Expected { after 'if' condition  curly
2026-10-10T01:42:04.1663240Z ##[warning]  567:27  warning  Expected { after 'if' condition  curly
2026-10-10T01:42:04.1663796Z ##[warning]  585:40  warning  Expected { after 'if' condition  curly
2026-10-10T01:42:04.1664203Z 
2026-10-10T01:42:04.1664663Z /home/runner/work/chainlesschain/chainlesschain/desktop-app-vue/src/renderer/components/projects/OrganizationProjectGoalActionsPanel.vue
2026-10-10T01:42:04.1664941Z ##[warning]  284:14  warning  Expected { after 'if' condition  curly
2026-10-10T01:42:04.1665606Z ##[warning]  285:8   warning  Expected { after 'else'          curly
2026-10-10T01:42:04.1666158Z ##[warning]  304:5   warning  Expected { after 'if' condition  curly
2026-10-10T01:42:04.1666706Z ##[warning]  310:5   warning  Expected { after 'if' condition  curly
2026-10-10T01:42:04.1667249Z ##[warning]  341:5   warning  Expected { after 'if' condition  curly
2026-10-10T01:42:04.1667798Z ##[warning]  348:25  warning  Expected { after 'if' condition  curly
2026-10-10T01:42:04.1668348Z ##[warning]  350:25  warning  Expected { after 'if' condition  curly
2026-10-10T01:42:04.1668890Z ##[warning]  359:24  warning  Expected { after 'if' condition  curly
2026-10-10T01:42:04.1669440Z ##[warning]  369:7   warning  Expected { after 'if' condition  curly
2026-10-10T01:42:04.1669993Z ##[warning]  371:7   warning  Expected { after 'if' condition  curly
2026-10-10T01:42:04.1670535Z ##[warning]  377:7   warning  Expected { after 'if' condition  curly
2026-10-10T01:42:04.1671083Z ##[warning]  405:26  warning  Expected { after 'if' condition  curly
2026-10-10T01:42:04.1671630Z ##[warning]  415:15  warning  Expected { after 'if' condition  curly
2026-10-10T01:42:04.1672181Z ##[warning]  416:26  warning  Expected { after 'if' condition  curly
2026-10-10T01:42:04.1672727Z ##[warning]  418:26  warning  Expected { after 'if' condition  curly
2026-10-10T01:42:04.1673275Z ##[warning]  419:26  warning  Expected { after 'if' condition  curly
2026-10-10T01:42:04.1673821Z ##[warning]  424:67  warning  Expected { after 'if' condition  curly
2026-10-10T01:42:04.1674366Z ##[warning]  452:5   warning  Expected { after 'if' condition  curly
2026-10-10T01:42:04.1674910Z ##[warning]  469:15  warning  Expected { after 'if' condition  curly
2026-10-10T01:42:04.1675729Z ##[warning]  493:27  warning  Expected { after 'if' condition  curly
2026-10-10T01:42:04.1676273Z ##[warning]  512:40  warning  Expected { after 'if' condition  curly
2026-10-10T01:42:04.1676569Z 
2026-10-10T01:42:04.1677023Z /home/runner/work/chainlesschain/chainlesschain/desktop-app-vue/src/renderer/components/projects/OrganizationProjectGoalMemoryPanel.vue
2026-10-10T01:42:04.1677679Z ##[warning]  306:3   warning  'refreshAfterWrite' is assigned a value but never used. Allowed unused vars must match /^_/u  @typescript-eslint/no-unused-vars
2026-10-10T01:42:04.1678448Z ##[warning]  320:20  warning  Expected { after 'if' condition                                                               curly
2026-10-10T01:42:04.1679185Z ##[warning]  321:22  warning  Expected { after 'if' condition                                                               curly
2026-10-10T01:42:04.1679917Z ##[warning]  340:22  warning  Expected { after 'if' condition                                                               curly
2026-10-10T01:42:04.1680648Z ##[warning]  349:5   warning  Expected { after 'if' condition                                                               curly
2026-10-10T01:42:04.1681374Z ##[warning]  359:5   warning  Expected { after 'if' condition                                                               curly
2026-10-10T01:42:04.1682118Z ##[warning]  386:26  warning  Expected { after 'if' condition                                                               curly
2026-10-10T01:42:04.1682862Z ##[warning]  396:18  warning  Expected { after 'if' condition                                                               curly
2026-10-10T01:42:04.1683592Z ##[warning]  397:10  warning  Expected { after 'else'                                                                       curly
2026-10-10T01:42:04.1684320Z ##[warning]  401:74  warning  Expected { after 'if' condition                                                               curly
2026-10-10T01:42:04.1685382Z ##[warning]  419:53  warning  Expected { after 'if' condition                                                               curly
2026-10-10T01:42:04.1686157Z ##[warning]  426:7   warning  Expected { after 'if' condition                                                               curly
2026-10-10T01:42:04.1686868Z ##[warning]  440:7   warning  Expected { after 'for-of'                                                                     curly
2026-10-10T01:42:04.1687594Z ##[warning]  441:9   warning  Expected { after 'if' condition                                                               curly
2026-10-10T01:42:04.1688325Z ##[warning]  454:52  warning  Expected { after 'if' condition                                                               curly
2026-10-10T01:42:04.1689056Z ##[warning]  458:39  warning  Expected { after 'if' condition                                                               curly
2026-10-10T01:42:04.1689788Z ##[warning]  468:53  warning  Expected { after 'if' condition                                                               curly
2026-10-10T01:42:04.1690499Z ##[warning]  471:7   warning  Expected { after 'for-of'                                                                     curly
2026-10-10T01:42:04.1691224Z ##[warning]  472:9   warning  Expected { after 'if' condition                                                               curly
2026-10-10T01:42:04.1691948Z ##[warning]  476:52  warning  Expected { after 'if' condition                                                               curly
2026-10-10T01:42:04.1692680Z ##[warning]  478:52  warning  Expected { after 'if' condition                                                               curly
2026-10-10T01:42:04.1693410Z ##[warning]  482:73  warning  Expected { after 'if' condition                                                               curly
2026-10-10T01:42:04.1694130Z ##[warning]  499:7   warning  Expected { after 'if' condition                                                               curly
2026-10-10T01:42:04.1694975Z ##[warning]  513:5   warning  Expected { after 'if' condition                                                               curly
2026-10-10T01:42:04.1695835Z ##[warning]  515:5   warning  Expected { after 'if' condition                                                               curly
2026-10-10T01:42:04.1696569Z ##[warning]  525:7   warning  Expected { after 'if' condition                                                               curly
2026-10-10T01:42:04.1697300Z ##[warning]  529:52  warning  Expected { after 'if' condition                                                               curly
2026-10-10T01:42:04.1698046Z ##[warning]  532:60  warning  Expected { after 'if' condition                                                               curly
2026-10-10T01:42:04.1698826Z ##[warning]  552:26  warning  Expected { after 'if' condition                                                               curly
2026-10-10T01:42:04.1699564Z ##[warning]  555:26  warning  Expected { after 'if' condition                                                               curly
2026-10-10T01:42:04.1700302Z ##[warning]  561:7   warning  Expected { after 'if' condition                                                               curly
2026-10-10T01:42:04.1701033Z ##[warning]  580:5   warning  Expected { after 'if' condition                                                               curly
2026-10-10T01:42:04.1701764Z ##[warning]  611:22  warning  Expected { after 'if' condition                                                               curly
2026-10-10T01:42:04.1702491Z ##[warning]  628:22  warning  Expected { after 'if' condition                                                               curly
2026-10-10T01:42:04.1703236Z ##[warning]  717:7   warning  Expected { after 'if' condition                                                               curly
2026-10-10T01:42:04.1703985Z ##[warning]  739:52  warning  Expected { after 'if' condition                                                               curly
2026-10-10T01:42:04.1704829Z ##[warning]  744:25  warning  Expected { after 'if' condition                                                               curly
2026-10-10T01:42:04.1705312Z 
2026-10-10T01:42:04.1705744Z /home/runner/work/chainlesschain/chainlesschain/desktop-app-vue/src/renderer/components/projects/OrganizationProjectGoalPanel.vue
2026-10-10T01:42:04.1706036Z ##[warning]  470:5   warning  Expected { after 'if' condition  curly
2026-10-10T01:42:04.1706598Z ##[warning]  504:65  warning  Expected { after 'if' condition  curly
2026-10-10T01:42:04.1707146Z ##[warning]  511:25  warning  Expected { after 'if' condition  curly
2026-10-10T01:42:04.1707703Z ##[warning]  513:25  warning  Expected { after 'if' condition  curly
2026-10-10T01:42:04.1708260Z ##[warning]  522:24  warning  Expected { after 'if' condition  curly
2026-10-10T01:42:04.1708805Z ##[warning]  527:26  warning  Expected { after 'if' condition  curly
2026-10-10T01:42:04.1709350Z ##[warning]  539:7   warning  Expected { after 'if' condition  curly
2026-10-10T01:42:04.1709900Z ##[warning]  553:7   warning  Expected { after 'if' condition  curly
2026-10-10T01:42:04.1710447Z ##[warning]  566:51  warning  Expected { after 'if' condition  curly
2026-10-10T01:42:04.1710993Z ##[warning]  573:5   warning  Expected { after 'if' condition  curly
2026-10-10T01:42:04.1711535Z ##[warning]  586:28  warning  Expected { after 'if' condition  curly
2026-10-10T01:42:04.1712083Z ##[warning]  595:28  warning  Expected { after 'if' condition  curly
2026-10-10T01:42:04.1712635Z ##[warning]  596:28  warning  Expected { after 'if' condition  curly
2026-10-10T01:42:04.1713184Z ##[warning]  597:12  warning  Expected { after 'else'          curly
2026-10-10T01:42:04.1713726Z ##[warning]  604:51  warning  Expected { after 'if' condition  curly
2026-10-10T01:42:04.1714274Z ##[warning]  606:50  warning  Expected { after 'if' condition  curly
2026-10-10T01:42:04.1714817Z ##[warning]  619:28  warning  Expected { after 'if' condition  curly
2026-10-10T01:42:04.1715568Z ##[warning]  620:42  warning  Expected { after 'if' condition  curly
2026-10-10T01:42:04.1716109Z ##[warning]  623:28  warning  Expected { after 'if' condition  curly
2026-10-10T01:42:04.1716651Z ##[warning]  624:28  warning  Expected { after 'if' condition  curly
2026-10-10T01:42:04.1717197Z ##[warning]  625:12  warning  Expected { after 'else'          curly
2026-10-10T01:42:04.1717748Z ##[warning]  632:24  warning  Expected { after 'if' condition  curly
2026-10-10T01:42:04.1718295Z ##[warning]  645:28  warning  Expected { after 'if' condition  curly
2026-10-10T01:42:04.1718845Z ##[warning]  649:29  warning  Expected { after 'if' condition  curly
2026-10-10T01:42:04.1719388Z ##[warning]  652:11  warning  Expected { after 'if' condition  curly
2026-10-10T01:42:04.1719933Z ##[warning]  656:28  warning  Expected { after 'if' condition  curly
2026-10-10T01:42:04.1720477Z ##[warning]  657:28  warning  Expected { after 'if' condition  curly
2026-10-10T01:42:04.1721026Z ##[warning]  666:52  warning  Expected { after 'if' condition  curly
2026-10-10T01:42:04.1721575Z ##[warning]  674:5   warning  Expected { after 'if' condition  curly
2026-10-10T01:42:04.1722117Z ##[warning]  701:28  warning  Expected { after 'if' condition  curly
2026-10-10T01:42:04.1722660Z ##[warning]  705:28  warning  Expected { after 'if' condition  curly
2026-10-10T01:42:04.1723203Z ##[warning]  706:28  warning  Expected { after 'if' condition  curly
2026-10-10T01:42:04.1723747Z ##[warning]  718:24  warning  Expected { after 'if' condition  curly
2026-10-10T01:42:04.1724306Z ##[warning]  720:5   warning  Expected { after 'for-of'        curly
2026-10-10T01:42:04.1724856Z ##[warning]  730:7   warning  Expected { after 'if' condition  curly
2026-10-10T01:42:04.1725493Z ##[warning]  748:5   warning  Expected { after 'if' condition  curly
2026-10-10T01:42:04.1726048Z ##[warning]  778:40  warning  Expected { after 'if' condition  curly
2026-10-10T01:42:04.1726606Z ##[warning]  793:28  warning  Expected { after 'if' condition  curly
2026-10-10T01:42:04.1727032Z 
2026-10-10T01:42:04.1727632Z /home/runner/work/chainlesschain/chainlesschain/desktop-app-vue/src/renderer/components/projects/OrganizationProjectRiskPanel.vue
2026-10-10T01:42:04.1728053Z ##[warning]  223:5   warning  Expected { after 'if' condition  curly
2026-10-10T01:42:04.1734132Z ##[warning]  232:5   warning  Expected { after 'if' condition  curly
2026-10-10T01:42:04.1735199Z ##[warning]  259:65  warning  Expected { after 'if' condition  curly
2026-10-10T01:42:04.1736166Z ##[warning]  266:25  warning  Expected { after 'if' condition  curly
2026-10-10T01:42:04.1737094Z ##[warning]  268:25  warning  Expected { after 'if' condition  curly
2026-10-10T01:42:04.1737957Z ##[warning]  281:5   warning  Expected { after 'if' condition  curly
2026-10-10T01:42:04.1738782Z ##[warning]  289:53  warning  Expected { after 'if' condition  curly
2026-10-10T01:42:04.1739624Z ##[warning]  294:25  warning  Expected { after 'if' condition  curly
2026-10-10T01:42:04.1740448Z ##[warning]  304:26  warning  Expected { after 'if' condition  curly
2026-10-10T01:42:04.1741464Z ##[warning]  313:21  warning  Expected { after 'if' condition  curly
2026-10-10T01:42:04.1742475Z ##[warning]  318:25  warning  Expected { after 'if' condition  curly
2026-10-10T01:42:04.1743457Z ##[warning]  323:18  warning  Expected { after 'if' condition  curly
2026-10-10T01:42:04.1744393Z ##[warning]  335:68  warning  Expected { after 'if' condition  curly
2026-10-10T01:42:04.1745571Z ##[warning]  369:5   warning  Expected { after 'if' condition  curly
2026-10-10T01:42:04.1746607Z ##[warning]  373:14  warning  Expected { after 'if' condition  curly
2026-10-10T01:42:04.1747596Z ##[warning]  383:28  warning  Expected { after 'if' condition  curly
2026-10-10T01:42:04.1748551Z ##[warning]  390:28  warning  Expected { after 'if' condition  curly
2026-10-10T01:42:04.1749143Z 
2026-10-10T01:42:04.1749937Z /home/runner/work/chainlesschain/chainlesschain/desktop-app-vue/src/renderer/components/projects/OrganizationProjectSetup.vue
2026-10-10T01:42:04.1750894Z ##[warning]   97:9   warning  Attribute "data-testid" should go before "@click"  vue/attributes-order
2026-10-10T01:42:04.1752108Z ##[warning]  155:9   warning  Attribute "data-testid" should go before "@click"  vue/attributes-order
2026-10-10T01:42:04.1753325Z ##[warning]  171:9   warning  Attribute "data-testid" should go before "@click"  vue/attributes-order
2026-10-10T01:42:04.1754680Z ##[warning]  185:11  warning  Attribute "data-testid" should go before "@click"  vue/attributes-order
2026-10-10T01:42:04.1756099Z ##[warning]  220:11  warning  Attribute "data-testid" should go before "@click"  vue/attributes-order
2026-10-10T01:42:04.1757320Z ##[warning]  230:9   warning  Attribute "data-testid" should go before "@click"  vue/attributes-order
2026-10-10T01:42:04.1758429Z ##[warning]  327:21  warning  Expected { after 'if' condition                    curly
2026-10-10T01:42:04.1759521Z ##[warning]  334:26  warning  Expected { after 'if' condition                    curly
2026-10-10T01:42:04.1760538Z ##[warning]  342:26  warning  Expected { after 'if' condition                    curly
2026-10-10T01:42:04.1761582Z ##[warning]  344:26  warning  Expected { after 'if' condition                    curly
2026-10-10T01:42:04.1762676Z ##[warning]  348:46  warning  Expected { after 'if' condition                    curly
2026-10-10T01:42:04.1763752Z ##[warning]  382:26  warning  Expected { after 'if' condition                    curly
2026-10-10T01:42:04.1764953Z ##[warning]  384:26  warning  Expected { after 'if' condition                    curly
2026-10-10T01:42:04.1766454Z ##[warning]  391:26  warning  Expected { after 'if' condition                    curly
2026-10-10T01:42:04.1767615Z ##[warning]  395:24  warning  Expected { after 'if' condition                    curly
2026-10-10T01:42:04.1768696Z ##[warning]  404:26  warning  Expected { after 'if' condition                    curly
2026-10-10T01:42:04.1769775Z ##[warning]  408:48  warning  Expected { after 'if' condition                    curly
2026-10-10T01:42:04.1771116Z ##[warning]  409:12  warning  Expected { after 'else'                            curly
2026-10-10T01:42:04.1772373Z ##[warning]  427:26  warning  Expected { after 'if' condition                    curly
2026-10-10T01:42:04.1773654Z ##[warning]  431:47  warning  Expected { after 'if' condition                    curly
2026-10-10T01:42:04.1774834Z ##[warning]  449:26  warning  Expected { after 'if' condition                    curly
2026-10-10T01:42:04.1775647Z 
2026-10-10T01:42:04.1776399Z /home/runner/work/chainlesschain/chainlesschain/desktop-app-vue/src/renderer/components/projects/OrganizationProjectTransfer.vue
2026-10-10T01:42:04.1777106Z ##[warning]    8:49  warning  Attribute "data-testid" should go before "@click"  vue/attributes-order
2026-10-10T01:42:04.1778287Z ##[warning]   47:9   warning  Attribute "data-testid" should go before "@click"  vue/attributes-order
2026-10-10T01:42:04.1779413Z ##[warning]   70:11  warning  Attribute "data-testid" should go before "@click"  vue/attributes-order
2026-10-10T01:42:04.1780533Z ##[warning]   79:9   warning  Attribute "data-testid" should go before "@click"  vue/attributes-order
2026-10-10T01:42:04.1781647Z ##[warning]  104:7   warning  Attribute "data-testid" should go before "@click"  vue/attributes-order
2026-10-10T01:42:04.1782755Z ##[warning]  124:9   warning  Attribute "data-testid" should go before "@click"  vue/attributes-order
2026-10-10T01:42:04.1783871Z ##[warning]  132:9   warning  Attribute "data-testid" should go before "@click"  vue/attributes-order
2026-10-10T01:42:04.1784974Z ##[warning]  140:9   warning  Attribute "data-testid" should go before "@click"  vue/attributes-order
2026-10-10T01:42:04.1786314Z ##[warning]  153:9   warning  Attribute "data-testid" should go before "@click"  vue/attributes-order
2026-10-10T01:42:04.1787349Z ##[warning]  201:34  warning  Expected { after 'if' condition                    curly
2026-10-10T01:42:04.1788393Z ##[warning]  224:42  warning  Expected { after 'if' condition                    curly
2026-10-10T01:42:04.1789664Z ##[warning]  225:10  warning  Expected { after 'else'                            curly
2026-10-10T01:42:04.1790714Z ##[warning]  236:23  warning  Expected { after 'if' condition                    curly
2026-10-10T01:42:04.1791781Z ##[warning]  246:26  warning  Expected { after 'if' condition                    curly
2026-10-10T01:42:04.1792844Z ##[warning]  248:26  warning  Expected { after 'if' condition                    curly
2026-10-10T01:42:04.1793880Z ##[warning]  258:26  warning  Expected { after 'if' condition                    curly
2026-10-10T01:42:04.1794879Z ##[warning]  294:26  warning  Expected { after 'if' condition                    curly
2026-10-10T01:42:04.1796111Z ##[warning]  295:40  warning  Expected { after 'if' condition                    curly
2026-10-10T01:42:04.1797130Z ##[warning]  298:7   warning  Expected { after 'if' condition                    curly
2026-10-10T01:42:04.1798157Z ##[warning]  302:20  warning  Expected { after 'if' condition                    curly
2026-10-10T01:42:04.1799174Z ##[warning]  311:7   warning  Expected { after 'if' condition                    curly
2026-10-10T01:42:04.1800190Z ##[warning]  316:7   warning  Expected { after 'if' condition                    curly
2026-10-10T01:42:04.1801204Z ##[warning]  321:7   warning  Expected { after 'if' condition                    curly
2026-10-10T01:42:04.1802221Z ##[warning]  322:30  warning  Expected { after 'if' condition                    curly
2026-10-10T01:42:04.1803243Z ##[warning]  339:7   warning  Expected { after 'if' condition                    curly
2026-10-10T01:42:04.1804254Z ##[warning]  343:43  warning  Expected { after 'if' condition                    curly
2026-10-10T01:42:04.1805400Z ##[warning]  353:28  warning  Expected { after 'if' condition                    curly
2026-10-10T01:42:04.1806435Z ##[warning]  360:28  warning  Expected { after 'if' condition                    curly
2026-10-10T01:42:04.1807621Z ##[warning]  362:28  warning  Expected { after 'if' condition                    curly
2026-10-10T01:42:04.1808663Z ##[warning]  365:9   warning  Expected { after 'if' condition                    curly
2026-10-10T01:42:04.1809666Z ##[warning]  372:34  warning  Expected { after 'if' condition                    curly
2026-10-10T01:42:04.1810680Z ##[warning]  373:68  warning  Expected { after 'if' condition                    curly
2026-10-10T01:42:04.1811687Z ##[warning]  383:28  warning  Expected { after 'if' condition                    curly
2026-10-10T01:42:04.1812686Z ##[warning]  385:28  warning  Expected { after 'if' condition                    curly
2026-10-10T01:42:04.1813708Z ##[warning]  387:57  warning  Expected { after 'if' condition                    curly
2026-10-10T01:42:04.1814703Z ##[warning]  389:28  warning  Expected { after 'if' condition                    curly
2026-10-10T01:42:04.1815926Z ##[warning]  394:9   warning  Expected { after 'if' condition                    curly
2026-10-10T01:42:04.1816997Z ##[warning]  443:26  warning  Expected { after 'if' condition                    curly
2026-10-10T01:42:04.1818051Z ##[warning]  451:5   warning  Expected { after 'if' condition                    curly
2026-10-10T01:42:04.1819078Z ##[warning]  456:5   warning  Expected { after 'if' condition                    curly
2026-10-10T01:42:04.1819603Z 
2026-10-10T01:42:04.1820340Z /home/runner/work/chainlesschain/chainlesschain/desktop-app-vue/src/renderer/components/projects/OrganizationProjectWorkbench.vue
2026-10-10T01:42:04.1821278Z ##[warning]   13:9   warning  Attribute "data-testid" should go before "@click"                                 vue/attributes-order
2026-10-10T01:42:04.1822766Z ##[warning]   61:17  warning  Attribute ":disabled" should go before "@click"                                   vue/attributes-order
2026-10-10T01:42:04.1824222Z ##[warning]   72:13  warning  Attribute "data-testid" should go before "@click"                                 vue/attributes-order
2026-10-10T01:42:04.1825906Z ##[warning]  126:13  warning  Attribute "data-testid" should go before "@click"                                 vue/attributes-order
2026-10-10T01:42:04.1827661Z ##[warning]  154:15  warning  Attribute "data-testid" should go before "@click"                                 vue/attributes-order
2026-10-10T01:42:04.1829122Z ##[warning]  166:13  warning  Attribute "data-testid" should go before "@click"                                 vue/attributes-order
2026-10-10T01:42:04.1830579Z ##[warning]  176:13  warning  Attribute "data-testid" should go before "@click"                                 vue/attributes-order
2026-10-10T01:42:04.1832046Z ##[warning]  197:13  warning  Attribute "data-testid" should go before "@click"                                 vue/attributes-order
2026-10-10T01:42:04.1833702Z ##[warning]  210:14  warning  Expected 1 line break after opening tag (`<template>`), but no line breaks found  vue/multiline-html-element-content-newline
2026-10-10T01:42:04.1835240Z ##[warning]  264:13  warning  Attribute "data-testid" should go before "@click"                                 vue/attributes-order
2026-10-10T01:42:04.1836605Z ##[warning]  272:13  warning  Attribute "data-testid" should go before "@click"                                 vue/attributes-order
2026-10-10T01:42:04.1837992Z ##[warning]  280:13  warning  Attribute "data-testid" should go before "@click"                                 vue/attributes-order
2026-10-10T01:42:04.1839307Z ##[warning]  288:13  warning  Attribute "data-testid" should go before "@click"                                 vue/attributes-order
2026-10-10T01:42:04.1840638Z ##[warning]  305:13  warning  Attribute "data-testid" should go before "@click"                                 vue/attributes-order
2026-10-10T01:42:04.1841843Z ##[warning]  439:34  warning  Expected { after 'if' condition                                                   curly
2026-10-10T01:42:04.1843090Z ##[warning]  443:65  warning  Expected { after 'if' condition                                                   curly
2026-10-10T01:42:04.1844479Z ##[warning]  478:29  warning  Expected { after 'if' condition                                                   curly
2026-10-10T01:42:04.1845850Z ##[warning]  479:8   warning  Expected { after 'else'                                                           curly
2026-10-10T01:42:04.1847028Z ##[warning]  503:12  warning  Expected { after 'else'                                                           curly
2026-10-10T01:42:04.1848206Z ##[warning]  506:10  warning  Expected { after 'else'                                                           curly
2026-10-10T01:42:04.1849467Z ##[warning]  516:26  warning  Expected { after 'if' condition                                                   curly
2026-10-10T01:42:04.1850697Z ##[warning]  518:26  warning  Expected { after 'if' condition                                                   curly
2026-10-10T01:42:04.1851886Z ##[warning]  525:20  warning  Expected { after 'if' condition                                                   curly
2026-10-10T01:42:04.1853079Z ##[warning]  535:26  warning  Expected { after 'if' condition                                                   curly
2026-10-10T01:42:04.1854270Z ##[warning]  538:46  warning  Expected { after 'if' condition                                                   curly
2026-10-10T01:42:04.1855621Z ##[warning]  541:28  warning  Expected { after 'if' condition                                                   curly
2026-10-10T01:42:04.1856415Z ##[warning]  553:59  warning  Expected { after 'if' condition                                                   curly
2026-10-10T01:42:04.1857153Z ##[warning]  574:63  warning  Expected { after 'if' condition                                                   curly
2026-10-10T01:42:04.1857883Z ##[warning]  602:24  warning  Expected { after 'if' condition                                                   curly
2026-10-10T01:42:04.1858612Z ##[warning]  605:52  warning  Expected { after 'if' condition                                                   curly
2026-10-10T01:42:04.1859491Z ##[warning]  648:7   warning  Expected { after 'if' condition                                                   curly
2026-10-10T01:42:04.1860230Z ##[warning]  654:43  warning  Expected { after 'if' condition                                                   curly
2026-10-10T01:42:04.1860957Z ##[warning]  666:28  warning  Expected { after 'if' condition                                                   curly
2026-10-10T01:42:04.1861667Z ##[warning]  669:28  warning  Expected { after 'if' condition                                                   curly
2026-10-10T01:42:04.1862376Z ##[warning]  671:28  warning  Expected { after 'if' condition                                                   curly
2026-10-10T01:42:04.1863085Z ##[warning]  693:52  warning  Expected { after 'if' condition                                                   curly
2026-10-10T01:42:04.1863801Z ##[warning]  698:54  warning  Expected { after 'if' condition                                                   curly
2026-10-10T01:42:04.1864521Z ##[warning]  709:23  warning  Expected { after 'if' condition                                                   curly
2026-10-10T01:42:04.1865491Z ##[warning]  717:26  warning  Expected { after 'if' condition                                                   curly
2026-10-10T01:42:04.1866224Z ##[warning]  719:26  warning  Expected { after 'if' condition                                                   curly
2026-10-10T01:42:04.1866941Z ##[warning]  724:22  warning  Expected { after 'if' condition                                                   curly
2026-10-10T01:42:04.1867655Z ##[warning]  728:26  warning  Expected { after 'if' condition                                                   curly
2026-10-10T01:42:04.1868365Z ##[warning]  730:26  warning  Expected { after 'if' condition                                                   curly
2026-10-10T01:42:04.1869183Z ##[warning]  735:49  warning  Expected { after 'if' condition                                                   curly
2026-10-10T01:42:04.1869907Z ##[warning]  743:54  warning  Expected { after 'if' condition                                                   curly
2026-10-10T01:42:04.1886411Z ##[warning]  746:35  warning  Expected { after 'if' condition                                                   curly
2026-10-10T01:42:04.1887217Z ##[warning]  750:54  warning  Expected { after 'if' condition                                                   curly
2026-10-10T01:42:04.1887966Z ##[warning]  768:28  warning  Expected { after 'if' condition                                                   curly
2026-10-10T01:42:04.1888694Z ##[warning]  775:27  warning  Expected { after 'if' condition                                                   curly
2026-10-10T01:42:04.1888998Z 
2026-10-10T01:42:04.1889407Z /home/runner/work/chainlesschain/chainlesschain/desktop-app-vue/src/renderer/components/projects/PerformanceMonitor.vue
2026-10-10T01:42:04.1890049Z ##[warning]  284:7  warning  'fpsInterval' is assigned a value but never used. Allowed unused vars must match /^_/u  @typescript-eslint/no-unused-vars
2026-10-10T01:42:04.1890378Z 
2026-10-10T01:42:04.1890755Z /home/runner/work/chainlesschain/chainlesschain/desktop-app-vue/src/renderer/components/projects/PlanningView.vue
2026-10-10T01:42:04.1891289Z ##[warning]  308:14  warning  'index' is defined but never used. Allowed unused args must match /^_/u  @typescript-eslint/no-unused-vars
2026-10-10T01:42:04.1891610Z 
2026-10-10T01:42:04.1891970Z /home/runner/work/chainlesschain/chainlesschain/desktop-app-vue/src/renderer/components/projects/PreviewPanel.vue
2026-10-10T01:42:04.1892576Z ##[warning]  309:3  warning  'LeftCircleOutlined' is defined but never used. Allowed unused vars must match /^_/u   @typescript-eslint/no-unused-vars
2026-10-10T01:42:04.1893484Z ##[warning]  310:3  warning  'RightCircleOutlined' is defined but never used. Allowed unused vars must match /^_/u  @typescript-eslint/no-unused-vars
2026-10-10T01:42:04.1893784Z 
2026-10-10T01:42:04.1894339Z /home/runner/work/chainlesschain/chainlesschain/desktop-app-vue/src/renderer/components/projects/ProgressiveFileTree.vue
2026-10-10T01:42:04.1894881Z ##[warning]   95:3   warning  'reactive' is defined but never used. Allowed unused vars must match /^_/u  @typescript-eslint/no-unused-vars
2026-10-10T01:42:04.1895860Z ##[warning]  356:37  warning  'node' is defined but never used. Allowed unused args must match /^_/u      @typescript-eslint/no-unused-vars
2026-10-10T01:42:04.1896162Z 
2026-10-10T01:42:04.1896580Z /home/runner/work/chainlesschain/chainlesschain/desktop-app-vue/src/renderer/components/projects/ProjectGoalAcceptancePanel.vue
2026-10-10T01:42:04.1896863Z ##[warning]  231:5   warning  Expected { after 'else'          curly
2026-10-10T01:42:04.1897431Z ##[warning]  276:39  warning  Expected { after 'if' condition  curly
2026-10-10T01:42:04.1897985Z ##[warning]  288:26  warning  Expected { after 'if' condition  curly
2026-10-10T01:42:04.1898535Z ##[warning]  290:7   warning  Expected { after 'if' condition  curly
2026-10-10T01:42:04.1899089Z ##[warning]  313:25  warning  Expected { after 'if' condition  curly
2026-10-10T01:42:04.1899643Z ##[warning]  321:5   warning  Expected { after 'if' condition  curly
2026-10-10T01:42:04.1900199Z ##[warning]  369:5   warning  Expected { after 'if' condition  curly
2026-10-10T01:42:04.1900757Z ##[warning]  381:25  warning  Expected { after 'if' condition  curly
2026-10-10T01:42:04.1901321Z ##[warning]  383:25  warning  Expected { after 'if' condition  curly
2026-10-10T01:42:04.1901859Z ##[warning]  385:25  warning  Expected { after 'if' condition  curly
2026-10-10T01:42:04.1902402Z ##[warning]  389:19  warning  Expected { after 'if' condition  curly
2026-10-10T01:42:04.1902950Z ##[warning]  396:26  warning  Expected { after 'if' condition  curly
2026-10-10T01:42:04.1903496Z ##[warning]  397:54  warning  Expected { after 'if' condition  curly
2026-10-10T01:42:04.1904045Z ##[warning]  406:7   warning  Expected { after 'if' condition  curly
2026-10-10T01:42:04.1904700Z ##[warning]  408:25  warning  Expected { after 'if' condition  curly
2026-10-10T01:42:04.1905442Z ##[warning]  412:19  warning  Expected { after 'if' condition  curly
2026-10-10T01:42:04.1905993Z ##[warning]  427:26  warning  Expected { after 'if' condition  curly
2026-10-10T01:42:04.1906534Z ##[warning]  429:7   warning  Expected { after 'if' condition  curly
2026-10-10T01:42:04.1907073Z ##[warning]  442:27  warning  Expected { after 'if' condition  curly
2026-10-10T01:42:04.1907622Z ##[warning]  444:25  warning  Expected { after 'if' condition  curly
2026-10-10T01:42:04.1908170Z ##[warning]  446:25  warning  Expected { after 'if' condition  curly
2026-10-10T01:42:04.1908468Z 
2026-10-10T01:42:04.1908878Z /home/runner/work/chainlesschain/chainlesschain/desktop-app-vue/src/renderer/components/projects/ProjectGoalActionsPanel.vue
2026-10-10T01:42:04.1909147Z ##[warning]  222:5   warning  Expected { after 'else'          curly
2026-10-10T01:42:04.1909700Z ##[warning]  242:39  warning  Expected { after 'if' condition  curly
2026-10-10T01:42:04.1910249Z ##[warning]  252:26  warning  Expected { after 'if' condition  curly
2026-10-10T01:42:04.1910813Z ##[warning]  254:7   warning  Expected { after 'if' condition  curly
2026-10-10T01:42:04.1911394Z ##[warning]  259:25  warning  Expected { after 'if' condition  curly
2026-10-10T01:42:04.1911931Z ##[warning]  261:25  warning  Expected { after 'if' condition  curly
2026-10-10T01:42:04.1912470Z ##[warning]  265:19  warning  Expected { after 'if' condition  curly
2026-10-10T01:42:04.1913015Z ##[warning]  287:25  warning  Expected { after 'if' condition  curly
2026-10-10T01:42:04.1913550Z ##[warning]  289:25  warning  Expected { after 'if' condition  curly
2026-10-10T01:42:04.1914081Z ##[warning]  297:60  warning  Expected { after 'if' condition  curly
2026-10-10T01:42:04.1914747Z ##[warning]  315:26  warning  Expected { after 'if' condition  curly
2026-10-10T01:42:04.1915473Z ##[warning]  321:7   warning  Expected { after 'if' condition  curly
2026-10-10T01:42:04.1916174Z ##[warning]  326:25  warning  Expected { after 'if' condition  curly
2026-10-10T01:42:04.1916727Z ##[warning]  330:35  warning  Expected { after 'if' condition  curly
2026-10-10T01:42:04.1917270Z ##[warning]  337:26  warning  Expected { after 'if' condition  curly
2026-10-10T01:42:04.1917814Z ##[warning]  347:7   warning  Expected { after 'if' condition  curly
2026-10-10T01:42:04.1918364Z ##[warning]  349:25  warning  Expected { after 'if' condition  curly
2026-10-10T01:42:04.1918662Z 
2026-10-10T01:42:04.1919075Z /home/runner/work/chainlesschain/chainlesschain/desktop-app-vue/src/renderer/components/projects/ProjectGoalMemoryPanel.vue
2026-10-10T01:42:04.1919346Z ##[warning]  296:24  warning  Expected { after 'if' condition  curly
2026-10-10T01:42:04.1919904Z ##[warning]  307:5   warning  Expected { after 'if' condition  curly
2026-10-10T01:42:04.1920458Z ##[warning]  314:22  warning  Expected { after 'if' condition  curly
2026-10-10T01:42:04.1920999Z ##[warning]  318:20  warning  Expected { after 'if' condition  curly
2026-10-10T01:42:04.1921554Z ##[warning]  369:20  warning  Expected { after 'if' condition  curly
2026-10-10T01:42:04.1922102Z ##[warning]  378:5   warning  Expected { after 'if' condition  curly
2026-10-10T01:42:04.1922644Z ##[warning]  387:25  warning  Expected { after 'if' condition  curly
2026-10-10T01:42:04.1923187Z ##[warning]  402:53  warning  Expected { after 'if' condition  curly
2026-10-10T01:42:04.1923970Z ##[warning]  404:7   warning  Expected { after 'if' condition  curly
2026-10-10T01:42:04.1925199Z ##[warning]  418:9   warning  Expected { after 'if' condition  curly
2026-10-10T01:42:04.1925779Z ##[warning]  432:52  warning  Expected { after 'if' condition  curly
2026-10-10T01:42:04.1926340Z ##[warning]  445:53  warning  Expected { after 'if' condition  curly
2026-10-10T01:42:04.1926909Z ##[warning]  447:7   warning  Expected { after 'if' condition  curly
2026-10-10T01:42:04.1927461Z ##[warning]  452:7   warning  Expected { after 'if' condition  curly
2026-10-10T01:42:04.1928141Z ##[warning]  454:52  warning  Expected { after 'if' condition  curly
2026-10-10T01:42:04.1928699Z ##[warning]  458:21  warning  Expected { after 'if' condition  curly
2026-10-10T01:42:04.1929257Z ##[warning]  468:10  warning  Expected { after 'else'          curly
2026-10-10T01:42:04.1929813Z ##[warning]  472:5   warning  Expected { after 'if' condition  curly
2026-10-10T01:42:04.1930356Z ##[warning]  474:5   warning  Expected { after 'if' condition  curly
2026-10-10T01:42:04.1930909Z ##[warning]  476:5   warning  Expected { after 'if' condition  curly
2026-10-10T01:42:04.1931456Z ##[warning]  481:5   warning  Expected { after 'if' condition  curly
2026-10-10T01:42:04.1931996Z ##[warning]  483:5   warning  Expected { after 'else'          curly
2026-10-10T01:42:04.1932543Z ##[warning]  488:53  warning  Expected { after 'if' condition  curly
2026-10-10T01:42:04.1933091Z ##[warning]  525:26  warning  Expected { after 'if' condition  curly
2026-10-10T01:42:04.1933651Z ##[warning]  532:7   warning  Expected { after 'if' condition  curly
2026-10-10T01:42:04.1934212Z ##[warning]  546:5   warning  Expected { after 'if' condition  curly
2026-10-10T01:42:04.1934755Z ##[warning]  566:26  warning  Expected { after 'if' condition  curly
2026-10-10T01:42:04.1935463Z ##[warning]  572:7   warning  Expected { after 'if' condition  curly
2026-10-10T01:42:04.1936010Z ##[warning]  588:26  warning  Expected { after 'if' condition  curly
2026-10-10T01:42:04.1936560Z ##[warning]  593:7   warning  Expected { after 'if' condition  curly
2026-10-10T01:42:04.1937109Z ##[warning]  600:5   warning  Expected { after 'if' condition  curly
2026-10-10T01:42:04.1937651Z ##[warning]  615:26  warning  Expected { after 'if' condition  curly
2026-10-10T01:42:04.1938199Z ##[warning]  622:25  warning  Expected { after 'if' condition  curly
2026-10-10T01:42:04.1938491Z 
2026-10-10T01:42:04.1938921Z /home/runner/work/chainlesschain/chainlesschain/desktop-app-vue/src/renderer/components/projects/ProjectGoalMonitoringPanel.vue
2026-10-10T01:42:04.1939322Z ##[warning]  372:5   warning  Expected { after 'if' condition  curly
2026-10-10T01:42:04.1939880Z ##[warning]  394:5   warning  Expected { after 'else'          curly
2026-10-10T01:42:04.1940427Z ##[warning]  400:39  warning  Expected { after 'if' condition  curly
2026-10-10T01:42:04.1940974Z ##[warning]  412:9   warning  Expected { after 'if' condition  curly
2026-10-10T01:42:04.1941541Z ##[warning]  416:28  warning  Expected { after 'if' condition  curly
2026-10-10T01:42:04.1942117Z ##[warning]  427:26  warning  Expected { after 'if' condition  curly
2026-10-10T01:42:04.1942669Z ##[warning]  432:29  warning  Expected { after 'if' condition  curly
2026-10-10T01:42:04.1943222Z ##[warning]  436:26  warning  Expected { after 'if' condition  curly
2026-10-10T01:42:04.1944039Z ##[warning]  440:25  warning  Expected { after 'if' condition  curly
2026-10-10T01:42:04.1944595Z ##[warning]  442:25  warning  Expected { after 'if' condition  curly
2026-10-10T01:42:04.1945339Z ##[warning]  453:5   warning  Expected { after 'if' condition  curly
2026-10-10T01:42:04.1945904Z ##[warning]  463:26  warning  Expected { after 'if' condition  curly
2026-10-10T01:42:04.1946447Z ##[warning]  466:26  warning  Expected { after 'if' condition  curly
2026-10-10T01:42:04.1946992Z ##[warning]  471:25  warning  Expected { after 'if' condition  curly
2026-10-10T01:42:04.1947531Z ##[warning]  473:25  warning  Expected { after 'if' condition  curly
2026-10-10T01:42:04.1948083Z ##[warning]  480:39  warning  Expected { after 'if' condition  curly
2026-10-10T01:42:04.1948629Z ##[warning]  489:7   warning  Expected { after 'if' condition  curly
2026-10-10T01:42:04.1949176Z ##[warning]  496:27  warning  Expected { after 'if' condition  curly
2026-10-10T01:42:04.1949721Z ##[warning]  499:27  warning  Expected { after 'if' condition  curly
2026-10-10T01:42:04.1950261Z ##[warning]  502:9   warning  Expected { after 'if' condition  curly
2026-10-10T01:42:04.1950798Z ##[warning]  515:30  warning  Expected { after 'if' condition  curly
2026-10-10T01:42:04.1951476Z ##[warning]  525:11  warning  Expected { after 'if' condition  curly
2026-10-10T01:42:04.1952027Z ##[warning]  527:11  warning  Expected { after 'if' condition  curly
2026-10-10T01:42:04.1952576Z ##[warning]  529:28  warning  Expected { after 'if' condition  curly
2026-10-10T01:42:04.1953121Z ##[warning]  532:26  warning  Expected { after 'if' condition  curly
2026-10-10T01:42:04.1953665Z ##[warning]  543:9   warning  Expected { after 'if' condition  curly
2026-10-10T01:42:04.1954207Z ##[warning]  552:25  warning  Expected { after 'if' condition  curly
2026-10-10T01:42:04.1954749Z ##[warning]  559:49  warning  Expected { after 'if' condition  curly
2026-10-10T01:42:04.1955489Z ##[warning]  573:26  warning  Expected { after 'if' condition  curly
2026-10-10T01:42:04.1956039Z ##[warning]  575:7   warning  Expected { after 'if' condition  curly
2026-10-10T01:42:04.1956596Z ##[warning]  577:7   warning  Expected { after 'if' condition  curly
2026-10-10T01:42:04.1957292Z ##[warning]  579:26  warning  Expected { after 'if' condition  curly
2026-10-10T01:42:04.1957846Z ##[warning]  585:7   warning  Expected { after 'if' condition  curly
2026-10-10T01:42:04.1958389Z ##[warning]  593:9   warning  Expected { after 'if' condition  curly
2026-10-10T01:42:04.1958938Z ##[warning]  600:25  warning  Expected { after 'if' condition  curly
2026-10-10T01:42:04.1959243Z 
2026-10-10T01:42:04.1959682Z /home/runner/work/chainlesschain/chainlesschain/desktop-app-vue/src/renderer/components/projects/ProjectGoalNotificationDrawer.vue
2026-10-10T01:42:04.1959956Z ##[warning]  119:64  warning  Expected { after 'if' condition  curly
2026-10-10T01:42:04.1960519Z ##[warning]  134:21  warning  Expected { after 'if' condition  curly
2026-10-10T01:42:04.1961087Z ##[warning]  140:7   warning  Expected { after 'if' condition  curly
2026-10-10T01:42:04.1961636Z ##[warning]  143:21  warning  Expected { after 'if' condition  curly
2026-10-10T01:42:04.1962173Z ##[warning]  144:34  warning  Expected { after 'if' condition  curly
2026-10-10T01:42:04.1962928Z ##[warning]  145:10  warning  Expected { after 'else'          curly
2026-10-10T01:42:04.1963473Z ##[warning]  147:20  warning  Expected { after 'if' condition  curly
2026-10-10T01:42:04.1964020Z ##[warning]  170:24  warning  Expected { after 'if' condition  curly
2026-10-10T01:42:04.1964316Z 
2026-10-10T01:42:04.1964763Z /home/runner/work/chainlesschain/chainlesschain/desktop-app-vue/src/renderer/components/projects/ProjectGoalNotificationPolicyPanel.vue
2026-10-10T01:42:04.1965217Z ##[warning]  121:50  warning  Expected { after 'if' condition  curly
2026-10-10T01:42:04.1965792Z ##[warning]  126:57  warning  Expected { after 'if' condition  curly
2026-10-10T01:42:04.1966343Z ##[warning]  132:28  warning  Expected { after 'if' condition  curly
2026-10-10T01:42:04.1966900Z ##[warning]  142:5   warning  Expected { after 'if' condition  curly
2026-10-10T01:42:04.1967447Z ##[warning]  153:5   warning  Expected { after 'if' condition  curly
2026-10-10T01:42:04.1967997Z ##[warning]  164:5   warning  Expected { after 'if' condition  curly
2026-10-10T01:42:04.1968548Z ##[warning]  189:21  warning  Expected { after 'if' condition  curly
2026-10-10T01:42:04.1969091Z ##[warning]  195:7   warning  Expected { after 'if' condition  curly
2026-10-10T01:42:04.1969642Z ##[warning]  200:21  warning  Expected { after 'if' condition  curly
2026-10-10T01:42:04.1970186Z ##[warning]  216:20  warning  Expected { after 'if' condition  curly
2026-10-10T01:42:04.1970480Z 
2026-10-10T01:42:04.1970893Z /home/runner/work/chainlesschain/chainlesschain/desktop-app-vue/src/renderer/components/projects/ProjectRiskReviewPanel.vue
2026-10-10T01:42:04.1971161Z ##[warning]  267:39  warning  Expected { after 'if' condition  curly
2026-10-10T01:42:04.1971724Z ##[warning]  277:26  warning  Expected { after 'if' condition  curly
2026-10-10T01:42:04.1972272Z ##[warning]  281:7   warning  Expected { after 'if' condition  curly
2026-10-10T01:42:04.1972814Z ##[warning]  287:25  warning  Expected { after 'if' condition  curly
2026-10-10T01:42:04.1973464Z ##[warning]  289:25  warning  Expected { after 'if' condition  curly
2026-10-10T01:42:04.1974008Z ##[warning]  293:39  warning  Expected { after 'if' condition  curly
2026-10-10T01:42:04.1974548Z ##[warning]  299:26  warning  Expected { after 'if' condition  curly
2026-10-10T01:42:04.1975259Z ##[warning]  304:7   warning  Expected { after 'if' condition  curly
2026-10-10T01:42:04.1975810Z ##[warning]  307:25  warning  Expected { after 'if' condition  curly
2026-10-10T01:42:04.1976363Z ##[warning]  309:25  warning  Expected { after 'if' condition  curly
2026-10-10T01:42:04.1976907Z ##[warning]  313:56  warning  Expected { after 'if' condition  curly
2026-10-10T01:42:04.1977450Z ##[warning]  329:26  warning  Expected { after 'if' condition  curly
2026-10-10T01:42:04.1977999Z ##[warning]  334:7   warning  Expected { after 'if' condition  curly
2026-10-10T01:42:04.1978548Z ##[warning]  359:25  warning  Expected { after 'if' condition  curly
2026-10-10T01:42:04.1979097Z ##[warning]  361:25  warning  Expected { after 'if' condition  curly
2026-10-10T01:42:04.1979641Z ##[warning]  373:5   warning  Expected { after 'if' condition  curly
2026-10-10T01:42:04.1980188Z ##[warning]  378:14  warning  Expected { after 'if' condition  curly
2026-10-10T01:42:04.1980735Z ##[warning]  389:26  warning  Expected { after 'if' condition  curly
2026-10-10T01:42:04.1981273Z ##[warning]  399:25  warning  Expected { after 'if' condition  curly
2026-10-10T01:42:04.1981571Z 
2026-10-10T01:42:04.1981972Z /home/runner/work/chainlesschain/chainlesschain/desktop-app-vue/src/renderer/components/projects/ProjectTaskCreateForm.vue
2026-10-10T01:42:04.1982379Z ##[warning]   28:7   warning  Attribute "data-testid" should go before "@click"  vue/attributes-order
2026-10-10T01:42:04.1983051Z ##[warning]   37:9   warning  Attribute "data-testid" should go before "@click"  vue/attributes-order
2026-10-10T01:42:04.1983717Z ##[warning]   45:47  warning  Attribute "data-testid" should go before "@click"  vue/attributes-order
2026-10-10T01:42:04.1984497Z ##[warning]   52:7   warning  Attribute "data-testid" should go before "@click"  vue/attributes-order
2026-10-10T01:42:04.1985309Z ##[warning]  129:5   warning  Expected { after 'else'                            curly
2026-10-10T01:42:04.1985919Z ##[warning]  135:38  warning  Expected { after 'if' condition                    curly
2026-10-10T01:42:04.1986518Z ##[warning]  144:19  warning  Expected { after 'if' condition                    curly
2026-10-10T01:42:04.1987122Z ##[warning]  152:26  warning  Expected { after 'if' condition                    curly
2026-10-10T01:42:04.1987713Z ##[warning]  159:26  warning  Expected { after 'if' condition                    curly
2026-10-10T01:42:04.1988312Z ##[warning]  161:26  warning  Expected { after 'if' condition                    curly
2026-10-10T01:42:04.1988905Z ##[warning]  172:5   warning  Expected { after 'if' condition                    curly
2026-10-10T01:42:04.1989498Z ##[warning]  185:26  warning  Expected { after 'if' condition                    curly
2026-10-10T01:42:04.1990097Z ##[warning]  187:26  warning  Expected { after 'if' condition                    curly
2026-10-10T01:42:04.1990695Z ##[warning]  189:26  warning  Expected { after 'if' condition                    curly
2026-10-10T01:42:04.1991292Z ##[warning]  193:57  warning  Expected { after 'if' condition                    curly
2026-10-10T01:42:04.1991885Z ##[warning]  203:26  warning  Expected { after 'if' condition                    curly
2026-10-10T01:42:04.1992479Z ##[warning]  209:44  warning  Expected { after 'if' condition                    curly
2026-10-10T01:42:04.1993078Z ##[warning]  219:26  warning  Expected { after 'if' condition                    curly
2026-10-10T01:42:04.1993372Z 
2026-10-10T01:42:04.1993805Z /home/runner/work/chainlesschain/chainlesschain/desktop-app-vue/src/renderer/components/projects/ProjectTaskDescriptionDrawer.vue
2026-10-10T01:42:04.1994086Z ##[warning]  216:5   warning  Expected { after 'if' condition  curly
2026-10-10T01:42:04.1994793Z ##[warning]  322:5   warning  Expected { after 'else'          curly
2026-10-10T01:42:04.1995439Z ##[warning]  329:41  warning  Expected { after 'if' condition  curly
2026-10-10T01:42:04.1995988Z ##[warning]  347:33  warning  Expected { after 'if' condition  curly
2026-10-10T01:42:04.1996536Z ##[warning]  349:7   warning  Expected { after 'if' condition  curly
2026-10-10T01:42:04.1997085Z ##[warning]  353:32  warning  Expected { after 'if' condition  curly
2026-10-10T01:42:04.1997632Z ##[warning]  355:32  warning  Expected { after 'if' condition  curly
2026-10-10T01:42:04.1998181Z ##[warning]  366:32  warning  Expected { after 'if' condition  curly
2026-10-10T01:42:04.1998732Z ##[warning]  386:26  warning  Expected { after 'if' condition  curly
2026-10-10T01:42:04.1999283Z ##[warning]  388:7   warning  Expected { after 'if' condition  curly
2026-10-10T01:42:04.1999834Z ##[warning]  400:25  warning  Expected { after 'if' condition  curly
2026-10-10T01:42:04.2000383Z ##[warning]  405:41  warning  Expected { after 'if' condition  curly
2026-10-10T01:42:04.2000934Z ##[warning]  412:7   warning  Expected { after 'if' condition  curly
2026-10-10T01:42:04.2001483Z ##[warning]  430:7   warning  Expected { after 'if' condition  curly
2026-10-10T01:42:04.2002031Z ##[warning]  434:9   warning  Expected { after 'if' condition  curly
2026-10-10T01:42:04.2002578Z ##[warning]  443:25  warning  Expected { after 'if' condition  curly
2026-10-10T01:42:04.2003118Z ##[warning]  448:56  warning  Expected { after 'if' condition  curly
2026-10-10T01:42:04.2003657Z ##[warning]  459:7   warning  Expected { after 'if' condition  curly
2026-10-10T01:42:04.2004197Z ##[warning]  460:26  warning  Expected { after 'if' condition  curly
2026-10-10T01:42:04.2004747Z ##[warning]  471:28  warning  Expected { after 'if' condition  curly
2026-10-10T01:42:04.2005374Z ##[warning]  476:9   warning  Expected { after 'if' condition  curly
2026-10-10T01:42:04.2005918Z ##[warning]  480:9   warning  Expected { after 'if' condition  curly
2026-10-10T01:42:04.2006573Z ##[warning]  490:7   warning  Expected { after 'if' condition  curly
2026-10-10T01:42:04.2007117Z ##[warning]  496:11  warning  Expected { after 'if' condition  curly
2026-10-10T01:42:04.2007663Z ##[warning]  515:25  warning  Expected { after 'if' condition  curly
2026-10-10T01:42:04.2008218Z ##[warning]  520:63  warning  Expected { after 'if' condition  curly
2026-10-10T01:42:04.2008763Z ##[warning]  535:26  warning  Expected { after 'if' condition  curly
2026-10-10T01:42:04.2009306Z ##[warning]  537:7   warning  Expected { after 'if' condition  curly
2026-10-10T01:42:04.2009850Z ##[warning]  543:25  warning  Expected { after 'if' condition  curly
2026-10-10T01:42:04.2010403Z ##[warning]  545:25  warning  Expected { after 'if' condition  curly
2026-10-10T01:42:04.2010942Z ##[warning]  556:5   warning  Expected { after 'if' condition  curly
2026-10-10T01:42:04.2011489Z ##[warning]  564:50  warning  Expected { after 'if' condition  curly
2026-10-10T01:42:04.2012033Z ##[warning]  573:33  warning  Expected { after 'if' condition  curly
2026-10-10T01:42:04.2012577Z ##[warning]  575:7   warning  Expected { after 'if' condition  curly
2026-10-10T01:42:04.2013123Z ##[warning]  579:32  warning  Expected { after 'if' condition  curly
2026-10-10T01:42:04.2013672Z ##[warning]  581:32  warning  Expected { after 'if' condition  curly
2026-10-10T01:42:04.2014222Z ##[warning]  591:5   warning  Expected { after 'if' condition  curly
2026-10-10T01:42:04.2014773Z ##[warning]  612:21  warning  Expected { after 'if' condition  curly
2026-10-10T01:42:04.2015234Z 
2026-10-10T01:42:04.2015616Z /home/runner/work/chainlesschain/chainlesschain/desktop-app-vue/src/renderer/components/projects/SimpleEditor.vue
2026-10-10T01:42:04.2016261Z ##[warning]  416:7  warning  'updateLanguage' is assigned a value but never used. Allowed unused vars must match /^_/u  @typescript-eslint/no-unused-vars
2026-10-10T01:42:04.2016572Z 
2026-10-10T01:42:04.2017099Z /home/runner/work/chainlesschain/chainlesschain/desktop-app-vue/src/renderer/components/projects/SmartCodeSnippets.vue
2026-10-10T01:42:04.2017668Z ##[warning]  196:7  warning  'props' is assigned a value but never used. Allowed unused vars must match /^_/u  @typescript-eslint/no-unused-vars
2026-10-10T01:42:04.2017976Z 
2026-10-10T01:42:04.2018389Z /home/runner/work/chainlesschain/chainlesschain/desktop-app-vue/src/renderer/components/projects/SmartContextRecommendation.vue
2026-10-10T01:42:04.2018995Z ##[warning]  315:11  warning  'knowledgeItems' is assigned a value but never used. Allowed unused vars must match /^_/u  @typescript-eslint/no-unused-vars
2026-10-10T01:42:04.2019866Z ##[warning]  390:45  warning  'score' is defined but never used. Allowed unused args must match /^_/u                    @typescript-eslint/no-unused-vars
2026-10-10T01:42:04.2020171Z 
2026-10-10T01:42:04.2020528Z /home/runner/work/chainlesschain/chainlesschain/desktop-app-vue/src/renderer/components/projects/StepDisplay.vue
2026-10-10T01:42:04.2021128Z ##[warning]  221:7  warning  'statusColor' is assigned a value but never used. Allowed unused vars must match /^_/u  @typescript-eslint/no-unused-vars
2026-10-10T01:42:04.2021436Z 
2026-10-10T01:42:04.2021818Z /home/runner/work/chainlesschain/chainlesschain/desktop-app-vue/src/renderer/components/projects/StreamProgressModal.vue
2026-10-10T01:42:04.2022410Z ##[warning]  231:9  warning  'hasHtmlStage' is assigned a value but never used. Allowed unused vars must match /^_/u  @typescript-eslint/no-unused-vars
2026-10-10T01:42:04.2022707Z 
2026-10-10T01:42:04.2023084Z /home/runner/work/chainlesschain/chainlesschain/desktop-app-vue/src/renderer/components/projects/TaskExecutionStatus.vue
2026-10-10T01:42:04.2023638Z ##[warning]  157:7  warning  'props' is assigned a value but never used. Allowed unused vars must match /^_/u  @typescript-eslint/no-unused-vars
2026-10-10T01:42:04.2024479Z ##[warning]  183:7  warning  'emit' is assigned a value but never used. Allowed unused vars must match /^_/u   @typescript-eslint/no-unused-vars
2026-10-10T01:42:04.2024778Z 
2026-10-10T01:42:04.2025444Z /home/runner/work/chainlesschain/chainlesschain/desktop-app-vue/src/renderer/components/projects/ThinkingProcess.vue
2026-10-10T01:42:04.2026003Z ##[warning]   85:7   warning  'props' is assigned a value but never used. Allowed unused vars must match /^_/u  @typescript-eslint/no-unused-vars
2026-10-10T01:42:04.2026895Z ##[warning]  128:12  warning  'error' is defined but never used. Allowed unused caught errors must match /^_/u  @typescript-eslint/no-unused-vars
2026-10-10T01:42:04.2027209Z 
2026-10-10T01:42:04.2027592Z /home/runner/work/chainlesschain/chainlesschain/desktop-app-vue/src/renderer/components/projects/VirtualMessageList.vue
2026-10-10T01:42:04.2028134Z ##[warning]   85:22  warning  'index' is defined but never used. Allowed unused args must match /^_/u        @typescript-eslint/no-unused-vars
2026-10-10T01:42:04.2028961Z ##[warning]   89:18  warning  'instance' is defined but never used. Allowed unused args must match /^_/u     @typescript-eslint/no-unused-vars
2026-10-10T01:42:04.2029796Z ##[warning]  170:24  warning  'index' is defined but never used. Allowed unused args must match /^_/u        @typescript-eslint/no-unused-vars
2026-10-10T01:42:04.2030640Z ##[warning]  198:17  warning  'oldMessages' is defined but never used. Allowed unused args must match /^_/u  @typescript-eslint/no-unused-vars
2026-10-10T01:42:04.2031451Z ##[warning]  207:24  warning  'index' is defined but never used. Allowed unused args must match /^_/u        @typescript-eslint/no-unused-vars
2026-10-10T01:42:04.2032270Z ##[warning]  211:20  warning  'instance' is defined but never used. Allowed unused args must match /^_/u     @typescript-eslint/no-unused-vars
2026-10-10T01:42:04.2032573Z 
2026-10-10T01:42:04.2032944Z /home/runner/work/chainlesschain/chainlesschain/desktop-app-vue/src/renderer/components/settings/EditionSelector.vue
2026-10-10T01:42:04.2033694Z ##[warning]  211:7   warning  'props' is assigned a value but never used. Allowed unused vars must match /^_/u  @typescript-eslint/no-unused-vars
2026-10-10T01:42:04.2034650Z ##[warning]  281:13  warning  'data' is assigned a value but never used. Allowed unused vars must match /^_/u   @typescript-eslint/no-unused-vars
2026-10-10T01:42:04.2034954Z 
2026-10-10T01:42:04.2035406Z /home/runner/work/chainlesschain/chainlesschain/desktop-app-vue/src/renderer/components/social/ChatWindow.vue
2026-10-10T01:42:04.2036102Z ##[warning]  516:7  warning  'getOnlineStatus' is assigned a value but never used. Allowed unused vars must match /^_/u  @typescript-eslint/no-unused-vars
2026-10-10T01:42:04.2036411Z 
2026-10-10T01:42:04.2036774Z /home/runner/work/chainlesschain/chainlesschain/desktop-app-vue/src/renderer/components/social/ConversationList.vue
2026-10-10T01:42:04.2037311Z ##[warning]  112:10  warning  'message' is defined but never used. Allowed unused vars must match /^_/u  @typescript-eslint/no-unused-vars
2026-10-10T01:42:04.2037619Z 
2026-10-10T01:42:04.2037956Z /home/runner/work/chainlesschain/chainlesschain/desktop-app-vue/src/renderer/components/social/ForumList.vue
2026-10-10T01:42:04.2038558Z ##[warning]  305:7  warning  'socialStore' is assigned a value but never used. Allowed unused vars must match /^_/u     @typescript-eslint/no-unused-vars
2026-10-10T01:42:04.2039460Z ##[warning]  323:7  warning  'currentUserDid' is assigned a value but never used. Allowed unused vars must match /^_/u  @typescript-eslint/no-unused-vars
2026-10-10T01:42:04.2039764Z 
2026-10-10T01:42:04.2040114Z /home/runner/work/chainlesschain/chainlesschain/desktop-app-vue/src/renderer/components/social/MessageBubble.vue
2026-10-10T01:42:04.2040615Z ##[warning]  553:28  warning  'e' is defined but never used. Allowed unused args must match /^_/u  @typescript-eslint/no-unused-vars
2026-10-10T01:42:04.2040920Z 
2026-10-10T01:42:04.2041275Z /home/runner/work/chainlesschain/chainlesschain/desktop-app-vue/src/renderer/components/social/MomentsTimeline.vue
2026-10-10T01:42:04.2041864Z ##[warning]  247:7   warning  'socialStore' is assigned a value but never used. Allowed unused vars must match /^_/u  @typescript-eslint/no-unused-vars
2026-10-10T01:42:04.2042834Z ##[warning]  405:22  warning  'moment' is defined but never used. Allowed unused args must match /^_/u                @typescript-eslint/no-unused-vars
2026-10-10T01:42:04.2043134Z 
2026-10-10T01:42:04.2043479Z /home/runner/work/chainlesschain/chainlesschain/desktop-app-vue/src/renderer/components/social/PhotoViewer.vue
2026-10-10T01:42:04.2044035Z ##[warning]  301:15  warning  'dialog' is assigned a value but never used. Allowed unused vars must match /^_/u  @typescript-eslint/no-unused-vars
2026-10-10T01:42:04.2044338Z 
2026-10-10T01:42:04.2044731Z /home/runner/work/chainlesschain/chainlesschain/desktop-app-vue/src/renderer/components/templates/TemplateVariableModal.vue
2026-10-10T01:42:04.2045500Z ##[warning]  240:7  warning  'router' is assigned a value but never used. Allowed unused vars must match /^_/u        @typescript-eslint/no-unused-vars
2026-10-10T01:42:04.2046429Z ##[warning]  242:7  warning  'projectStore' is assigned a value but never used. Allowed unused vars must match /^_/u  @typescript-eslint/no-unused-vars
2026-10-10T01:42:04.2047342Z ##[warning]  243:7  warning  'authStore' is assigned a value but never used. Allowed unused vars must match /^_/u     @typescript-eslint/no-unused-vars
2026-10-10T01:42:04.2047664Z 
2026-10-10T01:42:04.2048026Z /home/runner/work/chainlesschain/chainlesschain/desktop-app-vue/src/renderer/components/trade/AssetCreate.vue
2026-10-10T01:42:04.2048663Z ##[warning]  270:7  warning  'props' is assigned a value but never used. Allowed unused vars must match /^_/u  @typescript-eslint/no-unused-vars
2026-10-10T01:42:04.2048973Z 
2026-10-10T01:42:04.2049315Z /home/runner/work/chainlesschain/chainlesschain/desktop-app-vue/src/renderer/components/trade/AssetList.vue
2026-10-10T01:42:04.2049850Z ##[warning]  292:35  warning  'asset' is defined but never used. Allowed unused args must match /^_/u  @typescript-eslint/no-unused-vars
2026-10-10T01:42:04.2050761Z ##[warning]  308:21  warning  'asset' is defined but never used. Allowed unused args must match /^_/u  @typescript-eslint/no-unused-vars
2026-10-10T01:42:04.2051069Z 
2026-10-10T01:42:04.2051431Z /home/runner/work/chainlesschain/chainlesschain/desktop-app-vue/src/renderer/components/trade/AssetQRModal.vue
2026-10-10T01:42:04.2052011Z ##[warning]  141:11  warning  'qrData' is assigned a value but never used. Allowed unused vars must match /^_/u  @typescript-eslint/no-unused-vars
2026-10-10T01:42:04.2052333Z 
2026-10-10T01:42:04.2052676Z /home/runner/work/chainlesschain/chainlesschain/desktop-app-vue/src/renderer/components/trade/ContractList.vue
2026-10-10T01:42:04.2053334Z ##[warning]  134:3  warning  'EyeOutlined' is defined but never used. Allowed unused vars must match /^_/u                         @typescript-eslint/no-unused-vars
2026-10-10T01:42:04.2054288Z ##[warning]  135:3  warning  'EllipsisOutlined' is defined but never used. Allowed unused vars must match /^_/u                    @typescript-eslint/no-unused-vars
2026-10-10T01:42:04.2055416Z ##[warning]  136:3  warning  'CheckCircleOutlined' is defined but never used. Allowed unused vars must match /^_/u                 @typescript-eslint/no-unused-vars
2026-10-10T01:42:04.2056349Z ##[warning]  137:3  warning  'EditOutlined' is defined but never used. Allowed unused vars must match /^_/u                        @typescript-eslint/no-unused-vars
2026-10-10T01:42:04.2057288Z ##[warning]  138:3  warning  'CheckSquareOutlined' is defined but never used. Allowed unused vars must match /^_/u                 @typescript-eslint/no-unused-vars
2026-10-10T01:42:04.2058233Z ##[warning]  139:3  warning  'PlayCircleOutlined' is defined but never used. Allowed unused vars must match /^_/u                  @typescript-eslint/no-unused-vars
2026-10-10T01:42:04.2059165Z ##[warning]  140:3  warning  'CloseCircleOutlined' is defined but never used. Allowed unused vars must match /^_/u                 @typescript-eslint/no-unused-vars
2026-10-10T01:42:04.2060096Z ##[warning]  141:3  warning  'WarningOutlined' is defined but never used. Allowed unused vars must match /^_/u                     @typescript-eslint/no-unused-vars
2026-10-10T01:42:04.2061120Z ##[warning]  142:3  warning  'UserOutlined' is defined but never used. Allowed unused vars must match /^_/u                        @typescript-eslint/no-unused-vars
2026-10-10T01:42:04.2062093Z ##[warning]  143:3  warning  'ClockCircleOutlined' is defined but never used. Allowed unused vars must match /^_/u                 @typescript-eslint/no-unused-vars
2026-10-10T01:42:04.2063027Z ##[warning]  191:7  warning  'canOperate' is assigned a value but never used. Allowed unused vars must match /^_/u                 @typescript-eslint/no-unused-vars
2026-10-10T01:42:04.2063974Z ##[warning]  237:7  warning  'handleActivate' is assigned a value but never used. Allowed unused vars must match /^_/u             @typescript-eslint/no-unused-vars
2026-10-10T01:42:04.2064941Z ##[warning]  263:7  warning  'handleCheckConditions' is assigned a value but never used. Allowed unused vars must match /^_/u      @typescript-eslint/no-unused-vars
2026-10-10T01:42:04.2066125Z ##[warning]  317:7  warning  'handleInitiateArbitration' is assigned a value but never used. Allowed unused vars must match /^_/u  @typescript-eslint/no-unused-vars
2026-10-10T01:42:04.2066438Z 
2026-10-10T01:42:04.2066787Z /home/runner/work/chainlesschain/chainlesschain/desktop-app-vue/src/renderer/components/trade/ContractSign.vue
2026-10-10T01:42:04.2067407Z ##[warning]  337:11  warning  'signatureData' is assigned a value but never used. Allowed unused vars must match /^_/u  @typescript-eslint/no-unused-vars
2026-10-10T01:42:04.2067709Z 
2026-10-10T01:42:04.2068052Z /home/runner/work/chainlesschain/chainlesschain/desktop-app-vue/src/renderer/components/trade/EscrowList.vue
2026-10-10T01:42:04.2068590Z ##[warning]  449:33  warning  'filters' is defined but never used. Allowed unused args must match /^_/u  @typescript-eslint/no-unused-vars
2026-10-10T01:42:04.2069515Z ##[warning]  449:42  warning  'sorter' is defined but never used. Allowed unused args must match /^_/u   @typescript-eslint/no-unused-vars
2026-10-10T01:42:04.2069819Z 
2026-10-10T01:42:04.2070198Z /home/runner/work/chainlesschain/chainlesschain/desktop-app-vue/src/renderer/components/trade/Marketplace-optimized.vue
2026-10-10T01:42:04.2070754Z ##[warning]  418:59  warning  'totalPrice' is defined but never used. Allowed unused args must match /^_/u  @typescript-eslint/no-unused-vars
2026-10-10T01:42:04.2071062Z 
2026-10-10T01:42:04.2071400Z /home/runner/work/chainlesschain/chainlesschain/desktop-app-vue/src/renderer/components/trade/Marketplace.vue
2026-10-10T01:42:04.2071941Z ##[warning]  426:59  warning  'totalPrice' is defined but never used. Allowed unused args must match /^_/u  @typescript-eslint/no-unused-vars
2026-10-10T01:42:04.2072244Z 
2026-10-10T01:42:04.2072605Z /home/runner/work/chainlesschain/chainlesschain/desktop-app-vue/src/renderer/components/trade/TransactionList.vue
2026-10-10T01:42:04.2073137Z ##[warning]  341:33  warning  'filters' is defined but never used. Allowed unused args must match /^_/u  @typescript-eslint/no-unused-vars
2026-10-10T01:42:04.2073953Z ##[warning]  341:42  warning  'sorter' is defined but never used. Allowed unused args must match /^_/u   @typescript-eslint/no-unused-vars
2026-10-10T01:42:04.2074258Z 
2026-10-10T01:42:04.2074628Z /home/runner/work/chainlesschain/chainlesschain/desktop-app-vue/src/renderer/components/trade/TransactionStatistics.vue
2026-10-10T01:42:04.2075297Z ##[warning]  212:11  warning  'filters' is assigned a value but never used. Allowed unused vars must match /^_/u  @typescript-eslint/no-unused-vars
2026-10-10T01:42:04.2075599Z 
2026-10-10T01:42:04.2075965Z /home/runner/work/chainlesschain/chainlesschain/desktop-app-vue/src/renderer/components/trade/common/DIDSelector.vue
2026-10-10T01:42:04.2076606Z ##[warning]  290:23  warning  'input' is defined but never used. Allowed unused args must match /^_/u   @typescript-eslint/no-unused-vars
2026-10-10T01:42:04.2077422Z ##[warning]  290:30  warning  'option' is defined but never used. Allowed unused args must match /^_/u  @typescript-eslint/no-unused-vars
2026-10-10T01:42:04.2077830Z 
2026-10-10T01:42:04.2078189Z /home/runner/work/chainlesschain/chainlesschain/desktop-app-vue/src/renderer/components/trade/common/StatusBadge.vue
2026-10-10T01:42:04.2078753Z ##[warning]  23:3  warning  'FireOutlined' is defined but never used. Allowed unused vars must match /^_/u  @typescript-eslint/no-unused-vars
2026-10-10T01:42:04.2079064Z 
2026-10-10T01:42:04.2079413Z /home/runner/work/chainlesschain/chainlesschain/desktop-app-vue/src/renderer/components/ukey/BiometricPrompt.vue
2026-10-10T01:42:04.2080067Z ##[warning]  116:7  warning  'promptTitle' is assigned a value but never used. Allowed unused vars must match /^_/u  @typescript-eslint/no-unused-vars
2026-10-10T01:42:04.2080371Z 
2026-10-10T01:42:04.2080706Z /home/runner/work/chainlesschain/chainlesschain/desktop-app-vue/src/renderer/components/ukey/DevicePicker.vue
2026-10-10T01:42:04.2081245Z ##[warning]  130:9  warning  't' is assigned a value but never used. Allowed unused vars must match /^_/u  @typescript-eslint/no-unused-vars
2026-10-10T01:42:04.2081545Z 
2026-10-10T01:42:04.2081888Z /home/runner/work/chainlesschain/chainlesschain/desktop-app-vue/src/renderer/components/webide/EditorPanel.vue
2026-10-10T01:42:04.2082499Z ##[warning]  63:7  warning  'props' is assigned a value but never used. Allowed unused vars must match /^_/u  @typescript-eslint/no-unused-vars
2026-10-10T01:42:04.2082798Z 
2026-10-10T01:42:04.2083150Z /home/runner/work/chainlesschain/chainlesschain/desktop-app-vue/src/renderer/components/workflow/StageDetail.vue
2026-10-10T01:42:04.2083757Z ##[warning]  139:7  warning  'props' is assigned a value but never used. Allowed unused vars must match /^_/u  @typescript-eslint/no-unused-vars
2026-10-10T01:42:04.2084065Z 
2026-10-10T01:42:04.2084416Z /home/runner/work/chainlesschain/chainlesschain/desktop-app-vue/src/renderer/components/workflow/StepTimeline.vue
2026-10-10T01:42:04.2085213Z ##[warning]  90:7  warning  'props' is assigned a value but never used. Allowed unused vars must match /^_/u  @typescript-eslint/no-unused-vars
2026-10-10T01:42:04.2085517Z 
2026-10-10T01:42:04.2085880Z /home/runner/work/chainlesschain/chainlesschain/desktop-app-vue/src/renderer/components/workflow/WorkflowCanvas.vue
2026-10-10T01:42:04.2086426Z ##[warning]  42:7  warning  'props' is assigned a value but never used. Allowed unused vars must match /^_/u  @typescript-eslint/no-unused-vars
2026-10-10T01:42:04.2086733Z 
2026-10-10T01:42:04.2087112Z /home/runner/work/chainlesschain/chainlesschain/desktop-app-vue/src/renderer/components/workflow/WorkflowProgress.vue
2026-10-10T01:42:04.2087671Z ##[warning]  270:32  warning  'stageIndex' is defined but never used. Allowed unused args must match /^_/u  @typescript-eslint/no-unused-vars
2026-10-10T01:42:04.2088382Z ##[warning]  486:51  warning  Expected { after 'for-of'                                                     curly
2026-10-10T01:42:04.2088680Z 
2026-10-10T01:42:04.2089053Z /home/runner/work/chainlesschain/chainlesschain/desktop-app-vue/src/renderer/components/workflow/WorkflowSummary.vue
2026-10-10T01:42:04.2089606Z ##[warning]  162:7  warning  'emit' is assigned a value but never used. Allowed unused vars must match /^_/u  @typescript-eslint/no-unused-vars
2026-10-10T01:42:04.2089907Z 
2026-10-10T01:42:04.2090288Z /home/runner/work/chainlesschain/chainlesschain/desktop-app-vue/src/renderer/components/workspace/WorkspaceSelector.vue
2026-10-10T01:42:04.2090891Z ##[warning]  223:7  warning  'props' is assigned a value but never used. Allowed unused vars must match /^_/u  @typescript-eslint/no-unused-vars
2026-10-10T01:42:04.2091193Z 
2026-10-10T01:42:04.2091542Z /home/runner/work/chainlesschain/chainlesschain/desktop-app-vue/src/renderer/composables/usePluginExtensions.ts
2026-10-10T01:42:04.2092241Z ##[warning]  243:7  warning  'registeredRoutes' is assigned a value but never used. Allowed unused vars must match /^_/u  @typescript-eslint/no-unused-vars
2026-10-10T01:42:04.2092676Z 
2026-10-10T01:42:04.2093009Z /home/runner/work/chainlesschain/chainlesschain/desktop-app-vue/src/renderer/pages/AudioImportPage.vue
2026-10-10T01:42:04.2093611Z ##[warning]  517:29  warning  'file' is defined but never used. Allowed unused args must match /^_/u  @typescript-eslint/no-unused-vars
2026-10-10T01:42:04.2093916Z 
2026-10-10T01:42:04.2094235Z /home/runner/work/chainlesschain/chainlesschain/desktop-app-vue/src/renderer/pages/BackupDashboard.vue
2026-10-10T01:42:04.2094744Z ##[warning]  321:29  warning  'id' is defined but never used. Allowed unused args must match /^_/u  @typescript-eslint/no-unused-vars
2026-10-10T01:42:04.2095141Z 
2026-10-10T01:42:04.2095469Z /home/runner/work/chainlesschain/chainlesschain/desktop-app-vue/src/renderer/pages/CollabEditorPage.vue
2026-10-10T01:42:04.2096014Z ##[warning]  417:9  warning  'text' is assigned a value but never used. Allowed unused vars must match /^_/u  @typescript-eslint/no-unused-vars
2026-10-10T01:42:04.2096330Z 
2026-10-10T01:42:04.2096649Z /home/runner/work/chainlesschain/chainlesschain/desktop-app-vue/src/renderer/pages/CoworkAnalytics.vue
2026-10-10T01:42:04.2097237Z ##[warning]  713:9  warning  'priorities' is assigned a value but never used. Allowed unused vars must match /^_/u  @typescript-eslint/no-unused-vars
2026-10-10T01:42:04.2097548Z 
2026-10-10T01:42:04.2097864Z /home/runner/work/chainlesschain/chainlesschain/desktop-app-vue/src/renderer/pages/CoworkDashboard.vue
2026-10-10T01:42:04.2098425Z ##[warning]  263:7  warning  'router' is assigned a value but never used. Allowed unused vars must match /^_/u  @typescript-eslint/no-unused-vars
2026-10-10T01:42:04.2099275Z ##[warning]  288:7  warning  'teams' is assigned a value but never used. Allowed unused vars must match /^_/u   @typescript-eslint/no-unused-vars
2026-10-10T01:42:04.2099582Z 
2026-10-10T01:42:04.2099908Z /home/runner/work/chainlesschain/chainlesschain/desktop-app-vue/src/renderer/pages/DemoTemplatesPage.vue
2026-10-10T01:42:04.2100599Z ##[warning]  225:3   warning  'SearchOutlined' is defined but never used. Allowed unused vars must match /^_/u     @typescript-eslint/no-unused-vars
2026-10-10T01:42:04.2101478Z ##[warning]  226:3   warning  'CloudOutlined' is defined but never used. Allowed unused vars must match /^_/u      @typescript-eslint/no-unused-vars
2026-10-10T01:42:04.2102338Z ##[warning]  361:19  warning  'category' is assigned a value but never used. Allowed unused vars must match /^_/u  @typescript-eslint/no-unused-vars
2026-10-10T01:42:04.2102635Z 
2026-10-10T01:42:04.2102936Z /home/runner/work/chainlesschain/chainlesschain/desktop-app-vue/src/renderer/pages/HomePage.vue
2026-10-10T01:42:04.2103513Z ##[warning]  124:7  warning  'authStore' is assigned a value but never used. Allowed unused vars must match /^_/u  @typescript-eslint/no-unused-vars
2026-10-10T01:42:04.2104375Z ##[warning]  348:7  warning  'openTab' is assigned a value but never used. Allowed unused vars must match /^_/u    @typescript-eslint/no-unused-vars
2026-10-10T01:42:04.2104672Z 
2026-10-10T01:42:04.2105218Z /home/runner/work/chainlesschain/chainlesschain/desktop-app-vue/src/renderer/pages/OrganizationMembersPage.vue
2026-10-10T01:42:04.2105886Z ##[warning]  465:7  warning  'canInviteMembers' is assigned a value but never used. Allowed unused vars must match /^_/u  @typescript-eslint/no-unused-vars
2026-10-10T01:42:04.2106789Z ##[warning]  501:7  warning  'isOnline' is assigned a value but never used. Allowed unused vars must match /^_/u          @typescript-eslint/no-unused-vars
2026-10-10T01:42:04.2107098Z 
2026-10-10T01:42:04.2107427Z /home/runner/work/chainlesschain/chainlesschain/desktop-app-vue/src/renderer/pages/PermissionAuditLog.vue
2026-10-10T01:42:04.2107950Z ##[warning]  180:18  warning  'emit' is defined but never used. Allowed unused args must match /^_/u  @typescript-eslint/no-unused-vars
2026-10-10T01:42:04.2108252Z 
2026-10-10T01:42:04.2108605Z /home/runner/work/chainlesschain/chainlesschain/desktop-app-vue/src/renderer/pages/PermissionManagementPage.vue
2026-10-10T01:42:04.2109171Z ##[warning]  303:11  warning  'route' is assigned a value but never used. Allowed unused vars must match /^_/u  @typescript-eslint/no-unused-vars
2026-10-10T01:42:04.2110129Z ##[warning]  521:41  warning  'template' is defined but never used. Allowed unused args must match /^_/u        @typescript-eslint/no-unused-vars
2026-10-10T01:42:04.2110436Z 
2026-10-10T01:42:04.2110778Z /home/runner/work/chainlesschain/chainlesschain/desktop-app-vue/src/renderer/pages/PermissionStatisticsTab.vue
2026-10-10T01:42:04.2111282Z ##[warning]  242:18  warning  'emit' is defined but never used. Allowed unused args must match /^_/u  @typescript-eslint/no-unused-vars
2026-10-10T01:42:04.2111583Z 
2026-10-10T01:42:04.2111896Z /home/runner/work/chainlesschain/chainlesschain/desktop-app-vue/src/renderer/pages/SettingsPage.vue
2026-10-10T01:42:04.2112494Z ##[warning]  332:7  warning  'handleBack' is assigned a value but never used. Allowed unused vars must match /^_/u  @typescript-eslint/no-unused-vars
2026-10-10T01:42:04.2112804Z 
2026-10-10T01:42:04.2113134Z /home/runner/work/chainlesschain/chainlesschain/desktop-app-vue/src/renderer/pages/SkillManagement.vue
2026-10-10T01:42:04.2113658Z ##[warning]  600:28  warning  'skill' is defined but never used. Allowed unused args must match /^_/u  @typescript-eslint/no-unused-vars
2026-10-10T01:42:04.2113964Z 
2026-10-10T01:42:04.2114258Z /home/runner/work/chainlesschain/chainlesschain/desktop-app-vue/src/renderer/pages/Wallet.vue
2026-10-10T01:42:04.2114825Z ##[warning]  578:41  warning  'transaction' is defined but never used. Allowed unused args must match /^_/u  @typescript-eslint/no-unused-vars
2026-10-10T01:42:04.2115232Z 
2026-10-10T01:42:04.2115575Z /home/runner/work/chainlesschain/chainlesschain/desktop-app-vue/src/renderer/pages/WorkflowMonitorPage.vue
2026-10-10T01:42:04.2115870Z ##[warning]  248:50  warning  Expected { after 'if' condition  curly
2026-10-10T01:42:04.2116183Z 
2026-10-10T01:42:04.2116658Z /home/runner/work/chainlesschain/chainlesschain/desktop-app-vue/src/renderer/pages/crossorg/PartnerCenterPage.vue
2026-10-10T01:42:04.2117303Z ##[warning]  263:7   warning  'router' is assigned a value but never used. Allowed unused vars must match /^_/u  @typescript-eslint/no-unused-vars
2026-10-10T01:42:04.2118167Z ##[warning]  370:22  warning  'partner' is defined but never used. Allowed unused args must match /^_/u          @typescript-eslint/no-unused-vars
2026-10-10T01:42:04.2119016Z ##[warning]  374:28  warning  'partner' is defined but never used. Allowed unused args must match /^_/u          @typescript-eslint/no-unused-vars
2026-10-10T01:42:04.2119315Z 
2026-10-10T01:42:04.2119713Z /home/runner/work/chainlesschain/chainlesschain/desktop-app-vue/src/renderer/pages/crossorg/SharedWorkspaceDetailPage.vue
2026-10-10T01:42:04.2120269Z ##[warning]  302:29  warning  'memberDid' is defined but never used. Allowed unused args must match /^_/u  @typescript-eslint/no-unused-vars
2026-10-10T01:42:04.2121106Z ##[warning]  306:25  warning  'resource' is defined but never used. Allowed unused args must match /^_/u   @typescript-eslint/no-unused-vars
2026-10-10T01:42:04.2121407Z 
2026-10-10T01:42:04.2121758Z /home/runner/work/chainlesschain/chainlesschain/desktop-app-vue/src/renderer/pages/design/DesignEditorPage.vue
2026-10-10T01:42:04.2122348Z ##[warning]  161:3  warning  'computed' is defined but never used. Allowed unused vars must match /^_/u  @typescript-eslint/no-unused-vars
2026-10-10T01:42:04.2122651Z 
2026-10-10T01:42:04.2123018Z /home/runner/work/chainlesschain/chainlesschain/desktop-app-vue/src/renderer/pages/enterprise/EnterpriseOrgPage.vue
2026-10-10T01:42:04.2123623Z ##[warning]  383:3  warning  'Department' is defined but never used. Allowed unused vars must match /^_/u  @typescript-eslint/no-unused-vars
2026-10-10T01:42:04.2123929Z 
2026-10-10T01:42:04.2124273Z /home/runner/work/chainlesschain/chainlesschain/desktop-app-vue/src/renderer/pages/p2p/DevicePairingPage.vue
2026-10-10T01:42:04.2124905Z ##[warning]  168:15  warning  'result' is assigned a value but never used. Allowed unused vars must match /^_/u  @typescript-eslint/no-unused-vars
2026-10-10T01:42:04.2125472Z 
2026-10-10T01:42:04.2125867Z /home/runner/work/chainlesschain/chainlesschain/desktop-app-vue/src/renderer/pages/permissions/PermissionSettingsPage.vue
2026-10-10T01:42:04.2126484Z ##[warning]  232:24  warning  'userId' is defined but never used. Allowed unused args must match /^_/u      @typescript-eslint/no-unused-vars
2026-10-10T01:42:04.2127353Z ##[warning]  232:32  warning  'permission' is defined but never used. Allowed unused args must match /^_/u  @typescript-eslint/no-unused-vars
2026-10-10T01:42:04.2128177Z ##[warning]  237:33  warning  'userId' is defined but never used. Allowed unused args must match /^_/u      @typescript-eslint/no-unused-vars
2026-10-10T01:42:04.2129008Z ##[warning]  237:41  warning  'permission' is defined but never used. Allowed unused args must match /^_/u  @typescript-eslint/no-unused-vars
2026-10-10T01:42:04.2129831Z ##[warning]  237:53  warning  'checked' is defined but never used. Allowed unused args must match /^_/u     @typescript-eslint/no-unused-vars
2026-10-10T01:42:04.2130141Z 
2026-10-10T01:42:04.2130502Z /home/runner/work/chainlesschain/chainlesschain/desktop-app-vue/src/renderer/pages/projects/CollaborationPage.vue
2026-10-10T01:42:04.2212403Z ##[warning]  437:7  warning  'authStore' is assigned a value but never used. Allowed unused vars must match /^_/u  @typescript-eslint/no-unused-vars
2026-10-10T01:42:04.2213193Z 
2026-10-10T01:42:04.2213643Z /home/runner/work/chainlesschain/chainlesschain/desktop-app-vue/src/renderer/pages/projects/MarketPage.vue
2026-10-10T01:42:04.2214464Z ##[warning]  521:3  warning  'SafetyOutlined' is defined but never used. Allowed unused vars must match /^_/u      @typescript-eslint/no-unused-vars
2026-10-10T01:42:04.2215650Z ##[warning]  526:7  warning  'authStore' is assigned a value but never used. Allowed unused vars must match /^_/u  @typescript-eslint/no-unused-vars
2026-10-10T01:42:04.2215998Z 
2026-10-10T01:42:04.2216729Z /home/runner/work/chainlesschain/chainlesschain/desktop-app-vue/src/renderer/pages/projects/NewProjectPage.vue
2026-10-10T01:42:04.2217572Z ##[warning]  112:3  warning  'ExclamationCircleOutlined' is defined but never used. Allowed unused vars must match /^_/u               @typescript-eslint/no-unused-vars
2026-10-10T01:42:04.2218626Z ##[warning]  120:7  warning  'projectStore' is assigned a value but never used. Allowed unused vars must match /^_/u                   @typescript-eslint/no-unused-vars
2026-10-10T01:42:04.2219698Z ##[warning]  185:7  warning  'handleTemplateSelectFromModal' is assigned a value but never used. Allowed unused vars must match /^_/u  @typescript-eslint/no-unused-vars
2026-10-10T01:42:04.2220017Z 
2026-10-10T01:42:04.2220413Z /home/runner/work/chainlesschain/chainlesschain/desktop-app-vue/src/renderer/pages/projects/ProjectDetailPage.vue
2026-10-10T01:42:04.2221133Z ##[warning]    76:16  warning  Expected 1 line break after opening tag (`<a-button>`), but no line breaks found                       vue/multiline-html-element-content-newline
2026-10-10T01:42:04.2222175Z ##[warning]    76:23  warning  Expected 1 line break before closing tag (`</a-button>`), but no line breaks found                     vue/multiline-html-element-content-newline
2026-10-10T01:42:04.2223180Z ##[warning]   554:3   warning  'getProjectTypeColor' is defined but never used. Allowed unused vars must match /^_/u                  @typescript-eslint/no-unused-vars
2026-10-10T01:42:04.2224181Z ##[warning]   555:3   warning  'getProjectTypeText' is defined but never used. Allowed unused vars must match /^_/u                   @typescript-eslint/no-unused-vars
2026-10-10T01:42:04.2225219Z ##[warning]   556:3   warning  'getStatusColor' is defined but never used. Allowed unused vars must match /^_/u                       @typescript-eslint/no-unused-vars
2026-10-10T01:42:04.2226176Z ##[warning]   557:3   warning  'getStatusText' is defined but never used. Allowed unused vars must match /^_/u                        @typescript-eslint/no-unused-vars
2026-10-10T01:42:04.2227255Z ##[warning]   558:3   warning  'formatDate' is defined but never used. Allowed unused vars must match /^_/u                           @typescript-eslint/no-unused-vars
2026-10-10T01:42:04.2228239Z ##[warning]   575:3   warning  'FileAddOutlined' is defined but never used. Allowed unused vars must match /^_/u                      @typescript-eslint/no-unused-vars
2026-10-10T01:42:04.2229236Z ##[warning]   579:3   warning  'CommentOutlined' is defined but never used. Allowed unused vars must match /^_/u                      @typescript-eslint/no-unused-vars
2026-10-10T01:42:04.2230173Z ##[warning]   625:3   warning  'debounce' is defined but never used. Allowed unused vars must match /^_/u                             @typescript-eslint/no-unused-vars
2026-10-10T01:42:04.2231153Z ##[warning]   627:3   warning  'getCacheStats' is defined but never used. Allowed unused vars must match /^_/u                        @typescript-eslint/no-unused-vars
2026-10-10T01:42:04.2232111Z ##[warning]   633:3   warning  'workerManager' is defined but never used. Allowed unused vars must match /^_/u                        @typescript-eslint/no-unused-vars
2026-10-10T01:42:04.2233100Z ##[warning]   645:3   warning  'enableHoverPrefetch' is defined but never used. Allowed unused vars must match /^_/u                  @typescript-eslint/no-unused-vars
2026-10-10T01:42:04.2234080Z ##[warning]   918:7   warning  'requestBatcher' is assigned a value but never used. Allowed unused vars must match /^_/u              @typescript-eslint/no-unused-vars
2026-10-10T01:42:04.2235123Z ##[warning]   943:7   warning  'a11yManager' is assigned a value but never used. Allowed unused vars must match /^_/u                 @typescript-eslint/no-unused-vars
2026-10-10T01:42:04.2236106Z ##[warning]  1472:7   warning  'handleFileChange' is assigned a value but never used. Allowed unused vars must match /^_/u            @typescript-eslint/no-unused-vars
2026-10-10T01:42:04.2258019Z ##[warning]  1472:27  warning  'content' is defined but never used. Allowed unused args must match /^_/u                              @typescript-eslint/no-unused-vars
2026-10-10T01:42:04.2259071Z ##[warning]  1611:7   warning  'handleSelectFileFromInfo' is assigned a value but never used. Allowed unused vars must match /^_/u    @typescript-eslint/no-unused-vars
2026-10-10T01:42:04.2260098Z ##[warning]  1616:7   warning  'handleFilePreviewFromInfo' is assigned a value but never used. Allowed unused vars must match /^_/u   @typescript-eslint/no-unused-vars
2026-10-10T01:42:04.2261097Z ##[warning]  1622:7   warning  'handleFileDownloadFromInfo' is assigned a value but never used. Allowed unused vars must match /^_/u  @typescript-eslint/no-unused-vars
2026-10-10T01:42:04.2262071Z ##[warning]  1629:7   warning  'handleUpdateShareType' is assigned a value but never used. Allowed unused vars must match /^_/u       @typescript-eslint/no-unused-vars
2026-10-10T01:42:04.2262389Z 
2026-10-10T01:42:04.2262753Z /home/runner/work/chainlesschain/chainlesschain/desktop-app-vue/src/renderer/pages/projects/ProjectsPage.vue
2026-10-10T01:42:04.2263409Z ##[warning]   643:7   warning  'userName' is assigned a value but never used. Allowed unused vars must match /^_/u                  @typescript-eslint/no-unused-vars
2026-10-10T01:42:04.2264357Z ##[warning]   644:7   warning  'userAvatar' is assigned a value but never used. Allowed unused vars must match /^_/u                @typescript-eslint/no-unused-vars
2026-10-10T01:42:04.2265536Z ##[warning]   645:7   warning  'hasProjects' is assigned a value but never used. Allowed unused vars must match /^_/u               @typescript-eslint/no-unused-vars
2026-10-10T01:42:04.2266538Z ##[warning]   666:7   warning  'paginatedProjects' is assigned a value but never used. Allowed unused vars must match /^_/u         @typescript-eslint/no-unused-vars
2026-10-10T01:42:04.2267502Z ##[warning]   672:7   warning  'filteredTotal' is assigned a value but never used. Allowed unused vars must match /^_/u             @typescript-eslint/no-unused-vars
2026-10-10T01:42:04.2268620Z ##[warning]   675:7   warning  'handleNewConversation' is assigned a value but never used. Allowed unused vars must match /^_/u     @typescript-eslint/no-unused-vars
2026-10-10T01:42:04.2269601Z ##[warning]   680:7   warning  'handleConversationClick' is assigned a value but never used. Allowed unused vars must match /^_/u   @typescript-eslint/no-unused-vars
2026-10-10T01:42:04.2270588Z ##[warning]   686:7   warning  'handleConversationAction' is assigned a value but never used. Allowed unused vars must match /^_/u  @typescript-eslint/no-unused-vars
2026-10-10T01:42:04.2271561Z ##[warning]   803:7   warning  'handleNavClick' is assigned a value but never used. Allowed unused vars must match /^_/u            @typescript-eslint/no-unused-vars
2026-10-10T01:42:04.2272542Z ##[warning]   821:7   warning  'handleUserAction' is assigned a value but never used. Allowed unused vars must match /^_/u          @typescript-eslint/no-unused-vars
2026-10-10T01:42:04.2273477Z ##[warning]   866:51  warning  'attachments' is defined but never used. Allowed unused args must match /^_/u                        @typescript-eslint/no-unused-vars
2026-10-10T01:42:04.2274485Z ##[warning]  1133:7   warning  'handleTemplateSuccess' is assigned a value but never used. Allowed unused vars must match /^_/u     @typescript-eslint/no-unused-vars
2026-10-10T01:42:04.2275517Z ##[warning]  1147:7   warning  'handlePageChange' is assigned a value but never used. Allowed unused vars must match /^_/u          @typescript-eslint/no-unused-vars
2026-10-10T01:42:04.2276430Z ##[warning]  1147:33  warning  'size' is defined but never used. Allowed unused args must match /^_/u                               @typescript-eslint/no-unused-vars
2026-10-10T01:42:04.2277402Z ##[warning]  1151:7   warning  'handlePageSizeChange' is assigned a value but never used. Allowed unused vars must match /^_/u      @typescript-eslint/no-unused-vars
2026-10-10T01:42:04.2278474Z ##[warning]  1157:7   warning  'handleViewProject' is assigned a value but never used. Allowed unused vars must match /^_/u         @typescript-eslint/no-unused-vars
2026-10-10T01:42:04.2279447Z ##[warning]  1172:7   warning  'handleEditProject' is assigned a value but never used. Allowed unused vars must match /^_/u         @typescript-eslint/no-unused-vars
2026-10-10T01:42:04.2301176Z ##[warning]  1177:7   warning  'handleDeleteProject' is assigned a value but never used. Allowed unused vars must match /^_/u       @typescript-eslint/no-unused-vars
2026-10-10T01:42:04.2302247Z ##[warning]  1361:40  warning  'subtask' is defined but never used. Allowed unused args must match /^_/u                            @typescript-eslint/no-unused-vars
2026-10-10T01:42:04.2303198Z ##[warning]  1361:49  warning  'taskPlan' is defined but never used. Allowed unused args must match /^_/u                           @typescript-eslint/no-unused-vars
2026-10-10T01:42:04.2303518Z 
2026-10-10T01:42:04.2303931Z /home/runner/work/chainlesschain/chainlesschain/desktop-app-vue/src/renderer/pages/settings/OrganizationMembersPage.vue
2026-10-10T01:42:04.2304750Z ##[warning]  475:16  warning  'handleViewMemberDetail' is defined but never used. Allowed unused vars must match /^_/u  @typescript-eslint/no-unused-vars
2026-10-10T01:42:04.2305268Z 
2026-10-10T01:42:04.2305627Z /home/runner/work/chainlesschain/chainlesschain/desktop-app-vue/src/renderer/pages/settings/SpeechSettings.vue
2026-10-10T01:42:04.2306248Z ##[warning]  500:7  warning  'isRecording' is assigned a value but never used. Allowed unused vars must match /^_/u  @typescript-eslint/no-unused-vars
2026-10-10T01:42:04.2306555Z 
2026-10-10T01:42:04.2306889Z /home/runner/work/chainlesschain/chainlesschain/desktop-app-vue/src/renderer/pages/tasks/TaskBoardPage.vue
2026-10-10T01:42:04.2307535Z ##[warning]  257:7  warning  'authStore' is assigned a value but never used. Allowed unused vars must match /^_/u  @typescript-eslint/no-unused-vars
2026-10-10T01:42:04.2308413Z ##[warning]  268:7  warning  'tasks' is assigned a value but never used. Allowed unused vars must match /^_/u      @typescript-eslint/no-unused-vars
2026-10-10T01:42:04.2308883Z 
2026-10-10T01:42:04.2309242Z /home/runner/work/chainlesschain/chainlesschain/desktop-app-vue/src/renderer/shell-preview/AppShellPreview.vue
2026-10-10T01:42:04.2309587Z ##[warning]  723:68  warning  Expected { after 'if' condition  curly
2026-10-10T01:42:04.2330886Z ##[warning]  758:42  warning  Expected { after 'if' condition  curly
2026-10-10T01:42:04.2331464Z ##[warning]  783:42  warning  Expected { after 'if' condition  curly
2026-10-10T01:42:04.2331768Z 
2026-10-10T01:42:04.2332075Z /home/runner/work/chainlesschain/chainlesschain/desktop-app-vue/src/renderer/shell/AIChatPanel.vue
2026-10-10T01:42:04.2332729Z ##[warning]  329:3  warning  'MessageType' is defined but never used. Allowed unused vars must match /^_/u  @typescript-eslint/no-unused-vars
2026-10-10T01:42:04.2333045Z 
2026-10-10T01:42:04.2333380Z /home/runner/work/chainlesschain/chainlesschain/desktop-app-vue/src/renderer/shell/NLProgrammingPanel.vue
2026-10-10T01:42:04.2334017Z ##[warning]  50:12  warning  Expected 1 line break after opening tag (`<a-button>`), but no line breaks found    vue/multiline-html-element-content-newline
2026-10-10T01:42:04.2334911Z ##[warning]  50:16  warning  Expected 1 line break before closing tag (`</a-button>`), but no line breaks found  vue/multiline-html-element-content-newline
2026-10-10T01:42:04.2335389Z 
2026-10-10T01:42:04.2335714Z /home/runner/work/chainlesschain/chainlesschain/desktop-app-vue/src/renderer/shell/SessionCorePanel.vue
2026-10-10T01:42:04.2336336Z ##[warning]  121:14  warning  Expected 1 line break after opening tag (`<a-button>`), but no line breaks found    vue/multiline-html-element-content-newline
2026-10-10T01:42:04.2337225Z ##[warning]  121:18  warning  Expected 1 line break before closing tag (`</a-button>`), but no line breaks found  vue/multiline-html-element-content-newline
2026-10-10T01:42:04.2337539Z 
2026-10-10T01:42:04.2337988Z /home/runner/work/chainlesschain/chainlesschain/desktop-app-vue/src/renderer/shell/VideoEditingPanel.vue
2026-10-10T01:42:04.2338605Z ##[warning]  74:18  warning  Expected 1 line break after opening tag (`<a-checkbox>`), but no line breaks found    vue/multiline-html-element-content-newline
2026-10-10T01:42:04.2339507Z ##[warning]  74:29  warning  Expected 1 line break before closing tag (`</a-checkbox>`), but no line breaks found  vue/multiline-html-element-content-newline
2026-10-10T01:42:04.2340397Z ##[warning]  82:18  warning  Expected 1 line break after opening tag (`<a-checkbox>`), but no line breaks found    vue/multiline-html-element-content-newline
2026-10-10T01:42:04.2341282Z ##[warning]  82:24  warning  Expected 1 line break before closing tag (`</a-checkbox>`), but no line breaks found  vue/multiline-html-element-content-newline
2026-10-10T01:42:04.2341584Z 
2026-10-10T01:42:04.2341874Z /home/runner/work/chainlesschain/chainlesschain/desktop-app-vue/src/renderer/stores/audit.ts
2026-10-10T01:42:04.2342477Z ##[warning]  98:30  warning  'T' is defined but never used. Allowed unused vars must match /^_/u  @typescript-eslint/no-unused-vars
2026-10-10T01:42:04.2342786Z 
2026-10-10T01:42:04.2343061Z /home/runner/work/chainlesschain/chainlesschain/desktop-app-vue/src/renderer/stores/call.ts
2026-10-10T01:42:04.2343683Z ##[warning]  107:7  warning  'ipcRenderer' is assigned a value but never used. Allowed unused vars must match /^_/u  @typescript-eslint/no-unused-vars
2026-10-10T01:42:04.2343999Z 
2026-10-10T01:42:04.2344295Z /home/runner/work/chainlesschain/chainlesschain/desktop-app-vue/src/renderer/stores/crossOrg.ts
2026-10-10T01:42:04.2344814Z ##[warning]  208:30  warning  'T' is defined but never used. Allowed unused vars must match /^_/u  @typescript-eslint/no-unused-vars
2026-10-10T01:42:04.2345312Z 
2026-10-10T01:42:04.2345592Z /home/runner/work/chainlesschain/chainlesschain/desktop-app-vue/src/renderer/stores/file.ts
2026-10-10T01:42:04.2346091Z ##[warning]  145:21  warning  'T' is defined but never used. Allowed unused vars must match /^_/u  @typescript-eslint/no-unused-vars
2026-10-10T01:42:04.2346501Z 
2026-10-10T01:42:04.2346812Z /home/runner/work/chainlesschain/chainlesschain/desktop-app-vue/src/renderer/stores/identityStore.ts
2026-10-10T01:42:04.2347297Z ##[warning]  49:36  warning  'T' is defined but never used. Allowed unused vars must match /^_/u  @typescript-eslint/no-unused-vars
2026-10-10T01:42:04.2347602Z 
2026-10-10T01:42:04.2347907Z /home/runner/work/chainlesschain/chainlesschain/desktop-app-vue/src/renderer/stores/permission.ts
2026-10-10T01:42:04.2348408Z ##[warning]  234:30  warning  'T' is defined but never used. Allowed unused vars must match /^_/u  @typescript-eslint/no-unused-vars
2026-10-10T01:42:04.2348712Z 
2026-10-10T01:42:04.2348986Z /home/runner/work/chainlesschain/chainlesschain/desktop-app-vue/src/renderer/stores/task.ts
2026-10-10T01:42:04.2349477Z ##[warning]  143:21  warning  'T' is defined but never used. Allowed unused vars must match /^_/u  @typescript-eslint/no-unused-vars
2026-10-10T01:42:04.2349795Z 
2026-10-10T01:42:04.2350065Z /home/runner/work/chainlesschain/chainlesschain/desktop-app-vue/src/renderer/stores/team.ts
2026-10-10T01:42:04.2350554Z ##[warning]  88:30  warning  'T' is defined but never used. Allowed unused vars must match /^_/u  @typescript-eslint/no-unused-vars
2026-10-10T01:42:04.2350850Z 
2026-10-10T01:42:04.2351145Z /home/runner/work/chainlesschain/chainlesschain/desktop-app-vue/src/renderer/stores/workspace.ts
2026-10-10T01:42:04.2351631Z ##[warning]  91:21  warning  'T' is defined but never used. Allowed unused vars must match /^_/u  @typescript-eslint/no-unused-vars
2026-10-10T01:42:04.2351929Z 
2026-10-10T01:42:04.2352333Z /home/runner/work/chainlesschain/chainlesschain/desktop-app-vue/src/renderer/utils/__tests__/adaptive-performance.test.ts
2026-10-10T01:42:04.2353058Z ##[warning]  32:8  warning  'DeviceProfile' is defined but never used. Allowed unused vars must match /^_/u  @typescript-eslint/no-unused-vars
2026-10-10T01:42:04.2353387Z 
2026-10-10T01:42:04.2353872Z /home/runner/work/chainlesschain/chainlesschain/desktop-app-vue/src/renderer/utils/__tests__/animation-controller.test.ts
2026-10-10T01:42:04.2354441Z ##[warning]  12:8  warning  'AnimateConfig' is defined but never used. Allowed unused vars must match /^_/u  @typescript-eslint/no-unused-vars
2026-10-10T01:42:04.2355403Z ##[warning]  13:8  warning  'SpringConfig' is defined but never used. Allowed unused vars must match /^_/u   @typescript-eslint/no-unused-vars
2026-10-10T01:42:04.2355713Z 
2026-10-10T01:42:04.2356040Z /home/runner/work/chainlesschain/chainlesschain/desktop-app-vue/src/renderer/utils/globalSearchManager.ts
2026-10-10T01:42:04.2356606Z ##[warning]  344:21  warning  'type' is assigned a value but never used. Allowed unused vars must match /^_/u  @typescript-eslint/no-unused-vars
2026-10-10T01:42:04.2356907Z 
2026-10-10T01:42:04.2357229Z /home/runner/work/chainlesschain/chainlesschain/desktop-app-vue/src/renderer/utils/mediaStreamHandler.ts
2026-10-10T01:42:04.2357814Z ##[warning]  157:11  warning  'ElectronGlobal' is defined but never used. Allowed unused vars must match /^_/u  @typescript-eslint/no-unused-vars
2026-10-10T01:42:04.2358120Z 
2026-10-10T01:42:04.2358483Z /home/runner/work/chainlesschain/chainlesschain/desktop-app-vue/src/renderer/utils/optimistic-update-manager.ts
2026-10-10T01:42:04.2359010Z ##[warning]   257:31  warning  'T' is defined but never used. Allowed unused vars must match /^_/u         @typescript-eslint/no-unused-vars
2026-10-10T01:42:04.2359837Z ##[warning]   270:33  warning  'T' is defined but never used. Allowed unused vars must match /^_/u         @typescript-eslint/no-unused-vars
2026-10-10T01:42:04.2360670Z ##[warning]  1075:35  warning  'snapshot' is defined but never used. Allowed unused args must match /^_/u  @typescript-eslint/no-unused-vars
2026-10-10T01:42:04.2360980Z 
2026-10-10T01:42:04.2361303Z /home/runner/work/chainlesschain/chainlesschain/desktop-app-vue/src/renderer/utils/request-batcher.ts
2026-10-10T01:42:04.2361834Z ##[warning]  708:25  warning  'endpoint' is defined but never used. Allowed unused args must match /^_/u  @typescript-eslint/no-unused-vars
2026-10-10T01:42:04.2362241Z 
2026-10-10T01:42:04.2362625Z ✖ 3913 problems (0 errors, 3913 warnings)
2026-10-10T01:42:04.2362855Z   0 errors and 1656 warnings potentially fixable with the `--fix` option.
2026-10-10T01:42:04.2362861Z 
2026-10-10T01:42:04.2399822Z ##[group]Run npm run validate:rules
2026-10-10T01:42:04.2399937Z [36;1mnpm run validate:rules[0m
2026-10-10T01:42:04.2454292Z shell: /usr/bin/bash -e {0}
2026-10-10T01:42:04.2454373Z ##[endgroup]
2026-10-10T01:42:04.3471791Z npm warn config ignoring workspace config at /home/runner/work/chainlesschain/chainlesschain/desktop-app-vue/.npmrc
2026-10-10T01:42:04.3671884Z 
2026-10-10T01:42:04.3672505Z > chainlesschain-desktop-vue@5.0.3-alpha.140 validate:rules
2026-10-10T01:42:04.3672722Z > node scripts/rules-validator.js
2026-10-10T01:42:04.3672734Z 
2026-10-10T01:42:04.3904734Z 🔍 ChainlessChain 规则验证器 v2.0 启动...
2026-10-10T01:42:04.3904984Z 
2026-10-10T01:42:04.3905720Z 📋 [1/7] 检查 SQL 注入防护...
2026-10-10T01:42:04.8562274Z 📋 [2/7] 检查 P2P 加密规范...
2026-10-10T01:42:05.0369027Z 📋 [3/7] 检查敏感信息泄露...
2026-10-10T01:42:05.3230993Z 📋 [4/7] 检查 XSS 风险...
2026-10-10T01:42:05.7032835Z 📋 [5/7] 检查危险函数使用...
2026-10-10T01:42:06.1712986Z 📋 [6/7] 检查硬编码密钥...
2026-10-10T01:42:06.5866020Z 📋 [7/7] 检查依赖项漏洞...
2026-10-10T01:42:09.2955700Z 
2026-10-10T01:42:09.2956235Z ================================================================================
2026-10-10T01:42:09.2957577Z 📊 ChainlessChain 规则验证报告
2026-10-10T01:42:09.2957920Z ================================================================================
2026-10-10T01:42:09.2958225Z 
2026-10-10T01:42:09.2958391Z ⚠️  发现 75 个警告（建议修复）:
2026-10-10T01:42:09.2958538Z 
2026-10-10T01:42:09.2958790Z [1] MEDIUM - SQL_INJECTION
2026-10-10T01:42:09.2959550Z     文件: src/main/ai-engine/autonomous/agent-task-queue.js:553
2026-10-10T01:42:09.2960387Z     问题: 检测到 SQL 语句使用字符串拼接，可能存在注入风险
2026-10-10T01:42:09.2961064Z     代码: `UPDATE autonomous_task_queue SET ${setClauses.join(", ")} WHERE id = ?`,
2026-10-10T01:42:09.2961505Z 
2026-10-10T01:42:09.2961663Z [2] MEDIUM - SQL_INJECTION
2026-10-10T01:42:09.2962240Z     文件: src/main/ai-engine/autonomous/autonomous-agent-runner.js:2125
2026-10-10T01:42:09.2962793Z     问题: 检测到 SQL 语句使用字符串拼接，可能存在注入风险
2026-10-10T01:42:09.2963391Z     代码: `UPDATE autonomous_goals SET ${setClauses.join(", ")} WHERE id = ?`,
2026-10-10T01:42:09.2963756Z 
2026-10-10T01:42:09.2963900Z [3] MEDIUM - SQL_INJECTION
2026-10-10T01:42:09.2964514Z     文件: src/main/ai-engine/cowork/skills/builtin/subtitle-generator/handler.js:343
2026-10-10T01:42:09.2965289Z     问题: 检测到 SQL 语句使用字符串拼接，可能存在注入风险
2026-10-10T01:42:09.2966807Z     代码: message: `## Subtitle Translation Prepared\n\n**Segments**: ${parsed.segments.length}\n**Target language**: ${targetLang}\n\nExtracted ${textLines.length} text lines for AI translation. Use LLM to translate and re-insert into subtitle format.`,
2026-10-10T01:42:09.2967868Z 
2026-10-10T01:42:09.2968011Z [4] MEDIUM - SQL_INJECTION
2026-10-10T01:42:09.2968537Z     文件: src/main/ai-engine/cowork/teammate-tool.js:1718
2026-10-10T01:42:09.2969020Z     问题: 检测到 SQL 语句使用字符串拼接，可能存在注入风险
2026-10-10T01:42:09.2969551Z     代码: `UPDATE cowork_tasks SET ${updates.join(", ")} WHERE id = ?`,
2026-10-10T01:42:09.2969876Z 
2026-10-10T01:42:09.2970023Z [5] MEDIUM - SQL_INJECTION
2026-10-10T01:42:09.2970467Z     文件: src/main/ai-engine/extended-tools-5.js:507
2026-10-10T01:42:09.2970922Z     问题: 检测到 SQL 语句使用字符串拼接，可能存在注入风险
2026-10-10T01:42:09.2971405Z     代码: sqlStatements.push(`CREATE TABLE ${table} (...);`);
2026-10-10T01:42:09.2971694Z 
2026-10-10T01:42:09.2971833Z [6] MEDIUM - SQL_INJECTION
2026-10-10T01:42:09.2972286Z     文件: src/main/ai-engine/extended-tools-5.js:515
2026-10-10T01:42:09.2972754Z     问题: 检测到 SQL 语句使用字符串拼接，可能存在注入风险
2026-10-10T01:42:09.2973207Z     代码: sqlStatements.push(`DROP TABLE ${table};`);
2026-10-10T01:42:09.2973468Z 
2026-10-10T01:42:09.2973606Z [7] MEDIUM - SQL_INJECTION
2026-10-10T01:42:09.2974059Z     文件: src/main/ai-engine/task-planner-enhanced.js:1301
2026-10-10T01:42:09.2974902Z     问题: 检测到 SQL 语句使用字符串拼接，可能存在注入风险
2026-10-10T01:42:09.2975719Z     代码: const sql = `UPDATE project_task_plans SET ${fields.join(", ")} WHERE id = ?`;
2026-10-10T01:42:09.2976102Z 
2026-10-10T01:42:09.2976238Z [8] MEDIUM - SQL_INJECTION
2026-10-10T01:42:09.2976904Z     文件: src/main/audit/compliance-manager.js:287
2026-10-10T01:42:09.2977385Z     问题: 检测到 SQL 语句使用字符串拼接，可能存在注入风险
2026-10-10T01:42:09.2977942Z     代码: `UPDATE compliance_policies SET ${fields.join(", ")} WHERE id = ?`,
2026-10-10T01:42:09.2978292Z 
2026-10-10T01:42:09.2978429Z [9] MEDIUM - SQL_INJECTION
2026-10-10T01:42:09.2978848Z     文件: src/main/audit/compliance-manager.js:383
2026-10-10T01:42:09.2979297Z     问题: 检测到 SQL 语句使用字符串拼接，可能存在注入风险
2026-10-10T01:42:09.2979964Z     代码: `SELECT * FROM compliance_policies ${where} ORDER BY framework, type, created_at DESC`,
2026-10-10T01:42:09.2980391Z 
2026-10-10T01:42:09.2980526Z [10] MEDIUM - SQL_INJECTION
2026-10-10T01:42:09.2980953Z     文件: src/main/audit/data-subject-handler.js:101
2026-10-10T01:42:09.2981430Z     问题: 检测到 SQL 语句使用字符串拼接，可能存在注入风险
2026-10-10T01:42:09.2982215Z     代码: const countRow = await this.db.get(`SELECT COUNT(*) as total FROM data_subject_requests ${whereClause}`, params);
2026-10-10T01:42:09.2982731Z 
2026-10-10T01:42:09.2982892Z [11] MEDIUM - SQL_INJECTION
2026-10-10T01:42:09.2983333Z     文件: src/main/audit/data-subject-handler.js:107
2026-10-10T01:42:09.2983793Z     问题: 检测到 SQL 语句使用字符串拼接，可能存在注入风险
2026-10-10T01:42:09.2984504Z     代码: `SELECT * FROM data_subject_requests ${whereClause} ORDER BY created_at DESC LIMIT ? OFFSET ?`,
2026-10-10T01:42:09.2984947Z 
2026-10-10T01:42:09.2985499Z [12] MEDIUM - SQL_INJECTION
2026-10-10T01:42:09.2985964Z     文件: src/main/audit/data-subject-handler.js:251
2026-10-10T01:42:09.2986429Z     问题: 检测到 SQL 语句使用字符串拼接，可能存在注入风险
2026-10-10T01:42:09.2986992Z     代码: `SELECT * FROM ${table} WHERE subject_did = ? OR user_did = ? OR did = ?`,
2026-10-10T01:42:09.2987347Z 
2026-10-10T01:42:09.2987481Z [13] MEDIUM - SQL_INJECTION
2026-10-10T01:42:09.2987931Z     文件: src/main/audit/data-subject-handler.js:286
2026-10-10T01:42:09.2988383Z     问题: 检测到 SQL 语句使用字符串拼接，可能存在注入风险
2026-10-10T01:42:09.2988941Z     代码: `DELETE FROM ${table} WHERE subject_did = ? OR user_did = ? OR did = ?`,
2026-10-10T01:42:09.2989290Z 
2026-10-10T01:42:09.2989439Z [14] MEDIUM - SQL_INJECTION
2026-10-10T01:42:09.2989863Z     文件: src/main/audit/data-subject-handler.js:364
2026-10-10T01:42:09.2990307Z     问题: 检测到 SQL 语句使用字符串拼接，可能存在注入风险
2026-10-10T01:42:09.2991041Z     代码: `UPDATE ${table} SET ${setClauses.join(', ')} WHERE id = ? AND (subject_did = ? OR user_did = ? OR did = ?)`,
2026-10-10T01:42:09.2991501Z 
2026-10-10T01:42:09.2991642Z [15] MEDIUM - SQL_INJECTION
2026-10-10T01:42:09.2992084Z     文件: src/main/audit/enterprise-audit-logger.js:172
2026-10-10T01:42:09.2992560Z     问题: 检测到 SQL 语句使用字符串拼接，可能存在注入风险
2026-10-10T01:42:09.2993157Z     代码: `CREATE INDEX IF NOT EXISTS idx_audit_${col} ON enterprise_audit_log(${col})`,
2026-10-10T01:42:09.2993549Z 
2026-10-10T01:42:09.2993681Z [16] MEDIUM - SQL_INJECTION
2026-10-10T01:42:09.2994126Z     文件: src/main/audit/enterprise-audit-logger.js:360
2026-10-10T01:42:09.2994584Z     问题: 检测到 SQL 语句使用字符串拼接，可能存在注入风险
2026-10-10T01:42:09.2995218Z     代码: `SELECT COUNT(*) as total FROM enterprise_audit_log ${where}`,
2026-10-10T01:42:09.2995744Z 
2026-10-10T01:42:09.2995892Z [17] MEDIUM - SQL_INJECTION
2026-10-10T01:42:09.2996352Z     文件: src/main/audit/enterprise-audit-logger.js:365
2026-10-10T01:42:09.2996818Z     问题: 检测到 SQL 语句使用字符串拼接，可能存在注入风险
2026-10-10T01:42:09.2997493Z     代码: `SELECT * FROM enterprise_audit_log ${where} ORDER BY created_at DESC LIMIT ? OFFSET ?`,
2026-10-10T01:42:09.2997912Z 
2026-10-10T01:42:09.2998057Z [18] MEDIUM - SQL_INJECTION
2026-10-10T01:42:09.2998512Z     文件: src/main/audit/enterprise-audit-logger.js:552
2026-10-10T01:42:09.2998991Z     问题: 检测到 SQL 语句使用字符串拼接，可能存在注入风险
2026-10-10T01:42:09.3000111Z     代码: `SELECT strftime('${fmt}',timestamp) as period,COUNT(*) as count FROM enterprise_audit_log WHERE timestamp>=? AND timestamp<=? GROUP BY period ORDER BY period ASC`,
2026-10-10T01:42:09.3000999Z 
2026-10-10T01:42:09.3001144Z [19] MEDIUM - SQL_INJECTION
2026-10-10T01:42:09.3001547Z     文件: src/main/auth/sso-manager.js:238
2026-10-10T01:42:09.3001983Z     问题: 检测到 SQL 语句使用字符串拼接，可能存在注入风险
2026-10-10T01:42:09.3002568Z     代码: `CREATE INDEX IF NOT EXISTS ${idx.name} ON ${idx.table}(${idx.column})`,
2026-10-10T01:42:09.3002927Z 
2026-10-10T01:42:09.3003061Z [20] MEDIUM - SQL_INJECTION
2026-10-10T01:42:09.3003460Z     文件: src/main/auth/sso-manager.js:478
2026-10-10T01:42:09.3003878Z     问题: 检测到 SQL 语句使用字符串拼接，可能存在注入风险
2026-10-10T01:42:09.3004446Z     代码: `UPDATE sso_configurations SET ${setClauses.join(", ")} WHERE id = ?`,
2026-10-10T01:42:09.3004807Z 
2026-10-10T01:42:09.3004950Z [21] MEDIUM - SQL_INJECTION
2026-10-10T01:42:09.3005691Z     文件: src/main/blockchain/bridge-manager.js:968
2026-10-10T01:42:09.3006152Z     问题: 检测到 SQL 语句使用字符串拼接，可能存在注入风险
2026-10-10T01:42:09.3006714Z     代码: this.database.run(`UPDATE bridge_transfers SET ${fields} WHERE id = ?`, [
2026-10-10T01:42:09.3007089Z 
2026-10-10T01:42:09.3007230Z [22] MEDIUM - SQL_INJECTION
2026-10-10T01:42:09.3007671Z     文件: src/main/browser/recording/recording-storage.js:196
2026-10-10T01:42:09.3008231Z     问题: 检测到 SQL 语句使用字符串拼接，可能存在注入风险
2026-10-10T01:42:09.3008900Z     代码: const sql = `UPDATE browser_recordings SET ${setClauses.join(", ")} WHERE id = ?`;
2026-10-10T01:42:09.3009308Z 
2026-10-10T01:42:09.3009399Z [23] MEDIUM - SQL_INJECTION
2026-10-10T01:42:09.3009821Z     文件: src/main/browser/workflow/workflow-storage.js:249
2026-10-10T01:42:09.3010134Z     问题: 检测到 SQL 语句使用字符串拼接，可能存在注入风险
2026-10-10T01:42:09.3010510Z     代码: const sql = `UPDATE browser_workflows SET ${setClauses.join(", ")} WHERE id = ?`;
2026-10-10T01:42:09.3010754Z 
2026-10-10T01:42:09.3010847Z [24] MEDIUM - SQL_INJECTION
2026-10-10T01:42:09.3011130Z     文件: src/main/browser/workflow/workflow-storage.js:428
2026-10-10T01:42:09.3011413Z     问题: 检测到 SQL 语句使用字符串拼接，可能存在注入风险
2026-10-10T01:42:09.3011850Z     代码: const sql = `UPDATE browser_workflow_executions SET ${setClauses.join(", ")} WHERE id = ?`;
2026-10-10T01:42:09.3012124Z 
2026-10-10T01:42:09.3012212Z [25] MEDIUM - SQL_INJECTION
2026-10-10T01:42:09.3012500Z     文件: src/main/conversation/conversation-ipc.js:595
2026-10-10T01:42:09.3012805Z     问题: 检测到 SQL 语句使用字符串拼接，可能存在注入风险
2026-10-10T01:42:09.3013152Z     代码: const sql = `UPDATE messages SET ${updates.join(", ")} WHERE id = ?`;
2026-10-10T01:42:09.3013367Z 
2026-10-10T01:42:09.3013476Z [26] MEDIUM - SQL_INJECTION
2026-10-10T01:42:09.3014004Z     文件: src/main/database/database-conversations.js:247
2026-10-10T01:42:09.3014453Z     问题: 检测到 SQL 语句使用字符串拼接，可能存在注入风险
2026-10-10T01:42:09.3015234Z     代码: let query = `SELECT * FROM messages WHERE conversation_id = ? ORDER BY timestamp ${safeOrder}`;
2026-10-10T01:42:09.3015796Z 
2026-10-10T01:42:09.3015961Z [27] MEDIUM - SQL_INJECTION
2026-10-10T01:42:09.3016572Z     文件: src/main/database/database-migration.js:272
2026-10-10T01:42:09.3017340Z     问题: 检测到 SQL 语句使用字符串拼接，可能存在注入风险
2026-10-10T01:42:09.3018230Z     代码: const insertSql = `INSERT INTO "${table.name}" (${columns.map((c) => `"${c}"`).join(", ")}) VALUES (${placeholders})`;
2026-10-10T01:42:09.3018802Z 
2026-10-10T01:42:09.3019064Z [28] MEDIUM - SQL_INJECTION
2026-10-10T01:42:09.3019744Z     文件: src/main/database/database-optimizer.js:282
2026-10-10T01:42:09.3020417Z     问题: 检测到 SQL 语句使用字符串拼接，可能存在注入风险
2026-10-10T01:42:09.3020974Z     代码: sql: `CREATE INDEX IF NOT EXISTS idx_${table}_${column} ON ${table}(${column});`,
2026-10-10T01:42:09.3021284Z 
2026-10-10T01:42:09.3021419Z [29] MEDIUM - SQL_INJECTION
2026-10-10T01:42:09.3021887Z     文件: src/main/database/database-optimizer.js:320
2026-10-10T01:42:09.3022294Z     问题: 检测到 SQL 语句使用字符串拼接，可能存在注入风险
2026-10-10T01:42:09.3022850Z     代码: const sql = `INSERT INTO ${table} (${columns.join(", ")}) VALUES (${placeholders})`;
2026-10-10T01:42:09.3023302Z 
2026-10-10T01:42:09.3023511Z [30] MEDIUM - SQL_INJECTION
2026-10-10T01:42:09.3023946Z     文件: src/main/database/database-optimizer.js:345
2026-10-10T01:42:09.3024366Z     问题: 检测到 SQL 语句使用字符串拼接，可能存在注入风险
2026-10-10T01:42:09.3024806Z     代码: this.queryCache.invalidate(`SELECT.*FROM ${table}`);
2026-10-10T01:42:09.3025781Z 
2026-10-10T01:42:09.3025975Z [31] MEDIUM - SQL_INJECTION
2026-10-10T01:42:09.3026549Z     文件: src/main/database/database-optimizer.js:395
2026-10-10T01:42:09.3027071Z     问题: 检测到 SQL 语句使用字符串拼接，可能存在注入风险
2026-10-10T01:42:09.3027525Z     代码: const sql = `UPDATE ${table} SET ${setClause} WHERE ${idColumn} = ?`;
2026-10-10T01:42:09.3027814Z 
2026-10-10T01:42:09.3028000Z [32] MEDIUM - SQL_INJECTION
2026-10-10T01:42:09.3028391Z     文件: src/main/database/database-optimizer.js:412
2026-10-10T01:42:09.3028834Z     问题: 检测到 SQL 语句使用字符串拼接，可能存在注入风险
2026-10-10T01:42:09.3029311Z     代码: this.queryCache.invalidate(`SELECT.*FROM ${table}`);
2026-10-10T01:42:09.3029529Z 
2026-10-10T01:42:09.3029685Z [33] MEDIUM - SQL_INJECTION
2026-10-10T01:42:09.3030071Z     文件: src/main/database/database-optimizer.js:448
2026-10-10T01:42:09.3030514Z     问题: 检测到 SQL 语句使用字符串拼接，可能存在注入风险
2026-10-10T01:42:09.3030983Z     代码: const count = this.db.get(`SELECT COUNT(*) as count FROM ${tableName}`);
2026-10-10T01:42:09.3031327Z 
2026-10-10T01:42:09.3031453Z [34] MEDIUM - SQL_INJECTION
2026-10-10T01:42:09.3031865Z     文件: src/main/database/index-optimizer.js:118
2026-10-10T01:42:09.3032286Z     问题: 检测到 SQL 语句使用字符串拼接，可能存在注入风险
2026-10-10T01:42:09.3033135Z     代码: suggestion: `CREATE INDEX IF NOT EXISTS idx_${table.name}_${col.name} ON ${table.name}(${col.name})`,
2026-10-10T01:42:09.3033555Z 
2026-10-10T01:42:09.3033742Z [35] MEDIUM - SQL_INJECTION
2026-10-10T01:42:09.3034248Z     文件: src/main/database/query-builder.js:255
2026-10-10T01:42:09.3035205Z     问题: 检测到 SQL 语句使用字符串拼接，可能存在注入风险
2026-10-10T01:42:09.3035795Z     代码: sql = `SELECT ${this._columns.join(", ")} FROM ${this._table}`;
2026-10-10T01:42:09.3036117Z 
2026-10-10T01:42:09.3036325Z [36] MEDIUM - SQL_INJECTION
2026-10-10T01:42:09.3036745Z     文件: src/main/database/query-builder.js:264
2026-10-10T01:42:09.3037365Z     问题: 检测到 SQL 语句使用字符串拼接，可能存在注入风险
2026-10-10T01:42:09.3037831Z     代码: sql = `INSERT INTO ${this._table} (${keys.join(", ")}) VALUES (${placeholders})`;
2026-10-10T01:42:09.3038198Z 
2026-10-10T01:42:09.3038405Z [37] MEDIUM - SQL_INJECTION
2026-10-10T01:42:09.3039120Z     文件: src/main/database/query-builder.js:272
2026-10-10T01:42:09.3039646Z     问题: 检测到 SQL 语句使用字符串拼接，可能存在注入风险
2026-10-10T01:42:09.3040058Z     代码: sql = `UPDATE ${this._table} SET ${sets}`;
2026-10-10T01:42:09.3040250Z 
2026-10-10T01:42:09.3040430Z [38] MEDIUM - SQL_INJECTION
2026-10-10T01:42:09.3040837Z     文件: src/main/database/query-builder.js:277
2026-10-10T01:42:09.3041365Z     问题: 检测到 SQL 语句使用字符串拼接，可能存在注入风险
2026-10-10T01:42:09.3041783Z     代码: sql = `DELETE FROM ${this._table}`;
2026-10-10T01:42:09.3042005Z 
2026-10-10T01:42:09.3042127Z [39] MEDIUM - SQL_INJECTION
2026-10-10T01:42:09.3042615Z     文件: src/main/design/design-manager.js:144
2026-10-10T01:42:09.3043022Z     问题: 检测到 SQL 语句使用字符串拼接，可能存在注入风险
2026-10-10T01:42:09.3043444Z     代码: `UPDATE projects SET ${fields.join(', ')} WHERE id = ?`,
2026-10-10T01:42:09.3043770Z 
2026-10-10T01:42:09.3043936Z [40] MEDIUM - SQL_INJECTION
2026-10-10T01:42:09.3044311Z     文件: src/main/design/design-manager.js:287
2026-10-10T01:42:09.3044774Z     问题: 检测到 SQL 语句使用字符串拼接，可能存在注入风险
2026-10-10T01:42:09.3045495Z     代码: `UPDATE design_artboards SET ${fields.join(', ')} WHERE id = ?`,
2026-10-10T01:42:09.3045817Z 
2026-10-10T01:42:09.3046004Z [41] MEDIUM - SQL_INJECTION
2026-10-10T01:42:09.3046468Z     文件: src/main/design/design-manager.js:409
2026-10-10T01:42:09.3046869Z     问题: 检测到 SQL 语句使用字符串拼接，可能存在注入风险
2026-10-10T01:42:09.3047404Z     代码: `UPDATE design_objects SET ${fields.join(', ')} WHERE id = ?`,
2026-10-10T01:42:09.3047674Z 
2026-10-10T01:42:09.3047795Z [42] MEDIUM - SQL_INJECTION
2026-10-10T01:42:09.3048221Z     文件: src/main/enterprise/bi/bi-engine.js:92
2026-10-10T01:42:09.3048607Z     问题: 检测到 SQL 语句使用字符串拼接，可能存在注入风险
2026-10-10T01:42:09.3049253Z     代码: const generatedSQL = `SELECT * FROM data WHERE description LIKE '%${naturalLanguageQuery.replace(/'/g, "''")}%' LIMIT 100`;
2026-10-10T01:42:09.3049740Z 
2026-10-10T01:42:09.3049894Z [43] MEDIUM - SQL_INJECTION
2026-10-10T01:42:09.3050250Z     文件: src/main/image/image-storage.js:300
2026-10-10T01:42:09.3050695Z     问题: 检测到 SQL 语句使用字符串拼接，可能存在注入风险
2026-10-10T01:42:09.3051130Z     代码: const sql = `UPDATE images SET ${fields.join(", ")} WHERE id = ?`;
2026-10-10T01:42:09.3051416Z 
2026-10-10T01:42:09.3051579Z [44] MEDIUM - SQL_INJECTION
2026-10-10T01:42:09.3051991Z     文件: src/main/llm/instinct-manager.js:373
2026-10-10T01:42:09.3052348Z     问题: 检测到 SQL 语句使用字符串拼接，可能存在注入风险
2026-10-10T01:42:09.3052819Z     代码: `UPDATE instincts SET ${fields.join(", ")} WHERE id = ?`,
2026-10-10T01:42:09.3053077Z 
2026-10-10T01:42:09.3053255Z [45] MEDIUM - SQL_INJECTION
2026-10-10T01:42:09.3053736Z     文件: src/main/llm/memory-augmented-generation.js:528
2026-10-10T01:42:09.3054147Z     问题: 检测到 SQL 语句使用字符串拼接，可能存在注入风险
2026-10-10T01:42:09.3071499Z     代码: this.db.run(`DELETE FROM interaction_history ${where}`, params);
2026-10-10T01:42:09.3071885Z 
2026-10-10T01:42:09.3072047Z [46] MEDIUM - SQL_INJECTION
2026-10-10T01:42:09.3072539Z     文件: src/main/marketplace/plugin-updater.js:519
2026-10-10T01:42:09.3073012Z     问题: 检测到 SQL 语句使用字符串拼接，可能存在注入风险
2026-10-10T01:42:09.3073655Z     代码: `[PluginUpdater] Auto-update for ${pluginId} set to ${enabled ? "enabled" : "disabled"}`,
2026-10-10T01:42:09.3074106Z 
2026-10-10T01:42:09.3074266Z [47] MEDIUM - SQL_INJECTION
2026-10-10T01:42:09.3074742Z     文件: src/main/memory/memory-hierarchy.js:682
2026-10-10T01:42:09.3075492Z     问题: 检测到 SQL 语句使用字符串拼接，可能存在注入风险
2026-10-10T01:42:09.3076092Z     代码: await this.db.run(`DELETE FROM ${this.tableName} WHERE id = ?`, [id]);
2026-10-10T01:42:09.3076459Z 
2026-10-10T01:42:09.3076606Z [48] MEDIUM - SQL_INJECTION
2026-10-10T01:42:09.3077138Z     文件: src/main/organization/organization-manager-roles.js:335
2026-10-10T01:42:09.3077587Z     问题: 检测到 SQL 语句使用字符串拼接，可能存在注入风险
2026-10-10T01:42:09.3078327Z     代码: `UPDATE organization_roles SET ${updateFields.join(", ")} WHERE id = ?`,
2026-10-10T01:42:09.3078677Z 
2026-10-10T01:42:09.3078816Z [49] MEDIUM - SQL_INJECTION
2026-10-10T01:42:09.3079276Z     文件: src/main/organization/organization-manager.js:403
2026-10-10T01:42:09.3080042Z     问题: 检测到 SQL 语句使用字符串拼接，可能存在注入风险
2026-10-10T01:42:09.3080818Z     代码: const sql = `UPDATE organization_info SET ${fields.join(", ")} WHERE org_id = ?`;
2026-10-10T01:42:09.3081293Z 
2026-10-10T01:42:09.3081405Z [50] MEDIUM - SQL_INJECTION
2026-10-10T01:42:09.3081771Z     文件: src/main/prompt/prompt-template-manager.js:2969
2026-10-10T01:42:09.3082172Z     问题: 检测到 SQL 语句使用字符串拼接，可能存在注入风险
2026-10-10T01:42:09.3082667Z     代码: `UPDATE prompt_templates SET ${fields.join(", ")} WHERE id = ?`,
2026-10-10T01:42:09.3082882Z 
2026-10-10T01:42:09.3082981Z [51] MEDIUM - SQL_INJECTION
2026-10-10T01:42:09.3083288Z     文件: src/main/remote/handlers/device-manager-handler.js:444
2026-10-10T01:42:09.3083604Z     问题: 检测到 SQL 语句使用字符串拼接，可能存在注入风险
2026-10-10T01:42:09.3083954Z     代码: `UPDATE devices SET ${updates.join(", ")} WHERE device_did = ?`,
2026-10-10T01:42:09.3084157Z 
2026-10-10T01:42:09.3084247Z [52] MEDIUM - SQL_INJECTION
2026-10-10T01:42:09.3084542Z     文件: src/main/remote/logging/batched-command-logger.js:376
2026-10-10T01:42:09.3084863Z     问题: 检测到 SQL 语句使用字符串拼接，可能存在注入风险
2026-10-10T01:42:09.3085420Z     代码: const countSql = `SELECT COUNT(*) as total FROM remote_command_logs ${whereClause}`;
2026-10-10T01:42:09.3085673Z 
2026-10-10T01:42:09.3085763Z [53] MEDIUM - SQL_INJECTION
2026-10-10T01:42:09.3086062Z     文件: src/main/skill-tool-system/skill-manager.js:236
2026-10-10T01:42:09.3086361Z     问题: 检测到 SQL 语句使用字符串拼接，可能存在注入风险
2026-10-10T01:42:09.3086712Z     代码: const sql = `UPDATE skills SET ${updatePairs.join(", ")} WHERE id = ?`;
2026-10-10T01:42:09.3086934Z 
2026-10-10T01:42:09.3087024Z [54] MEDIUM - SQL_INJECTION
2026-10-10T01:42:09.3087314Z     文件: src/main/skill-tool-system/tool-manager.js:309
2026-10-10T01:42:09.3087615Z     问题: 检测到 SQL 语句使用字符串拼接，可能存在注入风险
2026-10-10T01:42:09.3087972Z     代码: const sql = `UPDATE tools SET ${updatePairs.join(", ")} WHERE id = ?`;
2026-10-10T01:42:09.3088183Z 
2026-10-10T01:42:09.3088271Z [55] MEDIUM - SQL_INJECTION
2026-10-10T01:42:09.3088539Z     文件: src/main/speech/audio-storage.js:189
2026-10-10T01:42:09.3088822Z     问题: 检测到 SQL 语句使用字符串拼接，可能存在注入风险
2026-10-10T01:42:09.3089164Z     代码: const sql = `UPDATE audio_files SET ${fields.join(", ")} WHERE id = ?`;
2026-10-10T01:42:09.3089379Z 
2026-10-10T01:42:09.3089463Z [56] MEDIUM - SQL_INJECTION
2026-10-10T01:42:09.3089725Z     文件: src/main/sync/db-sync-manager.js:723
2026-10-10T01:42:09.3089983Z     问题: 检测到 SQL 语句使用字符串拼接，可能存在注入风险
2026-10-10T01:42:09.3090275Z     代码: `INSERT INTO ${tableName} (${columns.join(", ")})
2026-10-10T01:42:09.3090447Z 
2026-10-10T01:42:09.3090535Z [57] MEDIUM - SQL_INJECTION
2026-10-10T01:42:09.3090780Z     文件: src/main/sync/db-sync-manager.js:725
2026-10-10T01:42:09.3091048Z     问题: 检测到 SQL 语句使用字符串拼接，可能存在注入风险
2026-10-10T01:42:09.3091476Z     代码: ON CONFLICT(id) DO UPDATE SET ${updateSet}`,
2026-10-10T01:42:09.3091635Z 
2026-10-10T01:42:09.3091728Z [58] MEDIUM - SQL_INJECTION
2026-10-10T01:42:09.3091979Z     文件: src/main/sync/p2p-sync-engine.js:1033
2026-10-10T01:42:09.3092257Z     问题: 检测到 SQL 语句使用字符串拼接，可能存在注入风险
2026-10-10T01:42:09.3092683Z     代码: this.db.run(`DELETE FROM ${table} WHERE id = ?`, [resourceId]);
2026-10-10T01:42:09.3092889Z 
2026-10-10T01:42:09.3092974Z [59] MEDIUM - SQL_INJECTION
2026-10-10T01:42:09.3093241Z     文件: src/main/sync/sync-external-store.js:144
2026-10-10T01:42:09.3093519Z     问题: 检测到 SQL 语句使用字符串拼接，可能存在注入风险
2026-10-10T01:42:09.3093837Z     代码: `UPDATE sync_external_provider_cursor SET ${sets.join(", ")}
2026-10-10T01:42:09.3094036Z 
2026-10-10T01:42:09.3094122Z [60] MEDIUM - SQL_INJECTION
2026-10-10T01:42:09.3094366Z     文件: src/main/task/task-manager.js:229
2026-10-10T01:42:09.3094627Z     问题: 检测到 SQL 语句使用字符串拼接，可能存在注入风险
2026-10-10T01:42:09.3094981Z     代码: const sql = `UPDATE project_tasks SET ${fields.join(', ')} WHERE id = ?`;
2026-10-10T01:42:09.3095357Z 
2026-10-10T01:42:09.3095452Z [61] MEDIUM - SQL_INJECTION
2026-10-10T01:42:09.3095713Z     文件: src/main/tests/test-database-data.js:129
2026-10-10T01:42:09.3095992Z     问题: 检测到 SQL 语句使用字符串拼接，可能存在注入风险
2026-10-10T01:42:09.3096283Z     代码: `SELECT COUNT(*) as count FROM ${table.name}`,
2026-10-10T01:42:09.3096445Z 
2026-10-10T01:42:09.3096526Z [62] MEDIUM - SQL_INJECTION
2026-10-10T01:42:09.3096793Z     文件: src/main/trade/installment-manager.js:320
2026-10-10T01:42:09.3097065Z     问题: 检测到 SQL 语句使用字符串拼接，可能存在注入风险
2026-10-10T01:42:09.3097423Z     代码: let query = `SELECT * FROM installment_plans WHERE ${userField} = ?`;
2026-10-10T01:42:09.3097644Z 
2026-10-10T01:42:09.3097736Z [63] MEDIUM - SQL_INJECTION
2026-10-10T01:42:09.3098000Z     文件: src/main/trade/installment-manager.js:321
2026-10-10T01:42:09.3098274Z     问题: 检测到 SQL 语句使用字符串拼接，可能存在注入风险
2026-10-10T01:42:09.3098681Z     代码: let countQuery = `SELECT COUNT(*) as total FROM installment_plans WHERE ${userField} = ?`;
2026-10-10T01:42:09.3098952Z 
2026-10-10T01:42:09.3099041Z [64] MEDIUM - SQL_INJECTION
2026-10-10T01:42:09.3099316Z     文件: src/main/trade/marketplace-manager.js:1059
2026-10-10T01:42:09.3099609Z     问题: 检测到 SQL 语句使用字符串拼接，可能存在注入风险
2026-10-10T01:42:09.3100002Z     代码: const updateQuery = `UPDATE orders SET ${updateFields.join(", ")} WHERE id = ?`;
2026-10-10T01:42:09.3100253Z 
2026-10-10T01:42:09.3100340Z [65] MEDIUM - SQL_INJECTION
2026-10-10T01:42:09.3100597Z     文件: src/main/video/video-storage.js:134
2026-10-10T01:42:09.3100869Z     问题: 检测到 SQL 语句使用字符串拼接，可能存在注入风险
2026-10-10T01:42:09.3101235Z     代码: const sql = `UPDATE video_files SET ${setClause}, updated_at = ? WHERE id = ?`;
2026-10-10T01:42:09.3101472Z 
2026-10-10T01:42:09.3101561Z [66] MEDIUM - SQL_INJECTION
2026-10-10T01:42:09.3101806Z     文件: src/main/video/video-storage.js:169
2026-10-10T01:42:09.3102067Z     问题: 检测到 SQL 语句使用字符串拼接，可能存在注入风险
2026-10-10T01:42:09.3102524Z     代码: const sql = `SELECT * FROM video_files ORDER BY ${sort.column} ${sort.direction} LIMIT ? OFFSET ?`;
2026-10-10T01:42:09.3102810Z 
2026-10-10T01:42:09.3102906Z [67] MEDIUM - SQL_INJECTION
2026-10-10T01:42:09.3103168Z     文件: src/main/video/video-storage.js:262
2026-10-10T01:42:09.3103450Z     问题: 检测到 SQL 语句使用字符串拼接，可能存在注入风险
2026-10-10T01:42:09.3103797Z     代码: const sql = `UPDATE video_analysis SET ${setClause} WHERE id = ?`;
2026-10-10T01:42:09.3104038Z 
2026-10-10T01:42:09.3104138Z [68] MEDIUM - SQL_INJECTION
2026-10-10T01:42:09.3104394Z     文件: src/main/video/video-storage.js:427
2026-10-10T01:42:09.3104668Z     问题: 检测到 SQL 语句使用字符串拼接，可能存在注入风险
2026-10-10T01:42:09.3105241Z     代码: const sql = `UPDATE video_subtitles SET ${setClause}, updated_at = ? WHERE id = ?`;
2026-10-10T01:42:09.3105619Z 
2026-10-10T01:42:09.3105760Z [69] MEDIUM - SQL_INJECTION
2026-10-10T01:42:09.3106035Z     文件: src/main/video/video-storage.js:524
2026-10-10T01:42:09.3106322Z     问题: 检测到 SQL 语句使用字符串拼接，可能存在注入风险
2026-10-10T01:42:09.3106771Z     代码: const sql = `UPDATE video_edit_history SET ${setClause} WHERE id = ?`;
2026-10-10T01:42:09.3107124Z 
2026-10-10T01:42:09.3107212Z [70] MEDIUM - SQL_INJECTION
2026-10-10T01:42:09.3107507Z     文件: src/main/workspace/workspace-manager.js:286
2026-10-10T01:42:09.3107803Z     问题: 检测到 SQL 语句使用字符串拼接，可能存在注入风险
2026-10-10T01:42:09.3108296Z     代码: const sql = `UPDATE organization_workspaces SET ${fields.join(", ")} WHERE id = ?`;
2026-10-10T01:42:09.3108581Z 
2026-10-10T01:42:09.3108700Z [71] MEDIUM - SENSITIVE_DATA_LEAK
2026-10-10T01:42:09.3109000Z     文件: src/main/database/sqlcipher-wrapper.js:265
2026-10-10T01:42:09.3109279Z     问题: 数据库加密密钥不应硬编码
2026-10-10T01:42:09.3109528Z     代码: this.db.pragma(`key = "x'${key}'"`);
2026-10-10T01:42:09.3109672Z 
2026-10-10T01:42:09.3109783Z [72] MEDIUM - SENSITIVE_DATA_LEAK
2026-10-10T01:42:09.3110061Z     文件: src/main/database/sqlcipher-wrapper.js:407
2026-10-10T01:42:09.3110324Z     问题: 数据库加密密钥不应硬编码
2026-10-10T01:42:09.3110569Z     代码: this.db.pragma(`rekey = "x'${newKey}'"`);
2026-10-10T01:42:09.3110729Z 
2026-10-10T01:42:09.3110882Z [73] CRITICAL - DEPENDENCY_VULNERABILITY
2026-10-10T01:42:09.3111139Z     文件: package.json:0
2026-10-10T01:42:09.3111473Z     问题: ⚠️ 发现 1 个严重依赖漏洞，建议运行 'npm audit fix --force' 或更新相关依赖
2026-10-10T01:42:09.3111879Z     代码: {"info":0,"low":8,"moderate":53,"high":87,"critical":1,"total":149}
2026-10-10T01:42:09.3112105Z 
2026-10-10T01:42:09.3112230Z [74] HIGH - DEPENDENCY_VULNERABILITY
2026-10-10T01:42:09.3112475Z     文件: package.json:0
2026-10-10T01:42:09.3112703Z     问题: 发现 87 个高危漏洞，建议尽快修复
2026-10-10T01:42:09.3113028Z     代码: {"info":0,"low":8,"moderate":53,"high":87,"critical":1,"total":149}
2026-10-10T01:42:09.3113221Z 
2026-10-10T01:42:09.3113343Z [75] MEDIUM - DEPENDENCY_VULNERABILITY
2026-10-10T01:42:09.3113576Z     文件: package.json:0
2026-10-10T01:42:09.3113777Z     问题: 发现 61 个中低风险漏洞
2026-10-10T01:42:09.3114084Z     代码: {"info":0,"low":8,"moderate":53,"high":87,"critical":1,"total":149}
2026-10-10T01:42:09.3114276Z 
2026-10-10T01:42:09.3114379Z ℹ️  检查通过项:
2026-10-10T01:42:09.3114477Z 
2026-10-10T01:42:09.3114621Z     ✅ P2P 加密检查通过，未发现不安全的消息传输
2026-10-10T01:42:09.3114861Z     ✅ XSS 风险检查通过，未发现不安全的 DOM 操作
2026-10-10T01:42:09.3115297Z     ✅ 危险函数检查通过，未发现 eval 或不安全的代码执行
2026-10-10T01:42:09.3115542Z     ✅ 硬编码密钥检查通过，未发现敏感信息硬编码
2026-10-10T01:42:09.3115662Z 
2026-10-10T01:42:09.3115850Z ================================================================================
2026-10-10T01:42:09.3116145Z ⚠️  发现 0 个错误和 75 个警告
2026-10-10T01:42:09.3116407Z ================================================================================
2026-10-10T01:42:09.3116583Z 
2026-10-10T01:42:09.3189730Z Post job cleanup.
2026-10-10T01:42:09.4155472Z (node:2935) [DEP0040] DeprecationWarning: The `punycode` module is deprecated. Please use a userland alternative instead.
2026-10-10T01:42:09.4156121Z (Use `node --trace-deprecation ...` to show where the warning was created)
2026-10-10T01:42:09.4158797Z Cache hit occurred on the primary key node-cache-Linux-x64-npm-e6cb04f390af8ddea9ee566ae5b89428bb428baab2cec58dce4ec96439473b93, not saving cache.
2026-10-10T01:42:09.4270422Z Post job cleanup.
2026-10-10T01:42:09.4955764Z [command]/usr/bin/git version
2026-10-10T01:42:09.4985930Z git version 2.55.0
2026-10-10T01:42:09.5017077Z Temporarily overriding HOME='/home/runner/work/_temp/fed2b42c-4be1-41e5-ac94-f532514550ef' before making global git config changes
2026-10-10T01:42:09.5018246Z Adding repository directory to the temporary git global config as a safe directory
2026-10-10T01:42:09.5021935Z [command]/usr/bin/git config --global --add safe.directory /home/runner/work/chainlesschain/chainlesschain
2026-10-10T01:42:09.5060254Z [command]/usr/bin/git config --local --name-only --get-regexp core\.sshCommand
2026-10-10T01:42:09.5094033Z [command]/usr/bin/git submodule foreach --recursive sh -c "git config --local --name-only --get-regexp 'core\.sshCommand' && git config --local --unset-all 'core.sshCommand' || :"
2026-10-10T01:42:09.5331940Z [command]/usr/bin/git config --local --name-only --get-regexp http\.https\:\/\/github\.com\/\.extraheader
2026-10-10T01:42:09.5370643Z http.https://github.com/.extraheader
2026-10-10T01:42:09.5387058Z [command]/usr/bin/git config --local --unset-all http.https://github.com/.extraheader
2026-10-10T01:42:09.5428527Z [command]/usr/bin/git submodule foreach --recursive sh -c "git config --local --name-only --get-regexp 'http\.https\:\/\/github\.com\/\.extraheader' && git config --local --unset-all 'http.https://github.com/.extraheader' || :"
2026-10-10T01:42:09.5666575Z [command]/usr/bin/git config --local --name-only --get-regexp ^includeIf\.gitdir:
2026-10-10T01:42:09.5705426Z [command]/usr/bin/git submodule foreach --recursive git config --local --show-origin --name-only --get-regexp remote.origin.url
2026-10-10T01:42:09.6061831Z Cleaning up orphan processes
