2026-10-09T14:29:08.4805037Z Current runner version: '2.337.0'
2026-10-09T14:29:08.4829740Z ##[group]Runner Image Provisioner
2026-10-09T14:29:08.4830545Z Hosted Compute Agent
2026-10-09T14:29:08.4831112Z Version: 20260901.588
2026-10-09T14:29:08.4831728Z Commit: f88ec8081b781fac6c440065ac7ff9e710ce3d0b
2026-10-09T14:29:08.4832455Z Build Date: 2026-09-01T19:56:44Z
2026-10-09T14:29:08.4833150Z Worker ID: {fd97e33f-5144-4088-a2e3-ab8f4243bc4a}
2026-10-09T14:29:08.4833842Z Azure Region: westus
2026-10-09T14:29:08.4834378Z ##[endgroup]
2026-10-09T14:29:08.4835746Z ##[group]Operating System
2026-10-09T14:29:08.4836375Z Microsoft Windows Server 2025
2026-10-09T14:29:08.4836987Z 10.0.26100
2026-10-09T14:29:08.4837491Z Datacenter
2026-10-09T14:29:08.4837980Z ##[endgroup]
2026-10-09T14:29:08.4838517Z ##[group]Runner Image
2026-10-09T14:29:08.4839116Z Image: windows-2025-vs2026
2026-10-09T14:29:08.4839699Z Version: 20260925.250.1
2026-10-09T14:29:08.4841439Z Included Software: https://github.com/actions/runner-images/blob/win25-vs2026/20260925.250/images/windows/Windows2025-VS2026-Readme.md
2026-10-09T14:29:08.4843116Z Image Release: https://github.com/actions/runner-images/releases/tag/win25-vs2026%2F20260925.250
2026-10-09T14:29:08.4844067Z ##[endgroup]
2026-10-09T14:29:08.4847372Z ##[group]GITHUB_TOKEN Permissions
2026-10-09T14:29:08.4849418Z Actions: write
2026-10-09T14:29:08.4850026Z ArtifactMetadata: write
2026-10-09T14:29:08.4850600Z Attestations: write
2026-10-09T14:29:08.4851173Z Checks: write
2026-10-09T14:29:08.4851750Z CodeQuality: write
2026-10-09T14:29:08.4852271Z Contents: write
2026-10-09T14:29:08.4852809Z CopilotRequests: write
2026-10-09T14:29:08.4853370Z Deployments: write
2026-10-09T14:29:08.4853892Z Discussions: write
2026-10-09T14:29:08.4854423Z Drives: write
2026-10-09T14:29:08.4854918Z Issues: write
2026-10-09T14:29:08.4855413Z Metadata: read
2026-10-09T14:29:08.4856018Z Models: read
2026-10-09T14:29:08.4856504Z Packages: write
2026-10-09T14:29:08.4857061Z Pages: write
2026-10-09T14:29:08.4857593Z PullRequests: write
2026-10-09T14:29:08.4858148Z RepositoryProjects: write
2026-10-09T14:29:08.4858733Z SecurityEvents: write
2026-10-09T14:29:08.4859265Z Statuses: write
2026-10-09T14:29:08.4859800Z VulnerabilityAlerts: read
2026-10-09T14:29:08.4860356Z ##[endgroup]
2026-10-09T14:29:08.4862661Z Secret source: Actions
2026-10-09T14:29:08.4863533Z Cache mode: write
2026-10-09T14:29:08.4864195Z Prepare workflow directory
2026-10-09T14:29:08.5429273Z Prepare all required actions
2026-10-09T14:29:08.5480557Z Getting action download info
2026-10-09T14:29:08.8984257Z Download action repository 'actions/checkout@v5' (SHA:fbc6f3992d24b796d5a048ff273f7fcc4a7b6c09)
2026-10-09T14:29:09.0294036Z Download action repository 'actions/setup-node@v5' (SHA:a0853c24544627f65ddf259abe73b1d18a591444)
2026-10-09T14:29:09.3161089Z Complete job name: Unit Tests (windows-latest, 22.x)
2026-10-09T14:29:09.4554989Z ##[group]Run actions/checkout@v5
2026-10-09T14:29:09.4555991Z with:
2026-10-09T14:29:09.4556388Z   fetch-depth: 0
2026-10-09T14:29:09.4556882Z   ref: a3cbe918e4f8fcda77dafa7514401d5f643b36df
2026-10-09T14:29:09.4557495Z   repository: chainlesschain/chainlesschain
2026-10-09T14:29:09.4561568Z   token: ***
2026-10-09T14:29:09.4562382Z   ssh-strict: true
2026-10-09T14:29:09.4562783Z   ssh-user: git
2026-10-09T14:29:09.4563199Z   persist-credentials: true
2026-10-09T14:29:09.4563654Z   clean: true
2026-10-09T14:29:09.4564061Z   sparse-checkout-cone-mode: true
2026-10-09T14:29:09.4564543Z   fetch-tags: false
2026-10-09T14:29:09.4564947Z   show-progress: true
2026-10-09T14:29:09.4565358Z   lfs: false
2026-10-09T14:29:09.4565740Z   submodules: false
2026-10-09T14:29:09.4566152Z   set-safe-directory: true
2026-10-09T14:29:09.4566622Z   allow-unsafe-pr-checkout: false
2026-10-09T14:29:09.4567359Z env:
2026-10-09T14:29:09.4567875Z   SOURCE_SHA: a3cbe918e4f8fcda77dafa7514401d5f643b36df
2026-10-09T14:29:09.4568459Z ##[endgroup]
2026-10-09T14:29:09.6043000Z Syncing repository: chainlesschain/chainlesschain
2026-10-09T14:29:09.6049678Z ##[group]Getting Git version info
2026-10-09T14:29:09.6050762Z Working directory is 'D:\a\chainlesschain\chainlesschain'
2026-10-09T14:29:09.6994795Z [command]"C:\Program Files\Git\bin\git.exe" version
2026-10-09T14:29:10.0379743Z git version 2.55.0.windows.5
2026-10-09T14:29:10.0424146Z ##[endgroup]
2026-10-09T14:29:10.0445170Z Temporarily overriding HOME='D:\a\_temp\20809fa2-0d26-40be-8363-dde8077ae000' before making global git config changes
2026-10-09T14:29:10.0446719Z Adding repository directory to the temporary git global config as a safe directory
2026-10-09T14:29:10.0456049Z [command]"C:\Program Files\Git\bin\git.exe" config --global --add safe.directory D:\a\chainlesschain\chainlesschain
2026-10-09T14:29:10.1059341Z Deleting the contents of 'D:\a\chainlesschain\chainlesschain'
2026-10-09T14:29:10.1065422Z ##[group]Initializing the repository
2026-10-09T14:29:10.1074025Z [command]"C:\Program Files\Git\bin\git.exe" init D:\a\chainlesschain\chainlesschain
2026-10-09T14:29:10.1897590Z Initialized empty Git repository in D:/a/chainlesschain/chainlesschain/.git/
2026-10-09T14:29:10.1942855Z [command]"C:\Program Files\Git\bin\git.exe" remote add origin https://github.com/chainlesschain/chainlesschain
2026-10-09T14:29:10.2576514Z ##[endgroup]
2026-10-09T14:29:10.2578685Z ##[group]Disabling automatic garbage collection
2026-10-09T14:29:10.2586949Z [command]"C:\Program Files\Git\bin\git.exe" config --local gc.auto 0
2026-10-09T14:29:10.2885198Z ##[endgroup]
2026-10-09T14:29:10.2886374Z ##[group]Setting up auth
2026-10-09T14:29:10.2896900Z [command]"C:\Program Files\Git\bin\git.exe" config --local --name-only --get-regexp core\.sshCommand
2026-10-09T14:29:10.3202970Z [command]"C:\Program Files\Git\bin\git.exe" submodule foreach --recursive "sh -c \"git config --local --name-only --get-regexp 'core\.sshCommand' && git config --local --unset-all 'core.sshCommand' || :\""
2026-10-09T14:29:11.6367900Z [command]"C:\Program Files\Git\bin\git.exe" config --local --name-only --get-regexp http\.https\:\/\/github\.com\/\.extraheader
2026-10-09T14:29:11.6704950Z [command]"C:\Program Files\Git\bin\git.exe" submodule foreach --recursive "sh -c \"git config --local --name-only --get-regexp 'http\.https\:\/\/github\.com\/\.extraheader' && git config --local --unset-all 'http.https://github.com/.extraheader' || :\""
2026-10-09T14:29:12.1929734Z [command]"C:\Program Files\Git\bin\git.exe" config --local --name-only --get-regexp ^includeIf\.gitdir:
2026-10-09T14:29:12.2221913Z [command]"C:\Program Files\Git\bin\git.exe" submodule foreach --recursive "git config --local --show-origin --name-only --get-regexp remote.origin.url"
2026-10-09T14:29:12.8224433Z [command]"C:\Program Files\Git\bin\git.exe" config --local http.https://github.com/.extraheader "AUTHORIZATION: basic ***"
2026-10-09T14:29:12.8574229Z ##[endgroup]
2026-10-09T14:29:12.8579042Z ##[group]Fetching the repository
2026-10-09T14:29:12.8592917Z [command]"C:\Program Files\Git\bin\git.exe" -c protocol.version=2 fetch --prune --no-recurse-submodules origin +refs/heads/*:refs/remotes/origin/* +refs/tags/*:refs/tags/*
2026-10-09T14:29:50.9373519Z From https://github.com/chainlesschain/chainlesschain
2026-10-09T14:29:50.9375045Z  * [new branch]          feature/cli-ide-gap-completion-20261009 -> origin/feature/cli-ide-gap-completion-20261009
2026-10-09T14:29:50.9376531Z  * [new branch]          feature/cli-ide-gap-continuation-20261008 -> origin/feature/cli-ide-gap-continuation-20261008
2026-10-09T14:29:50.9377547Z  * [new branch]          main                       -> origin/main
2026-10-09T14:29:50.9378326Z  * [new tag]             agent-protocol-oidc-v0.1.0 -> agent-protocol-oidc-v0.1.0
2026-10-09T14:29:50.9379217Z  * [new tag]             agent-protocol-oidc-v0.1.1 -> agent-protocol-oidc-v0.1.1
2026-10-09T14:29:50.9381722Z  * [new tag]             agent-protocol-oidc-v0.1.2 -> agent-protocol-oidc-v0.1.2
2026-10-09T14:29:50.9383067Z  * [new tag]             agent-protocol-oidc-v0.1.3 -> agent-protocol-oidc-v0.1.3
2026-10-09T14:29:50.9386094Z  * [new tag]             agent-protocol-oidc-v0.1.4 -> agent-protocol-oidc-v0.1.4
2026-10-09T14:29:50.9387392Z  * [new tag]             agent-protocol-oidc-v0.1.5 -> agent-protocol-oidc-v0.1.5
2026-10-09T14:29:50.9475645Z  * [new tag]             agent-protocol-v0.1.0      -> agent-protocol-v0.1.0
2026-10-09T14:29:50.9476525Z  * [new tag]             agent-protocol-v0.1.7      -> agent-protocol-v0.1.7
2026-10-09T14:29:50.9477271Z  * [new tag]             agent-sdk-oidc-v0.2.2      -> agent-sdk-oidc-v0.2.2
2026-10-09T14:29:50.9477886Z  * [new tag]             android-v0.37.0            -> android-v0.37.0
2026-10-09T14:29:50.9478483Z  * [new tag]             android-v1.0.0             -> android-v1.0.0
2026-10-09T14:29:50.9479126Z  * [new tag]             android-v1.0.0-mirror      -> android-v1.0.0-mirror
2026-10-09T14:29:50.9479858Z  * [new tag]             ci-release-22a9857004      -> ci-release-22a9857004
2026-10-09T14:29:50.9480564Z  * [new tag]             ci-release-3b3d4b12ef      -> ci-release-3b3d4b12ef
2026-10-09T14:29:50.9481353Z  * [new tag]             ci-release-c9d04c03f2      -> ci-release-c9d04c03f2
2026-10-09T14:29:50.9482077Z  * [new tag]             ci-release-e812a89952      -> ci-release-e812a89952
2026-10-09T14:29:50.9482754Z  * [new tag]             ide-jetbrains-v0.1.2       -> ide-jetbrains-v0.1.2
2026-10-09T14:29:50.9483448Z  * [new tag]             ide-jetbrains-v0.4.0       -> ide-jetbrains-v0.4.0
2026-10-09T14:29:50.9484119Z  * [new tag]             ide-jetbrains-v0.4.1       -> ide-jetbrains-v0.4.1
2026-10-09T14:29:50.9484764Z  * [new tag]             ide-jetbrains-v0.4.10      -> ide-jetbrains-v0.4.10
2026-10-09T14:29:50.9485530Z  * [new tag]             ide-jetbrains-v0.4.100     -> ide-jetbrains-v0.4.100
2026-10-09T14:29:50.9486321Z  * [new tag]             ide-jetbrains-v0.4.101     -> ide-jetbrains-v0.4.101
2026-10-09T14:29:50.9487040Z  * [new tag]             ide-jetbrains-v0.4.102     -> ide-jetbrains-v0.4.102
2026-10-09T14:29:50.9487856Z  * [new tag]             ide-jetbrains-v0.4.103     -> ide-jetbrains-v0.4.103
2026-10-09T14:29:50.9488604Z  * [new tag]             ide-jetbrains-v0.4.104     -> ide-jetbrains-v0.4.104
2026-10-09T14:29:50.9489349Z  * [new tag]             ide-jetbrains-v0.4.105     -> ide-jetbrains-v0.4.105
2026-10-09T14:29:50.9489998Z  * [new tag]             ide-jetbrains-v0.4.106     -> ide-jetbrains-v0.4.106
2026-10-09T14:29:50.9490719Z  * [new tag]             ide-jetbrains-v0.4.107     -> ide-jetbrains-v0.4.107
2026-10-09T14:29:50.9491494Z  * [new tag]             ide-jetbrains-v0.4.108     -> ide-jetbrains-v0.4.108
2026-10-09T14:29:50.9492527Z  * [new tag]             ide-jetbrains-v0.4.109     -> ide-jetbrains-v0.4.109
2026-10-09T14:29:50.9493679Z  * [new tag]             ide-jetbrains-v0.4.11      -> ide-jetbrains-v0.4.11
2026-10-09T14:29:50.9495789Z  * [new tag]             ide-jetbrains-v0.4.110     -> ide-jetbrains-v0.4.110
2026-10-09T14:29:50.9496623Z  * [new tag]             ide-jetbrains-v0.4.111     -> ide-jetbrains-v0.4.111
2026-10-09T14:29:50.9497365Z  * [new tag]             ide-jetbrains-v0.4.112     -> ide-jetbrains-v0.4.112
2026-10-09T14:29:50.9498043Z  * [new tag]             ide-jetbrains-v0.4.113     -> ide-jetbrains-v0.4.113
2026-10-09T14:29:50.9498706Z  * [new tag]             ide-jetbrains-v0.4.114     -> ide-jetbrains-v0.4.114
2026-10-09T14:29:50.9499366Z  * [new tag]             ide-jetbrains-v0.4.115     -> ide-jetbrains-v0.4.115
2026-10-09T14:29:50.9500054Z  * [new tag]             ide-jetbrains-v0.4.118     -> ide-jetbrains-v0.4.118
2026-10-09T14:29:50.9500469Z  * [new tag]             ide-jetbrains-v0.4.119     -> ide-jetbrains-v0.4.119
2026-10-09T14:29:50.9500905Z  * [new tag]             ide-jetbrains-v0.4.12      -> ide-jetbrains-v0.4.12
2026-10-09T14:29:50.9501337Z  * [new tag]             ide-jetbrains-v0.4.120     -> ide-jetbrains-v0.4.120
2026-10-09T14:29:50.9501755Z  * [new tag]             ide-jetbrains-v0.4.121     -> ide-jetbrains-v0.4.121
2026-10-09T14:29:50.9502638Z  * [new tag]             ide-jetbrains-v0.4.122     -> ide-jetbrains-v0.4.122
2026-10-09T14:29:50.9503083Z  * [new tag]             ide-jetbrains-v0.4.123     -> ide-jetbrains-v0.4.123
2026-10-09T14:29:50.9503487Z  * [new tag]             ide-jetbrains-v0.4.124     -> ide-jetbrains-v0.4.124
2026-10-09T14:29:50.9503886Z  * [new tag]             ide-jetbrains-v0.4.125     -> ide-jetbrains-v0.4.125
2026-10-09T14:29:50.9504292Z  * [new tag]             ide-jetbrains-v0.4.126     -> ide-jetbrains-v0.4.126
2026-10-09T14:29:50.9504689Z  * [new tag]             ide-jetbrains-v0.4.127     -> ide-jetbrains-v0.4.127
2026-10-09T14:29:50.9505293Z  * [new tag]             ide-jetbrains-v0.4.128     -> ide-jetbrains-v0.4.128
2026-10-09T14:29:50.9506070Z  * [new tag]             ide-jetbrains-v0.4.129     -> ide-jetbrains-v0.4.129
2026-10-09T14:29:50.9506696Z  * [new tag]             ide-jetbrains-v0.4.13      -> ide-jetbrains-v0.4.13
2026-10-09T14:29:50.9507112Z  * [new tag]             ide-jetbrains-v0.4.130     -> ide-jetbrains-v0.4.130
2026-10-09T14:29:50.9507516Z  * [new tag]             ide-jetbrains-v0.4.131     -> ide-jetbrains-v0.4.131
2026-10-09T14:29:50.9507908Z  * [new tag]             ide-jetbrains-v0.4.132     -> ide-jetbrains-v0.4.132
2026-10-09T14:29:50.9508307Z  * [new tag]             ide-jetbrains-v0.4.133     -> ide-jetbrains-v0.4.133
2026-10-09T14:29:50.9508713Z  * [new tag]             ide-jetbrains-v0.4.134     -> ide-jetbrains-v0.4.134
2026-10-09T14:29:50.9509129Z  * [new tag]             ide-jetbrains-v0.4.135     -> ide-jetbrains-v0.4.135
2026-10-09T14:29:50.9509525Z  * [new tag]             ide-jetbrains-v0.4.137     -> ide-jetbrains-v0.4.137
2026-10-09T14:29:50.9509924Z  * [new tag]             ide-jetbrains-v0.4.138     -> ide-jetbrains-v0.4.138
2026-10-09T14:29:50.9510335Z  * [new tag]             ide-jetbrains-v0.4.139     -> ide-jetbrains-v0.4.139
2026-10-09T14:29:50.9510742Z  * [new tag]             ide-jetbrains-v0.4.14      -> ide-jetbrains-v0.4.14
2026-10-09T14:29:50.9511174Z  * [new tag]             ide-jetbrains-v0.4.140     -> ide-jetbrains-v0.4.140
2026-10-09T14:29:50.9511569Z  * [new tag]             ide-jetbrains-v0.4.141     -> ide-jetbrains-v0.4.141
2026-10-09T14:29:50.9512392Z  * [new tag]             ide-jetbrains-v0.4.143     -> ide-jetbrains-v0.4.143
2026-10-09T14:29:50.9512814Z  * [new tag]             ide-jetbrains-v0.4.144     -> ide-jetbrains-v0.4.144
2026-10-09T14:29:50.9513216Z  * [new tag]             ide-jetbrains-v0.4.145     -> ide-jetbrains-v0.4.145
2026-10-09T14:29:50.9513627Z  * [new tag]             ide-jetbrains-v0.4.146     -> ide-jetbrains-v0.4.146
2026-10-09T14:29:50.9514026Z  * [new tag]             ide-jetbrains-v0.4.147     -> ide-jetbrains-v0.4.147
2026-10-09T14:29:50.9514427Z  * [new tag]             ide-jetbrains-v0.4.149     -> ide-jetbrains-v0.4.149
2026-10-09T14:29:50.9515055Z  * [new tag]             ide-jetbrains-v0.4.15      -> ide-jetbrains-v0.4.15
2026-10-09T14:29:50.9515478Z  * [new tag]             ide-jetbrains-v0.4.150     -> ide-jetbrains-v0.4.150
2026-10-09T14:29:50.9515884Z  * [new tag]             ide-jetbrains-v0.4.151     -> ide-jetbrains-v0.4.151
2026-10-09T14:29:50.9516287Z  * [new tag]             ide-jetbrains-v0.4.152     -> ide-jetbrains-v0.4.152
2026-10-09T14:29:50.9516688Z  * [new tag]             ide-jetbrains-v0.4.153     -> ide-jetbrains-v0.4.153
2026-10-09T14:29:50.9517094Z  * [new tag]             ide-jetbrains-v0.4.154     -> ide-jetbrains-v0.4.154
2026-10-09T14:29:50.9517493Z  * [new tag]             ide-jetbrains-v0.4.155     -> ide-jetbrains-v0.4.155
2026-10-09T14:29:50.9517889Z  * [new tag]             ide-jetbrains-v0.4.156     -> ide-jetbrains-v0.4.156
2026-10-09T14:29:50.9518291Z  * [new tag]             ide-jetbrains-v0.4.157     -> ide-jetbrains-v0.4.157
2026-10-09T14:29:50.9518696Z  * [new tag]             ide-jetbrains-v0.4.16      -> ide-jetbrains-v0.4.16
2026-10-09T14:29:50.9519088Z  * [new tag]             ide-jetbrains-v0.4.17      -> ide-jetbrains-v0.4.17
2026-10-09T14:29:50.9519602Z  * [new tag]             ide-jetbrains-v0.4.18      -> ide-jetbrains-v0.4.18
2026-10-09T14:29:50.9520067Z  * [new tag]             ide-jetbrains-v0.4.19      -> ide-jetbrains-v0.4.19
2026-10-09T14:29:50.9520778Z  * [new tag]             ide-jetbrains-v0.4.2       -> ide-jetbrains-v0.4.2
2026-10-09T14:29:50.9521210Z  * [new tag]             ide-jetbrains-v0.4.21      -> ide-jetbrains-v0.4.21
2026-10-09T14:29:50.9521601Z  * [new tag]             ide-jetbrains-v0.4.23      -> ide-jetbrains-v0.4.23
2026-10-09T14:29:50.9521989Z  * [new tag]             ide-jetbrains-v0.4.25      -> ide-jetbrains-v0.4.25
2026-10-09T14:29:50.9522377Z  * [new tag]             ide-jetbrains-v0.4.26      -> ide-jetbrains-v0.4.26
2026-10-09T14:29:50.9522765Z  * [new tag]             ide-jetbrains-v0.4.27      -> ide-jetbrains-v0.4.27
2026-10-09T14:29:50.9523164Z  * [new tag]             ide-jetbrains-v0.4.28      -> ide-jetbrains-v0.4.28
2026-10-09T14:29:50.9523551Z  * [new tag]             ide-jetbrains-v0.4.29      -> ide-jetbrains-v0.4.29
2026-10-09T14:29:50.9523955Z  * [new tag]             ide-jetbrains-v0.4.3       -> ide-jetbrains-v0.4.3
2026-10-09T14:29:50.9524340Z  * [new tag]             ide-jetbrains-v0.4.30      -> ide-jetbrains-v0.4.30
2026-10-09T14:29:50.9524725Z  * [new tag]             ide-jetbrains-v0.4.31      -> ide-jetbrains-v0.4.31
2026-10-09T14:29:50.9525112Z  * [new tag]             ide-jetbrains-v0.4.32      -> ide-jetbrains-v0.4.32
2026-10-09T14:29:50.9525515Z  * [new tag]             ide-jetbrains-v0.4.33      -> ide-jetbrains-v0.4.33
2026-10-09T14:29:50.9525908Z  * [new tag]             ide-jetbrains-v0.4.34      -> ide-jetbrains-v0.4.34
2026-10-09T14:29:50.9526303Z  * [new tag]             ide-jetbrains-v0.4.35      -> ide-jetbrains-v0.4.35
2026-10-09T14:29:50.9526691Z  * [new tag]             ide-jetbrains-v0.4.37      -> ide-jetbrains-v0.4.37
2026-10-09T14:29:50.9527084Z  * [new tag]             ide-jetbrains-v0.4.38      -> ide-jetbrains-v0.4.38
2026-10-09T14:29:50.9527466Z  * [new tag]             ide-jetbrains-v0.4.39      -> ide-jetbrains-v0.4.39
2026-10-09T14:29:50.9527857Z  * [new tag]             ide-jetbrains-v0.4.4       -> ide-jetbrains-v0.4.4
2026-10-09T14:29:50.9528237Z  * [new tag]             ide-jetbrains-v0.4.40      -> ide-jetbrains-v0.4.40
2026-10-09T14:29:50.9528626Z  * [new tag]             ide-jetbrains-v0.4.41      -> ide-jetbrains-v0.4.41
2026-10-09T14:29:50.9529011Z  * [new tag]             ide-jetbrains-v0.4.44      -> ide-jetbrains-v0.4.44
2026-10-09T14:29:50.9529402Z  * [new tag]             ide-jetbrains-v0.4.45      -> ide-jetbrains-v0.4.45
2026-10-09T14:29:50.9529788Z  * [new tag]             ide-jetbrains-v0.4.46      -> ide-jetbrains-v0.4.46
2026-10-09T14:29:50.9530176Z  * [new tag]             ide-jetbrains-v0.4.47      -> ide-jetbrains-v0.4.47
2026-10-09T14:29:50.9530752Z  * [new tag]             ide-jetbrains-v0.4.48      -> ide-jetbrains-v0.4.48
2026-10-09T14:29:50.9531188Z  * [new tag]             ide-jetbrains-v0.4.49      -> ide-jetbrains-v0.4.49
2026-10-09T14:29:50.9531588Z  * [new tag]             ide-jetbrains-v0.4.5       -> ide-jetbrains-v0.4.5
2026-10-09T14:29:50.9531970Z  * [new tag]             ide-jetbrains-v0.4.50      -> ide-jetbrains-v0.4.50
2026-10-09T14:29:50.9532766Z  * [new tag]             ide-jetbrains-v0.4.51      -> ide-jetbrains-v0.4.51
2026-10-09T14:29:50.9533212Z  * [new tag]             ide-jetbrains-v0.4.52      -> ide-jetbrains-v0.4.52
2026-10-09T14:29:50.9533828Z  * [new tag]             ide-jetbrains-v0.4.53      -> ide-jetbrains-v0.4.53
2026-10-09T14:29:50.9534237Z  * [new tag]             ide-jetbrains-v0.4.54      -> ide-jetbrains-v0.4.54
2026-10-09T14:29:50.9534629Z  * [new tag]             ide-jetbrains-v0.4.55      -> ide-jetbrains-v0.4.55
2026-10-09T14:29:50.9535038Z  * [new tag]             ide-jetbrains-v0.4.56      -> ide-jetbrains-v0.4.56
2026-10-09T14:29:50.9535438Z  * [new tag]             ide-jetbrains-v0.4.57      -> ide-jetbrains-v0.4.57
2026-10-09T14:29:50.9535823Z  * [new tag]             ide-jetbrains-v0.4.58      -> ide-jetbrains-v0.4.58
2026-10-09T14:29:50.9537049Z  * [new tag]             ide-jetbrains-v0.4.59      -> ide-jetbrains-v0.4.59
2026-10-09T14:29:50.9537466Z  * [new tag]             ide-jetbrains-v0.4.6       -> ide-jetbrains-v0.4.6
2026-10-09T14:29:50.9537867Z  * [new tag]             ide-jetbrains-v0.4.60      -> ide-jetbrains-v0.4.60
2026-10-09T14:29:50.9538265Z  * [new tag]             ide-jetbrains-v0.4.61      -> ide-jetbrains-v0.4.61
2026-10-09T14:29:50.9538667Z  * [new tag]             ide-jetbrains-v0.4.62      -> ide-jetbrains-v0.4.62
2026-10-09T14:29:50.9539060Z  * [new tag]             ide-jetbrains-v0.4.63      -> ide-jetbrains-v0.4.63
2026-10-09T14:29:50.9539451Z  * [new tag]             ide-jetbrains-v0.4.7       -> ide-jetbrains-v0.4.7
2026-10-09T14:29:50.9539849Z  * [new tag]             ide-jetbrains-v0.4.70      -> ide-jetbrains-v0.4.70
2026-10-09T14:29:50.9540245Z  * [new tag]             ide-jetbrains-v0.4.73      -> ide-jetbrains-v0.4.73
2026-10-09T14:29:50.9540662Z  * [new tag]             ide-jetbrains-v0.4.74      -> ide-jetbrains-v0.4.74
2026-10-09T14:29:50.9541058Z  * [new tag]             ide-jetbrains-v0.4.75      -> ide-jetbrains-v0.4.75
2026-10-09T14:29:50.9541447Z  * [new tag]             ide-jetbrains-v0.4.76      -> ide-jetbrains-v0.4.76
2026-10-09T14:29:50.9541844Z  * [new tag]             ide-jetbrains-v0.4.77      -> ide-jetbrains-v0.4.77
2026-10-09T14:29:50.9542230Z  * [new tag]             ide-jetbrains-v0.4.78      -> ide-jetbrains-v0.4.78
2026-10-09T14:29:50.9542795Z  * [new tag]             ide-jetbrains-v0.4.79      -> ide-jetbrains-v0.4.79
2026-10-09T14:29:50.9543509Z  * [new tag]             ide-jetbrains-v0.4.8       -> ide-jetbrains-v0.4.8
2026-10-09T14:29:50.9544213Z  * [new tag]             ide-jetbrains-v0.4.81      -> ide-jetbrains-v0.4.81
2026-10-09T14:29:50.9544962Z  * [new tag]             ide-jetbrains-v0.4.82      -> ide-jetbrains-v0.4.82
2026-10-09T14:29:50.9545693Z  * [new tag]             ide-jetbrains-v0.4.83      -> ide-jetbrains-v0.4.83
2026-10-09T14:29:50.9546420Z  * [new tag]             ide-jetbrains-v0.4.84      -> ide-jetbrains-v0.4.84
2026-10-09T14:29:50.9547132Z  * [new tag]             ide-jetbrains-v0.4.85      -> ide-jetbrains-v0.4.85
2026-10-09T14:29:50.9547772Z  * [new tag]             ide-jetbrains-v0.4.86      -> ide-jetbrains-v0.4.86
2026-10-09T14:29:50.9548479Z  * [new tag]             ide-jetbrains-v0.4.87      -> ide-jetbrains-v0.4.87
2026-10-09T14:29:50.9549203Z  * [new tag]             ide-jetbrains-v0.4.88      -> ide-jetbrains-v0.4.88
2026-10-09T14:29:50.9549910Z  * [new tag]             ide-jetbrains-v0.4.89      -> ide-jetbrains-v0.4.89
2026-10-09T14:29:50.9550624Z  * [new tag]             ide-jetbrains-v0.4.9       -> ide-jetbrains-v0.4.9
2026-10-09T14:29:50.9552668Z  * [new tag]             ide-jetbrains-v0.4.90      -> ide-jetbrains-v0.4.90
2026-10-09T14:29:50.9553552Z  * [new tag]             ide-jetbrains-v0.4.91      -> ide-jetbrains-v0.4.91
2026-10-09T14:29:50.9554367Z  * [new tag]             ide-jetbrains-v0.4.92      -> ide-jetbrains-v0.4.92
2026-10-09T14:29:50.9555075Z  * [new tag]             ide-jetbrains-v0.4.93      -> ide-jetbrains-v0.4.93
2026-10-09T14:29:50.9555741Z  * [new tag]             ide-jetbrains-v0.4.94      -> ide-jetbrains-v0.4.94
2026-10-09T14:29:50.9556332Z  * [new tag]             ide-jetbrains-v0.4.95      -> ide-jetbrains-v0.4.95
2026-10-09T14:29:50.9556960Z  * [new tag]             ide-jetbrains-v0.4.96      -> ide-jetbrains-v0.4.96
2026-10-09T14:29:50.9557608Z  * [new tag]             ide-jetbrains-v0.4.97      -> ide-jetbrains-v0.4.97
2026-10-09T14:29:50.9558290Z  * [new tag]             ide-jetbrains-v0.4.98      -> ide-jetbrains-v0.4.98
2026-10-09T14:29:50.9558979Z  * [new tag]             ide-jetbrains-v0.4.99      -> ide-jetbrains-v0.4.99
2026-10-09T14:29:50.9559651Z  * [new tag]             ide-vscode-v0.20.0         -> ide-vscode-v0.20.0
2026-10-09T14:29:50.9560328Z  * [new tag]             ide-vscode-v0.21.0         -> ide-vscode-v0.21.0
2026-10-09T14:29:50.9561223Z  * [new tag]             ide-vscode-v0.22.0         -> ide-vscode-v0.22.0
2026-10-09T14:29:50.9561649Z  * [new tag]             ide-vscode-v0.22.1         -> ide-vscode-v0.22.1
2026-10-09T14:29:50.9562055Z  * [new tag]             ide-vscode-v0.23.0         -> ide-vscode-v0.23.0
2026-10-09T14:29:50.9562737Z  * [new tag]             ide-vscode-v0.24.0         -> ide-vscode-v0.24.0
2026-10-09T14:29:50.9563415Z  * [new tag]             ide-vscode-v0.25.0         -> ide-vscode-v0.25.0
2026-10-09T14:29:50.9564060Z  * [new tag]             ide-vscode-v0.26.0         -> ide-vscode-v0.26.0
2026-10-09T14:29:50.9564831Z  * [new tag]             ide-vscode-v0.27.0         -> ide-vscode-v0.27.0
2026-10-09T14:29:50.9565344Z  * [new tag]             ide-vscode-v0.28.0         -> ide-vscode-v0.28.0
2026-10-09T14:29:50.9565737Z  * [new tag]             ide-vscode-v0.29.0         -> ide-vscode-v0.29.0
2026-10-09T14:29:50.9566111Z  * [new tag]             ide-vscode-v0.30.0         -> ide-vscode-v0.30.0
2026-10-09T14:29:50.9566486Z  * [new tag]             ide-vscode-v0.30.1         -> ide-vscode-v0.30.1
2026-10-09T14:29:50.9566859Z  * [new tag]             ide-vscode-v0.31.0         -> ide-vscode-v0.31.0
2026-10-09T14:29:50.9567226Z  * [new tag]             ide-vscode-v0.31.1         -> ide-vscode-v0.31.1
2026-10-09T14:29:50.9567605Z  * [new tag]             ide-vscode-v0.32.0         -> ide-vscode-v0.32.0
2026-10-09T14:29:50.9567974Z  * [new tag]             ide-vscode-v0.32.1         -> ide-vscode-v0.32.1
2026-10-09T14:29:50.9568343Z  * [new tag]             ide-vscode-v0.33.0         -> ide-vscode-v0.33.0
2026-10-09T14:29:50.9568708Z  * [new tag]             ide-vscode-v0.33.1         -> ide-vscode-v0.33.1
2026-10-09T14:29:50.9569076Z  * [new tag]             ide-vscode-v0.33.2         -> ide-vscode-v0.33.2
2026-10-09T14:29:50.9569448Z  * [new tag]             ide-vscode-v0.33.3         -> ide-vscode-v0.33.3
2026-10-09T14:29:50.9569814Z  * [new tag]             ide-vscode-v0.33.5         -> ide-vscode-v0.33.5
2026-10-09T14:29:50.9570190Z  * [new tag]             ide-vscode-v0.33.7         -> ide-vscode-v0.33.7
2026-10-09T14:29:50.9570566Z  * [new tag]             ide-vscode-v0.33.8         -> ide-vscode-v0.33.8
2026-10-09T14:29:50.9570937Z  * [new tag]             ide-vscode-v0.33.9         -> ide-vscode-v0.33.9
2026-10-09T14:29:50.9571304Z  * [new tag]             ide-vscode-v0.34.0         -> ide-vscode-v0.34.0
2026-10-09T14:29:50.9571672Z  * [new tag]             ide-vscode-v0.35.0         -> ide-vscode-v0.35.0
2026-10-09T14:29:50.9572040Z  * [new tag]             ide-vscode-v0.36.0         -> ide-vscode-v0.36.0
2026-10-09T14:29:50.9572446Z  * [new tag]             ide-vscode-v0.36.1         -> ide-vscode-v0.36.1
2026-10-09T14:29:50.9573335Z  * [new tag]             ide-vscode-v0.36.10        -> ide-vscode-v0.36.10
2026-10-09T14:29:50.9573919Z  * [new tag]             ide-vscode-v0.36.11        -> ide-vscode-v0.36.11
2026-10-09T14:29:50.9574338Z  * [new tag]             ide-vscode-v0.36.12        -> ide-vscode-v0.36.12
2026-10-09T14:29:50.9574730Z  * [new tag]             ide-vscode-v0.36.13        -> ide-vscode-v0.36.13
2026-10-09T14:29:50.9575108Z  * [new tag]             ide-vscode-v0.36.14        -> ide-vscode-v0.36.14
2026-10-09T14:29:50.9575519Z  * [new tag]             ide-vscode-v0.36.15        -> ide-vscode-v0.36.15
2026-10-09T14:29:50.9575900Z  * [new tag]             ide-vscode-v0.36.16        -> ide-vscode-v0.36.16
2026-10-09T14:29:50.9576273Z  * [new tag]             ide-vscode-v0.36.2         -> ide-vscode-v0.36.2
2026-10-09T14:29:50.9576649Z  * [new tag]             ide-vscode-v0.36.3         -> ide-vscode-v0.36.3
2026-10-09T14:29:50.9577198Z  * [new tag]             ide-vscode-v0.36.4         -> ide-vscode-v0.36.4
2026-10-09T14:29:50.9577748Z  * [new tag]             ide-vscode-v0.36.6         -> ide-vscode-v0.36.6
2026-10-09T14:29:50.9578126Z  * [new tag]             ide-vscode-v0.36.9         -> ide-vscode-v0.36.9
2026-10-09T14:29:50.9578654Z  * [new tag]             ide-vscode-v0.37.0         -> ide-vscode-v0.37.0
2026-10-09T14:29:50.9579040Z  * [new tag]             ide-vscode-v0.37.1         -> ide-vscode-v0.37.1
2026-10-09T14:29:50.9579427Z  * [new tag]             ide-vscode-v0.37.10        -> ide-vscode-v0.37.10
2026-10-09T14:29:50.9579817Z  * [new tag]             ide-vscode-v0.37.100       -> ide-vscode-v0.37.100
2026-10-09T14:29:50.9580207Z  * [new tag]             ide-vscode-v0.37.101       -> ide-vscode-v0.37.101
2026-10-09T14:29:50.9580592Z  * [new tag]             ide-vscode-v0.37.103       -> ide-vscode-v0.37.103
2026-10-09T14:29:50.9580974Z  * [new tag]             ide-vscode-v0.37.104       -> ide-vscode-v0.37.104
2026-10-09T14:29:50.9581352Z  * [new tag]             ide-vscode-v0.37.105       -> ide-vscode-v0.37.105
2026-10-09T14:29:50.9581739Z  * [new tag]             ide-vscode-v0.37.106       -> ide-vscode-v0.37.106
2026-10-09T14:29:50.9582371Z  * [new tag]             ide-vscode-v0.37.107       -> ide-vscode-v0.37.107
2026-10-09T14:29:50.9583116Z  * [new tag]             ide-vscode-v0.37.108       -> ide-vscode-v0.37.108
2026-10-09T14:29:50.9583769Z  * [new tag]             ide-vscode-v0.37.109       -> ide-vscode-v0.37.109
2026-10-09T14:29:50.9584410Z  * [new tag]             ide-vscode-v0.37.11        -> ide-vscode-v0.37.11
2026-10-09T14:29:50.9585088Z  * [new tag]             ide-vscode-v0.37.110       -> ide-vscode-v0.37.110
2026-10-09T14:29:50.9585746Z  * [new tag]             ide-vscode-v0.37.111       -> ide-vscode-v0.37.111
2026-10-09T14:29:50.9586139Z  * [new tag]             ide-vscode-v0.37.112       -> ide-vscode-v0.37.112
2026-10-09T14:29:50.9586582Z  * [new tag]             ide-vscode-v0.37.113       -> ide-vscode-v0.37.113
2026-10-09T14:29:50.9587259Z  * [new tag]             ide-vscode-v0.37.114       -> ide-vscode-v0.37.114
2026-10-09T14:29:50.9587968Z  * [new tag]             ide-vscode-v0.37.116       -> ide-vscode-v0.37.116
2026-10-09T14:29:50.9588658Z  * [new tag]             ide-vscode-v0.37.117       -> ide-vscode-v0.37.117
2026-10-09T14:29:50.9589370Z  * [new tag]             ide-vscode-v0.37.118       -> ide-vscode-v0.37.118
2026-10-09T14:29:50.9590068Z  * [new tag]             ide-vscode-v0.37.119       -> ide-vscode-v0.37.119
2026-10-09T14:29:50.9590483Z  * [new tag]             ide-vscode-v0.37.12        -> ide-vscode-v0.37.12
2026-10-09T14:29:50.9590891Z  * [new tag]             ide-vscode-v0.37.120       -> ide-vscode-v0.37.120
2026-10-09T14:29:50.9591283Z  * [new tag]             ide-vscode-v0.37.121       -> ide-vscode-v0.37.121
2026-10-09T14:29:50.9591684Z  * [new tag]             ide-vscode-v0.37.123       -> ide-vscode-v0.37.123
2026-10-09T14:29:50.9592070Z  * [new tag]             ide-vscode-v0.37.124       -> ide-vscode-v0.37.124
2026-10-09T14:29:50.9592694Z  * [new tag]             ide-vscode-v0.37.125       -> ide-vscode-v0.37.125
2026-10-09T14:29:50.9593557Z  * [new tag]             ide-vscode-v0.37.126       -> ide-vscode-v0.37.126
2026-10-09T14:29:50.9593957Z  * [new tag]             ide-vscode-v0.37.127       -> ide-vscode-v0.37.127
2026-10-09T14:29:50.9594344Z  * [new tag]             ide-vscode-v0.37.128       -> ide-vscode-v0.37.128
2026-10-09T14:29:50.9594726Z  * [new tag]             ide-vscode-v0.37.13        -> ide-vscode-v0.37.13
2026-10-09T14:29:50.9595107Z  * [new tag]             ide-vscode-v0.37.130       -> ide-vscode-v0.37.130
2026-10-09T14:29:50.9595492Z  * [new tag]             ide-vscode-v0.37.131       -> ide-vscode-v0.37.131
2026-10-09T14:29:50.9595874Z  * [new tag]             ide-vscode-v0.37.132       -> ide-vscode-v0.37.132
2026-10-09T14:29:50.9596250Z  * [new tag]             ide-vscode-v0.37.133       -> ide-vscode-v0.37.133
2026-10-09T14:29:50.9596628Z  * [new tag]             ide-vscode-v0.37.134       -> ide-vscode-v0.37.134
2026-10-09T14:29:50.9597008Z  * [new tag]             ide-vscode-v0.37.135       -> ide-vscode-v0.37.135
2026-10-09T14:29:50.9597391Z  * [new tag]             ide-vscode-v0.37.136       -> ide-vscode-v0.37.136
2026-10-09T14:29:50.9597904Z  * [new tag]             ide-vscode-v0.37.137       -> ide-vscode-v0.37.137
2026-10-09T14:29:50.9598287Z  * [new tag]             ide-vscode-v0.37.138       -> ide-vscode-v0.37.138
2026-10-09T14:29:50.9598677Z  * [new tag]             ide-vscode-v0.37.139       -> ide-vscode-v0.37.139
2026-10-09T14:29:50.9599060Z  * [new tag]             ide-vscode-v0.37.14        -> ide-vscode-v0.37.14
2026-10-09T14:29:50.9599440Z  * [new tag]             ide-vscode-v0.37.15        -> ide-vscode-v0.37.15
2026-10-09T14:29:50.9599819Z  * [new tag]             ide-vscode-v0.37.16        -> ide-vscode-v0.37.16
2026-10-09T14:29:50.9600196Z  * [new tag]             ide-vscode-v0.37.17        -> ide-vscode-v0.37.17
2026-10-09T14:29:50.9600569Z  * [new tag]             ide-vscode-v0.37.18        -> ide-vscode-v0.37.18
2026-10-09T14:29:50.9600954Z  * [new tag]             ide-vscode-v0.37.2         -> ide-vscode-v0.37.2
2026-10-09T14:29:50.9601338Z  * [new tag]             ide-vscode-v0.37.20        -> ide-vscode-v0.37.20
2026-10-09T14:29:50.9601724Z  * [new tag]             ide-vscode-v0.37.3         -> ide-vscode-v0.37.3
2026-10-09T14:29:50.9602097Z  * [new tag]             ide-vscode-v0.37.30        -> ide-vscode-v0.37.30
2026-10-09T14:29:50.9602473Z  * [new tag]             ide-vscode-v0.37.31        -> ide-vscode-v0.37.31
2026-10-09T14:29:50.9602848Z  * [new tag]             ide-vscode-v0.37.33        -> ide-vscode-v0.37.33
2026-10-09T14:29:50.9603222Z  * [new tag]             ide-vscode-v0.37.34        -> ide-vscode-v0.37.34
2026-10-09T14:29:50.9603596Z  * [new tag]             ide-vscode-v0.37.35        -> ide-vscode-v0.37.35
2026-10-09T14:29:50.9603974Z  * [new tag]             ide-vscode-v0.37.36        -> ide-vscode-v0.37.36
2026-10-09T14:29:50.9604349Z  * [new tag]             ide-vscode-v0.37.37        -> ide-vscode-v0.37.37
2026-10-09T14:29:50.9604748Z  * [new tag]             ide-vscode-v0.37.38        -> ide-vscode-v0.37.38
2026-10-09T14:29:50.9605123Z  * [new tag]             ide-vscode-v0.37.39        -> ide-vscode-v0.37.39
2026-10-09T14:29:50.9605500Z  * [new tag]             ide-vscode-v0.37.4         -> ide-vscode-v0.37.4
2026-10-09T14:29:50.9605874Z  * [new tag]             ide-vscode-v0.37.42        -> ide-vscode-v0.37.42
2026-10-09T14:29:50.9606255Z  * [new tag]             ide-vscode-v0.37.44        -> ide-vscode-v0.37.44
2026-10-09T14:29:50.9606623Z  * [new tag]             ide-vscode-v0.37.45        -> ide-vscode-v0.37.45
2026-10-09T14:29:50.9606986Z  * [new tag]             ide-vscode-v0.37.46        -> ide-vscode-v0.37.46
2026-10-09T14:29:50.9607356Z  * [new tag]             ide-vscode-v0.37.47        -> ide-vscode-v0.37.47
2026-10-09T14:29:50.9607722Z  * [new tag]             ide-vscode-v0.37.48        -> ide-vscode-v0.37.48
2026-10-09T14:29:50.9608183Z  * [new tag]             ide-vscode-v0.37.49        -> ide-vscode-v0.37.49
2026-10-09T14:29:50.9608560Z  * [new tag]             ide-vscode-v0.37.5         -> ide-vscode-v0.37.5
2026-10-09T14:29:50.9608933Z  * [new tag]             ide-vscode-v0.37.50        -> ide-vscode-v0.37.50
2026-10-09T14:29:50.9609305Z  * [new tag]             ide-vscode-v0.37.51        -> ide-vscode-v0.37.51
2026-10-09T14:29:50.9609675Z  * [new tag]             ide-vscode-v0.37.52        -> ide-vscode-v0.37.52
2026-10-09T14:29:50.9610044Z  * [new tag]             ide-vscode-v0.37.53        -> ide-vscode-v0.37.53
2026-10-09T14:29:50.9610418Z  * [new tag]             ide-vscode-v0.37.54        -> ide-vscode-v0.37.54
2026-10-09T14:29:50.9611240Z  * [new tag]             ide-vscode-v0.37.55        -> ide-vscode-v0.37.55
2026-10-09T14:29:50.9611621Z  * [new tag]             ide-vscode-v0.37.56        -> ide-vscode-v0.37.56
2026-10-09T14:29:50.9611992Z  * [new tag]             ide-vscode-v0.37.57        -> ide-vscode-v0.37.57
2026-10-09T14:29:50.9612370Z  * [new tag]             ide-vscode-v0.37.58        -> ide-vscode-v0.37.58
2026-10-09T14:29:50.9612740Z  * [new tag]             ide-vscode-v0.37.59        -> ide-vscode-v0.37.59
2026-10-09T14:29:50.9613943Z  * [new tag]             ide-vscode-v0.37.6         -> ide-vscode-v0.37.6
2026-10-09T14:29:50.9614343Z  * [new tag]             ide-vscode-v0.37.60        -> ide-vscode-v0.37.60
2026-10-09T14:29:50.9614718Z  * [new tag]             ide-vscode-v0.37.61        -> ide-vscode-v0.37.61
2026-10-09T14:29:50.9615091Z  * [new tag]             ide-vscode-v0.37.63        -> ide-vscode-v0.37.63
2026-10-09T14:29:50.9615462Z  * [new tag]             ide-vscode-v0.37.64        -> ide-vscode-v0.37.64
2026-10-09T14:29:50.9615835Z  * [new tag]             ide-vscode-v0.37.65        -> ide-vscode-v0.37.65
2026-10-09T14:29:50.9616204Z  * [new tag]             ide-vscode-v0.37.66        -> ide-vscode-v0.37.66
2026-10-09T14:29:50.9616574Z  * [new tag]             ide-vscode-v0.37.67        -> ide-vscode-v0.37.67
2026-10-09T14:29:50.9616948Z  * [new tag]             ide-vscode-v0.37.68        -> ide-vscode-v0.37.68
2026-10-09T14:29:50.9617325Z  * [new tag]             ide-vscode-v0.37.69        -> ide-vscode-v0.37.69
2026-10-09T14:29:50.9617701Z  * [new tag]             ide-vscode-v0.37.7         -> ide-vscode-v0.37.7
2026-10-09T14:29:50.9618075Z  * [new tag]             ide-vscode-v0.37.70        -> ide-vscode-v0.37.70
2026-10-09T14:29:50.9618516Z  * [new tag]             ide-vscode-v0.37.71        -> ide-vscode-v0.37.71
2026-10-09T14:29:50.9618894Z  * [new tag]             ide-vscode-v0.37.72        -> ide-vscode-v0.37.72
2026-10-09T14:29:50.9619267Z  * [new tag]             ide-vscode-v0.37.73        -> ide-vscode-v0.37.73
2026-10-09T14:29:50.9619653Z  * [new tag]             ide-vscode-v0.37.75        -> ide-vscode-v0.37.75
2026-10-09T14:29:50.9620027Z  * [new tag]             ide-vscode-v0.37.76        -> ide-vscode-v0.37.76
2026-10-09T14:29:50.9620405Z  * [new tag]             ide-vscode-v0.37.77        -> ide-vscode-v0.37.77
2026-10-09T14:29:50.9620788Z  * [new tag]             ide-vscode-v0.37.78        -> ide-vscode-v0.37.78
2026-10-09T14:29:50.9621161Z  * [new tag]             ide-vscode-v0.37.79        -> ide-vscode-v0.37.79
2026-10-09T14:29:50.9621534Z  * [new tag]             ide-vscode-v0.37.8         -> ide-vscode-v0.37.8
2026-10-09T14:29:50.9621906Z  * [new tag]             ide-vscode-v0.37.80        -> ide-vscode-v0.37.80
2026-10-09T14:29:50.9622275Z  * [new tag]             ide-vscode-v0.37.81        -> ide-vscode-v0.37.81
2026-10-09T14:29:50.9622641Z  * [new tag]             ide-vscode-v0.37.82        -> ide-vscode-v0.37.82
2026-10-09T14:29:50.9623006Z  * [new tag]             ide-vscode-v0.37.83        -> ide-vscode-v0.37.83
2026-10-09T14:29:50.9623384Z  * [new tag]             ide-vscode-v0.37.84        -> ide-vscode-v0.37.84
2026-10-09T14:29:50.9623752Z  * [new tag]             ide-vscode-v0.37.85        -> ide-vscode-v0.37.85
2026-10-09T14:29:50.9624598Z  * [new tag]             ide-vscode-v0.37.86        -> ide-vscode-v0.37.86
2026-10-09T14:29:50.9625023Z  * [new tag]             ide-vscode-v0.37.87        -> ide-vscode-v0.37.87
2026-10-09T14:29:50.9625405Z  * [new tag]             ide-vscode-v0.37.88        -> ide-vscode-v0.37.88
2026-10-09T14:29:50.9625773Z  * [new tag]             ide-vscode-v0.37.89        -> ide-vscode-v0.37.89
2026-10-09T14:29:50.9626146Z  * [new tag]             ide-vscode-v0.37.9         -> ide-vscode-v0.37.9
2026-10-09T14:29:50.9626520Z  * [new tag]             ide-vscode-v0.37.91        -> ide-vscode-v0.37.91
2026-10-09T14:29:50.9626897Z  * [new tag]             ide-vscode-v0.37.92        -> ide-vscode-v0.37.92
2026-10-09T14:29:50.9627268Z  * [new tag]             ide-vscode-v0.37.93        -> ide-vscode-v0.37.93
2026-10-09T14:29:50.9627637Z  * [new tag]             ide-vscode-v0.37.94        -> ide-vscode-v0.37.94
2026-10-09T14:29:50.9628005Z  * [new tag]             ide-vscode-v0.37.95        -> ide-vscode-v0.37.95
2026-10-09T14:29:50.9628384Z  * [new tag]             ide-vscode-v0.37.96        -> ide-vscode-v0.37.96
2026-10-09T14:29:50.9628750Z  * [new tag]             ide-vscode-v0.37.97        -> ide-vscode-v0.37.97
2026-10-09T14:29:50.9629228Z  * [new tag]             ide-vscode-v0.37.98        -> ide-vscode-v0.37.98
2026-10-09T14:29:50.9629596Z  * [new tag]             ide-vscode-v0.37.99        -> ide-vscode-v0.37.99
2026-10-09T14:29:50.9629973Z  * [new tag]             ide-vscode-v0.9.0          -> ide-vscode-v0.9.0
2026-10-09T14:29:50.9630481Z  * [new tag]             internal-binaries-android-v20260614b -> internal-binaries-android-v20260614b
2026-10-09T14:29:50.9631532Z  * [new tag]             internal-binaries-android-v20260614c -> internal-binaries-android-v20260614c
2026-10-09T14:29:50.9632159Z  * [new tag]             internal-binaries-android-v20260615 -> internal-binaries-android-v20260615
2026-10-09T14:29:50.9632767Z  * [new tag]             internal-binaries-android-v20260615b -> internal-binaries-android-v20260615b
2026-10-09T14:29:50.9633419Z  * [new tag]             internal-binaries-android-v20260615c -> internal-binaries-android-v20260615c
2026-10-09T14:29:50.9634029Z  * [new tag]             internal-binaries-android-v20260615d -> internal-binaries-android-v20260615d
2026-10-09T14:29:50.9634651Z  * [new tag]             internal-binaries-android-v20260617 -> internal-binaries-android-v20260617
2026-10-09T14:29:50.9635253Z  * [new tag]             internal-binaries-android-v20260617b -> internal-binaries-android-v20260617b
2026-10-09T14:29:50.9635857Z  * [new tag]             internal-binaries-android-v20260617c -> internal-binaries-android-v20260617c
2026-10-09T14:29:50.9636459Z  * [new tag]             internal-binaries-android-v20260619 -> internal-binaries-android-v20260619
2026-10-09T14:29:50.9637051Z  * [new tag]             internal-binaries-android-v20260620 -> internal-binaries-android-v20260620
2026-10-09T14:29:50.9637638Z  * [new tag]             internal-binaries-android-v20260622 -> internal-binaries-android-v20260622
2026-10-09T14:29:50.9638240Z  * [new tag]             internal-binaries-android-v20260622b -> internal-binaries-android-v20260622b
2026-10-09T14:29:50.9639066Z  * [new tag]             internal-binaries-android-v20260622c -> internal-binaries-android-v20260622c
2026-10-09T14:29:50.9639702Z  * [new tag]             internal-binaries-android-v20260622d -> internal-binaries-android-v20260622d
2026-10-09T14:29:50.9640312Z  * [new tag]             internal-binaries-android-v20260622e -> internal-binaries-android-v20260622e
2026-10-09T14:29:50.9640917Z  * [new tag]             internal-binaries-android-v20260623 -> internal-binaries-android-v20260623
2026-10-09T14:29:50.9641517Z  * [new tag]             internal-binaries-android-v20260623b -> internal-binaries-android-v20260623b
2026-10-09T14:29:50.9642123Z  * [new tag]             internal-binaries-android-v20260624 -> internal-binaries-android-v20260624
2026-10-09T14:29:50.9642859Z  * [new tag]             internal-binaries-android-v20260628 -> internal-binaries-android-v20260628
2026-10-09T14:29:50.9643471Z  * [new tag]             internal-binaries-android-v20260628b -> internal-binaries-android-v20260628b
2026-10-09T14:29:50.9644083Z  * [new tag]             internal-binaries-android-v20260628c -> internal-binaries-android-v20260628c
2026-10-09T14:29:50.9644684Z  * [new tag]             internal-binaries-android-v20260628d -> internal-binaries-android-v20260628d
2026-10-09T14:29:50.9645284Z  * [new tag]             internal-binaries-android-v20260628e -> internal-binaries-android-v20260628e
2026-10-09T14:29:50.9645887Z  * [new tag]             internal-binaries-android-v20260629b -> internal-binaries-android-v20260629b
2026-10-09T14:29:50.9646487Z  * [new tag]             internal-binaries-android-v20260629c -> internal-binaries-android-v20260629c
2026-10-09T14:29:50.9647095Z  * [new tag]             internal-binaries-android-v20260629d -> internal-binaries-android-v20260629d
2026-10-09T14:29:50.9647706Z  * [new tag]             internal-binaries-android-v20260629e -> internal-binaries-android-v20260629e
2026-10-09T14:29:50.9648587Z  * [new tag]             internal-binaries-android-v20260629f -> internal-binaries-android-v20260629f
2026-10-09T14:29:50.9649941Z  * [new tag]             internal-binaries-android-v20260629g -> internal-binaries-android-v20260629g
2026-10-09T14:29:50.9651352Z  * [new tag]             internal-binaries-android-v20260629h -> internal-binaries-android-v20260629h
2026-10-09T14:29:50.9652507Z  * [new tag]             internal-binaries-android-v20260629i -> internal-binaries-android-v20260629i
2026-10-09T14:29:50.9653569Z  * [new tag]             internal-binaries-android-v20260703 -> internal-binaries-android-v20260703
2026-10-09T14:29:50.9654681Z  * [new tag]             internal-binaries-android-v20260711 -> internal-binaries-android-v20260711
2026-10-09T14:29:50.9655779Z  * [new tag]             internal-binaries-android-v20261008 -> internal-binaries-android-v20261008
2026-10-09T14:29:50.9656774Z  * [new tag]             python-agent-sdk-v0.1.0    -> python-agent-sdk-v0.1.0
2026-10-09T14:29:50.9657602Z  * [new tag]             python-agent-sdk-v0.2.0    -> python-agent-sdk-v0.2.0
2026-10-09T14:29:50.9658411Z  * [new tag]             python-agent-sdk-v0.2.1    -> python-agent-sdk-v0.2.1
2026-10-09T14:29:50.9659190Z  * [new tag]             python-agent-sdk-v0.2.2    -> python-agent-sdk-v0.2.2
2026-10-09T14:29:50.9659925Z  * [new tag]             python-agent-sdk-v0.2.3    -> python-agent-sdk-v0.2.3
2026-10-09T14:29:50.9660649Z  * [new tag]             python-agent-sdk-v0.2.4    -> python-agent-sdk-v0.2.4
2026-10-09T14:29:50.9661386Z  * [new tag]             python-agent-sdk-v0.2.5    -> python-agent-sdk-v0.2.5
2026-10-09T14:29:50.9662119Z  * [new tag]             python-agent-sdk-v0.2.6    -> python-agent-sdk-v0.2.6
2026-10-09T14:29:50.9662837Z  * [new tag]             python-agent-sdk-v0.2.7    -> python-agent-sdk-v0.2.7
2026-10-09T14:29:50.9663594Z  * [new tag]             python-agent-sdk-v0.2.8    -> python-agent-sdk-v0.2.8
2026-10-09T14:29:50.9664294Z  * [new tag]             python-agent-sdk-v0.2.9    -> python-agent-sdk-v0.2.9
2026-10-09T14:29:50.9664798Z  * [new tag]             release-candidate-cli-v0.166.11 -> release-candidate-cli-v0.166.11
2026-10-09T14:29:50.9665374Z  * [new tag]             release-candidate-cli-v0.166.11-rc2 -> release-candidate-cli-v0.166.11-rc2
2026-10-09T14:29:50.9665918Z  * [new tag]             v-npm-0-162-172            -> v-npm-0-162-172
2026-10-09T14:29:50.9666295Z  * [new tag]             v-npm-0-162-172b           -> v-npm-0-162-172b
2026-10-09T14:29:50.9666651Z  * [new tag]             v-npm-0-162-180            -> v-npm-0-162-180
2026-10-09T14:29:50.9666996Z  * [new tag]             v-npm-0-162-181            -> v-npm-0-162-181
2026-10-09T14:29:50.9667621Z  * [new tag]             v-npm-0-162-182            -> v-npm-0-162-182
2026-10-09T14:29:50.9668233Z  * [new tag]             v-npm-0-162-183            -> v-npm-0-162-183
2026-10-09T14:29:50.9669102Z  * [new tag]             v-npm-0-162-184            -> v-npm-0-162-184
2026-10-09T14:29:50.9669768Z  * [new tag]             v-npm-0-162-185            -> v-npm-0-162-185
2026-10-09T14:29:50.9670399Z  * [new tag]             v-npm-0-162-187            -> v-npm-0-162-187
2026-10-09T14:29:50.9671029Z  * [new tag]             v-npm-0-162-188            -> v-npm-0-162-188
2026-10-09T14:29:50.9671999Z  * [new tag]             v-npm-0-162-189            -> v-npm-0-162-189
2026-10-09T14:29:50.9672618Z  * [new tag]             v-npm-0-162-190            -> v-npm-0-162-190
2026-10-09T14:29:50.9673223Z  * [new tag]             v-npm-0-162-191            -> v-npm-0-162-191
2026-10-09T14:29:50.9673837Z  * [new tag]             v-npm-0-162-192            -> v-npm-0-162-192
2026-10-09T14:29:50.9674477Z  * [new tag]             v-npm-0-162-194            -> v-npm-0-162-194
2026-10-09T14:29:50.9675147Z  * [new tag]             v-npm-0-162-195            -> v-npm-0-162-195
2026-10-09T14:29:50.9675804Z  * [new tag]             v-npm-0-162-196            -> v-npm-0-162-196
2026-10-09T14:29:50.9676466Z  * [new tag]             v-npm-0-162-197            -> v-npm-0-162-197
2026-10-09T14:29:50.9677386Z  * [new tag]             v-npm-0-162-198            -> v-npm-0-162-198
2026-10-09T14:29:50.9678088Z  * [new tag]             v-npm-0-162-199            -> v-npm-0-162-199
2026-10-09T14:29:50.9678749Z  * [new tag]             v-npm-0-162-200            -> v-npm-0-162-200
2026-10-09T14:29:50.9679403Z  * [new tag]             v-npm-0-163-0              -> v-npm-0-163-0
2026-10-09T14:29:50.9680050Z  * [new tag]             v-npm-0-163-1              -> v-npm-0-163-1
2026-10-09T14:29:50.9680679Z  * [new tag]             v-npm-0-163-2              -> v-npm-0-163-2
2026-10-09T14:29:50.9681318Z  * [new tag]             v-npm-0-163-3              -> v-npm-0-163-3
2026-10-09T14:29:50.9681975Z  * [new tag]             v-npm-0-163-4              -> v-npm-0-163-4
2026-10-09T14:29:50.9682654Z  * [new tag]             v-npm-0-163-5              -> v-npm-0-163-5
2026-10-09T14:29:50.9683287Z  * [new tag]             v-npm-0-163-6              -> v-npm-0-163-6
2026-10-09T14:29:50.9683923Z  * [new tag]             v-npm-0-163-7              -> v-npm-0-163-7
2026-10-09T14:29:50.9684549Z  * [new tag]             v-npm-0-163-8              -> v-npm-0-163-8
2026-10-09T14:29:50.9685168Z  * [new tag]             v-npm-0-164-0              -> v-npm-0-164-0
2026-10-09T14:29:50.9685793Z  * [new tag]             v-npm-0-165-0              -> v-npm-0-165-0
2026-10-09T14:29:50.9686405Z  * [new tag]             v-npm-0-165-1              -> v-npm-0-165-1
2026-10-09T14:29:50.9687056Z  * [new tag]             v-npm-0-165-10             -> v-npm-0-165-10
2026-10-09T14:29:50.9687695Z  * [new tag]             v-npm-0-165-2              -> v-npm-0-165-2
2026-10-09T14:29:50.9688356Z  * [new tag]             v-npm-0-165-3              -> v-npm-0-165-3
2026-10-09T14:29:50.9689017Z  * [new tag]             v-npm-0-165-4              -> v-npm-0-165-4
2026-10-09T14:29:50.9689710Z  * [new tag]             v-npm-0-165-5              -> v-npm-0-165-5
2026-10-09T14:29:50.9690106Z  * [new tag]             v-npm-0-165-6              -> v-npm-0-165-6
2026-10-09T14:29:50.9690459Z  * [new tag]             v-npm-0-165-7              -> v-npm-0-165-7
2026-10-09T14:29:50.9690793Z  * [new tag]             v-npm-0-165-8              -> v-npm-0-165-8
2026-10-09T14:29:50.9691135Z  * [new tag]             v-npm-0-165-9              -> v-npm-0-165-9
2026-10-09T14:29:50.9692021Z  * [new tag]             v-npm-0-166-0              -> v-npm-0-166-0
2026-10-09T14:29:50.9692620Z  * [new tag]             v-npm-0-166-1              -> v-npm-0-166-1
2026-10-09T14:29:50.9693217Z  * [new tag]             v-npm-0-166-10             -> v-npm-0-166-10
2026-10-09T14:29:50.9693822Z  * [new tag]             v-npm-0-166-11             -> v-npm-0-166-11
2026-10-09T14:29:50.9694415Z  * [new tag]             v-npm-0-166-13             -> v-npm-0-166-13
2026-10-09T14:29:50.9695097Z  * [new tag]             v-npm-0-166-14             -> v-npm-0-166-14
2026-10-09T14:29:50.9695644Z  * [new tag]             v-npm-0-166-15             -> v-npm-0-166-15
2026-10-09T14:29:50.9696308Z  * [new tag]             v-npm-0-166-16             -> v-npm-0-166-16
2026-10-09T14:29:50.9696673Z  * [new tag]             v-npm-0-166-17             -> v-npm-0-166-17
2026-10-09T14:29:50.9697010Z  * [new tag]             v-npm-0-166-18             -> v-npm-0-166-18
2026-10-09T14:29:50.9697345Z  * [new tag]             v-npm-0-166-19             -> v-npm-0-166-19
2026-10-09T14:29:50.9697791Z  * [new tag]             v-npm-0-166-2              -> v-npm-0-166-2
2026-10-09T14:29:50.9698416Z  * [new tag]             v-npm-0-166-20             -> v-npm-0-166-20
2026-10-09T14:29:50.9699046Z  * [new tag]             v-npm-0-166-21             -> v-npm-0-166-21
2026-10-09T14:29:50.9699427Z  * [new tag]             v-npm-0-166-22             -> v-npm-0-166-22
2026-10-09T14:29:50.9699784Z  * [new tag]             v-npm-0-166-23             -> v-npm-0-166-23
2026-10-09T14:29:50.9700119Z  * [new tag]             v-npm-0-166-24             -> v-npm-0-166-24
2026-10-09T14:29:50.9700633Z  * [new tag]             v-npm-0-166-25             -> v-npm-0-166-25
2026-10-09T14:29:50.9700990Z  * [new tag]             v-npm-0-166-26             -> v-npm-0-166-26
2026-10-09T14:29:50.9701331Z  * [new tag]             v-npm-0-166-27             -> v-npm-0-166-27
2026-10-09T14:29:50.9701667Z  * [new tag]             v-npm-0-166-28             -> v-npm-0-166-28
2026-10-09T14:29:50.9702004Z  * [new tag]             v-npm-0-166-29             -> v-npm-0-166-29
2026-10-09T14:29:50.9702342Z  * [new tag]             v-npm-0-166-3              -> v-npm-0-166-3
2026-10-09T14:29:50.9702687Z  * [new tag]             v-npm-0-166-30             -> v-npm-0-166-30
2026-10-09T14:29:50.9703020Z  * [new tag]             v-npm-0-166-31             -> v-npm-0-166-31
2026-10-09T14:29:50.9703354Z  * [new tag]             v-npm-0-166-32             -> v-npm-0-166-32
2026-10-09T14:29:50.9703696Z  * [new tag]             v-npm-0-166-33             -> v-npm-0-166-33
2026-10-09T14:29:50.9704027Z  * [new tag]             v-npm-0-166-34             -> v-npm-0-166-34
2026-10-09T14:29:50.9704365Z  * [new tag]             v-npm-0-166-36             -> v-npm-0-166-36
2026-10-09T14:29:50.9704696Z  * [new tag]             v-npm-0-166-37             -> v-npm-0-166-37
2026-10-09T14:29:50.9705023Z  * [new tag]             v-npm-0-166-38             -> v-npm-0-166-38
2026-10-09T14:29:50.9705363Z  * [new tag]             v-npm-0-166-39             -> v-npm-0-166-39
2026-10-09T14:29:50.9705694Z  * [new tag]             v-npm-0-166-4              -> v-npm-0-166-4
2026-10-09T14:29:50.9706029Z  * [new tag]             v-npm-0-166-40             -> v-npm-0-166-40
2026-10-09T14:29:50.9706361Z  * [new tag]             v-npm-0-166-41             -> v-npm-0-166-41
2026-10-09T14:29:50.9706692Z  * [new tag]             v-npm-0-166-42             -> v-npm-0-166-42
2026-10-09T14:29:50.9707024Z  * [new tag]             v-npm-0-166-43             -> v-npm-0-166-43
2026-10-09T14:29:50.9707358Z  * [new tag]             v-npm-0-166-44             -> v-npm-0-166-44
2026-10-09T14:29:50.9707693Z  * [new tag]             v-npm-0-166-45             -> v-npm-0-166-45
2026-10-09T14:29:50.9708063Z  * [new tag]             v-npm-0-166-46             -> v-npm-0-166-46
2026-10-09T14:29:50.9708397Z  * [new tag]             v-npm-0-166-47             -> v-npm-0-166-47
2026-10-09T14:29:50.9708738Z  * [new tag]             v-npm-0-166-48             -> v-npm-0-166-48
2026-10-09T14:29:50.9709068Z  * [new tag]             v-npm-0-166-49             -> v-npm-0-166-49
2026-10-09T14:29:50.9709403Z  * [new tag]             v-npm-0-166-5              -> v-npm-0-166-5
2026-10-09T14:29:50.9709737Z  * [new tag]             v-npm-0-166-50             -> v-npm-0-166-50
2026-10-09T14:29:50.9710073Z  * [new tag]             v-npm-0-166-51             -> v-npm-0-166-51
2026-10-09T14:29:50.9710525Z  * [new tag]             v-npm-0-166-52             -> v-npm-0-166-52
2026-10-09T14:29:50.9710873Z  * [new tag]             v-npm-0-166-53             -> v-npm-0-166-53
2026-10-09T14:29:50.9711213Z  * [new tag]             v-npm-0-166-54             -> v-npm-0-166-54
2026-10-09T14:29:50.9711854Z  * [new tag]             v-npm-0-166-55             -> v-npm-0-166-55
2026-10-09T14:29:50.9712279Z  * [new tag]             v-npm-0-166-56             -> v-npm-0-166-56
2026-10-09T14:29:50.9712619Z  * [new tag]             v-npm-0-166-57             -> v-npm-0-166-57
2026-10-09T14:29:50.9712953Z  * [new tag]             v-npm-0-166-58             -> v-npm-0-166-58
2026-10-09T14:29:50.9713288Z  * [new tag]             v-npm-0-166-59             -> v-npm-0-166-59
2026-10-09T14:29:50.9713620Z  * [new tag]             v-npm-0-166-6              -> v-npm-0-166-6
2026-10-09T14:29:50.9713963Z  * [new tag]             v-npm-0-166-60             -> v-npm-0-166-60
2026-10-09T14:29:50.9714308Z  * [new tag]             v-npm-0-166-62             -> v-npm-0-166-62
2026-10-09T14:29:50.9714647Z  * [new tag]             v-npm-0-166-63             -> v-npm-0-166-63
2026-10-09T14:29:50.9715140Z  * [new tag]             v-npm-0-166-64             -> v-npm-0-166-64
2026-10-09T14:29:50.9715476Z  * [new tag]             v-npm-0-166-65             -> v-npm-0-166-65
2026-10-09T14:29:50.9715811Z  * [new tag]             v-npm-0-166-66             -> v-npm-0-166-66
2026-10-09T14:29:50.9716143Z  * [new tag]             v-npm-0-166-67             -> v-npm-0-166-67
2026-10-09T14:29:50.9716478Z  * [new tag]             v-npm-0-166-68             -> v-npm-0-166-68
2026-10-09T14:29:50.9716808Z  * [new tag]             v-npm-0-166-69             -> v-npm-0-166-69
2026-10-09T14:29:50.9717148Z  * [new tag]             v-npm-0-166-7              -> v-npm-0-166-7
2026-10-09T14:29:50.9717480Z  * [new tag]             v-npm-0-166-70             -> v-npm-0-166-70
2026-10-09T14:29:50.9717809Z  * [new tag]             v-npm-0-166-71             -> v-npm-0-166-71
2026-10-09T14:29:50.9718145Z  * [new tag]             v-npm-0-166-72             -> v-npm-0-166-72
2026-10-09T14:29:50.9718475Z  * [new tag]             v-npm-0-166-74             -> v-npm-0-166-74
2026-10-09T14:29:50.9718809Z  * [new tag]             v-npm-0-166-75             -> v-npm-0-166-75
2026-10-09T14:29:50.9719141Z  * [new tag]             v-npm-0-166-76             -> v-npm-0-166-76
2026-10-09T14:29:50.9719474Z  * [new tag]             v-npm-0-166-77             -> v-npm-0-166-77
2026-10-09T14:29:50.9719810Z  * [new tag]             v-npm-0-166-78             -> v-npm-0-166-78
2026-10-09T14:29:50.9720141Z  * [new tag]             v-npm-0-166-79             -> v-npm-0-166-79
2026-10-09T14:29:50.9720473Z  * [new tag]             v-npm-0-166-80             -> v-npm-0-166-80
2026-10-09T14:29:50.9720808Z  * [new tag]             v-npm-0-166-81             -> v-npm-0-166-81
2026-10-09T14:29:50.9721139Z  * [new tag]             v-npm-0-166-82             -> v-npm-0-166-82
2026-10-09T14:29:50.9721477Z  * [new tag]             v-npm-0-166-83             -> v-npm-0-166-83
2026-10-09T14:29:50.9721812Z  * [new tag]             v-npm-0-166-84             -> v-npm-0-166-84
2026-10-09T14:29:50.9722153Z  * [new tag]             v-npm-0-166-85             -> v-npm-0-166-85
2026-10-09T14:29:50.9722487Z  * [new tag]             v-npm-0-166-86             -> v-npm-0-166-86
2026-10-09T14:29:50.9722844Z  * [new tag]             v-npm-0-166-87             -> v-npm-0-166-87
2026-10-09T14:29:50.9723180Z  * [new tag]             v-npm-0-166-88             -> v-npm-0-166-88
2026-10-09T14:29:50.9723509Z  * [new tag]             v-npm-0-166-89             -> v-npm-0-166-89
2026-10-09T14:29:50.9723843Z  * [new tag]             v-npm-0-166-9              -> v-npm-0-166-9
2026-10-09T14:29:50.9724200Z  * [new tag]             v-npm-0-166-90             -> v-npm-0-166-90
2026-10-09T14:29:50.9724542Z  * [new tag]             v-npm-0-166-91             -> v-npm-0-166-91
2026-10-09T14:29:50.9725014Z  * [new tag]             v-npm-0-166-92             -> v-npm-0-166-92
2026-10-09T14:29:50.9725360Z  * [new tag]             v-npm-0-166-93             -> v-npm-0-166-93
2026-10-09T14:29:50.9725699Z  * [new tag]             v-npm-0-166-94             -> v-npm-0-166-94
2026-10-09T14:29:50.9726035Z  * [new tag]             v0.158.0                   -> v0.158.0
2026-10-09T14:29:50.9726351Z  * [new tag]             v0.159.0                   -> v0.159.0
2026-10-09T14:29:50.9726651Z  * [new tag]             v0.160.0                   -> v0.160.0
2026-10-09T14:29:50.9726966Z  * [new tag]             v0.162.172                 -> v0.162.172
2026-10-09T14:29:50.9727283Z  * [new tag]             v0.162.173                 -> v0.162.173
2026-10-09T14:29:50.9727590Z  * [new tag]             v0.162.192                 -> v0.162.192
2026-10-09T14:29:50.9727893Z  * [new tag]             v0.2.0                     -> v0.2.0
2026-10-09T14:29:50.9728203Z  * [new tag]             v0.20.0                    -> v0.20.0
2026-10-09T14:29:50.9728514Z  * [new tag]             v0.21.0                    -> v0.21.0
2026-10-09T14:29:50.9728809Z  * [new tag]             v0.22.0                    -> v0.22.0
2026-10-09T14:29:50.9729218Z  * [new tag]             v0.26.1                    -> v0.26.1
2026-10-09T14:29:50.9729522Z  * [new tag]             v0.26.2                    -> v0.26.2
2026-10-09T14:29:50.9729824Z  * [new tag]             v0.34.0                    -> v0.34.0
2026-10-09T14:29:50.9730125Z  * [new tag]             v0.34.10                   -> v0.34.10
2026-10-09T14:29:50.9730427Z  * [new tag]             v0.34.7                    -> v0.34.7
2026-10-09T14:29:50.9730722Z  * [new tag]             v0.34.8                    -> v0.34.8
2026-10-09T14:29:50.9731023Z  * [new tag]             v0.34.9                    -> v0.34.9
2026-10-09T14:29:50.9731527Z  * [new tag]             v0.35.0                    -> v0.35.0
2026-10-09T14:29:50.9732198Z  * [new tag]             v0.35.1                    -> v0.35.1
2026-10-09T14:29:50.9732535Z  * [new tag]             v0.35.2                    -> v0.35.2
2026-10-09T14:29:50.9732871Z  * [new tag]             v0.35.3                    -> v0.35.3
2026-10-09T14:29:50.9733171Z  * [new tag]             v0.35.4                    -> v0.35.4
2026-10-09T14:29:50.9733474Z  * [new tag]             v0.37.10                   -> v0.37.10
2026-10-09T14:29:50.9733777Z  * [new tag]             v0.37.11                   -> v0.37.11
2026-10-09T14:29:50.9734072Z  * [new tag]             v0.37.12                   -> v0.37.12
2026-10-09T14:29:50.9734368Z  * [new tag]             v0.37.8                    -> v0.37.8
2026-10-09T14:29:50.9734664Z  * [new tag]             v0.37.9                    -> v0.37.9
2026-10-09T14:29:50.9734961Z  * [new tag]             v0.38.0                    -> v0.38.0
2026-10-09T14:29:50.9735263Z  * [new tag]             v0.38.1                    -> v0.38.1
2026-10-09T14:29:50.9735554Z  * [new tag]             v0.40.0                    -> v0.40.0
2026-10-09T14:29:50.9735851Z  * [new tag]             v0.40.1                    -> v0.40.1
2026-10-09T14:29:50.9736143Z  * [new tag]             v0.40.2                    -> v0.40.2
2026-10-09T14:29:50.9736441Z  * [new tag]             v0.40.3                    -> v0.40.3
2026-10-09T14:29:50.9736737Z  * [new tag]             v0.41.0                    -> v0.41.0
2026-10-09T14:29:50.9737030Z  * [new tag]             v0.41.1                    -> v0.41.1
2026-10-09T14:29:50.9737329Z  * [new tag]             v0.42.1                    -> v0.42.1
2026-10-09T14:29:50.9737625Z  * [new tag]             v0.42.2                    -> v0.42.2
2026-10-09T14:29:50.9737928Z  * [new tag]             v0.42.3                    -> v0.42.3
2026-10-09T14:29:50.9738224Z  * [new tag]             v0.43.0                    -> v0.43.0
2026-10-09T14:29:50.9738519Z  * [new tag]             v0.43.1                    -> v0.43.1
2026-10-09T14:29:50.9738821Z  * [new tag]             v0.43.2                    -> v0.43.2
2026-10-09T14:29:50.9739278Z  * [new tag]             v0.43.3                    -> v0.43.3
2026-10-09T14:29:50.9739592Z  * [new tag]             v0.43.4                    -> v0.43.4
2026-10-09T14:29:50.9739893Z  * [new tag]             v0.44.0                    -> v0.44.0
2026-10-09T14:29:50.9740182Z  * [new tag]             v0.45.0                    -> v0.45.0
2026-10-09T14:29:50.9740475Z  * [new tag]             v0.45.1                    -> v0.45.1
2026-10-09T14:29:50.9740771Z  * [new tag]             v0.45.12                   -> v0.45.12
2026-10-09T14:29:50.9741067Z  * [new tag]             v0.45.13                   -> v0.45.13
2026-10-09T14:29:50.9741364Z  * [new tag]             v0.45.14                   -> v0.45.14
2026-10-09T14:29:50.9741660Z  * [new tag]             v0.45.15                   -> v0.45.15
2026-10-09T14:29:50.9741958Z  * [new tag]             v0.45.16                   -> v0.45.16
2026-10-09T14:29:50.9742253Z  * [new tag]             v0.45.17                   -> v0.45.17
2026-10-09T14:29:50.9742550Z  * [new tag]             v0.45.18                   -> v0.45.18
2026-10-09T14:29:50.9742847Z  * [new tag]             v0.45.19                   -> v0.45.19
2026-10-09T14:29:50.9743272Z  * [new tag]             v0.45.2                    -> v0.45.2
2026-10-09T14:29:50.9743566Z  * [new tag]             v0.45.20                   -> v0.45.20
2026-10-09T14:29:50.9743860Z  * [new tag]             v0.45.21                   -> v0.45.21
2026-10-09T14:29:50.9744159Z  * [new tag]             v0.45.22                   -> v0.45.22
2026-10-09T14:29:50.9744456Z  * [new tag]             v0.45.23                   -> v0.45.23
2026-10-09T14:29:50.9744748Z  * [new tag]             v0.45.24                   -> v0.45.24
2026-10-09T14:29:50.9745041Z  * [new tag]             v0.45.25                   -> v0.45.25
2026-10-09T14:29:50.9745336Z  * [new tag]             v0.45.26                   -> v0.45.26
2026-10-09T14:29:50.9745635Z  * [new tag]             v0.45.27                   -> v0.45.27
2026-10-09T14:29:50.9745932Z  * [new tag]             v0.45.28                   -> v0.45.28
2026-10-09T14:29:50.9746230Z  * [new tag]             v0.45.29                   -> v0.45.29
2026-10-09T14:29:50.9746530Z  * [new tag]             v0.45.3                    -> v0.45.3
2026-10-09T14:29:50.9746823Z  * [new tag]             v0.45.30                   -> v0.45.30
2026-10-09T14:29:50.9747119Z  * [new tag]             v0.45.31                   -> v0.45.31
2026-10-09T14:29:50.9747416Z  * [new tag]             v0.45.32                   -> v0.45.32
2026-10-09T14:29:50.9747711Z  * [new tag]             v0.45.33                   -> v0.45.33
2026-10-09T14:29:50.9748013Z  * [new tag]             v0.45.4                    -> v0.45.4
2026-10-09T14:29:50.9748308Z  * [new tag]             v0.45.5                    -> v0.45.5
2026-10-09T14:29:50.9748609Z  * [new tag]             v0.45.6                    -> v0.45.6
2026-10-09T14:29:50.9748907Z  * [new tag]             v0.45.62                   -> v0.45.62
2026-10-09T14:29:50.9749207Z  * [new tag]             v0.45.63                   -> v0.45.63
2026-10-09T14:29:50.9749505Z  * [new tag]             v0.45.64                   -> v0.45.64
2026-10-09T14:29:50.9749807Z  * [new tag]             v0.45.65                   -> v0.45.65
2026-10-09T14:29:50.9750102Z  * [new tag]             v0.45.66                   -> v0.45.66
2026-10-09T14:29:50.9750399Z  * [new tag]             v0.45.67                   -> v0.45.67
2026-10-09T14:29:50.9750703Z  * [new tag]             v0.45.68                   -> v0.45.68
2026-10-09T14:29:50.9751004Z  * [new tag]             v0.45.69                   -> v0.45.69
2026-10-09T14:29:50.9751304Z  * [new tag]             v0.45.7                    -> v0.45.7
2026-10-09T14:29:50.9751605Z  * [new tag]             v0.45.70                   -> v0.45.70
2026-10-09T14:29:50.9751899Z  * [new tag]             v0.45.71                   -> v0.45.71
2026-10-09T14:29:50.9752761Z  * [new tag]             v0.45.72                   -> v0.45.72
2026-10-09T14:29:50.9753088Z  * [new tag]             v0.45.8                    -> v0.45.8
2026-10-09T14:29:50.9753389Z  * [new tag]             v0.45.9                    -> v0.45.9
2026-10-09T14:29:50.9753695Z  * [new tag]             v0.47.0                    -> v0.47.0
2026-10-09T14:29:50.9753988Z  * [new tag]             v0.47.2                    -> v0.47.2
2026-10-09T14:29:50.9754279Z  * [new tag]             v0.47.4                    -> v0.47.4
2026-10-09T14:29:50.9754570Z  * [new tag]             v0.47.5                    -> v0.47.5
2026-10-09T14:29:50.9754860Z  * [new tag]             v0.47.7                    -> v0.47.7
2026-10-09T14:29:50.9755149Z  * [new tag]             v0.47.8                    -> v0.47.8
2026-10-09T14:29:50.9755455Z  * [new tag]             v1.0.0                     -> v1.0.0
2026-10-09T14:29:50.9755777Z  * [new tag]             v5.0.2.11                  -> v5.0.2.11
2026-10-09T14:29:50.9756097Z  * [new tag]             v5.0.2.12                  -> v5.0.2.12
2026-10-09T14:29:50.9756408Z  * [new tag]             v5.0.2.13                  -> v5.0.2.13
2026-10-09T14:29:50.9756710Z  * [new tag]             v5.0.2.14                  -> v5.0.2.14
2026-10-09T14:29:50.9757906Z  * [new tag]             v5.0.2.15                  -> v5.0.2.15
2026-10-09T14:29:50.9758223Z  * [new tag]             v5.0.2.17                  -> v5.0.2.17
2026-10-09T14:29:50.9758530Z  * [new tag]             v5.0.2.18                  -> v5.0.2.18
2026-10-09T14:29:50.9758832Z  * [new tag]             v5.0.2.19                  -> v5.0.2.19
2026-10-09T14:29:50.9759135Z  * [new tag]             v5.0.2.20                  -> v5.0.2.20
2026-10-09T14:29:50.9759438Z  * [new tag]             v5.0.2.21                  -> v5.0.2.21
2026-10-09T14:29:50.9759752Z  * [new tag]             v5.0.2.22                  -> v5.0.2.22
2026-10-09T14:29:50.9760055Z  * [new tag]             v5.0.2.23                  -> v5.0.2.23
2026-10-09T14:29:50.9760363Z  * [new tag]             v5.0.2.24                  -> v5.0.2.24
2026-10-09T14:29:50.9760670Z  * [new tag]             v5.0.2.25                  -> v5.0.2.25
2026-10-09T14:29:50.9760980Z  * [new tag]             v5.0.2.26                  -> v5.0.2.26
2026-10-09T14:29:50.9761282Z  * [new tag]             v5.0.2.27                  -> v5.0.2.27
2026-10-09T14:29:50.9761585Z  * [new tag]             v5.0.2.28                  -> v5.0.2.28
2026-10-09T14:29:50.9761888Z  * [new tag]             v5.0.2.29                  -> v5.0.2.29
2026-10-09T14:29:50.9762189Z  * [new tag]             v5.0.2.30                  -> v5.0.2.30
2026-10-09T14:29:50.9762499Z  * [new tag]             v5.0.2.31                  -> v5.0.2.31
2026-10-09T14:29:50.9762801Z  * [new tag]             v5.0.2.32                  -> v5.0.2.32
2026-10-09T14:29:50.9763100Z  * [new tag]             v5.0.2.33                  -> v5.0.2.33
2026-10-09T14:29:50.9763403Z  * [new tag]             v5.0.2.34                  -> v5.0.2.34
2026-10-09T14:29:50.9763711Z  * [new tag]             v5.0.2.35                  -> v5.0.2.35
2026-10-09T14:29:50.9764038Z  * [new tag]             v5.0.2.36                  -> v5.0.2.36
2026-10-09T14:29:50.9764344Z  * [new tag]             v5.0.2.37                  -> v5.0.2.37
2026-10-09T14:29:50.9764648Z  * [new tag]             v5.0.2.38                  -> v5.0.2.38
2026-10-09T14:29:50.9764960Z  * [new tag]             v5.0.2.39                  -> v5.0.2.39
2026-10-09T14:29:50.9765265Z  * [new tag]             v5.0.2.40                  -> v5.0.2.40
2026-10-09T14:29:50.9765570Z  * [new tag]             v5.0.2.41                  -> v5.0.2.41
2026-10-09T14:29:50.9765872Z  * [new tag]             v5.0.2.42                  -> v5.0.2.42
2026-10-09T14:29:50.9766169Z  * [new tag]             v5.0.2.43                  -> v5.0.2.43
2026-10-09T14:29:50.9766466Z  * [new tag]             v5.0.2.44                  -> v5.0.2.44
2026-10-09T14:29:50.9766768Z  * [new tag]             v5.0.2.47                  -> v5.0.2.47
2026-10-09T14:29:50.9767479Z  * [new tag]             v5.0.2.48                  -> v5.0.2.48
2026-10-09T14:29:50.9767857Z  * [new tag]             v5.0.2.49                  -> v5.0.2.49
2026-10-09T14:29:50.9768180Z  * [new tag]             v5.0.2.50                  -> v5.0.2.50
2026-10-09T14:29:50.9768480Z  * [new tag]             v5.0.2.52                  -> v5.0.2.52
2026-10-09T14:29:50.9768780Z  * [new tag]             v5.0.2.53                  -> v5.0.2.53
2026-10-09T14:29:50.9769081Z  * [new tag]             v5.0.2.54                  -> v5.0.2.54
2026-10-09T14:29:50.9769381Z  * [new tag]             v5.0.2.55                  -> v5.0.2.55
2026-10-09T14:29:50.9770128Z  * [new tag]             v5.0.2.7                   -> v5.0.2.7
2026-10-09T14:29:50.9770475Z  * [new tag]             v5.0.2.8                   -> v5.0.2.8
2026-10-09T14:29:50.9770777Z  * [new tag]             v5.0.2.9                   -> v5.0.2.9
2026-10-09T14:29:50.9771086Z  * [new tag]             v5.0.3.0                   -> v5.0.3.0
2026-10-09T14:29:50.9771388Z  * [new tag]             v5.0.3.1                   -> v5.0.3.1
2026-10-09T14:29:50.9771691Z  * [new tag]             v5.0.3.10                  -> v5.0.3.10
2026-10-09T14:29:50.9772161Z  * [new tag]             v5.0.3.100                 -> v5.0.3.100
2026-10-09T14:29:50.9772477Z  * [new tag]             v5.0.3.101                 -> v5.0.3.101
2026-10-09T14:29:50.9772785Z  * [new tag]             v5.0.3.102                 -> v5.0.3.102
2026-10-09T14:29:50.9773091Z  * [new tag]             v5.0.3.103                 -> v5.0.3.103
2026-10-09T14:29:50.9773396Z  * [new tag]             v5.0.3.104                 -> v5.0.3.104
2026-10-09T14:29:50.9773708Z  * [new tag]             v5.0.3.105                 -> v5.0.3.105
2026-10-09T14:29:50.9774009Z  * [new tag]             v5.0.3.106                 -> v5.0.3.106
2026-10-09T14:29:50.9774315Z  * [new tag]             v5.0.3.107                 -> v5.0.3.107
2026-10-09T14:29:50.9774621Z  * [new tag]             v5.0.3.108                 -> v5.0.3.108
2026-10-09T14:29:50.9774930Z  * [new tag]             v5.0.3.109                 -> v5.0.3.109
2026-10-09T14:29:50.9775236Z  * [new tag]             v5.0.3.11                  -> v5.0.3.11
2026-10-09T14:29:50.9775543Z  * [new tag]             v5.0.3.110                 -> v5.0.3.110
2026-10-09T14:29:50.9775845Z  * [new tag]             v5.0.3.111                 -> v5.0.3.111
2026-10-09T14:29:50.9776214Z  * [new tag]             v5.0.3.112                 -> v5.0.3.112
2026-10-09T14:29:50.9793894Z  * [new tag]             v5.0.3.113                 -> v5.0.3.113
2026-10-09T14:29:50.9794281Z  * [new tag]             v5.0.3.114                 -> v5.0.3.114
2026-10-09T14:29:50.9794603Z  * [new tag]             v5.0.3.115                 -> v5.0.3.115
2026-10-09T14:29:50.9794935Z  * [new tag]             v5.0.3.116                 -> v5.0.3.116
2026-10-09T14:29:50.9795250Z  * [new tag]             v5.0.3.117                 -> v5.0.3.117
2026-10-09T14:29:50.9795579Z  * [new tag]             v5.0.3.118                 -> v5.0.3.118
2026-10-09T14:29:50.9795897Z  * [new tag]             v5.0.3.119                 -> v5.0.3.119
2026-10-09T14:29:50.9796218Z  * [new tag]             v5.0.3.12                  -> v5.0.3.12
2026-10-09T14:29:50.9796545Z  * [new tag]             v5.0.3.120                 -> v5.0.3.120
2026-10-09T14:29:50.9796851Z  * [new tag]             v5.0.3.121                 -> v5.0.3.121
2026-10-09T14:29:50.9797154Z  * [new tag]             v5.0.3.122                 -> v5.0.3.122
2026-10-09T14:29:50.9797449Z  * [new tag]             v5.0.3.123                 -> v5.0.3.123
2026-10-09T14:29:50.9797745Z  * [new tag]             v5.0.3.124                 -> v5.0.3.124
2026-10-09T14:29:50.9798046Z  * [new tag]             v5.0.3.125                 -> v5.0.3.125
2026-10-09T14:29:50.9798353Z  * [new tag]             v5.0.3.126                 -> v5.0.3.126
2026-10-09T14:29:50.9798659Z  * [new tag]             v5.0.3.127                 -> v5.0.3.127
2026-10-09T14:29:50.9799183Z  * [new tag]             v5.0.3.128                 -> v5.0.3.128
2026-10-09T14:29:50.9799508Z  * [new tag]             v5.0.3.129                 -> v5.0.3.129
2026-10-09T14:29:50.9799828Z  * [new tag]             v5.0.3.13                  -> v5.0.3.13
2026-10-09T14:29:50.9800143Z  * [new tag]             v5.0.3.130                 -> v5.0.3.130
2026-10-09T14:29:50.9800453Z  * [new tag]             v5.0.3.131                 -> v5.0.3.131
2026-10-09T14:29:50.9800757Z  * [new tag]             v5.0.3.132                 -> v5.0.3.132
2026-10-09T14:29:50.9801062Z  * [new tag]             v5.0.3.133                 -> v5.0.3.133
2026-10-09T14:29:50.9801366Z  * [new tag]             v5.0.3.134                 -> v5.0.3.134
2026-10-09T14:29:50.9801673Z  * [new tag]             v5.0.3.135                 -> v5.0.3.135
2026-10-09T14:29:50.9801983Z  * [new tag]             v5.0.3.136                 -> v5.0.3.136
2026-10-09T14:29:50.9802289Z  * [new tag]             v5.0.3.137                 -> v5.0.3.137
2026-10-09T14:29:50.9802601Z  * [new tag]             v5.0.3.138                 -> v5.0.3.138
2026-10-09T14:29:50.9803025Z  * [new tag]             v5.0.3.139                 -> v5.0.3.139
2026-10-09T14:29:50.9803342Z  * [new tag]             v5.0.3.14                  -> v5.0.3.14
2026-10-09T14:29:50.9803657Z  * [new tag]             v5.0.3.140                 -> v5.0.3.140
2026-10-09T14:29:50.9803960Z  * [new tag]             v5.0.3.16                  -> v5.0.3.16
2026-10-09T14:29:50.9804265Z  * [new tag]             v5.0.3.17                  -> v5.0.3.17
2026-10-09T14:29:50.9804578Z  * [new tag]             v5.0.3.18                  -> v5.0.3.18
2026-10-09T14:29:50.9804883Z  * [new tag]             v5.0.3.19                  -> v5.0.3.19
2026-10-09T14:29:50.9805189Z  * [new tag]             v5.0.3.20                  -> v5.0.3.20
2026-10-09T14:29:50.9805489Z  * [new tag]             v5.0.3.21                  -> v5.0.3.21
2026-10-09T14:29:50.9805799Z  * [new tag]             v5.0.3.22                  -> v5.0.3.22
2026-10-09T14:29:50.9806102Z  * [new tag]             v5.0.3.23                  -> v5.0.3.23
2026-10-09T14:29:50.9806408Z  * [new tag]             v5.0.3.24                  -> v5.0.3.24
2026-10-09T14:29:50.9806709Z  * [new tag]             v5.0.3.25                  -> v5.0.3.25
2026-10-09T14:29:50.9807022Z  * [new tag]             v5.0.3.26                  -> v5.0.3.26
2026-10-09T14:29:50.9807324Z  * [new tag]             v5.0.3.27                  -> v5.0.3.27
2026-10-09T14:29:50.9807631Z  * [new tag]             v5.0.3.28                  -> v5.0.3.28
2026-10-09T14:29:50.9807935Z  * [new tag]             v5.0.3.29                  -> v5.0.3.29
2026-10-09T14:29:50.9808244Z  * [new tag]             v5.0.3.3                   -> v5.0.3.3
2026-10-09T14:29:50.9808571Z  * [new tag]             v5.0.3.30                  -> v5.0.3.30
2026-10-09T14:29:50.9808881Z  * [new tag]             v5.0.3.31                  -> v5.0.3.31
2026-10-09T14:29:50.9809191Z  * [new tag]             v5.0.3.32                  -> v5.0.3.32
2026-10-09T14:29:50.9809497Z  * [new tag]             v5.0.3.33                  -> v5.0.3.33
2026-10-09T14:29:50.9809817Z  * [new tag]             v5.0.3.34                  -> v5.0.3.34
2026-10-09T14:29:50.9810534Z  * [new tag]             v5.0.3.35                  -> v5.0.3.35
2026-10-09T14:29:50.9810866Z  * [new tag]             v5.0.3.36                  -> v5.0.3.36
2026-10-09T14:29:50.9811172Z  * [new tag]             v5.0.3.37                  -> v5.0.3.37
2026-10-09T14:29:50.9811477Z  * [new tag]             v5.0.3.38                  -> v5.0.3.38
2026-10-09T14:29:50.9811780Z  * [new tag]             v5.0.3.39                  -> v5.0.3.39
2026-10-09T14:29:50.9812084Z  * [new tag]             v5.0.3.4                   -> v5.0.3.4
2026-10-09T14:29:50.9812394Z  * [new tag]             v5.0.3.40                  -> v5.0.3.40
2026-10-09T14:29:50.9812710Z  * [new tag]             v5.0.3.41                  -> v5.0.3.41
2026-10-09T14:29:50.9813144Z  * [new tag]             v5.0.3.43                  -> v5.0.3.43
2026-10-09T14:29:50.9813465Z  * [new tag]             v5.0.3.44                  -> v5.0.3.44
2026-10-09T14:29:50.9813772Z  * [new tag]             v5.0.3.45                  -> v5.0.3.45
2026-10-09T14:29:50.9814077Z  * [new tag]             v5.0.3.46                  -> v5.0.3.46
2026-10-09T14:29:50.9814383Z  * [new tag]             v5.0.3.47                  -> v5.0.3.47
2026-10-09T14:29:50.9814686Z  * [new tag]             v5.0.3.48                  -> v5.0.3.48
2026-10-09T14:29:50.9815005Z  * [new tag]             v5.0.3.49                  -> v5.0.3.49
2026-10-09T14:29:50.9815311Z  * [new tag]             v5.0.3.5                   -> v5.0.3.5
2026-10-09T14:29:50.9815622Z  * [new tag]             v5.0.3.50                  -> v5.0.3.50
2026-10-09T14:29:50.9815930Z  * [new tag]             v5.0.3.51                  -> v5.0.3.51
2026-10-09T14:29:50.9816238Z  * [new tag]             v5.0.3.52                  -> v5.0.3.52
2026-10-09T14:29:50.9816557Z  * [new tag]             v5.0.3.53                  -> v5.0.3.53
2026-10-09T14:29:50.9816867Z  * [new tag]             v5.0.3.54                  -> v5.0.3.54
2026-10-09T14:29:50.9817293Z  * [new tag]             v5.0.3.55                  -> v5.0.3.55
2026-10-09T14:29:50.9817599Z  * [new tag]             v5.0.3.56                  -> v5.0.3.56
2026-10-09T14:29:50.9817910Z  * [new tag]             v5.0.3.57                  -> v5.0.3.57
2026-10-09T14:29:50.9818220Z  * [new tag]             v5.0.3.58                  -> v5.0.3.58
2026-10-09T14:29:50.9818524Z  * [new tag]             v5.0.3.59                  -> v5.0.3.59
2026-10-09T14:29:50.9818828Z  * [new tag]             v5.0.3.6                   -> v5.0.3.6
2026-10-09T14:29:50.9819129Z  * [new tag]             v5.0.3.60                  -> v5.0.3.60
2026-10-09T14:29:50.9819435Z  * [new tag]             v5.0.3.61                  -> v5.0.3.61
2026-10-09T14:29:50.9819746Z  * [new tag]             v5.0.3.62                  -> v5.0.3.62
2026-10-09T14:29:50.9820053Z  * [new tag]             v5.0.3.63                  -> v5.0.3.63
2026-10-09T14:29:50.9820370Z  * [new tag]             v5.0.3.64                  -> v5.0.3.64
2026-10-09T14:29:50.9820674Z  * [new tag]             v5.0.3.65                  -> v5.0.3.65
2026-10-09T14:29:50.9820973Z  * [new tag]             v5.0.3.66                  -> v5.0.3.66
2026-10-09T14:29:50.9821275Z  * [new tag]             v5.0.3.67                  -> v5.0.3.67
2026-10-09T14:29:50.9821577Z  * [new tag]             v5.0.3.68                  -> v5.0.3.68
2026-10-09T14:29:50.9821878Z  * [new tag]             v5.0.3.69                  -> v5.0.3.69
2026-10-09T14:29:50.9822177Z  * [new tag]             v5.0.3.7                   -> v5.0.3.7
2026-10-09T14:29:50.9822485Z  * [new tag]             v5.0.3.70                  -> v5.0.3.70
2026-10-09T14:29:50.9822791Z  * [new tag]             v5.0.3.71                  -> v5.0.3.71
2026-10-09T14:29:50.9823237Z  * [new tag]             v5.0.3.72                  -> v5.0.3.72
2026-10-09T14:29:50.9823729Z  * [new tag]             v5.0.3.73                  -> v5.0.3.73
2026-10-09T14:29:50.9824208Z  * [new tag]             v5.0.3.74                  -> v5.0.3.74
2026-10-09T14:29:50.9824705Z  * [new tag]             v5.0.3.75                  -> v5.0.3.75
2026-10-09T14:29:50.9825262Z  * [new tag]             v5.0.3.76                  -> v5.0.3.76
2026-10-09T14:29:50.9825777Z  * [new tag]             v5.0.3.78                  -> v5.0.3.78
2026-10-09T14:29:50.9826331Z  * [new tag]             v5.0.3.79                  -> v5.0.3.79
2026-10-09T14:29:50.9826693Z  * [new tag]             v5.0.3.8                   -> v5.0.3.8
2026-10-09T14:29:50.9827003Z  * [new tag]             v5.0.3.80                  -> v5.0.3.80
2026-10-09T14:29:50.9827304Z  * [new tag]             v5.0.3.81                  -> v5.0.3.81
2026-10-09T14:29:50.9827607Z  * [new tag]             v5.0.3.82                  -> v5.0.3.82
2026-10-09T14:29:50.9828127Z  * [new tag]             v5.0.3.83                  -> v5.0.3.83
2026-10-09T14:29:50.9828449Z  * [new tag]             v5.0.3.84                  -> v5.0.3.84
2026-10-09T14:29:50.9828758Z  * [new tag]             v5.0.3.85                  -> v5.0.3.85
2026-10-09T14:29:50.9829057Z  * [new tag]             v5.0.3.87                  -> v5.0.3.87
2026-10-09T14:29:50.9829355Z  * [new tag]             v5.0.3.88                  -> v5.0.3.88
2026-10-09T14:29:50.9829654Z  * [new tag]             v5.0.3.89                  -> v5.0.3.89
2026-10-09T14:29:50.9829957Z  * [new tag]             v5.0.3.9                   -> v5.0.3.9
2026-10-09T14:29:50.9830262Z  * [new tag]             v5.0.3.90                  -> v5.0.3.90
2026-10-09T14:29:50.9831038Z  * [new tag]             v5.0.3.91                  -> v5.0.3.91
2026-10-09T14:29:50.9831356Z  * [new tag]             v5.0.3.92                  -> v5.0.3.92
2026-10-09T14:29:50.9831663Z  * [new tag]             v5.0.3.93                  -> v5.0.3.93
2026-10-09T14:29:50.9832226Z  * [new tag]             v5.0.3.94                  -> v5.0.3.94
2026-10-09T14:29:50.9832686Z  * [new tag]             v5.0.3.95                  -> v5.0.3.95
2026-10-09T14:29:50.9833197Z  * [new tag]             v5.0.3.96                  -> v5.0.3.96
2026-10-09T14:29:50.9833502Z  * [new tag]             v5.0.3.97                  -> v5.0.3.97
2026-10-09T14:29:50.9833802Z  * [new tag]             v5.0.3.98                  -> v5.0.3.98
2026-10-09T14:29:50.9834111Z  * [new tag]             v5.0.3.99                  -> v5.0.3.99
2026-10-09T14:29:50.9835223Z [command]"C:\Program Files\Git\bin\git.exe" rev-parse --verify --quiet a3cbe918e4f8fcda77dafa7514401d5f643b36df^{object}
2026-10-09T14:29:50.9835771Z a3cbe918e4f8fcda77dafa7514401d5f643b36df
2026-10-09T14:29:50.9863474Z ##[endgroup]
2026-10-09T14:29:50.9863992Z ##[group]Determining the checkout info
2026-10-09T14:29:50.9865809Z ##[endgroup]
2026-10-09T14:29:50.9876478Z [command]"C:\Program Files\Git\bin\git.exe" sparse-checkout disable
2026-10-09T14:29:51.0307330Z [command]"C:\Program Files\Git\bin\git.exe" config --local --unset-all extensions.worktreeConfig
2026-10-09T14:29:51.0618284Z ##[group]Checking out the ref
2026-10-09T14:29:51.0627656Z [command]"C:\Program Files\Git\bin\git.exe" checkout --progress --force a3cbe918e4f8fcda77dafa7514401d5f643b36df
2026-10-09T14:29:52.1598031Z Updating files:  12% (2934/22835)
2026-10-09T14:29:52.2216660Z Updating files:  13% (2969/22835)
2026-10-09T14:29:52.2927751Z Updating files:  14% (3197/22835)
2026-10-09T14:29:52.3645151Z Updating files:  15% (3426/22835)
2026-10-09T14:29:52.4207443Z Updating files:  16% (3654/22835)
2026-10-09T14:29:52.4763514Z Updating files:  17% (3882/22835)
2026-10-09T14:29:52.7731526Z Updating files:  18% (4111/22835)
2026-10-09T14:29:52.8409164Z Updating files:  19% (4339/22835)
2026-10-09T14:29:52.9106966Z Updating files:  20% (4567/22835)
2026-10-09T14:29:52.9783932Z Updating files:  21% (4796/22835)
2026-10-09T14:29:53.0503554Z Updating files:  22% (5024/22835)
2026-10-09T14:29:53.1244714Z Updating files:  23% (5253/22835)
2026-10-09T14:29:53.1501526Z Updating files:  24% (5481/22835)
2026-10-09T14:29:53.1994959Z Updating files:  24% (5559/22835)
2026-10-09T14:29:53.2700650Z Updating files:  25% (5709/22835)
2026-10-09T14:29:53.3424474Z Updating files:  26% (5938/22835)
2026-10-09T14:29:53.4118308Z Updating files:  27% (6166/22835)
2026-10-09T14:29:53.4830157Z Updating files:  28% (6394/22835)
2026-10-09T14:29:53.5562817Z Updating files:  29% (6623/22835)
2026-10-09T14:29:53.6316887Z Updating files:  30% (6851/22835)
2026-10-09T14:29:53.7031162Z Updating files:  31% (7079/22835)
2026-10-09T14:29:53.7712693Z Updating files:  32% (7308/22835)
2026-10-09T14:29:53.8354167Z Updating files:  33% (7536/22835)
2026-10-09T14:29:53.9323965Z Updating files:  34% (7764/22835)
2026-10-09T14:29:54.1582982Z Updating files:  35% (7993/22835)
2026-10-09T14:29:54.2005725Z Updating files:  35% (8172/22835)
2026-10-09T14:29:54.2672809Z Updating files:  36% (8221/22835)
2026-10-09T14:29:54.3365435Z Updating files:  37% (8449/22835)
2026-10-09T14:29:54.3955743Z Updating files:  38% (8678/22835)
2026-10-09T14:29:54.4610798Z Updating files:  39% (8906/22835)
2026-10-09T14:29:54.5253227Z Updating files:  40% (9134/22835)
2026-10-09T14:29:54.5959396Z Updating files:  41% (9363/22835)
2026-10-09T14:29:54.6602538Z Updating files:  42% (9591/22835)
2026-10-09T14:29:54.7321569Z Updating files:  43% (9820/22835)
2026-10-09T14:29:54.7948926Z Updating files:  44% (10048/22835)
2026-10-09T14:29:54.8619293Z Updating files:  45% (10276/22835)
2026-10-09T14:29:54.9388434Z Updating files:  46% (10505/22835)
2026-10-09T14:29:55.0360956Z Updating files:  47% (10733/22835)
2026-10-09T14:29:55.1163859Z Updating files:  48% (10961/22835)
2026-10-09T14:29:55.1538418Z Updating files:  49% (11190/22835)
2026-10-09T14:29:55.1976649Z Updating files:  49% (11298/22835)
2026-10-09T14:29:55.2779563Z Updating files:  50% (11418/22835)
2026-10-09T14:29:55.3502321Z Updating files:  51% (11646/22835)
2026-10-09T14:29:55.6120447Z Updating files:  52% (11875/22835)
2026-10-09T14:29:55.7084888Z Updating files:  53% (12103/22835)
2026-10-09T14:29:55.7833206Z Updating files:  54% (12331/22835)
2026-10-09T14:29:55.9248663Z Updating files:  55% (12560/22835)
2026-10-09T14:29:56.1673932Z Updating files:  56% (12788/22835)
2026-10-09T14:29:56.4015403Z Updating files:  56% (12923/22835)
2026-10-09T14:29:56.9707346Z Updating files:  57% (13016/22835)
2026-10-09T14:29:57.1714958Z Updating files:  58% (13245/22835)
2026-10-09T14:29:57.3438124Z Updating files:  58% (13346/22835)
2026-10-09T14:29:57.4577261Z Updating files:  59% (13473/22835)
2026-10-09T14:29:57.5438483Z Updating files:  60% (13701/22835)
2026-10-09T14:29:57.6312669Z Updating files:  61% (13930/22835)
2026-10-09T14:29:57.7316191Z Updating files:  62% (14158/22835)
2026-10-09T14:29:57.8035880Z Updating files:  63% (14387/22835)
2026-10-09T14:29:57.8732642Z Updating files:  64% (14615/22835)
2026-10-09T14:29:57.9462737Z Updating files:  65% (14843/22835)
2026-10-09T14:29:58.0086213Z Updating files:  66% (15072/22835)
2026-10-09T14:29:58.0825450Z Updating files:  67% (15300/22835)
2026-10-09T14:29:58.1776989Z Updating files:  68% (15528/22835)
2026-10-09T14:29:58.1805747Z Updating files:  68% (15749/22835)
2026-10-09T14:29:58.2858468Z Updating files:  69% (15757/22835)
2026-10-09T14:29:58.3583166Z Updating files:  70% (15985/22835)
2026-10-09T14:29:58.4376226Z Updating files:  71% (16213/22835)
2026-10-09T14:29:58.5099581Z Updating files:  72% (16442/22835)
2026-10-09T14:29:58.5720562Z Updating files:  73% (16670/22835)
2026-10-09T14:29:58.6410117Z Updating files:  74% (16898/22835)
2026-10-09T14:29:58.7080527Z Updating files:  75% (17127/22835)
2026-10-09T14:29:58.7750697Z Updating files:  76% (17355/22835)
2026-10-09T14:29:58.8377843Z Updating files:  77% (17583/22835)
2026-10-09T14:29:58.9018776Z Updating files:  78% (17812/22835)
2026-10-09T14:29:58.9682967Z Updating files:  79% (18040/22835)
2026-10-09T14:29:59.0370291Z Updating files:  80% (18268/22835)
2026-10-09T14:29:59.1015845Z Updating files:  81% (18497/22835)
2026-10-09T14:29:59.1745527Z Updating files:  82% (18725/22835)
2026-10-09T14:29:59.1915306Z Updating files:  83% (18954/22835)
2026-10-09T14:29:59.2572552Z Updating files:  83% (19007/22835)
2026-10-09T14:29:59.3337761Z Updating files:  84% (19182/22835)
2026-10-09T14:29:59.4166910Z Updating files:  85% (19410/22835)
2026-10-09T14:29:59.5190899Z Updating files:  86% (19639/22835)
2026-10-09T14:29:59.5907627Z Updating files:  87% (19867/22835)
2026-10-09T14:29:59.6612825Z Updating files:  88% (20095/22835)
2026-10-09T14:29:59.7303282Z Updating files:  89% (20324/22835)
2026-10-09T14:29:59.7950818Z Updating files:  90% (20552/22835)
2026-10-09T14:29:59.8640373Z Updating files:  91% (20780/22835)
2026-10-09T14:29:59.9335021Z Updating files:  92% (21009/22835)
2026-10-09T14:29:59.9984627Z Updating files:  93% (21237/22835)
2026-10-09T14:30:00.0730882Z Updating files:  94% (21465/22835)
2026-10-09T14:30:00.1425075Z Updating files:  95% (21694/22835)
2026-10-09T14:30:00.2058057Z Updating files:  96% (21922/22835)
2026-10-09T14:30:00.2071673Z Updating files:  96% (22145/22835)
2026-10-09T14:30:00.2774466Z Updating files:  97% (22150/22835)
2026-10-09T14:30:00.3444658Z Updating files:  98% (22379/22835)
2026-10-09T14:30:00.4083880Z Updating files:  99% (22607/22835)
2026-10-09T14:30:00.4084261Z Updating files: 100% (22835/22835)
2026-10-09T14:30:00.4084527Z Updating files: 100% (22835/22835), done.
2026-10-09T14:30:00.4540406Z Note: switching to 'a3cbe918e4f8fcda77dafa7514401d5f643b36df'.
2026-10-09T14:30:00.4540901Z 
2026-10-09T14:30:00.4541175Z You are in 'detached HEAD' state. You can look around, make experimental
2026-10-09T14:30:00.4541746Z changes and commit them, and you can discard any commits you make in this
2026-10-09T14:30:00.4542302Z state without impacting any branches by switching back to a branch.
2026-10-09T14:30:00.4542634Z 
2026-10-09T14:30:00.4542856Z If you want to create a new branch to retain commits you create, you may
2026-10-09T14:30:00.4543382Z do so (now or later) by using -c with the switch command. Example:
2026-10-09T14:30:00.4543955Z 
2026-10-09T14:30:00.4544100Z   git switch -c <new-branch-name>
2026-10-09T14:30:00.4544305Z 
2026-10-09T14:30:00.4544413Z Or undo this operation with:
2026-10-09T14:30:00.4544587Z 
2026-10-09T14:30:00.4544678Z   git switch -
2026-10-09T14:30:00.4544804Z 
2026-10-09T14:30:00.4545049Z Turn off this advice by setting config variable advice.detachedHead to false
2026-10-09T14:30:00.4545414Z 
2026-10-09T14:30:00.4545661Z HEAD is now at a3cbe918e test(sdk): preserve agent startup failure diagnostics
2026-10-09T14:30:00.4802580Z ##[endgroup]
2026-10-09T14:30:00.5142198Z [command]"C:\Program Files\Git\bin\git.exe" log -1 --format=%H
2026-10-09T14:30:00.5408237Z a3cbe918e4f8fcda77dafa7514401d5f643b36df
2026-10-09T14:30:00.5813008Z ##[group]Run set -euo pipefail
2026-10-09T14:30:00.5813412Z [36;1mset -euo pipefail[0m
2026-10-09T14:30:00.5813846Z [36;1m[[ "$SOURCE_SHA" =~ ^[0-9a-f]{40}$ ]] || { echo "::error::A full source SHA is required"; exit 1; }[0m
2026-10-09T14:30:00.5814347Z [36;1mtest "$(git rev-parse HEAD)" = "$SOURCE_SHA"[0m
2026-10-09T14:30:00.5814669Z [36;1mecho "Tested source SHA: $SOURCE_SHA"[0m
2026-10-09T14:30:00.5841374Z shell: C:\Program Files\Git\bin\bash.EXE --noprofile --norc -e -o pipefail {0}
2026-10-09T14:30:00.5841781Z env:
2026-10-09T14:30:00.5842015Z   SOURCE_SHA: a3cbe918e4f8fcda77dafa7514401d5f643b36df
2026-10-09T14:30:00.5842312Z ##[endgroup]
2026-10-09T14:30:00.7603304Z Tested source SHA: a3cbe918e4f8fcda77dafa7514401d5f643b36df
2026-10-09T14:30:00.7856295Z ##[group]Run actions/setup-node@v5
2026-10-09T14:30:00.7856613Z with:
2026-10-09T14:30:00.7856800Z   node-version: 22.x
2026-10-09T14:30:00.7856993Z   cache: npm
2026-10-09T14:30:00.7857365Z   cache-dependency-path: package-lock.json
desktop-app-vue/package-lock.json

2026-10-09T14:30:00.7857777Z   always-auth: false
2026-10-09T14:30:00.7857976Z   check-latest: false
2026-10-09T14:30:00.7860910Z   token: ***
2026-10-09T14:30:00.7861132Z   package-manager-cache: true
2026-10-09T14:30:00.7861354Z env:
2026-10-09T14:30:00.7861571Z   SOURCE_SHA: a3cbe918e4f8fcda77dafa7514401d5f643b36df
2026-10-09T14:30:00.7861858Z ##[endgroup]
2026-10-09T14:30:00.9734525Z Found in cache @ C:\hostedtoolcache\windows\node\22.23.3\x64
2026-10-09T14:30:00.9741673Z (node:6128) [DEP0040] DeprecationWarning: The `punycode` module is deprecated. Please use a userland alternative instead.
2026-10-09T14:30:00.9742940Z (Use `node --trace-deprecation ...` to show where the warning was created)
2026-10-09T14:30:00.9745990Z ##[group]Environment details
2026-10-09T14:30:05.1584635Z node: v22.23.3
2026-10-09T14:30:05.1584923Z npm: 10.9.9
2026-10-09T14:30:05.1585257Z yarn: 1.22.22
2026-10-09T14:30:05.1586607Z ##[endgroup]
2026-10-09T14:30:05.2349883Z [command]C:\Windows\system32\cmd.exe /D /S /C "C:\hostedtoolcache\windows\node\22.23.3\x64\npm.cmd config get cache"
2026-10-09T14:30:05.7566701Z C:\npm\cache
2026-10-09T14:30:06.2037559Z Cache hit for: node-cache-Windows-x64-npm-1808e78b698a9c25568e52fb7df447d9c9ed956cb9ed32e7e38c1b6d58c4e07a
2026-10-09T14:30:06.2158915Z (node:6128) [DEP0169] DeprecationWarning: `url.parse()` behavior is not standardized and prone to errors that have security implications. Use the WHATWG URL API instead. CVEs are not issued for `url.parse()` vulnerabilities.
2026-10-09T14:30:07.4972904Z Received 46137344 of 639316194 (7.2%), 43.7 MBs/sec
2026-10-09T14:30:08.5049541Z Received 155189248 of 639316194 (24.3%), 73.7 MBs/sec
2026-10-09T14:30:09.5061727Z Received 301989888 of 639316194 (47.2%), 95.6 MBs/sec
2026-10-09T14:30:10.5068607Z Received 432013312 of 639316194 (67.6%), 102.6 MBs/sec
2026-10-09T14:30:11.5163922Z Received 562036736 of 639316194 (87.9%), 106.7 MBs/sec
2026-10-09T14:30:12.1303758Z Received 639316194 of 639316194 (100.0%), 108.1 MBs/sec
2026-10-09T14:30:12.1307244Z Cache Size: ~610 MB (639316194 B)
2026-10-09T14:30:12.1396067Z [command]"C:\Program Files\Git\usr\bin\tar.exe" -xf D:/a/_temp/442ceeb6-808f-4c44-9247-d8b069e3feb1/cache.tzst -P -C D:/a/chainlesschain/chainlesschain --force-local --use-compress-program "zstd -d"
2026-10-09T14:30:26.8738089Z Cache restored successfully
2026-10-09T14:30:26.9069050Z Cache restored from key: node-cache-Windows-x64-npm-1808e78b698a9c25568e52fb7df447d9c9ed956cb9ed32e7e38c1b6d58c4e07a
2026-10-09T14:30:26.9579924Z Prepare all required actions
2026-10-09T14:30:26.9709713Z ##[group]Run ./.github/actions/setup-node-deps
2026-10-09T14:30:26.9710027Z with:
2026-10-09T14:30:26.9710237Z   install-desktop-app-vue: true
2026-10-09T14:30:26.9710504Z   working-directory: .
2026-10-09T14:30:26.9710774Z   install-command: npm ci --legacy-peer-deps
2026-10-09T14:30:26.9711052Z env:
2026-10-09T14:30:26.9711285Z   SOURCE_SHA: a3cbe918e4f8fcda77dafa7514401d5f643b36df
2026-10-09T14:30:26.9711586Z ##[endgroup]
2026-10-09T14:30:26.9777098Z ##[start-action display=Install npm dependencies (3-attempt retry, transient ECONNRESET hardening);id=__self.__run]
2026-10-09T14:30:26.9952562Z ##[group]Run INSTALL_CMD="npm ci --legacy-peer-deps"
2026-10-09T14:30:26.9952973Z [36;1mINSTALL_CMD="npm ci --legacy-peer-deps"[0m
2026-10-09T14:30:26.9953262Z [36;1mattempt_install() {[0m
2026-10-09T14:30:26.9953497Z [36;1m  eval "$INSTALL_CMD"[0m
2026-10-09T14:30:26.9953701Z [36;1m}[0m
2026-10-09T14:30:26.9953925Z [36;1mcleanup_partial_install() {[0m
2026-10-09T14:30:26.9954275Z [36;1m  # A failed npm ci can leave partially-extracted packages behind.[0m
2026-10-09T14:30:26.9954741Z [36;1m  # Retrying in-place then fails with ENOTEMPTY (notably electron on[0m
2026-10-09T14:30:26.9955211Z [36;1m  # hosted runners), so restore npm ci's clean-install precondition.[0m
2026-10-09T14:30:26.9955653Z [36;1m  # Use async rm: Node 22's synchronous rimraf can throw an initial[0m
2026-10-09T14:30:26.9956099Z [36;1m  # directory EBUSY without applying maxRetries (e.g. pkcs11js).[0m
2026-10-09T14:30:26.9957004Z [36;1m  # The absolute target is always this install directory's direct child.[0m
2026-10-09T14:30:26.9958045Z [36;1m  node -e "const target=require('node:path').join(process.cwd(),'node_modules'); require('node:fs/promises').rm(target,{recursive:true,force:true,maxRetries:5,retryDelay:250}).catch(error=>{console.error(error);process.exitCode=1})"[0m
2026-10-09T14:30:26.9958972Z [36;1m}[0m
2026-10-09T14:30:26.9959148Z [36;1mfor i in 1 2 3; do[0m
2026-10-09T14:30:26.9959369Z [36;1m  if attempt_install; then[0m
2026-10-09T14:30:26.9959602Z [36;1m    exit 0[0m
2026-10-09T14:30:26.9959789Z [36;1m  fi[0m
2026-10-09T14:30:26.9959970Z [36;1m  if [ "$i" -lt 3 ]; then[0m
2026-10-09T14:30:26.9960288Z [36;1m    delay=$((i * 15))[0m
2026-10-09T14:30:26.9960743Z [36;1m    echo "::warning::npm install attempt $i failed, retrying in ${delay}s..."[0m
2026-10-09T14:30:26.9961130Z [36;1m    sleep "$delay"[0m
2026-10-09T14:30:26.9961367Z [36;1m    if ! cleanup_partial_install; then[0m
2026-10-09T14:30:26.9962098Z [36;1m      echo "::error::Cannot clean partial node_modules after npm install attempt $i"[0m
2026-10-09T14:30:26.9962510Z [36;1m      exit 1[0m
2026-10-09T14:30:26.9962698Z [36;1m    fi[0m
2026-10-09T14:30:26.9962861Z [36;1m  fi[0m
2026-10-09T14:30:26.9963024Z [36;1mdone[0m
2026-10-09T14:30:26.9963264Z [36;1mecho "::error::npm install failed after 3 attempts"[0m
2026-10-09T14:30:26.9963563Z [36;1mexit 1[0m
2026-10-09T14:30:26.9981444Z shell: C:\Program Files\Git\bin\bash.EXE --noprofile --norc -e -o pipefail {0}
2026-10-09T14:30:26.9982271Z env:
2026-10-09T14:30:26.9982507Z   SOURCE_SHA: a3cbe918e4f8fcda77dafa7514401d5f643b36df
2026-10-09T14:30:26.9982799Z ##[endgroup]
2026-10-09T14:30:31.8565062Z npm warn skipping integrity check for git dependency ssh://git@github.com/electron/node-gyp.git
2026-10-09T14:30:47.8850935Z npm warn deprecated inflight@1.0.6: This module is not supported, and leaks memory. Do not use it. Check out lru-cache if you want a good and tested way to coalesce async requests by a key value, which is much more comprehensive and powerful.
2026-10-09T14:30:47.8900939Z npm warn deprecated gar@1.0.4: Package no longer supported. Contact Support at https://www.npmjs.com/support for more info.
2026-10-09T14:30:48.0186168Z npm warn deprecated lodash.get@4.4.2: This package is deprecated. Use the optional chaining (?.) operator instead.
2026-10-09T14:30:48.0566657Z npm warn deprecated @npmcli/move-file@2.0.1: This functionality has been moved to @npmcli/fs
2026-10-09T14:30:48.0882884Z npm warn deprecated npmlog@6.0.2: This package is no longer supported.
2026-10-09T14:30:48.2169810Z npm warn deprecated lodash.isequal@4.5.0: This package is deprecated. Use require('node:util').isDeepStrictEqual instead.
2026-10-09T14:30:48.2643644Z npm warn deprecated @humanwhocodes/config-array@0.13.0: Use @eslint/config-array instead
2026-10-09T14:30:48.5411541Z npm warn deprecated rimraf@2.6.3: Rimraf versions prior to v4 are no longer supported
2026-10-09T14:30:48.5418092Z npm warn deprecated npmlog@4.1.2: This package is no longer supported.
2026-10-09T14:30:48.5468917Z npm warn deprecated rimraf@2.7.1: Rimraf versions prior to v4 are no longer supported
2026-10-09T14:30:49.0310382Z npm warn deprecated rimraf@3.0.2: Rimraf versions prior to v4 are no longer supported
2026-10-09T14:30:49.4585261Z npm warn deprecated glob@7.2.3: Old versions of glob are not supported, and contain widely publicized security vulnerabilities, which have been fixed in the current version. Please update. Support for old versions may be purchased (at exorbitant rates) by contacting i@izs.me
2026-10-09T14:30:49.4610230Z npm warn deprecated glob@7.2.3: Old versions of glob are not supported, and contain widely publicized security vulnerabilities, which have been fixed in the current version. Please update. Support for old versions may be purchased (at exorbitant rates) by contacting i@izs.me
2026-10-09T14:30:49.4619805Z npm warn deprecated glob@7.2.3: Old versions of glob are not supported, and contain widely publicized security vulnerabilities, which have been fixed in the current version. Please update. Support for old versions may be purchased (at exorbitant rates) by contacting i@izs.me
2026-10-09T14:30:49.4720850Z npm warn deprecated glob@7.2.3: Old versions of glob are not supported, and contain widely publicized security vulnerabilities, which have been fixed in the current version. Please update. Support for old versions may be purchased (at exorbitant rates) by contacting i@izs.me
2026-10-09T14:30:49.4726207Z npm warn deprecated glob@7.2.3: Old versions of glob are not supported, and contain widely publicized security vulnerabilities, which have been fixed in the current version. Please update. Support for old versions may be purchased (at exorbitant rates) by contacting i@izs.me
2026-10-09T14:30:49.4737844Z npm warn deprecated glob@7.2.3: Old versions of glob are not supported, and contain widely publicized security vulnerabilities, which have been fixed in the current version. Please update. Support for old versions may be purchased (at exorbitant rates) by contacting i@izs.me
2026-10-09T14:30:49.4745324Z npm warn deprecated glob@8.1.0: Old versions of glob are not supported, and contain widely publicized security vulnerabilities, which have been fixed in the current version. Please update. Support for old versions may be purchased (at exorbitant rates) by contacting i@izs.me
2026-10-09T14:30:49.4974990Z npm warn deprecated glob@8.1.0: Old versions of glob are not supported, and contain widely publicized security vulnerabilities, which have been fixed in the current version. Please update. Support for old versions may be purchased (at exorbitant rates) by contacting i@izs.me
2026-10-09T14:30:49.4983083Z npm warn deprecated glob@7.2.3: Old versions of glob are not supported, and contain widely publicized security vulnerabilities, which have been fixed in the current version. Please update. Support for old versions may be purchased (at exorbitant rates) by contacting i@izs.me
2026-10-09T14:30:49.5441255Z npm warn deprecated whatwg-encoding@3.1.1: Use @exodus/bytes instead for a more spec-conformant and faster implementation
2026-10-09T14:30:50.4337961Z npm warn deprecated are-we-there-yet@1.1.7: This package is no longer supported.
2026-10-09T14:30:50.6661207Z npm warn deprecated @humanwhocodes/object-schema@2.0.3: Use @eslint/object-schema instead
2026-10-09T14:30:50.7809227Z npm warn deprecated are-we-there-yet@3.0.1: This package is no longer supported.
2026-10-09T14:30:52.3063263Z npm warn deprecated prebuild-install@7.1.3: No longer maintained. Please contact the author of the relevant native addon; alternatives are available.
2026-10-09T14:30:52.9629519Z npm warn deprecated prebuild-install@5.3.6: No longer maintained. Please contact the author of the relevant native addon; alternatives are available.
2026-10-09T14:30:53.6008064Z npm warn deprecated gauge@2.7.4: This package is no longer supported.
2026-10-09T14:30:54.8482201Z npm warn deprecated boolean@3.2.0: Package no longer supported. Contact Support at https://www.npmjs.com/support for more info.
2026-10-09T14:30:55.0349663Z npm warn deprecated gauge@4.0.4: This package is no longer supported.
2026-10-09T14:30:56.3062457Z npm warn deprecated fstream@1.0.12: This package is no longer supported.
2026-10-09T14:31:00.0625395Z npm warn deprecated multiaddr@10.0.1: This module is deprecated, please upgrade to @multiformats/multiaddr
2026-10-09T14:31:00.7124615Z npm warn deprecated node-domexception@1.0.0: Use your platform's native DOMException instead
2026-10-09T14:31:00.7510875Z npm warn deprecated vue-i18n@9.14.5: v9 and v10 no longer supported. please migrate to v11. about maintenance status, see https://vue-i18n.intlify.dev/guide/maintenance.html
2026-10-09T14:31:06.7523141Z npm warn deprecated uuid@8.3.2: uuid@10 and below is no longer supported.  For ESM codebases, update to uuid@latest.  For CommonJS codebases, use uuid@11 (but be aware this version will likely be deprecated in 2028).
2026-10-09T14:31:06.7528827Z npm warn deprecated uuid@8.3.2: uuid@10 and below is no longer supported.  For ESM codebases, update to uuid@latest.  For CommonJS codebases, use uuid@11 (but be aware this version will likely be deprecated in 2028).
2026-10-09T14:31:08.1362165Z npm warn deprecated glob@10.5.0: Old versions of glob are not supported, and contain widely publicized security vulnerabilities, which have been fixed in the current version. Please update. Support for old versions may be purchased (at exorbitant rates) by contacting i@izs.me
2026-10-09T14:31:08.1378117Z npm warn deprecated glob@10.5.0: Old versions of glob are not supported, and contain widely publicized security vulnerabilities, which have been fixed in the current version. Please update. Support for old versions may be purchased (at exorbitant rates) by contacting i@izs.me
2026-10-09T14:31:08.1408156Z npm warn deprecated glob@10.5.0: Old versions of glob are not supported, and contain widely publicized security vulnerabilities, which have been fixed in the current version. Please update. Support for old versions may be purchased (at exorbitant rates) by contacting i@izs.me
2026-10-09T14:31:08.2103636Z npm warn deprecated uuid@9.0.1: uuid@10 and below is no longer supported.  For ESM codebases, update to uuid@latest.  For CommonJS codebases, use uuid@11 (but be aware this version will likely be deprecated in 2028).
2026-10-09T14:31:21.6014319Z npm warn deprecated fluent-ffmpeg@2.1.3: Package no longer supported. Contact Support at https://www.npmjs.com/support for more info.
2026-10-09T14:31:27.7124204Z npm warn deprecated eslint@8.57.1: This version is no longer supported. Please see https://eslint.org/version-support for other options.
2026-10-09T14:33:31.4275859Z 
2026-10-09T14:33:31.4276596Z added 2514 packages, and audited 2530 packages in 3m
2026-10-09T14:33:31.4277048Z 
2026-10-09T14:33:31.4277284Z 471 packages are looking for funding
2026-10-09T14:33:31.4277744Z   run `npm fund` for details
2026-10-09T14:33:31.7092627Z 
2026-10-09T14:33:31.7093511Z 120 vulnerabilities (8 low, 23 moderate, 88 high, 1 critical)
2026-10-09T14:33:31.7094267Z 
2026-10-09T14:33:31.7094492Z To address issues that do not require attention, run:
2026-10-09T14:33:31.7094833Z   npm audit fix
2026-10-09T14:33:31.7094955Z 
2026-10-09T14:33:31.7095226Z To address all issues possible (including breaking changes), run:
2026-10-09T14:33:31.7095812Z   npm audit fix --force
2026-10-09T14:33:31.7095972Z 
2026-10-09T14:33:31.7096164Z Some issues need review, and may require choosing
2026-10-09T14:33:31.7096492Z a different dependency.
2026-10-09T14:33:31.7096635Z 
2026-10-09T14:33:31.7096746Z Run `npm audit` for details.
2026-10-09T14:33:32.7993437Z ##[end-action id=__self.__run;outcome=success;conclusion=success;duration_ms=185818]
2026-10-09T14:33:32.7997355Z ##[start-action display=Install desktop-app-vue dependencies (post-workspace-refactor);id=__self.__run_2]
2026-10-09T14:33:32.8149620Z ##[group]Run attempt_install() {
2026-10-09T14:33:32.8150152Z [36;1mattempt_install() {[0m
2026-10-09T14:33:32.8150421Z [36;1m  npm install --legacy-peer-deps[0m
2026-10-09T14:33:32.8150718Z [36;1m}[0m
2026-10-09T14:33:32.8150899Z [36;1mfor i in 1 2 3; do[0m
2026-10-09T14:33:32.8151131Z [36;1m  if attempt_install; then[0m
2026-10-09T14:33:32.8151369Z [36;1m    exit 0[0m
2026-10-09T14:33:32.8151556Z [36;1m  fi[0m
2026-10-09T14:33:32.8151751Z [36;1m  if [ "$i" -lt 3 ]; then[0m
2026-10-09T14:33:32.8151981Z [36;1m    delay=$((i * 15))[0m
2026-10-09T14:33:32.8152395Z [36;1m    echo "::warning::desktop-app-vue npm install attempt $i failed, retrying in ${delay}s..."[0m
2026-10-09T14:33:32.8152847Z [36;1m    sleep "$delay"[0m
2026-10-09T14:33:32.8153048Z [36;1m  fi[0m
2026-10-09T14:33:32.8153212Z [36;1mdone[0m
2026-10-09T14:33:32.8153507Z [36;1mecho "::error::desktop-app-vue npm install failed after 3 attempts"[0m
2026-10-09T14:33:32.8153871Z [36;1mexit 1[0m
2026-10-09T14:33:32.8169123Z shell: C:\Program Files\Git\bin\bash.EXE --noprofile --norc -e -o pipefail {0}
2026-10-09T14:33:32.8169564Z env:
2026-10-09T14:33:32.8169810Z   SOURCE_SHA: a3cbe918e4f8fcda77dafa7514401d5f643b36df
2026-10-09T14:33:32.8170382Z ##[endgroup]
2026-10-09T14:33:33.4804372Z npm warn config ignoring workspace config at D:\a\chainlesschain\chainlesschain\desktop-app-vue/.npmrc
2026-10-09T14:33:36.2853986Z npm warn deprecated gar@1.0.4: Package no longer supported. Contact Support at https://www.npmjs.com/support for more info.
2026-10-09T14:33:36.3726553Z npm warn deprecated npmlog@4.1.2: This package is no longer supported.
2026-10-09T14:33:36.7239723Z npm warn deprecated are-we-there-yet@1.1.7: This package is no longer supported.
2026-10-09T14:33:36.7805719Z npm warn deprecated prebuild-install@5.3.6: No longer maintained. Please contact the author of the relevant native addon; alternatives are available.
2026-10-09T14:33:36.7942706Z npm warn deprecated gauge@2.7.4: This package is no longer supported.
2026-10-09T14:33:40.1572757Z npm warn cleanup Failed to remove some directories [
2026-10-09T14:33:40.1573492Z npm warn cleanup   [
2026-10-09T14:33:40.1574379Z npm warn cleanup     'D:\\a\\chainlesschain\\chainlesschain\\node_modules\\robotjs\\node_modules\\tar-stream',
2026-10-09T14:33:40.1576332Z npm warn cleanup     [Error: EPERM: operation not permitted, rmdir 'D:\a\chainlesschain\chainlesschain\node_modules\robotjs\node_modules\tar-stream\node_modules\readable-stream'] {
2026-10-09T14:33:40.1577790Z npm warn cleanup       errno: -4048,
2026-10-09T14:33:40.1578339Z npm warn cleanup       code: 'EPERM',
2026-10-09T14:33:40.1578962Z npm warn cleanup       syscall: 'rmdir',
2026-10-09T14:33:40.1580344Z npm warn cleanup       path: 'D:\\a\\chainlesschain\\chainlesschain\\node_modules\\robotjs\\node_modules\\tar-stream\\node_modules\\readable-stream'
2026-10-09T14:33:40.1581505Z npm warn cleanup     }
2026-10-09T14:33:40.1581908Z npm warn cleanup   ],
2026-10-09T14:33:40.1582291Z npm warn cleanup   [
2026-10-09T14:33:40.1583032Z npm warn cleanup     'D:\\a\\chainlesschain\\chainlesschain\\node_modules\\robotjs',
2026-10-09T14:33:40.1585058Z npm warn cleanup     [Error: EPERM: operation not permitted, rmdir 'D:\a\chainlesschain\chainlesschain\node_modules\robotjs\node_modules\readable-stream'] {
2026-10-09T14:33:40.1586309Z npm warn cleanup       errno: -4048,
2026-10-09T14:33:40.1586831Z npm warn cleanup       code: 'EPERM',
2026-10-09T14:33:40.1587580Z npm warn cleanup       syscall: 'rmdir',
2026-10-09T14:33:40.1588761Z npm warn cleanup       path: 'D:\\a\\chainlesschain\\chainlesschain\\node_modules\\robotjs\\node_modules\\readable-stream'
2026-10-09T14:33:40.1589759Z npm warn cleanup     }
2026-10-09T14:33:40.1590431Z npm warn cleanup   ],
2026-10-09T14:33:40.1590802Z npm warn cleanup   [
2026-10-09T14:33:40.1591701Z npm warn cleanup     'D:\\a\\chainlesschain\\chainlesschain\\node_modules\\robotjs\\node_modules\\tar-fs',
2026-10-09T14:33:40.1593564Z npm warn cleanup     [Error: EPERM: operation not permitted, rmdir 'D:\a\chainlesschain\chainlesschain\node_modules\robotjs\node_modules\tar-fs\test\fixtures'] {
2026-10-09T14:33:40.1594862Z npm warn cleanup       errno: -4048,
2026-10-09T14:33:40.1595389Z npm warn cleanup       code: 'EPERM',
2026-10-09T14:33:40.1595904Z npm warn cleanup       syscall: 'rmdir',
2026-10-09T14:33:40.1597106Z npm warn cleanup       path: 'D:\\a\\chainlesschain\\chainlesschain\\node_modules\\robotjs\\node_modules\\tar-fs\\test\\fixtures'
2026-10-09T14:33:40.1598104Z npm warn cleanup     }
2026-10-09T14:33:40.1598467Z npm warn cleanup   ]
2026-10-09T14:33:40.1598814Z npm warn cleanup ]
2026-10-09T14:33:42.1700415Z 
2026-10-09T14:33:42.1701071Z up to date, audited 2530 packages in 9s
2026-10-09T14:33:42.1701596Z 
2026-10-09T14:33:42.1703041Z 471 packages are looking for funding
2026-10-09T14:33:42.1703566Z   run `npm fund` for details
2026-10-09T14:33:42.4040883Z 
2026-10-09T14:33:42.4041663Z 119 vulnerabilities (8 low, 23 moderate, 87 high, 1 critical)
2026-10-09T14:33:42.4042198Z 
2026-10-09T14:33:42.4042600Z To address issues that do not require attention, run:
2026-10-09T14:33:42.4043169Z   npm audit fix
2026-10-09T14:33:42.4043362Z 
2026-10-09T14:33:42.4043654Z To address all issues possible (including breaking changes), run:
2026-10-09T14:33:42.4044058Z   npm audit fix --force
2026-10-09T14:33:42.4044215Z 
2026-10-09T14:33:42.4044402Z Some issues need review, and may require choosing
2026-10-09T14:33:42.4044772Z a different dependency.
2026-10-09T14:33:42.4044920Z 
2026-10-09T14:33:42.4045043Z Run `npm audit` for details.
2026-10-09T14:33:42.4350585Z ##[end-action id=__self.__run_2;outcome=success;conclusion=success;duration_ms=9634]
2026-10-09T14:33:42.4354854Z ##[start-action display=Install platform rollup binary + extras;id=__self.__run_3]
2026-10-09T14:33:42.4528100Z ##[group]Run # Pick the rollup native binary for this runner.
2026-10-09T14:33:42.4528545Z [36;1m# Pick the rollup native binary for this runner.[0m
2026-10-09T14:33:42.4529027Z [36;1m# Workaround for https://github.com/npm/cli/issues/4828 — npm sometimes[0m
2026-10-09T14:33:42.4529608Z [36;1m# skips optional platform deps, leaving vite/vitest unable to resolve rollup.[0m
2026-10-09T14:33:42.4530073Z [36;1mcase "${RUNNER_OS}-${RUNNER_ARCH}" in[0m
2026-10-09T14:33:42.4530435Z [36;1m  Linux-X64)     pkg="@rollup/rollup-linux-x64-gnu" ;;[0m
2026-10-09T14:33:42.4530858Z [36;1m  Linux-ARM64)   pkg="@rollup/rollup-linux-arm64-gnu" ;;[0m
2026-10-09T14:33:42.4531266Z [36;1m  Windows-X64)   pkg="@rollup/rollup-win32-x64-msvc" ;;[0m
2026-10-09T14:33:42.4531673Z [36;1m  Windows-ARM64) pkg="@rollup/rollup-win32-arm64-msvc" ;;[0m
2026-10-09T14:33:42.4532086Z [36;1m  macOS-ARM64)   pkg="@rollup/rollup-darwin-arm64" ;;[0m
2026-10-09T14:33:42.4532472Z [36;1m  macOS-X64)     pkg="@rollup/rollup-darwin-x64" ;;[0m
2026-10-09T14:33:42.4532791Z [36;1m  *)             pkg="" ;;[0m
2026-10-09T14:33:42.4533026Z [36;1mesac[0m
2026-10-09T14:33:42.4533230Z [36;1mpackages="$pkg $EXTRA_PACKAGES"[0m
2026-10-09T14:33:42.4533537Z [36;1mpackages=$(echo "$packages" | xargs) # trim[0m
2026-10-09T14:33:42.4533998Z [36;1mif [ -n "$packages" ]; then[0m
2026-10-09T14:33:42.4534267Z [36;1m  echo "Installing: $packages"[0m
2026-10-09T14:33:42.4534559Z [36;1m  if [ -n "$INSTALL_WORKSPACE" ]; then[0m
2026-10-09T14:33:42.4534919Z [36;1m    npm install $packages --no-save --legacy-peer-deps \[0m
2026-10-09T14:33:42.4536653Z [36;1m      --workspace "$INSTALL_WORKSPACE" \[0m
2026-10-09T14:33:42.4537034Z [36;1m      --include-workspace-root=false || true[0m
2026-10-09T14:33:42.4537311Z [36;1m  else[0m
2026-10-09T14:33:42.4537593Z [36;1m    npm install $packages --no-save --legacy-peer-deps || true[0m
2026-10-09T14:33:42.4537921Z [36;1m  fi[0m
2026-10-09T14:33:42.4538091Z [36;1mfi[0m
2026-10-09T14:33:42.4553871Z shell: C:\Program Files\Git\bin\bash.EXE --noprofile --norc -e -o pipefail {0}
2026-10-09T14:33:42.4554257Z env:
2026-10-09T14:33:42.4554486Z   SOURCE_SHA: a3cbe918e4f8fcda77dafa7514401d5f643b36df
2026-10-09T14:33:42.4554777Z   EXTRA_PACKAGES: 
2026-10-09T14:33:42.4554961Z   INSTALL_WORKSPACE: 
2026-10-09T14:33:42.4555160Z ##[endgroup]
2026-10-09T14:33:42.5807911Z Installing: @rollup/rollup-win32-x64-msvc
2026-10-09T14:33:46.7728876Z npm warn deprecated gar@1.0.4: Package no longer supported. Contact Support at https://www.npmjs.com/support for more info.
2026-10-09T14:33:46.8269138Z npm warn deprecated npmlog@4.1.2: This package is no longer supported.
2026-10-09T14:33:47.1417657Z npm warn deprecated are-we-there-yet@1.1.7: This package is no longer supported.
2026-10-09T14:33:47.1934882Z npm warn deprecated prebuild-install@5.3.6: No longer maintained. Please contact the author of the relevant native addon; alternatives are available.
2026-10-09T14:33:47.2072176Z npm warn deprecated gauge@2.7.4: This package is no longer supported.
2026-10-09T14:33:52.5508708Z 
2026-10-09T14:33:52.5509441Z added 1 package, changed 2 packages, and audited 2531 packages in 10s
2026-10-09T14:33:52.5510283Z 
2026-10-09T14:33:52.5511399Z 471 packages are looking for funding
2026-10-09T14:33:52.5511833Z   run `npm fund` for details
2026-10-09T14:33:52.8304881Z 
2026-10-09T14:33:52.8305855Z 120 vulnerabilities (8 low, 23 moderate, 88 high, 1 critical)
2026-10-09T14:33:52.8306404Z 
2026-10-09T14:33:52.8306811Z To address issues that do not require attention, run:
2026-10-09T14:33:52.8307460Z   npm audit fix
2026-10-09T14:33:52.8307753Z 
2026-10-09T14:33:52.8308247Z To address all issues possible (including breaking changes), run:
2026-10-09T14:33:52.8308996Z   npm audit fix --force
2026-10-09T14:33:52.8309305Z 
2026-10-09T14:33:52.8309641Z Some issues need review, and may require choosing
2026-10-09T14:33:52.8310354Z a different dependency.
2026-10-09T14:33:52.8310628Z 
2026-10-09T14:33:52.8310888Z Run `npm audit` for details.
2026-10-09T14:33:52.8623803Z ##[end-action id=__self.__run_3;outcome=success;conclusion=success;duration_ms=10426]
2026-10-09T14:33:52.8811716Z ##[group]Run bash "$GITHUB_WORKSPACE/.github/scripts/ci-install-cli-production-deps.sh"
2026-10-09T14:33:52.8812595Z [36;1mbash "$GITHUB_WORKSPACE/.github/scripts/ci-install-cli-production-deps.sh"[0m
2026-10-09T14:33:52.8829584Z shell: C:\Program Files\Git\bin\bash.EXE --noprofile --norc -e -o pipefail {0}
2026-10-09T14:33:52.8830320Z env:
2026-10-09T14:33:52.8830659Z   SOURCE_SHA: a3cbe918e4f8fcda77dafa7514401d5f643b36df
2026-10-09T14:33:52.8831035Z ##[endgroup]
2026-10-09T14:34:25.9191435Z npm warn deprecated prebuild-install@7.1.3: No longer maintained. Please contact the author of the relevant native addon; alternatives are available.
2026-10-09T14:34:27.9742440Z npm warn deprecated node-domexception@1.0.0: Use your platform's native DOMException instead
2026-10-09T14:34:36.5360304Z 
2026-10-09T14:34:36.5361211Z added 431 packages, and audited 439 packages in 42s
2026-10-09T14:34:36.5361954Z 
2026-10-09T14:34:36.5362379Z 86 packages are looking for funding
2026-10-09T14:34:36.5363414Z   run `npm fund` for details
2026-10-09T14:34:36.5457786Z 
2026-10-09T14:34:36.5458227Z 4 vulnerabilities (2 moderate, 2 high)
2026-10-09T14:34:36.5458897Z 
2026-10-09T14:34:36.5459040Z To address all issues, run:
2026-10-09T14:34:36.5459384Z   npm audit fix
2026-10-09T14:34:36.5459526Z 
2026-10-09T14:34:36.5459694Z Run `npm audit` for details.
2026-10-09T14:34:36.6920095Z ##[group]Run npm run type-check
2026-10-09T14:34:36.6920457Z [36;1mnpm run type-check[0m
2026-10-09T14:34:36.7443355Z shell: C:\Program Files\PowerShell\7\pwsh.EXE -command ". '{0}'"
2026-10-09T14:34:36.7443848Z env:
2026-10-09T14:34:36.7444186Z   SOURCE_SHA: a3cbe918e4f8fcda77dafa7514401d5f643b36df
2026-10-09T14:34:36.7444652Z   NODE_OPTIONS: --max-old-space-size=4096
2026-10-09T14:34:36.7445022Z ##[endgroup]
2026-10-09T14:34:37.7147434Z npm warn config ignoring workspace config at D:\a\chainlesschain\chainlesschain\desktop-app-vue/.npmrc
2026-10-09T14:34:37.7698476Z 
2026-10-09T14:34:37.7699098Z > chainlesschain-desktop-vue@5.0.3-alpha.140 type-check
2026-10-09T14:34:37.7699692Z > vue-tsc --noEmit
2026-10-09T14:34:37.7700089Z 
2026-10-09T14:35:29.0393639Z ##[group]Run git fetch origin main:refs/remotes/origin/main
2026-10-09T14:35:29.0394191Z [36;1mgit fetch origin main:refs/remotes/origin/main[0m
2026-10-09T14:35:29.0498117Z shell: C:\Program Files\PowerShell\7\pwsh.EXE -command ". '{0}'"
2026-10-09T14:35:29.0498698Z env:
2026-10-09T14:35:29.0499068Z   SOURCE_SHA: a3cbe918e4f8fcda77dafa7514401d5f643b36df
2026-10-09T14:35:29.0499660Z ##[endgroup]
2026-10-09T14:35:30.8154865Z ##[group]Run npm exec --offline -- vitest run --config vitest.business-actions.config.mjs
2026-10-09T14:35:30.8155594Z [36;1mnpm exec --offline -- vitest run --config vitest.business-actions.config.mjs[0m
2026-10-09T14:35:30.8240814Z shell: C:\Program Files\PowerShell\7\pwsh.EXE -command ". '{0}'"
2026-10-09T14:35:30.8241395Z env:
2026-10-09T14:35:30.8241765Z   SOURCE_SHA: a3cbe918e4f8fcda77dafa7514401d5f643b36df
2026-10-09T14:35:30.8242262Z ##[endgroup]
2026-10-09T14:35:31.7875203Z npm warn config ignoring workspace config at D:\a\chainlesschain\chainlesschain\desktop-app-vue/.npmrc
2026-10-09T14:35:33.8723268Z 
2026-10-09T14:35:33.8727125Z [1m[30m[46m RUN [49m[39m[22m [36mv4.1.10 [39m[90mD:/a/chainlesschain/chainlesschain/desktop-app-vue[39m
2026-10-09T14:35:33.8728086Z 
2026-10-09T14:35:34.3900232Z [90mstdout[2m | tests/unit/ukey/ukey-ipc.test.js[2m > [22m[2mU-Key IPC 处理器[2m > [22m[2m基本功能测试[2m > [22m[2mshould register exactly 26 U-Key IPC handlers
2026-10-09T14:35:34.3902326Z [22m[39m[2026-10-09T14:35:34.381Z] [INFO] [main] [UKey IPC] >>> registerUKeyIPC ENTRY, ukeyManager:
2026-10-09T14:35:34.3903610Z [2026-10-09T14:35:34.383Z] [INFO] [main] [UKey IPC] >>> ipcMain available:
2026-10-09T14:35:34.3904761Z [2026-10-09T14:35:34.384Z] [INFO] [main] [UKey IPC] Registering U-Key IPC handlers...
2026-10-09T14:35:34.3906595Z [2026-10-09T14:35:34.385Z] [INFO] [main] [UKey IPC] >>> ukey:detect handler registered successfully
2026-10-09T14:35:34.3908442Z [2026-10-09T14:35:34.386Z] [INFO] [main] [UKey IPC] ✓ All U-Key IPC handlers registered successfully (26 handlers)
2026-10-09T14:35:34.3909443Z 
2026-10-09T14:35:34.4006989Z [90mstdout[2m | tests/unit/ukey/ukey-ipc.test.js[2m > [22m[2mU-Key IPC 处理器[2m > [22m[2m基本功能测试[2m > [22m[2mshould include all required handler channels
2026-10-09T14:35:34.4009816Z [22m[39m[2026-10-09T14:35:34.393Z] [INFO] [main] [UKey IPC] >>> registerUKeyIPC ENTRY, ukeyManager:
2026-10-09T14:35:34.4011237Z [2026-10-09T14:35:34.393Z] [INFO] [main] [UKey IPC] >>> ipcMain available:
2026-10-09T14:35:34.4012511Z [2026-10-09T14:35:34.397Z] [INFO] [main] [UKey IPC] Registering U-Key IPC handlers...
2026-10-09T14:35:34.4013740Z [2026-10-09T14:35:34.398Z] [INFO] [main] [UKey IPC] >>> ukey:detect handler registered successfully
2026-10-09T14:35:34.4015374Z [2026-10-09T14:35:34.399Z] [INFO] [main] [UKey IPC] ✓ All U-Key IPC handlers registered successfully (26 handlers)
2026-10-09T14:35:34.4017126Z 
2026-10-09T14:35:34.4071732Z [90mstdout[2m | tests/unit/ukey/ukey-ipc.test.js[2m > [22m[2mU-Key IPC 处理器[2m > [22m[2m基本功能测试[2m > [22m[2mall handlers should be registered as functions
2026-10-09T14:35:34.4073912Z [22m[39m[2026-10-09T14:35:34.403Z] [INFO] [main] [UKey IPC] >>> registerUKeyIPC ENTRY, ukeyManager:
2026-10-09T14:35:34.4075004Z [2026-10-09T14:35:34.404Z] [INFO] [main] [UKey IPC] >>> ipcMain available:
2026-10-09T14:35:34.4076028Z [2026-10-09T14:35:34.404Z] [INFO] [main] [UKey IPC] Registering U-Key IPC handlers...
2026-10-09T14:35:34.4077209Z [2026-10-09T14:35:34.405Z] [INFO] [main] [UKey IPC] >>> ukey:detect handler registered successfully
2026-10-09T14:35:34.4079126Z [2026-10-09T14:35:34.405Z] [INFO] [main] [UKey IPC] ✓ All U-Key IPC handlers registered successfully (26 handlers)
2026-10-09T14:35:34.4079868Z 
2026-10-09T14:35:34.4141974Z [90mstdout[2m | tests/unit/ukey/ukey-ipc.test.js[2m > [22m[2mU-Key IPC 处理器[2m > [22m[2m设备检测功能 (ukey:detect)[2m > [22m[2mshould register ukey:detect handler
2026-10-09T14:35:34.4143808Z [22m[39m[2026-10-09T14:35:34.408Z] [INFO] [main] [UKey IPC] >>> registerUKeyIPC ENTRY, ukeyManager:
2026-10-09T14:35:34.4144945Z [2026-10-09T14:35:34.409Z] [INFO] [main] [UKey IPC] >>> ipcMain available:
2026-10-09T14:35:34.4146382Z [2026-10-09T14:35:34.409Z] [INFO] [main] [UKey IPC] Registering U-Key IPC handlers...
2026-10-09T14:35:34.4147587Z [2026-10-09T14:35:34.412Z] [INFO] [main] [UKey IPC] >>> ukey:detect handler registered successfully
2026-10-09T14:35:34.4152248Z [2026-10-09T14:35:34.413Z] [INFO] [main] [UKey IPC] ✓ All U-Key IPC handlers registered successfully (26 handlers)
2026-10-09T14:35:34.4153103Z 
2026-10-09T14:35:34.4183644Z [90mstdout[2m | tests/unit/ukey/ukey-ipc.test.js[2m > [22m[2mU-Key IPC 处理器[2m > [22m[2m设备检测功能 (ukey:detect)[2m > [22m[2mshould call ukeyManager.detect()
2026-10-09T14:35:34.4185547Z [22m[39m[2026-10-09T14:35:34.414Z] [INFO] [main] [UKey IPC] >>> registerUKeyIPC ENTRY, ukeyManager:
2026-10-09T14:35:34.4186990Z [2026-10-09T14:35:34.415Z] [INFO] [main] [UKey IPC] >>> ipcMain available:
2026-10-09T14:35:34.4187992Z [2026-10-09T14:35:34.416Z] [INFO] [main] [UKey IPC] Registering U-Key IPC handlers...
2026-10-09T14:35:34.4189112Z [2026-10-09T14:35:34.416Z] [INFO] [main] [UKey IPC] >>> ukey:detect handler registered successfully
2026-10-09T14:35:34.4190579Z [2026-10-09T14:35:34.417Z] [INFO] [main] [UKey IPC] ✓ All U-Key IPC handlers registered successfully (26 handlers)
2026-10-09T14:35:34.4191280Z 
2026-10-09T14:35:34.4225849Z [90mstdout[2m | tests/unit/ukey/ukey-ipc.test.js[2m > [22m[2mU-Key IPC 处理器[2m > [22m[2m设备检测功能 (ukey:detect)[2m > [22m[2mshould return detection result
2026-10-09T14:35:34.4228060Z [22m[39m[2026-10-09T14:35:34.419Z] [INFO] [main] [UKey IPC] >>> registerUKeyIPC ENTRY, ukeyManager:
2026-10-09T14:35:34.4229591Z [2026-10-09T14:35:34.419Z] [INFO] [main] [UKey IPC] >>> ipcMain available:
2026-10-09T14:35:34.4230776Z [2026-10-09T14:35:34.420Z] [INFO] [main] [UKey IPC] Registering U-Key IPC handlers...
2026-10-09T14:35:34.4232069Z [2026-10-09T14:35:34.420Z] [INFO] [main] [UKey IPC] >>> ukey:detect handler registered successfully
2026-10-09T14:35:34.4233713Z [2026-10-09T14:35:34.421Z] [INFO] [main] [UKey IPC] ✓ All U-Key IPC handlers registered successfully (26 handlers)
2026-10-09T14:35:34.4234418Z 
2026-10-09T14:35:34.4263356Z [90mstdout[2m | tests/unit/ukey/ukey-ipc.test.js[2m > [22m[2mU-Key IPC 处理器[2m > [22m[2m设备检测功能 (ukey:detect)[2m > [22m[2mshould handle detect errors gracefully
2026-10-09T14:35:34.4265113Z [22m[39m[2026-10-09T14:35:34.423Z] [INFO] [main] [UKey IPC] >>> registerUKeyIPC ENTRY, ukeyManager:
2026-10-09T14:35:34.4266184Z [2026-10-09T14:35:34.423Z] [INFO] [main] [UKey IPC] >>> ipcMain available:
2026-10-09T14:35:34.4267156Z [2026-10-09T14:35:34.424Z] [INFO] [main] [UKey IPC] Registering U-Key IPC handlers...
2026-10-09T14:35:34.4268271Z [2026-10-09T14:35:34.424Z] [INFO] [main] [UKey IPC] >>> ukey:detect handler registered successfully
2026-10-09T14:35:34.4270013Z [2026-10-09T14:35:34.425Z] [INFO] [main] [UKey IPC] ✓ All U-Key IPC handlers registered successfully (26 handlers)
2026-10-09T14:35:34.4271041Z 
2026-10-09T14:35:34.4438455Z [90mstderr[2m | tests/unit/ukey/ukey-ipc.test.js[2m > [22m[2mU-Key IPC 处理器[2m > [22m[2m设备检测功能 (ukey:detect)[2m > [22m[2mshould handle detect errors gracefully
2026-10-09T14:35:34.4440339Z [22m[39m[2026-10-09T14:35:34.429Z] [ERROR] [main] [UKey IPC] U盾检测失败: {
2026-10-09T14:35:34.4509679Z   "name": "Error",
2026-10-09T14:35:34.4511536Z [90mstdout[2m | tests/unit/ukey/ukey-ipc.test.js[2m > [22m[2mU-Key IPC 处理器[2m > [22m[2mPIN管理功能 (ukey:verify-pin)[2m > [22m[2mshould register ukey:verify-pin handler
2026-10-09T14:35:34.4534839Z   "message": "Detection failed",
2026-10-09T14:35:34.4536130Z [22m[39m[2026-10-09T14:35:34.442Z] [INFO] [main] [UKey IPC] >>> registerUKeyIPC ENTRY, ukeyManager:
2026-10-09T14:35:34.4545471Z   "stack": "Error: Detection failed\n    at D:/a/chainlesschain/chainlesschain/desktop-app-vue/tests/unit/ukey/ukey-ipc.test.js:195:9\n    at file:///D:/a/chainlesschain/chainlesschain/node_modules/@vitest/runner/dist/chunk-artifact.js:302:11\n    at file:///D:/a/chainlesschain/chainlesschain/node_modules/@vitest/runner/dist/chunk-artifact.js:1903:26\n    at file:///D:/a/chainlesschain/chainlesschain/node_modules/@vitest/runner/dist/chunk-artifact.js:2326:20\n    at new Promise (<anonymous>)\n    at runWithCancel (file:///D:/a/chainlesschain/chainlesschain/node_modules/@vitest/runner/dist/chunk-artifact.js:2323:10)\n    at file:///D:/a/chainlesschain/chainlesschain/node_modules/@vitest/runner/dist/chunk-artifact.js:2305:20\n    at new Promise (<anonymous>)\n    at runWithTimeout (file:///D:/a/chainlesschain/chainlesschain/node_modules/@vitest/runner/dist/chunk-artifact.js:2272:10)\n    at file:///D:/a/chainlesschain/chainlesschain/node_modules/@vitest/runner/dist/chunk-artifact.js:2955:64"
2026-10-09T14:35:34.4549423Z [2026-10-09T14:35:34.443Z] [INFO] [main] [UKey IPC] >>> ipcMain available:
2026-10-09T14:35:34.4549811Z }
2026-10-09T14:35:34.4549916Z 
2026-10-09T14:35:34.4550233Z [2026-10-09T14:35:34.444Z] [INFO] [main] [UKey IPC] Registering U-Key IPC handlers...
2026-10-09T14:35:34.4550876Z [2026-10-09T14:35:34.444Z] [INFO] [main] [UKey IPC] >>> ukey:detect handler registered successfully
2026-10-09T14:35:34.4551781Z [2026-10-09T14:35:34.445Z] [INFO] [main] [UKey IPC] ✓ All U-Key IPC handlers registered successfully (26 handlers)
2026-10-09T14:35:34.4552196Z 
2026-10-09T14:35:34.4553534Z [90mstdout[2m | tests/unit/ukey/ukey-ipc.test.js[2m > [22m[2mU-Key IPC 处理器[2m > [22m[2mPIN管理功能 (ukey:verify-pin)[2m > [22m[2mshould call ukeyManager.verifyPIN()
2026-10-09T14:35:34.4555467Z [22m[39m[2026-10-09T14:35:34.448Z] [INFO] [main] [UKey IPC] >>> registerUKeyIPC ENTRY, ukeyManager:
2026-10-09T14:35:34.4556609Z [2026-10-09T14:35:34.449Z] [INFO] [main] [UKey IPC] >>> ipcMain available:
2026-10-09T14:35:34.4557646Z [2026-10-09T14:35:34.449Z] [INFO] [main] [UKey IPC] Registering U-Key IPC handlers...
2026-10-09T14:35:34.4558856Z [2026-10-09T14:35:34.450Z] [INFO] [main] [UKey IPC] >>> ukey:detect handler registered successfully
2026-10-09T14:35:34.4559879Z [2026-10-09T14:35:34.451Z] [INFO] [main] [UKey IPC] ✓ All U-Key IPC handlers registered successfully (26 handlers)
2026-10-09T14:35:34.4560296Z 
2026-10-09T14:35:34.4592587Z [90mstdout[2m | tests/unit/ukey/ukey-ipc.test.js[2m > [22m[2mU-Key IPC 处理器[2m > [22m[2mPIN管理功能 (ukey:verify-pin)[2m > [22m[2mshould return verification result
2026-10-09T14:35:34.4594004Z [22m[39m[2026-10-09T14:35:34.455Z] [INFO] [main] [UKey IPC] >>> registerUKeyIPC ENTRY, ukeyManager:
2026-10-09T14:35:34.4594627Z [2026-10-09T14:35:34.456Z] [INFO] [main] [UKey IPC] >>> ipcMain available:
2026-10-09T14:35:34.4595199Z [2026-10-09T14:35:34.456Z] [INFO] [main] [UKey IPC] Registering U-Key IPC handlers...
2026-10-09T14:35:34.4595820Z [2026-10-09T14:35:34.457Z] [INFO] [main] [UKey IPC] >>> ukey:detect handler registered successfully
2026-10-09T14:35:34.4596627Z [2026-10-09T14:35:34.458Z] [INFO] [main] [UKey IPC] ✓ All U-Key IPC handlers registered successfully (26 handlers)
2026-10-09T14:35:34.4598033Z 
2026-10-09T14:35:34.4636329Z [90mstdout[2m | tests/unit/ukey/ukey-ipc.test.js[2m > [22m[2mU-Key IPC 处理器[2m > [22m[2mPIN管理功能 (ukey:verify-pin)[2m > [22m[2mshould handle PIN verification errors
2026-10-09T14:35:34.4638313Z [22m[39m[2026-10-09T14:35:34.459Z] [INFO] [main] [UKey IPC] >>> registerUKeyIPC ENTRY, ukeyManager:
2026-10-09T14:35:34.4639572Z [2026-10-09T14:35:34.460Z] [INFO] [main] [UKey IPC] >>> ipcMain available:
2026-10-09T14:35:34.4640751Z [2026-10-09T14:35:34.461Z] [INFO] [main] [UKey IPC] Registering U-Key IPC handlers...
2026-10-09T14:35:34.4641969Z [2026-10-09T14:35:34.461Z] [INFO] [main] [UKey IPC] >>> ukey:detect handler registered successfully
2026-10-09T14:35:34.4643213Z [2026-10-09T14:35:34.462Z] [INFO] [main] [UKey IPC] ✓ All U-Key IPC handlers registered successfully (26 handlers)
2026-10-09T14:35:34.4643616Z 
2026-10-09T14:35:34.4655896Z [90mstderr[2m | tests/unit/ukey/ukey-ipc.test.js[2m > [22m[2mU-Key IPC 处理器[2m > [22m[2mPIN管理功能 (ukey:verify-pin)[2m > [22m[2mshould handle PIN verification errors
2026-10-09T14:35:34.4657778Z [22m[39m[2026-10-09T14:35:34.463Z] [ERROR] [main] [UKey IPC] PIN验证失败: {
2026-10-09T14:35:34.4658511Z   "name": "Error",
2026-10-09T14:35:34.4658869Z   "message": "PIN error",
2026-10-09T14:35:34.4666834Z   "stack": "Error: PIN error\n    at D:/a/chainlesschain/chainlesschain/desktop-app-vue/tests/unit/ukey/ukey-ipc.test.js:228:55\n    at file:///D:/a/chainlesschain/chainlesschain/node_modules/@vitest/runner/dist/chunk-artifact.js:302:11\n    at file:///D:/a/chainlesschain/chainlesschain/node_modules/@vitest/runner/dist/chunk-artifact.js:1903:26\n    at file:///D:/a/chainlesschain/chainlesschain/node_modules/@vitest/runner/dist/chunk-artifact.js:2326:20\n    at new Promise (<anonymous>)\n    at runWithCancel (file:///D:/a/chainlesschain/chainlesschain/node_modules/@vitest/runner/dist/chunk-artifact.js:2323:10)\n    at file:///D:/a/chainlesschain/chainlesschain/node_modules/@vitest/runner/dist/chunk-artifact.js:2305:20\n    at new Promise (<anonymous>)\n    at runWithTimeout (file:///D:/a/chainlesschain/chainlesschain/node_modules/@vitest/runner/dist/chunk-artifact.js:2272:10)\n    at file:///D:/a/chainlesschain/chainlesschain/node_modules/@vitest/runner/dist/chunk-artifact.js:2955:64"
2026-10-09T14:35:34.4673399Z }
2026-10-09T14:35:34.4673571Z 
2026-10-09T14:35:34.4697994Z [90mstdout[2m | tests/unit/ukey/ukey-ipc.test.js[2m > [22m[2mU-Key IPC 处理器[2m > [22m[2m设备信息获取 (ukey:get-device-info)[2m > [22m[2mshould register ukey:get-device-info handler
2026-10-09T14:35:34.4699373Z [22m[39m[2026-10-09T14:35:34.466Z] [INFO] [main] [UKey IPC] >>> registerUKeyIPC ENTRY, ukeyManager:
2026-10-09T14:35:34.4700005Z [2026-10-09T14:35:34.466Z] [INFO] [main] [UKey IPC] >>> ipcMain available:
2026-10-09T14:35:34.4700565Z [2026-10-09T14:35:34.467Z] [INFO] [main] [UKey IPC] Registering U-Key IPC handlers...
2026-10-09T14:35:34.4701216Z [2026-10-09T14:35:34.467Z] [INFO] [main] [UKey IPC] >>> ukey:detect handler registered successfully
2026-10-09T14:35:34.4702058Z [2026-10-09T14:35:34.468Z] [INFO] [main] [UKey IPC] ✓ All U-Key IPC handlers registered successfully (26 handlers)
2026-10-09T14:35:34.4702448Z 
2026-10-09T14:35:34.4737758Z [90mstdout[2m | tests/unit/ukey/ukey-ipc.test.js[2m > [22m[2mU-Key IPC 处理器[2m > [22m[2m设备信息获取 (ukey:get-device-info)[2m > [22m[2mshould call ukeyManager.getDeviceInfo()
2026-10-09T14:35:34.4739590Z [22m[39m[2026-10-09T14:35:34.470Z] [INFO] [main] [UKey IPC] >>> registerUKeyIPC ENTRY, ukeyManager:
2026-10-09T14:35:34.4740645Z [2026-10-09T14:35:34.470Z] [INFO] [main] [UKey IPC] >>> ipcMain available:
2026-10-09T14:35:34.4741628Z [2026-10-09T14:35:34.471Z] [INFO] [main] [UKey IPC] Registering U-Key IPC handlers...
2026-10-09T14:35:34.4742759Z [2026-10-09T14:35:34.472Z] [INFO] [main] [UKey IPC] >>> ukey:detect handler registered successfully
2026-10-09T14:35:34.4744550Z [2026-10-09T14:35:34.472Z] [INFO] [main] [UKey IPC] ✓ All U-Key IPC handlers registered successfully (26 handlers)
2026-10-09T14:35:34.4745562Z 
2026-10-09T14:35:34.4779618Z [90mstdout[2m | tests/unit/ukey/ukey-ipc.test.js[2m > [22m[2mU-Key IPC 处理器[2m > [22m[2m设备信息获取 (ukey:get-device-info)[2m > [22m[2mshould return device information
2026-10-09T14:35:34.4780907Z [22m[39m[2026-10-09T14:35:34.474Z] [INFO] [main] [UKey IPC] >>> registerUKeyIPC ENTRY, ukeyManager:
2026-10-09T14:35:34.4781536Z [2026-10-09T14:35:34.474Z] [INFO] [main] [UKey IPC] >>> ipcMain available:
2026-10-09T14:35:34.4782122Z [2026-10-09T14:35:34.475Z] [INFO] [main] [UKey IPC] Registering U-Key IPC handlers...
2026-10-09T14:35:34.4782772Z [2026-10-09T14:35:34.476Z] [INFO] [main] [UKey IPC] >>> ukey:detect handler registered successfully
2026-10-09T14:35:34.4783812Z [2026-10-09T14:35:34.476Z] [INFO] [main] [UKey IPC] ✓ All U-Key IPC handlers registered successfully (26 handlers)
2026-10-09T14:35:34.4784219Z 
2026-10-09T14:35:34.4822522Z [90mstdout[2m | tests/unit/ukey/ukey-ipc.test.js[2m > [22m[2mU-Key IPC 处理器[2m > [22m[2m设备信息获取 (ukey:get-device-info)[2m > [22m[2mshould throw error when manager not initialized
2026-10-09T14:35:34.4824578Z [22m[39m[2026-10-09T14:35:34.478Z] [INFO] [main] [UKey IPC] >>> registerUKeyIPC ENTRY, ukeyManager:
2026-10-09T14:35:34.4825608Z [2026-10-09T14:35:34.479Z] [INFO] [main] [UKey IPC] >>> ipcMain available:
2026-10-09T14:35:34.4826558Z [2026-10-09T14:35:34.479Z] [INFO] [main] [UKey IPC] Registering U-Key IPC handlers...
2026-10-09T14:35:34.4827367Z [2026-10-09T14:35:34.480Z] [INFO] [main] [UKey IPC] >>> ukey:detect handler registered successfully
2026-10-09T14:35:34.4828432Z [2026-10-09T14:35:34.481Z] [INFO] [main] [UKey IPC] ✓ All U-Key IPC handlers registered successfully (26 handlers)
2026-10-09T14:35:34.4828918Z 
2026-10-09T14:35:34.4880041Z [90mstderr[2m | tests/unit/ukey/ukey-ipc.test.js[2m > [22m[2mU-Key IPC 处理器[2m > [22m[2m设备信息获取 (ukey:get-device-info)[2m > [22m[2mshould throw error when manager not initialized
2026-10-09T14:35:34.4882185Z [22m[39m[2026-10-09T14:35:34.485Z] [ERROR] [main] [UKey IPC] 获取设备信息失败: {
2026-10-09T14:35:34.4883163Z   "name": "Error",
2026-10-09T14:35:34.4883722Z   "message": "U盾管理器未初始化",
2026-10-09T14:35:34.4891611Z   "stack": "Error: U盾管理器未初始化\n    at D:/a/chainlesschain/chainlesschain/desktop-app-vue/src/main/ukey/ukey-ipc.js:166:15\n    at D:/a/chainlesschain/chainlesschain/desktop-app-vue/tests/unit/ukey/ukey-ipc.test.js:278:20\n    at file:///D:/a/chainlesschain/chainlesschain/node_modules/@vitest/runner/dist/chunk-artifact.js:302:11\n    at file:///D:/a/chainlesschain/chainlesschain/node_modules/@vitest/runner/dist/chunk-artifact.js:1903:26\n    at file:///D:/a/chainlesschain/chainlesschain/node_modules/@vitest/runner/dist/chunk-artifact.js:2326:20\n    at new Promise (<anonymous>)\n    at runWithCancel (file:///D:/a/chainlesschain/chainlesschain/node_modules/@vitest/runner/dist/chunk-artifact.js:2323:10)\n    at file:///D:/a/chainlesschain/chainlesschain/node_modules/@vitest/runner/dist/chunk-artifact.js:2305:20\n    at new Promise (<anonymous>)\n    at runWithTimeout (file:///D:/a/chainlesschain/chainlesschain/node_modules/@vitest/runner/dist/chunk-artifact.js:2272:10)"
2026-10-09T14:35:34.4897918Z }
2026-10-09T14:35:34.4898058Z 
2026-10-09T14:35:34.4899230Z [90mstdout[2m | tests/unit/ukey/ukey-ipc.test.js[2m > [22m[2mU-Key IPC 处理器[2m > [22m[2m设备信息获取 (ukey:get-device-info)[2m > [22m[2mshould throw error when manager not initialized
2026-10-09T14:35:34.4900304Z [22m[39m[2026-10-09T14:35:34.482Z] [INFO] [main] [UKey IPC] >>> registerUKeyIPC ENTRY, ukeyManager:
2026-10-09T14:35:34.4900900Z [2026-10-09T14:35:34.482Z] [INFO] [main] [UKey IPC] >>> ipcMain available:
2026-10-09T14:35:34.4901464Z [2026-10-09T14:35:34.483Z] [INFO] [main] [UKey IPC] Registering U-Key IPC handlers...
2026-10-09T14:35:34.4902337Z [2026-10-09T14:35:34.484Z] [INFO] [main] [UKey IPC] >>> ukey:detect handler registered successfully
2026-10-09T14:35:34.4903369Z [2026-10-09T14:35:34.484Z] [INFO] [main] [UKey IPC] ✓ All U-Key IPC handlers registered successfully (26 handlers)
2026-10-09T14:35:34.4904022Z 
2026-10-09T14:35:34.4939001Z [90mstdout[2m | tests/unit/ukey/ukey-ipc.test.js[2m > [22m[2mU-Key IPC 处理器[2m > [22m[2m加密操作功能[2m > [22m[2m数字签名 (ukey:sign)[2m > [22m[2mshould register ukey:sign handler
2026-10-09T14:35:34.4940979Z [22m[39m[2026-10-09T14:35:34.490Z] [INFO] [main] [UKey IPC] >>> registerUKeyIPC ENTRY, ukeyManager:
2026-10-09T14:35:34.4942582Z [2026-10-09T14:35:34.490Z] [INFO] [main] [UKey IPC] >>> ipcMain available:
2026-10-09T14:35:34.4943810Z [2026-10-09T14:35:34.491Z] [INFO] [main] [UKey IPC] Registering U-Key IPC handlers...
2026-10-09T14:35:34.4945144Z [2026-10-09T14:35:34.492Z] [INFO] [main] [UKey IPC] >>> ukey:detect handler registered successfully
2026-10-09T14:35:34.4946799Z [2026-10-09T14:35:34.492Z] [INFO] [main] [UKey IPC] ✓ All U-Key IPC handlers registered successfully (26 handlers)
2026-10-09T14:35:34.4947729Z 
2026-10-09T14:35:34.4980353Z [90mstdout[2m | tests/unit/ukey/ukey-ipc.test.js[2m > [22m[2mU-Key IPC 处理器[2m > [22m[2m加密操作功能[2m > [22m[2m数字签名 (ukey:sign)[2m > [22m[2mshould call ukeyManager.sign()
2026-10-09T14:35:34.4981748Z [22m[39m[2026-10-09T14:35:34.494Z] [INFO] [main] [UKey IPC] >>> registerUKeyIPC ENTRY, ukeyManager:
2026-10-09T14:35:34.4982371Z [2026-10-09T14:35:34.495Z] [INFO] [main] [UKey IPC] >>> ipcMain available:
2026-10-09T14:35:34.4984217Z [2026-10-09T14:35:34.495Z] [INFO] [main] [UKey IPC] Registering U-Key IPC handlers...
2026-10-09T14:35:34.4984940Z [2026-10-09T14:35:34.496Z] [INFO] [main] [UKey IPC] >>> ukey:detect handler registered successfully
2026-10-09T14:35:34.4985814Z [2026-10-09T14:35:34.496Z] [INFO] [main] [UKey IPC] ✓ All U-Key IPC handlers registered successfully (26 handlers)
2026-10-09T14:35:34.4986213Z 
2026-10-09T14:35:34.5021282Z [90mstdout[2m | tests/unit/ukey/ukey-ipc.test.js[2m > [22m[2mU-Key IPC 处理器[2m > [22m[2m加密操作功能[2m > [22m[2m数字签名 (ukey:sign)[2m > [22m[2mshould return signature
2026-10-09T14:35:34.5023597Z [22m[39m[2026-10-09T14:35:34.498Z] [INFO] [main] [UKey IPC] >>> registerUKeyIPC ENTRY, ukeyManager:
2026-10-09T14:35:34.5024728Z [2026-10-09T14:35:34.499Z] [INFO] [main] [UKey IPC] >>> ipcMain available:
2026-10-09T14:35:34.5025745Z [2026-10-09T14:35:34.500Z] [INFO] [main] [UKey IPC] Registering U-Key IPC handlers...
2026-10-09T14:35:34.5026928Z [2026-10-09T14:35:34.500Z] [INFO] [main] [UKey IPC] >>> ukey:detect handler registered successfully
2026-10-09T14:35:34.5028486Z [2026-10-09T14:35:34.501Z] [INFO] [main] [UKey IPC] ✓ All U-Key IPC handlers registered successfully (26 handlers)
2026-10-09T14:35:34.5035121Z 
2026-10-09T14:35:34.5074341Z [90mstdout[2m | tests/unit/ukey/ukey-ipc.test.js[2m > [22m[2mU-Key IPC 处理器[2m > [22m[2m加密操作功能[2m > [22m[2m数据加密 (ukey:encrypt)[2m > [22m[2mshould register ukey:encrypt handler
2026-10-09T14:35:34.5076164Z [22m[39m[2026-10-09T14:35:34.504Z] [INFO] [main] [UKey IPC] >>> registerUKeyIPC ENTRY, ukeyManager:
2026-10-09T14:35:34.5077233Z [2026-10-09T14:35:34.505Z] [INFO] [main] [UKey IPC] >>> ipcMain available:
2026-10-09T14:35:34.5078205Z [2026-10-09T14:35:34.505Z] [INFO] [main] [UKey IPC] Registering U-Key IPC handlers...
2026-10-09T14:35:34.5079300Z [2026-10-09T14:35:34.505Z] [INFO] [main] [UKey IPC] >>> ukey:detect handler registered successfully
2026-10-09T14:35:34.5080745Z [2026-10-09T14:35:34.506Z] [INFO] [main] [UKey IPC] ✓ All U-Key IPC handlers registered successfully (26 handlers)
2026-10-09T14:35:34.5081471Z 
2026-10-09T14:35:34.5105746Z [90mstdout[2m | tests/unit/ukey/ukey-ipc.test.js[2m > [22m[2mU-Key IPC 处理器[2m > [22m[2m加密操作功能[2m > [22m[2m数据加密 (ukey:encrypt)[2m > [22m[2mshould call ukeyManager.encrypt()
2026-10-09T14:35:34.5107922Z [22m[39m[2026-10-09T14:35:34.507Z] [INFO] [main] [UKey IPC] >>> registerUKeyIPC ENTRY, ukeyManager:
2026-10-09T14:35:34.5109203Z [2026-10-09T14:35:34.508Z] [INFO] [main] [UKey IPC] >>> ipcMain available:
2026-10-09T14:35:34.5110455Z [2026-10-09T14:35:34.508Z] [INFO] [main] [UKey IPC] Registering U-Key IPC handlers...
2026-10-09T14:35:34.5112130Z [2026-10-09T14:35:34.509Z] [INFO] [main] [UKey IPC] >>> ukey:detect handler registered successfully
2026-10-09T14:35:34.5113795Z [2026-10-09T14:35:34.509Z] [INFO] [main] [UKey IPC] ✓ All U-Key IPC handlers registered successfully (26 handlers)
2026-10-09T14:35:34.5129367Z 
2026-10-09T14:35:34.5246326Z [90mstdout[2m | tests/unit/ukey/ukey-ipc.test.js[2m > [22m[2mU-Key IPC 处理器[2m > [22m[2m加密操作功能[2m > [22m[2m数据加密 (ukey:encrypt)[2m > [22m[2mshould return encrypted data
2026-10-09T14:35:34.5248361Z [22m[39m[2026-10-09T14:35:34.521Z] [INFO] [main] [UKey IPC] >>> registerUKeyIPC ENTRY, ukeyManager:
2026-10-09T14:35:34.5249327Z [2026-10-09T14:35:34.521Z] [INFO] [main] [UKey IPC] >>> ipcMain available:
2026-10-09T14:35:34.5250313Z [2026-10-09T14:35:34.522Z] [INFO] [main] [UKey IPC] Registering U-Key IPC handlers...
2026-10-09T14:35:34.5259857Z [2026-10-09T14:35:34.523Z] [INFO] [main] [UKey IPC] >>> ukey:detect handler registered successfully
2026-10-09T14:35:34.5261739Z [2026-10-09T14:35:34.523Z] [INFO] [main] [UKey IPC] ✓ All U-Key IPC handlers registered successfully (26 handlers)
2026-10-09T14:35:34.5262441Z 
2026-10-09T14:35:34.5315621Z [90mstdout[2m | tests/unit/ukey/ukey-ipc.test.js[2m > [22m[2mU-Key IPC 处理器[2m > [22m[2m加密操作功能[2m > [22m[2m数据解密 (ukey:decrypt)[2m > [22m[2mshould register ukey:decrypt handler
2026-10-09T14:35:34.5317701Z [22m[39m[2026-10-09T14:35:34.527Z] [INFO] [main] [UKey IPC] >>> registerUKeyIPC ENTRY, ukeyManager:
2026-10-09T14:35:34.5319836Z [2026-10-09T14:35:34.528Z] [INFO] [main] [UKey IPC] >>> ipcMain available:
2026-10-09T14:35:34.5320925Z [2026-10-09T14:35:34.528Z] [INFO] [main] [UKey IPC] Registering U-Key IPC handlers...
2026-10-09T14:35:34.5322111Z [2026-10-09T14:35:34.529Z] [INFO] [main] [UKey IPC] >>> ukey:detect handler registered successfully
2026-10-09T14:35:34.5323739Z [2026-10-09T14:35:34.530Z] [INFO] [main] [UKey IPC] ✓ All U-Key IPC handlers registered successfully (26 handlers)
2026-10-09T14:35:34.5324491Z 
2026-10-09T14:35:34.5354691Z [90mstdout[2m | tests/unit/ukey/ukey-ipc.test.js[2m > [22m[2mU-Key IPC 处理器[2m > [22m[2m加密操作功能[2m > [22m[2m数据解密 (ukey:decrypt)[2m > [22m[2mshould call ukeyManager.decrypt()
2026-10-09T14:35:34.5356139Z [22m[39m[2026-10-09T14:35:34.531Z] [INFO] [main] [UKey IPC] >>> registerUKeyIPC ENTRY, ukeyManager:
2026-10-09T14:35:34.5356836Z [2026-10-09T14:35:34.532Z] [INFO] [main] [UKey IPC] >>> ipcMain available:
2026-10-09T14:35:34.5357386Z [2026-10-09T14:35:34.532Z] [INFO] [main] [UKey IPC] Registering U-Key IPC handlers...
2026-10-09T14:35:34.5358004Z [2026-10-09T14:35:34.533Z] [INFO] [main] [UKey IPC] >>> ukey:detect handler registered successfully
2026-10-09T14:35:34.5358831Z [2026-10-09T14:35:34.534Z] [INFO] [main] [UKey IPC] ✓ All U-Key IPC handlers registered successfully (26 handlers)
2026-10-09T14:35:34.5359215Z 
2026-10-09T14:35:34.5400483Z [90mstdout[2m | tests/unit/ukey/ukey-ipc.test.js[2m > [22m[2mU-Key IPC 处理器[2m > [22m[2m加密操作功能[2m > [22m[2m数据解密 (ukey:decrypt)[2m > [22m[2mshould return decrypted data
2026-10-09T14:35:34.5402439Z [22m[39m[2026-10-09T14:35:34.536Z] [INFO] [main] [UKey IPC] >>> registerUKeyIPC ENTRY, ukeyManager:
2026-10-09T14:35:34.5403489Z [2026-10-09T14:35:34.536Z] [INFO] [main] [UKey IPC] >>> ipcMain available:
2026-10-09T14:35:34.5404476Z [2026-10-09T14:35:34.537Z] [INFO] [main] [UKey IPC] Registering U-Key IPC handlers...
2026-10-09T14:35:34.5405609Z [2026-10-09T14:35:34.538Z] [INFO] [main] [UKey IPC] >>> ukey:detect handler registered successfully
2026-10-09T14:35:34.5407089Z [2026-10-09T14:35:34.538Z] [INFO] [main] [UKey IPC] ✓ All U-Key IPC handlers registered successfully (26 handlers)
2026-10-09T14:35:34.5407794Z 
2026-10-09T14:35:34.5432410Z [90mstdout[2m | tests/unit/ukey/ukey-ipc.test.js[2m > [22m[2mU-Key IPC 处理器[2m > [22m[2mU-Key 锁定和公钥获取[2m > [22m[2mU-Key 锁定 (ukey:lock)[2m > [22m[2mshould register ukey:lock handler
2026-10-09T14:35:34.5434586Z [22m[39m[2026-10-09T14:35:34.540Z] [INFO] [main] [UKey IPC] >>> registerUKeyIPC ENTRY, ukeyManager:
2026-10-09T14:35:34.5435644Z [2026-10-09T14:35:34.540Z] [INFO] [main] [UKey IPC] >>> ipcMain available:
2026-10-09T14:35:34.5436619Z [2026-10-09T14:35:34.541Z] [INFO] [main] [UKey IPC] Registering U-Key IPC handlers...
2026-10-09T14:35:34.5437743Z [2026-10-09T14:35:34.541Z] [INFO] [main] [UKey IPC] >>> ukey:detect handler registered successfully
2026-10-09T14:35:34.5439184Z [2026-10-09T14:35:34.542Z] [INFO] [main] [UKey IPC] ✓ All U-Key IPC handlers registered successfully (26 handlers)
2026-10-09T14:35:34.5440173Z 
2026-10-09T14:35:34.5462017Z [90mstdout[2m | tests/unit/ukey/ukey-ipc.test.js[2m > [22m[2mU-Key IPC 处理器[2m > [22m[2mU-Key 锁定和公钥获取[2m > [22m[2mU-Key 锁定 (ukey:lock)[2m > [22m[2mshould call ukeyManager.lock()
2026-10-09T14:35:34.5467426Z [22m[39m[2026-10-09T14:35:34.543Z] [INFO] [main] [UKey IPC] >>> registerUKeyIPC ENTRY, ukeyManager:
2026-10-09T14:35:34.5468601Z [2026-10-09T14:35:34.543Z] [INFO] [main] [UKey IPC] >>> ipcMain available:
2026-10-09T14:35:34.5469673Z [2026-10-09T14:35:34.544Z] [INFO] [main] [UKey IPC] Registering U-Key IPC handlers...
2026-10-09T14:35:34.5470854Z [2026-10-09T14:35:34.544Z] [INFO] [main] [UKey IPC] >>> ukey:detect handler registered successfully
2026-10-09T14:35:34.5472723Z [2026-10-09T14:35:34.545Z] [INFO] [main] [UKey IPC] ✓ All U-Key IPC handlers registered successfully (26 handlers)
2026-10-09T14:35:34.5473492Z 
2026-10-09T14:35:34.5499189Z [90mstdout[2m | tests/unit/ukey/ukey-ipc.test.js[2m > [22m[2mU-Key IPC 处理器[2m > [22m[2mU-Key 锁定和公钥获取[2m > [22m[2mU-Key 锁定 (ukey:lock)[2m > [22m[2mshould return success
2026-10-09T14:35:34.5501001Z [22m[39m[2026-10-09T14:35:34.546Z] [INFO] [main] [UKey IPC] >>> registerUKeyIPC ENTRY, ukeyManager:
2026-10-09T14:35:34.5502145Z [2026-10-09T14:35:34.547Z] [INFO] [main] [UKey IPC] >>> ipcMain available:
2026-10-09T14:35:34.5503117Z [2026-10-09T14:35:34.548Z] [INFO] [main] [UKey IPC] Registering U-Key IPC handlers...
2026-10-09T14:35:34.5504254Z [2026-10-09T14:35:34.548Z] [INFO] [main] [UKey IPC] >>> ukey:detect handler registered successfully
2026-10-09T14:35:34.5505715Z [2026-10-09T14:35:34.548Z] [INFO] [main] [UKey IPC] ✓ All U-Key IPC handlers registered successfully (26 handlers)
2026-10-09T14:35:34.5506425Z 
2026-10-09T14:35:34.5531572Z [90mstdout[2m | tests/unit/ukey/ukey-ipc.test.js[2m > [22m[2mU-Key IPC 处理器[2m > [22m[2mU-Key 锁定和公钥获取[2m > [22m[2m获取公钥 (ukey:get-public-key)[2m > [22m[2mshould register ukey:get-public-key handler
2026-10-09T14:35:34.5533730Z [22m[39m[2026-10-09T14:35:34.550Z] [INFO] [main] [UKey IPC] >>> registerUKeyIPC ENTRY, ukeyManager:
2026-10-09T14:35:34.5534940Z [2026-10-09T14:35:34.550Z] [INFO] [main] [UKey IPC] >>> ipcMain available:
2026-10-09T14:35:34.5536173Z [2026-10-09T14:35:34.551Z] [INFO] [main] [UKey IPC] Registering U-Key IPC handlers...
2026-10-09T14:35:34.5537596Z [2026-10-09T14:35:34.551Z] [INFO] [main] [UKey IPC] >>> ukey:detect handler registered successfully
2026-10-09T14:35:34.5539882Z [2026-10-09T14:35:34.552Z] [INFO] [main] [UKey IPC] ✓ All U-Key IPC handlers registered successfully (26 handlers)
2026-10-09T14:35:34.5542866Z 
2026-10-09T14:35:34.5565620Z [90mstdout[2m | tests/unit/ukey/ukey-ipc.test.js[2m > [22m[2mU-Key IPC 处理器[2m > [22m[2mU-Key 锁定和公钥获取[2m > [22m[2m获取公钥 (ukey:get-public-key)[2m > [22m[2mshould call ukeyManager.getPublicKey()
2026-10-09T14:35:34.5567599Z [22m[39m[2026-10-09T14:35:34.553Z] [INFO] [main] [UKey IPC] >>> registerUKeyIPC ENTRY, ukeyManager:
2026-10-09T14:35:34.5568653Z [2026-10-09T14:35:34.554Z] [INFO] [main] [UKey IPC] >>> ipcMain available:
2026-10-09T14:35:34.5569608Z [2026-10-09T14:35:34.554Z] [INFO] [main] [UKey IPC] Registering U-Key IPC handlers...
2026-10-09T14:35:34.5570711Z [2026-10-09T14:35:34.555Z] [INFO] [main] [UKey IPC] >>> ukey:detect handler registered successfully
2026-10-09T14:35:34.5572161Z [2026-10-09T14:35:34.555Z] [INFO] [main] [UKey IPC] ✓ All U-Key IPC handlers registered successfully (26 handlers)
2026-10-09T14:35:34.5573151Z 
2026-10-09T14:35:34.5598120Z [90mstdout[2m | tests/unit/ukey/ukey-ipc.test.js[2m > [22m[2mU-Key IPC 处理器[2m > [22m[2mU-Key 锁定和公钥获取[2m > [22m[2m获取公钥 (ukey:get-public-key)[2m > [22m[2mshould return public key
2026-10-09T14:35:34.5600512Z [22m[39m[2026-10-09T14:35:34.556Z] [INFO] [main] [UKey IPC] >>> registerUKeyIPC ENTRY, ukeyManager:
2026-10-09T14:35:34.5601813Z [2026-10-09T14:35:34.557Z] [INFO] [main] [UKey IPC] >>> ipcMain available:
2026-10-09T14:35:34.5603097Z [2026-10-09T14:35:34.557Z] [INFO] [main] [UKey IPC] Registering U-Key IPC handlers...
2026-10-09T14:35:34.5604263Z [2026-10-09T14:35:34.558Z] [INFO] [main] [UKey IPC] >>> ukey:detect handler registered successfully
2026-10-09T14:35:34.5605773Z [2026-10-09T14:35:34.558Z] [INFO] [main] [UKey IPC] ✓ All U-Key IPC handlers registered successfully (26 handlers)
2026-10-09T14:35:34.5606475Z 
2026-10-09T14:35:34.5631259Z [90mstdout[2m | tests/unit/ukey/ukey-ipc.test.js[2m > [22m[2mU-Key IPC 处理器[2m > [22m[2m备用认证功能 (auth:verify-password)[2m > [22m[2mshould register auth:verify-password handler
2026-10-09T14:35:34.5633171Z [22m[39m[2026-10-09T14:35:34.560Z] [INFO] [main] [UKey IPC] >>> registerUKeyIPC ENTRY, ukeyManager:
2026-10-09T14:35:34.5634218Z [2026-10-09T14:35:34.560Z] [INFO] [main] [UKey IPC] >>> ipcMain available:
2026-10-09T14:35:34.5635497Z [2026-10-09T14:35:34.561Z] [INFO] [main] [UKey IPC] Registering U-Key IPC handlers...
2026-10-09T14:35:34.5638039Z [2026-10-09T14:35:34.561Z] [INFO] [main] [UKey IPC] >>> ukey:detect handler registered successfully
2026-10-09T14:35:34.5639601Z [2026-10-09T14:35:34.562Z] [INFO] [main] [UKey IPC] ✓ All U-Key IPC handlers registered successfully (26 handlers)
2026-10-09T14:35:34.5640312Z 
2026-10-09T14:35:34.5662633Z [90mstdout[2m | tests/unit/ukey/ukey-ipc.test.js[2m > [22m[2mU-Key IPC 处理器[2m > [22m[2m备用认证功能 (auth:verify-password)[2m > [22m[2mshould verify correct credentials
2026-10-09T14:35:34.5664484Z [22m[39m[2026-10-09T14:35:34.563Z] [INFO] [main] [UKey IPC] >>> registerUKeyIPC ENTRY, ukeyManager:
2026-10-09T14:35:34.5665534Z [2026-10-09T14:35:34.563Z] [INFO] [main] [UKey IPC] >>> ipcMain available:
2026-10-09T14:35:34.5666496Z [2026-10-09T14:35:34.564Z] [INFO] [main] [UKey IPC] Registering U-Key IPC handlers...
2026-10-09T14:35:34.5667606Z [2026-10-09T14:35:34.564Z] [INFO] [main] [UKey IPC] >>> ukey:detect handler registered successfully
2026-10-09T14:35:34.5669029Z [2026-10-09T14:35:34.565Z] [INFO] [main] [UKey IPC] ✓ All U-Key IPC handlers registered successfully (26 handlers)
2026-10-09T14:35:34.5669723Z 
2026-10-09T14:35:34.5672571Z [90mstdout[2m | tests/unit/ukey/ukey-ipc.test.js[2m > [22m[2mU-Key IPC 处理器[2m > [22m[2m备用认证功能 (auth:verify-password)[2m > [22m[2mshould verify correct credentials
2026-10-09T14:35:34.5674209Z [22m[39m[2026-10-09T14:35:34.566Z] [INFO] [main] [UKey IPC] ✅ 密码验证成功
2026-10-09T14:35:34.5674664Z 
2026-10-09T14:35:34.5702676Z [90mstdout[2m | tests/unit/ukey/ukey-ipc.test.js[2m > [22m[2mU-Key IPC 处理器[2m > [22m[2m备用认证功能 (auth:verify-password)[2m > [22m[2mshould reject incorrect credentials
2026-10-09T14:35:34.5705055Z [22m[39m[2026-10-09T14:35:34.567Z] [INFO] [main] [UKey IPC] >>> registerUKeyIPC ENTRY, ukeyManager:
2026-10-09T14:35:34.5706354Z [2026-10-09T14:35:34.567Z] [INFO] [main] [UKey IPC] >>> ipcMain available:
2026-10-09T14:35:34.5707550Z [2026-10-09T14:35:34.568Z] [INFO] [main] [UKey IPC] Registering U-Key IPC handlers...
2026-10-09T14:35:34.5708910Z [2026-10-09T14:35:34.568Z] [INFO] [main] [UKey IPC] >>> ukey:detect handler registered successfully
2026-10-09T14:35:34.5710627Z [2026-10-09T14:35:34.569Z] [INFO] [main] [UKey IPC] ✓ All U-Key IPC handlers registered successfully (26 handlers)
2026-10-09T14:35:34.5711585Z 
2026-10-09T14:35:34.5731360Z [90mstdout[2m | tests/unit/ukey/ukey-ipc.test.js[2m > [22m[2mU-Key IPC 处理器[2m > [22m[2m备用认证功能 (auth:verify-password)[2m > [22m[2mshould reject incorrect credentials
2026-10-09T14:35:34.5733321Z [22m[39m[2026-10-09T14:35:34.570Z] [INFO] [main] [UKey IPC] ❌ 密码验证失败
2026-10-09T14:35:34.5734234Z [2026-10-09T14:35:34.570Z] [INFO] [main] [UKey IPC] 用户名匹配:
2026-10-09T14:35:34.5735027Z [2026-10-09T14:35:34.571Z] [INFO] [main] [UKey IPC] 密码匹配:
2026-10-09T14:35:34.5735884Z [2026-10-09T14:35:34.571Z] [INFO] [main] [UKey IPC] 用户名严格相等:
2026-10-09T14:35:34.5736762Z [2026-10-09T14:35:34.572Z] [INFO] [main] [UKey IPC] 密码严格相等:
2026-10-09T14:35:34.5737396Z 
2026-10-09T14:35:34.5761407Z [90mstdout[2m | tests/unit/ukey/ukey-ipc.test.js[2m > [22m[2mU-Key IPC 处理器[2m > [22m[2m备用认证功能 (auth:verify-password)[2m > [22m[2mshould return user info on success
2026-10-09T14:35:34.5763369Z [22m[39m[2026-10-09T14:35:34.573Z] [INFO] [main] [UKey IPC] >>> registerUKeyIPC ENTRY, ukeyManager:
2026-10-09T14:35:34.5765056Z [2026-10-09T14:35:34.573Z] [INFO] [main] [UKey IPC] >>> ipcMain available:
2026-10-09T14:35:34.5766271Z [2026-10-09T14:35:34.574Z] [INFO] [main] [UKey IPC] Registering U-Key IPC handlers...
2026-10-09T14:35:34.5769835Z [2026-10-09T14:35:34.574Z] [INFO] [main] [UKey IPC] >>> ukey:detect handler registered successfully
2026-10-09T14:35:34.5771381Z [2026-10-09T14:35:34.575Z] [INFO] [main] [UKey IPC] ✓ All U-Key IPC handlers registered successfully (26 handlers)
2026-10-09T14:35:34.5772294Z 
2026-10-09T14:35:34.5775061Z [90mstdout[2m | tests/unit/ukey/ukey-ipc.test.js[2m > [22m[2mU-Key IPC 处理器[2m > [22m[2m备用认证功能 (auth:verify-password)[2m > [22m[2mshould return user info on success
2026-10-09T14:35:34.5777001Z [22m[39m[2026-10-09T14:35:34.575Z] [INFO] [main] [UKey IPC] ✅ 密码验证成功
2026-10-09T14:35:34.5777494Z 
2026-10-09T14:35:34.5807152Z [90mstdout[2m | tests/unit/ukey/ukey-ipc.test.js[2m > [22m[2mU-Key IPC 处理器[2m > [22m[2m总体验证[2m > [22m[2mshould register all 26 U-Key IPC handlers
2026-10-09T14:35:34.5808858Z [22m[39m[2026-10-09T14:35:34.577Z] [INFO] [main] [UKey IPC] >>> registerUKeyIPC ENTRY, ukeyManager:
2026-10-09T14:35:34.5810067Z [2026-10-09T14:35:34.578Z] [INFO] [main] [UKey IPC] >>> ipcMain available:
2026-10-09T14:35:34.5811191Z [2026-10-09T14:35:34.578Z] [INFO] [main] [UKey IPC] Registering U-Key IPC handlers...
2026-10-09T14:35:34.5812403Z [2026-10-09T14:35:34.578Z] [INFO] [main] [UKey IPC] >>> ukey:detect handler registered successfully
2026-10-09T14:35:34.5813962Z [2026-10-09T14:35:34.579Z] [INFO] [main] [UKey IPC] ✓ All U-Key IPC handlers registered successfully (26 handlers)
2026-10-09T14:35:34.5834443Z 
2026-10-09T14:35:34.5862722Z [90mstdout[2m | tests/unit/ukey/ukey-ipc.test.js[2m > [22m[2mU-Key IPC 处理器[2m > [22m[2m总体验证[2m > [22m[2mshould have all required handler channels
2026-10-09T14:35:34.5890193Z [22m[39m[2026-10-09T14:35:34.581Z] [INFO] [main] [UKey IPC] >>> registerUKeyIPC ENTRY, ukeyManager:
2026-10-09T14:35:34.5891520Z [2026-10-09T14:35:34.582Z] [INFO] [main] [UKey IPC] >>> ipcMain available:
2026-10-09T14:35:34.5892701Z [2026-10-09T14:35:34.582Z] [INFO] [main] [UKey IPC] Registering U-Key IPC handlers...
2026-10-09T14:35:34.5894430Z [2026-10-09T14:35:34.583Z] [INFO] [main] [UKey IPC] >>> ukey:detect handler registered successfully
2026-10-09T14:35:34.5896573Z [2026-10-09T14:35:34.583Z] [INFO] [main] [UKey IPC] ✓ All U-Key IPC handlers registered successfully (26 handlers)
2026-10-09T14:35:34.5897582Z 
2026-10-09T14:35:34.5913418Z [90mstdout[2m | tests/unit/ukey/ukey-ipc.test.js[2m > [22m[2mU-Key IPC 处理器[2m > [22m[2m总体验证[2m > [22m[2mall handlers should be callable functions
2026-10-09T14:35:34.5915312Z [22m[39m[2026-10-09T14:35:34.587Z] [INFO] [main] [UKey IPC] >>> registerUKeyIPC ENTRY, ukeyManager:
2026-10-09T14:35:34.5916906Z [2026-10-09T14:35:34.588Z] [INFO] [main] [UKey IPC] >>> ipcMain available:
2026-10-09T14:35:34.5918068Z [2026-10-09T14:35:34.589Z] [INFO] [main] [UKey IPC] Registering U-Key IPC handlers...
2026-10-09T14:35:34.5919344Z [2026-10-09T14:35:34.589Z] [INFO] [main] [UKey IPC] >>> ukey:detect handler registered successfully
2026-10-09T14:35:34.5921019Z [2026-10-09T14:35:34.590Z] [INFO] [main] [UKey IPC] ✓ All U-Key IPC handlers registered successfully (26 handlers)
2026-10-09T14:35:34.5921767Z 
2026-10-09T14:35:34.5969038Z [90mstdout[2m | tests/unit/ukey/ukey-ipc.test.js[2m > [22m[2mU-Key IPC 处理器[2m > [22m[2m总体验证[2m > [22m[2mhandlers should support dependency injection
2026-10-09T14:35:34.5971174Z [22m[39m[2026-10-09T14:35:34.592Z] [INFO] [main] [UKey IPC] >>> registerUKeyIPC ENTRY, ukeyManager:
2026-10-09T14:35:34.5972378Z [2026-10-09T14:35:34.592Z] [INFO] [main] [UKey IPC] >>> ipcMain available:
2026-10-09T14:35:34.5973441Z [2026-10-09T14:35:34.593Z] [INFO] [main] [UKey IPC] Registering U-Key IPC handlers...
2026-10-09T14:35:34.5974999Z [2026-10-09T14:35:34.594Z] [INFO] [main] [UKey IPC] >>> ukey:detect handler registered successfully
2026-10-09T14:35:34.5976594Z [2026-10-09T14:35:34.594Z] [INFO] [main] [UKey IPC] ✓ All U-Key IPC handlers registered successfully (26 handlers)
2026-10-09T14:35:34.5977440Z 
2026-10-09T14:35:34.6008525Z [90mstdout[2m | tests/unit/ukey/ukey-ipc.test.js[2m > [22m[2mU-Key IPC 处理器[2m > [22m[2m总体验证[2m > [22m[2mhandlers should support dependency injection
2026-10-09T14:35:34.6012196Z [22m[39m[2026-10-09T14:35:34.595Z] [INFO] [main] [UKey IPC] >>> registerUKeyIPC ENTRY, ukeyManager:
2026-10-09T14:35:34.6013718Z [2026-10-09T14:35:34.596Z] [INFO] [main] [UKey IPC] >>> ipcMain available:
2026-10-09T14:35:34.6014850Z [2026-10-09T14:35:34.597Z] [INFO] [main] [UKey IPC] Registering U-Key IPC handlers...
2026-10-09T14:35:34.6016054Z [2026-10-09T14:35:34.598Z] [INFO] [main] [UKey IPC] >>> ukey:detect handler registered successfully
2026-10-09T14:35:34.6017577Z [2026-10-09T14:35:34.598Z] [INFO] [main] [UKey IPC] ✓ All U-Key IPC handlers registered successfully (26 handlers)
2026-10-09T14:35:34.6018408Z 
2026-10-09T14:35:34.6091518Z  [32m✓[39m tests/unit/ukey/ukey-ipc.test.js [2m([22m[2m38 tests[22m[2m)[22m[33m 307[2mms[22m[39m
2026-10-09T14:35:35.1043672Z  [32m✓[39m src/main/task/__tests__/task-description-ipc.test.js [2m([22m[2m28 tests[22m[2m)[22m[32m 241[2mms[22m[39m
2026-10-09T14:36:02.8414506Z  [31m❯[39m src/main/task/__tests__/project-goal-monitoring-host.test.js [2m([22m[2m20 tests[22m[2m | [22m[31m1 failed[39m[2m)[22m[33m 27453[2mms[22m[39m
2026-10-09T14:36:02.8439900Z      [33m[2m✓[22m[39m derives an independent native scheduler path solely from trusted app/database state [33m 849[2mms[22m[39m
2026-10-09T14:36:02.8441843Z      [33m[2m✓[22m[39m uses the authenticated session in both default metadata and background providers [33m 847[2mms[22m[39m
2026-10-09T14:36:02.8443472Z      [33m[2m✓[22m[39m invokes start/check/status/stop against live native goals [33m 1058[2mms[22m[39m
2026-10-09T14:36:02.8445067Z      [33m[2m✓[22m[39m keeps background authorization independent from the original renderer window [33m 1195[2mms[22m[39m
2026-10-09T14:36:02.8446537Z      [32m✓[39m rejects an untrusted start caller before opening a scheduler[32m 82[2mms[22m[39m
2026-10-09T14:36:02.8448275Z      [32m✓[39m rejects an untrusted stop caller before opening a scheduler[32m 65[2mms[22m[39m
2026-10-09T14:36:02.8449608Z      [33m[2m✓[22m[39m rejects an untrusted check caller before opening a scheduler [33m 451[2mms[22m[39m
2026-10-09T14:36:02.8463048Z      [32m✓[39m rejects an untrusted status caller before opening a scheduler[32m 139[2mms[22m[39m
2026-10-09T14:36:02.8464669Z      [33m[2m✓[22m[39m rechecks the sender after asynchronous controller initialization [33m 305[2mms[22m[39m
2026-10-09T14:36:02.8466037Z      [33m[2m✓[22m[39m rejects renderer-supplied execution identities and storage paths [33m 747[2mms[22m[39m
2026-10-09T14:36:02.8466972Z      [33m[2m✓[22m[39m waits while identity is locked and authorizes every subsequent command [33m 5010[2mms[22m[39m
2026-10-09T14:36:02.8468397Z [31m     [31m×[31m restores only explicitly enabled goals when the desktop controller restarts[39m[33m 8073[2mms[22m[39m
2026-10-09T14:36:02.8470204Z      [33m[2m✓[22m[39m locks and drains the old engine before rotating a replaced database connection [33m 2121[2mms[22m[39m
2026-10-09T14:36:02.8472273Z      [33m[2m✓[22m[39m drains and shares shutdown before the host may close its project connection [33m 574[2mms[22m[39m
2026-10-09T14:36:02.8473839Z      [32m✓[39m refuses database fallbacks that lack a native transaction[32m 62[2mms[22m[39m
2026-10-09T14:36:02.8475302Z      [32m✓[39m rejects non-confirming storage protection false before opening the scheduler[32m 74[2mms[22m[39m
2026-10-09T14:36:02.8476880Z      [32m✓[39m rejects non-confirming storage protection undefined before opening the scheduler[32m 290[2mms[22m[39m
2026-10-09T14:36:02.8478692Z      [32m✓[39m rejects non-confirming storage protection Promise{…} before opening the scheduler[32m 72[2mms[22m[39m
2026-10-09T14:36:02.8480364Z      [33m[2m✓[22m[39m uses actual platform owner-only protection in the production opener [33m 5294[2mms[22m[39m
2026-10-09T14:36:02.8482169Z      [32m✓[39m materializes lazy WAL sidecars before the host's after-open protection[32m 141[2mms[22m[39m
2026-10-09T14:36:03.1000483Z [90mstdout[2m | src/main/notification/__tests__/notification-authority-ipc.test.js[2m > [22m[2mnotification IPC actor and projection authority[2m > [22m[2mlists only current actor rows and replaces goal display text with a fresh authorized projection
2026-10-09T14:36:03.1002048Z [22m[39m[2026-10-09T14:36:03.097Z] [INFO] [main] [Notification IPC] Registered 7 authenticated notification handlers
2026-10-09T14:36:03.1002488Z 
2026-10-09T14:36:03.1083165Z [90mstdout[2m | src/main/notification/__tests__/notification-authority-ipc.test.js[2m > [22m[2mnotification IPC actor and projection authority[2m > [22m[2mnever reads or acknowledges another actor's rows
2026-10-09T14:36:03.1084831Z [22m[39m[2026-10-09T14:36:03.106Z] [INFO] [main] [Notification IPC] Registered 7 authenticated notification handlers
2026-10-09T14:36:03.1085392Z 
2026-10-09T14:36:03.1134562Z [90mstdout[2m | src/main/notification/__tests__/notification-authority-ipc.test.js[2m > [22m[2mnotification IPC actor and projection authority[2m > [22m[2mrevalidates goal projections before list, count and both read mutations
2026-10-09T14:36:03.1136448Z [22m[39m[2026-10-09T14:36:03.111Z] [INFO] [main] [Notification IPC] Registered 7 authenticated notification handlers
2026-10-09T14:36:03.1137022Z 
2026-10-09T14:36:03.1187772Z [90mstdout[2m | src/main/notification/__tests__/notification-authority-ipc.test.js[2m > [22m[2mnotification IPC actor and projection authority[2m > [22m[2mfails explicitly without login and returns no cached list or count
2026-10-09T14:36:03.1189601Z [22m[39m[2026-10-09T14:36:03.117Z] [INFO] [main] [Notification IPC] Registered 7 authenticated notification handlers
2026-10-09T14:36:03.1190170Z 
2026-10-09T14:36:03.1218525Z [90mstdout[2m | src/main/notification/__tests__/notification-authority-ipc.test.js[2m > [22m[2mnotification IPC actor and projection authority[2m > [22m[2mdefaults to the actual authenticated session instead of a loaded DID
2026-10-09T14:36:03.1221075Z [22m[39m[2026-10-09T14:36:03.120Z] [INFO] [main] [Notification IPC] Registered 7 authenticated notification handlers
2026-10-09T14:36:03.1221613Z 
2026-10-09T14:36:03.1231118Z [90mstdout[2m | src/main/notification/__tests__/notification-authority-ipc.test.js[2m > [22m[2mnotification IPC actor and projection authority[2m > [22m[2mdefaults to the actual authenticated session instead of a loaded DID
2026-10-09T14:36:03.1232857Z [22m[39m[2026-10-09T14:36:03.121Z] [INFO] [main] [Notification IPC] Registered 7 authenticated notification handlers
2026-10-09T14:36:03.1233388Z 
2026-10-09T14:36:03.1266527Z [90mstdout[2m | src/main/notification/__tests__/notification-authority-ipc.test.js[2m > [22m[2mnotification IPC actor and projection authority[2m > [22m[2mrejects a actor change during projection and rolls back earlier acknowledgments
2026-10-09T14:36:03.1268450Z [22m[39m[2026-10-09T14:36:03.125Z] [INFO] [main] [Notification IPC] Registered 7 authenticated notification handlers
2026-10-09T14:36:03.1269025Z 
2026-10-09T14:36:03.1290376Z [90mstdout[2m | src/main/notification/__tests__/notification-authority-ipc.test.js[2m > [22m[2mnotification IPC actor and projection authority[2m > [22m[2mrejects a same DID reauthentication change during projection and rolls back earlier acknowledgments
2026-10-09T14:36:03.1294393Z [22m[39m[2026-10-09T14:36:03.127Z] [INFO] [main] [Notification IPC] Registered 7 authenticated notification handlers
2026-10-09T14:36:03.1295404Z 
2026-10-09T14:36:03.1318824Z [90mstdout[2m | src/main/notification/__tests__/notification-authority-ipc.test.js[2m > [22m[2mnotification IPC actor and projection authority[2m > [22m[2mrejects a trusted navigation change during projection and rolls back earlier acknowledgments
2026-10-09T14:36:03.1321705Z [22m[39m[2026-10-09T14:36:03.129Z] [INFO] [main] [Notification IPC] Registered 7 authenticated notification handlers
2026-10-09T14:36:03.1322441Z 
2026-10-09T14:36:03.1345427Z [90mstdout[2m | src/main/notification/__tests__/notification-authority-ipc.test.js[2m > [22m[2mnotification IPC actor and projection authority[2m > [22m[2mrejects a frame replacement change during projection and rolls back earlier acknowledgments
2026-10-09T14:36:03.1347937Z [22m[39m[2026-10-09T14:36:03.132Z] [INFO] [main] [Notification IPC] Registered 7 authenticated notification handlers
2026-10-09T14:36:03.1348664Z 
2026-10-09T14:36:03.1370814Z [90mstdout[2m | src/main/notification/__tests__/notification-authority-ipc.test.js[2m > [22m[2mnotification IPC actor and projection authority[2m > [22m[2mrejects a window replacement change during projection and rolls back earlier acknowledgments
2026-10-09T14:36:03.1373304Z [22m[39m[2026-10-09T14:36:03.135Z] [INFO] [main] [Notification IPC] Registered 7 authenticated notification handlers
2026-10-09T14:36:03.1374682Z 
2026-10-09T14:36:03.1408891Z [90mstdout[2m | src/main/notification/__tests__/notification-authority-ipc.test.js[2m > [22m[2mnotification IPC actor and projection authority[2m > [22m[2mrejects a database replacement change during projection and rolls back earlier acknowledgments
2026-10-09T14:36:03.1411471Z [22m[39m[2026-10-09T14:36:03.139Z] [INFO] [main] [Notification IPC] Registered 7 authenticated notification handlers
2026-10-09T14:36:03.1412209Z 
2026-10-09T14:36:03.1430533Z [90mstdout[2m | src/main/notification/__tests__/notification-authority-ipc.test.js[2m > [22m[2mnotification IPC actor and projection authority[2m > [22m[2mdoes not return accumulated rows when authorization changes during output assembly
2026-10-09T14:36:03.1432990Z [22m[39m[2026-10-09T14:36:03.141Z] [INFO] [main] [Notification IPC] Registered 7 authenticated notification handlers
2026-10-09T14:36:03.1433730Z 
2026-10-09T14:36:03.1448419Z [90mstdout[2m | src/main/notification/__tests__/notification-authority-ipc.test.js[2m > [22m[2mnotification IPC actor and projection authority[2m > [22m[2mrejects untrusted origin for every channel
2026-10-09T14:36:03.1450893Z [22m[39m[2026-10-09T14:36:03.143Z] [INFO] [main] [Notification IPC] Registered 7 authenticated notification handlers
2026-10-09T14:36:03.1451627Z 
2026-10-09T14:36:03.1477794Z [90mstdout[2m | src/main/notification/__tests__/notification-authority-ipc.test.js[2m > [22m[2mnotification IPC actor and projection authority[2m > [22m[2mrejects subframe for every channel
2026-10-09T14:36:03.1480280Z [22m[39m[2026-10-09T14:36:03.146Z] [INFO] [main] [Notification IPC] Registered 7 authenticated notification handlers
2026-10-09T14:36:03.1481023Z 
2026-10-09T14:36:03.1495246Z [90mstdout[2m | src/main/notification/__tests__/notification-authority-ipc.test.js[2m > [22m[2mnotification IPC actor and projection authority[2m > [22m[2mrejects closed window for every channel
2026-10-09T14:36:03.1497760Z [22m[39m[2026-10-09T14:36:03.148Z] [INFO] [main] [Notification IPC] Registered 7 authenticated notification handlers
2026-10-09T14:36:03.1498508Z 
2026-10-09T14:36:03.1520727Z [90mstdout[2m | src/main/notification/__tests__/notification-authority-ipc.test.js[2m > [22m[2mnotification IPC actor and projection authority[2m > [22m[2mrejects renderer authority and unbounded options {"actorDid":"did:chainless:bob"}
2026-10-09T14:36:03.1523393Z [22m[39m[2026-10-09T14:36:03.150Z] [INFO] [main] [Notification IPC] Registered 7 authenticated notification handlers
2026-10-09T14:36:03.1524141Z 
2026-10-09T14:36:03.1536463Z [90mstdout[2m | src/main/notification/__tests__/notification-authority-ipc.test.js[2m > [22m[2mnotification IPC actor and projection authority[2m > [22m[2mrejects renderer authority and unbounded options {"user_did":"did:chainless:bob"}
2026-10-09T14:36:03.1539248Z [22m[39m[2026-10-09T14:36:03.152Z] [INFO] [main] [Notification IPC] Registered 7 authenticated notification handlers
2026-10-09T14:36:03.1539993Z 
2026-10-09T14:36:03.1549430Z [90mstdout[2m | src/main/notification/__tests__/notification-authority-ipc.test.js[2m > [22m[2mnotification IPC actor and projection authority[2m > [22m[2mrejects renderer authority and unbounded options {"limit":101}
2026-10-09T14:36:03.1551803Z [22m[39m[2026-10-09T14:36:03.153Z] [INFO] [main] [Notification IPC] Registered 7 authenticated notification handlers
2026-10-09T14:36:03.1552548Z 
2026-10-09T14:36:03.1562494Z [90mstdout[2m | src/main/notification/__tests__/notification-authority-ipc.test.js[2m > [22m[2mnotification IPC actor and projection authority[2m > [22m[2mrejects renderer authority and unbounded options {"limit":0}
2026-10-09T14:36:03.1564833Z [22m[39m[2026-10-09T14:36:03.154Z] [INFO] [main] [Notification IPC] Registered 7 authenticated notification handlers
2026-10-09T14:36:03.1565575Z 
2026-10-09T14:36:03.1574762Z [90mstdout[2m | src/main/notification/__tests__/notification-authority-ipc.test.js[2m > [22m[2mnotification IPC actor and projection authority[2m > [22m[2mrejects renderer authority and unbounded options {"offset":-1}
2026-10-09T14:36:03.1577110Z [22m[39m[2026-10-09T14:36:03.156Z] [INFO] [main] [Notification IPC] Registered 7 authenticated notification handlers
2026-10-09T14:36:03.1578197Z 
2026-10-09T14:36:03.1587837Z [90mstdout[2m | src/main/notification/__tests__/notification-authority-ipc.test.js[2m > [22m[2mnotification IPC actor and projection authority[2m > [22m[2mrejects renderer authority and unbounded options {"offset":100001}
2026-10-09T14:36:03.1590236Z [22m[39m[2026-10-09T14:36:03.157Z] [INFO] [main] [Notification IPC] Registered 7 authenticated notification handlers
2026-10-09T14:36:03.1590968Z 
2026-10-09T14:36:03.1601963Z [90mstdout[2m | src/main/notification/__tests__/notification-authority-ipc.test.js[2m > [22m[2mnotification IPC actor and projection authority[2m > [22m[2mrejects renderer authority and unbounded options {"offset":1.5}
2026-10-09T14:36:03.1610074Z [22m[39m[2026-10-09T14:36:03.158Z] [INFO] [main] [Notification IPC] Registered 7 authenticated notification handlers
2026-10-09T14:36:03.1610817Z 
2026-10-09T14:36:03.1616675Z [90mstdout[2m | src/main/notification/__tests__/notification-authority-ipc.test.js[2m > [22m[2mnotification IPC actor and projection authority[2m > [22m[2mrejects renderer authority and unbounded options {"isRead":"true"}
2026-10-09T14:36:03.1619327Z [22m[39m[2026-10-09T14:36:03.160Z] [INFO] [main] [Notification IPC] Registered 7 authenticated notification handlers
2026-10-09T14:36:03.1620063Z 
2026-10-09T14:36:03.1630354Z [90mstdout[2m | src/main/notification/__tests__/notification-authority-ipc.test.js[2m > [22m[2mnotification IPC actor and projection authority[2m > [22m[2mbounds pagination within the current actor and filters read state
2026-10-09T14:36:03.1632709Z [22m[39m[2026-10-09T14:36:03.161Z] [INFO] [main] [Notification IPC] Registered 7 authenticated notification handlers
2026-10-09T14:36:03.1633446Z 
2026-10-09T14:36:03.1658162Z [90mstdout[2m | src/main/notification/__tests__/notification-authority-ipc.test.js[2m > [22m[2mnotification IPC actor and projection authority[2m > [22m[2mnever substitutes an asynchronous or cross-actor projection for authority
2026-10-09T14:36:03.1660820Z [22m[39m[2026-10-09T14:36:03.164Z] [INFO] [main] [Notification IPC] Registered 7 authenticated notification handlers
2026-10-09T14:36:03.1661579Z 
2026-10-09T14:36:03.1669530Z [90mstdout[2m | src/main/notification/__tests__/notification-authority-ipc.test.js[2m > [22m[2mnotification IPC actor and projection authority[2m > [22m[2mnever substitutes an asynchronous or cross-actor projection for authority
2026-10-09T14:36:03.1671960Z [22m[39m[2026-10-09T14:36:03.165Z] [INFO] [main] [Notification IPC] Registered 7 authenticated notification handlers
2026-10-09T14:36:03.1672690Z 
2026-10-09T14:36:03.1679919Z [90mstdout[2m | src/main/notification/__tests__/notification-authority-ipc.test.js[2m > [22m[2mnotification IPC actor and projection authority[2m > [22m[2mnever substitutes an asynchronous or cross-actor projection for authority
2026-10-09T14:36:03.1682594Z [22m[39m[2026-10-09T14:36:03.166Z] [INFO] [main] [Notification IPC] Registered 7 authenticated notification handlers
2026-10-09T14:36:03.1683248Z 
2026-10-09T14:36:03.1693371Z [90mstdout[2m | src/main/notification/__tests__/notification-authority-ipc.test.js[2m > [22m[2mnotification IPC actor and projection authority[2m > [22m[2mdoes not expose a malformed projection's stale content
2026-10-09T14:36:03.1694765Z [22m[39m[2026-10-09T14:36:03.167Z] [INFO] [main] [Notification IPC] Registered 7 authenticated notification handlers
2026-10-09T14:36:03.1695192Z 
2026-10-09T14:36:03.1714469Z [90mstdout[2m | src/main/notification/__tests__/notification-authority-ipc.test.js[2m > [22m[2mnotification IPC actor and projection authority[2m > [22m[2msupports database.db hosts and scans unread rows in stable bounded batches
2026-10-09T14:36:03.1717347Z [22m[39m[2026-10-09T14:36:03.169Z] [INFO] [main] [Notification IPC] Registered 7 authenticated notification handlers
2026-10-09T14:36:03.1718118Z 
2026-10-09T14:36:03.1773512Z [90mstdout[2m | src/main/notification/__tests__/notification-authority-ipc.test.js[2m > [22m[2mnotification IPC actor and projection authority[2m > [22m[2msupports database.db hosts and scans unread rows in stable bounded batches
2026-10-09T14:36:03.1776115Z [22m[39m[2026-10-09T14:36:03.173Z] [INFO] [main] [Notification IPC] Registered 7 authenticated notification handlers
2026-10-09T14:36:03.1776915Z 
2026-10-09T14:36:03.1878180Z [90mstdout[2m | src/main/notification/__tests__/notification-authority-ipc.test.js[2m > [22m[2mnotification IPC actor and projection authority[2m > [22m[2mkeeps desktop delivery explicit and rechecks authority immediately before show
2026-10-09T14:36:03.1880858Z [22m[39m[2026-10-09T14:36:03.186Z] [INFO] [main] [Notification IPC] Registered 7 authenticated notification handlers
2026-10-09T14:36:03.1881998Z 
2026-10-09T14:36:03.1894578Z [90mstdout[2m | src/main/notification/__tests__/notification-authority-ipc.test.js[2m > [22m[2mnotification IPC actor and projection authority[2m > [22m[2mbroadcasts a body-free invalidation on host auth changes and unsubscribes at quit
2026-10-09T14:36:03.1896419Z [22m[39m[2026-10-09T14:36:03.188Z] [INFO] [main] [Notification IPC] Registered 7 authenticated notification handlers
2026-10-09T14:36:03.1896856Z 
2026-10-09T14:36:03.1912687Z [90mstdout[2m | src/main/notification/__tests__/notification-authority-ipc.test.js[2m > [22m[2mnotification IPC actor and projection authority[2m > [22m[2mbroadcasts a body-free invalidation on host auth changes and unsubscribes at quit
2026-10-09T14:36:03.1914182Z [22m[39m[2026-10-09T14:36:03.189Z] [INFO] [main] [Notification IPC] Registered 7 authenticated notification handlers
2026-10-09T14:36:03.1914659Z 
2026-10-09T14:36:03.2016691Z  [32m✓[39m src/main/notification/__tests__/notification-authority-ipc.test.js [2m([22m[2m29 tests[22m[2m)[22m[32m 103[2mms[22m[39m
2026-10-09T14:36:03.8618239Z  [32m✓[39m src/main/task/__tests__/project-goal-auth-session.test.js [2m([22m[2m21 tests[22m[2m)[22m[33m 321[2mms[22m[39m
2026-10-09T14:36:04.5514031Z [90mstdout[2m | src/main/notification/__tests__/project-goal-notification-journey.test.js[2m > [22m[2mreal monitor to persistent notification to default IPC source recheck[2m > [22m[2mcommits check and projection together; retry/reopen preserve one occurrence and read state
2026-10-09T14:36:04.5517301Z [22m[39m[2026-10-09T14:36:04.413Z] [INFO] [main] [Notification IPC] Registered 7 authenticated notification handlers
2026-10-09T14:36:04.5518167Z 
2026-10-09T14:36:04.8154309Z [90mstdout[2m | src/main/notification/__tests__/project-goal-notification-journey.test.js[2m > [22m[2mreal monitor to persistent notification to default IPC source recheck[2m > [22m[2mcommits check and projection together; retry/reopen preserve one occurrence and read state
2026-10-09T14:36:04.8157238Z [22m[39m[2026-10-09T14:36:04.812Z] [INFO] [main] [Notification IPC] Registered 7 authenticated notification handlers
2026-10-09T14:36:04.8158047Z 
2026-10-09T14:36:05.2356611Z [90mstdout[2m | src/main/notification/__tests__/project-goal-notification-journey.test.js[2m > [22m[2mreal monitor to persistent notification to default IPC source recheck[2m > [22m[2munchanged risk updates last checked source without making the existing notice unread
2026-10-09T14:36:05.2360182Z [22m[39m[2026-10-09T14:36:05.102Z] [INFO] [main] [Notification IPC] Registered 7 authenticated notification handlers
2026-10-09T14:36:05.2361205Z 
2026-10-09T14:36:06.0255880Z [90mstdout[2m | src/main/notification/__tests__/project-goal-notification-journey.test.js[2m > [22m[2mreal monitor to persistent notification to default IPC source recheck[2m > [22m[2mquiet delivery survives reopen and the background tick flushes without rechecking
2026-10-09T14:36:06.0259069Z [22m[39m[2026-10-09T14:36:05.823Z] [INFO] [main] [Notification IPC] Registered 7 authenticated notification handlers
2026-10-09T14:36:06.0259879Z 
2026-10-09T14:36:06.2453406Z [90mstdout[2m | src/main/notification/__tests__/project-goal-notification-journey.test.js[2m > [22m[2mreal monitor to persistent notification to default IPC source recheck[2m > [22m[2mquiet delivery survives reopen and the background tick flushes without rechecking
2026-10-09T14:36:06.2456539Z [22m[39m[2026-10-09T14:36:06.242Z] [INFO] [main] [Notification IPC] Registered 7 authenticated notification handlers
2026-10-09T14:36:06.2457389Z 
2026-10-09T14:36:06.7426729Z [90mstdout[2m | src/main/notification/__tests__/project-goal-notification-journey.test.js[2m > [22m[2mreal monitor to persistent notification to default IPC source recheck[2m > [22m[2msilent policy records checks but has no in-app or OS delivery
2026-10-09T14:36:06.7429391Z [22m[39m[2026-10-09T14:36:06.555Z] [INFO] [main] [Notification IPC] Registered 7 authenticated notification handlers
2026-10-09T14:36:06.7430029Z 
2026-10-09T14:36:07.3766835Z [90mstdout[2m | src/main/notification/__tests__/project-goal-notification-journey.test.js[2m > [22m[2mreal monitor to persistent notification to default IPC source recheck[2m > [22m[2mrolls check, usage and notification back on a failed projection insert
2026-10-09T14:36:07.3769351Z [22m[39m[2026-10-09T14:36:07.206Z] [INFO] [main] [Notification IPC] Registered 7 authenticated notification handlers
2026-10-09T14:36:07.3769922Z 
2026-10-09T14:36:07.8766150Z [90mstdout[2m | src/main/notification/__tests__/project-goal-notification-journey.test.js[2m > [22m[2mreal monitor to persistent notification to default IPC source recheck[2m > [22m[2mrechecks current owner before list/open/read/count and never uses the old reference as authority
2026-10-09T14:36:07.8769740Z [22m[39m[2026-10-09T14:36:07.738Z] [INFO] [main] [Notification IPC] Registered 7 authenticated notification handlers
2026-10-09T14:36:07.8770660Z 
2026-10-09T14:36:08.4275049Z [90mstdout[2m | src/main/notification/__tests__/project-goal-notification-journey.test.js[2m > [22m[2mreal monitor to persistent notification to default IPC source recheck[2m > [22m[2mrechecks current task before list/open/read/count and never uses the old reference as authority
2026-10-09T14:36:08.4280371Z [22m[39m[2026-10-09T14:36:08.296Z] [INFO] [main] [Notification IPC] Registered 7 authenticated notification handlers
2026-10-09T14:36:08.4281563Z 
2026-10-09T14:36:09.0056786Z [90mstdout[2m | src/main/notification/__tests__/project-goal-notification-journey.test.js[2m > [22m[2mreal monitor to persistent notification to default IPC source recheck[2m > [22m[2mrechecks current digest before list/open/read/count and never uses the old reference as authority
2026-10-09T14:36:09.0059038Z [22m[39m[2026-10-09T14:36:08.874Z] [INFO] [main] [Notification IPC] Registered 7 authenticated notification handlers
2026-10-09T14:36:09.0059655Z 
2026-10-09T14:36:09.5814052Z [90mstdout[2m | src/main/notification/__tests__/project-goal-notification-journey.test.js[2m > [22m[2mreal monitor to persistent notification to default IPC source recheck[2m > [22m[2mrechecks current actor before list/open/read/count and never uses the old reference as authority
2026-10-09T14:36:09.5817801Z [22m[39m[2026-10-09T14:36:09.446Z] [INFO] [main] [Notification IPC] Registered 7 authenticated notification handlers
2026-10-09T14:36:09.5818624Z 
2026-10-09T14:36:10.0967397Z [90mstdout[2m | src/main/notification/__tests__/project-goal-notification-journey.test.js[2m > [22m[2mreal monitor to persistent notification to default IPC source recheck[2m > [22m[2mdoes not replay a pending quiet notification after Goal control changes
2026-10-09T14:36:10.0970356Z [22m[39m[2026-10-09T14:36:09.954Z] [INFO] [main] [Notification IPC] Registered 7 authenticated notification handlers
2026-10-09T14:36:10.0971218Z 
2026-10-09T14:36:10.3199190Z [90mstdout[2m | src/main/notification/__tests__/project-goal-notification-journey.test.js[2m > [22m[2mreal monitor to persistent notification to default IPC source recheck[2m > [22m[2mdoes not replay a pending quiet notification after Goal control changes
2026-10-09T14:36:10.3202413Z [22m[39m[2026-10-09T14:36:10.317Z] [INFO] [main] [Notification IPC] Registered 7 authenticated notification handlers
2026-10-09T14:36:10.3203206Z 
2026-10-09T14:36:10.6898600Z [90mstdout[2m | src/main/notification/__tests__/project-goal-notification-journey.test.js[2m > [22m[2mreal monitor to persistent notification to default IPC source recheck[2m > [22m[2mGoal-only pagination skips ordinary notification rows and denied projections
2026-10-09T14:36:10.6901909Z [22m[39m[2026-10-09T14:36:10.554Z] [INFO] [main] [Notification IPC] Registered 7 authenticated notification handlers
2026-10-09T14:36:10.6902869Z 
2026-10-09T14:36:11.2207267Z [90mstdout[2m | src/main/notification/__tests__/project-goal-notification-journey.test.js[2m > [22m[2mreal monitor to persistent notification to default IPC source recheck[2m > [22m[2mreports a damaged pending notice without stopping another Goal's due check
2026-10-09T14:36:11.2210655Z [22m[39m[2026-10-09T14:36:11.090Z] [INFO] [main] [Notification IPC] Registered 7 authenticated notification handlers
2026-10-09T14:36:11.2211487Z 
2026-10-09T14:36:11.6713820Z  [32m✓[39m src/main/notification/__tests__/project-goal-notification-journey.test.js [2m([22m[2m12 tests[22m[2m)[22m[33m 7554[2mms[22m[39m
2026-10-09T14:36:11.6715814Z      [33m[2m✓[22m[39m commits check and projection together; retry/reopen preserve one occurrence and read state [33m 709[2mms[22m[39m
2026-10-09T14:36:11.6717057Z      [33m[2m✓[22m[39m unchanged risk updates last checked source without making the existing notice unread [33m 731[2mms[22m[39m
2026-10-09T14:36:11.6718349Z      [33m[2m✓[22m[39m quiet delivery survives reopen and the background tick flushes without rechecking [33m 738[2mms[22m[39m
2026-10-09T14:36:11.6720068Z      [33m[2m✓[22m[39m silent policy records checks but has no in-app or OS delivery [33m 649[2mms[22m[39m
2026-10-09T14:36:11.6721578Z      [33m[2m✓[22m[39m rolls check, usage and notification back on a failed projection insert [33m 579[2mms[22m[39m
2026-10-09T14:36:11.6725292Z      [33m[2m✓[22m[39m rechecks current owner before list/open/read/count and never uses the old reference as authority [33m 551[2mms[22m[39m
2026-10-09T14:36:11.6727372Z      [33m[2m✓[22m[39m rechecks current task before list/open/read/count and never uses the old reference as authority [33m 587[2mms[22m[39m
2026-10-09T14:36:11.6729304Z      [33m[2m✓[22m[39m rechecks current digest before list/open/read/count and never uses the old reference as authority [33m 558[2mms[22m[39m
2026-10-09T14:36:11.6731141Z      [33m[2m✓[22m[39m rechecks current actor before list/open/read/count and never uses the old reference as authority [33m 531[2mms[22m[39m
2026-10-09T14:36:11.6732968Z      [33m[2m✓[22m[39m does not replay a pending quiet notification after Goal control changes [33m 601[2mms[22m[39m
2026-10-09T14:36:11.6734601Z      [33m[2m✓[22m[39m Goal-only pagination skips ordinary notification rows and denied projections [33m 534[2mms[22m[39m
2026-10-09T14:36:11.6736228Z      [33m[2m✓[22m[39m reports a damaged pending notice without stopping another Goal's due check [33m 782[2mms[22m[39m
2026-10-09T14:36:11.9192667Z [90mstderr[2m | src/main/ipc/__tests__/ipc-sender-guard.test.js[2m > [22m[2mipc-sender-guard / wrapHandler modes[2m > [22m[2mreport mode: untrusted sender is allowed through (logged, not blocked)
2026-10-09T14:36:11.9195287Z [22m[39m[2026-10-09T14:36:11.915Z] [WARN] [main] [ipc-sender-guard] would-block channel="chan:x" reason=untrusted-origin url=https://evil.example.com/
2026-10-09T14:36:11.9196274Z 
2026-10-09T14:36:11.9226430Z [90mstderr[2m | src/main/ipc/__tests__/ipc-sender-guard.test.js[2m > [22m[2mipc-sender-guard / wrapHandler modes[2m > [22m[2menforce mode: untrusted sender is blocked (handler never runs)
2026-10-09T14:36:11.9228852Z [22m[39m[2026-10-09T14:36:11.920Z] [WARN] [main] [ipc-sender-guard] BLOCKED channel="chan:x" reason=untrusted-origin url=https://evil.example.com/
2026-10-09T14:36:11.9229826Z 
2026-10-09T14:36:11.9348370Z [90mstderr[2m | src/main/ipc/__tests__/ipc-sender-guard.test.js[2m > [22m[2mipc-sender-guard / wrapHandler modes[2m > [22m[2mfails closed when the guard mode cannot be resolved
2026-10-09T14:36:11.9350985Z [22m[39m[2026-10-09T14:36:11.924Z] [ERROR] [main] [ipc-sender-guard] mode resolution failed for "chan:x" (blocking): configuration unavailable
2026-10-09T14:36:11.9351904Z 
2026-10-09T14:36:11.9365421Z [90mstderr[2m | src/main/ipc/__tests__/ipc-sender-guard.test.js[2m > [22m[2mipc-sender-guard / wrapListener modes (fire-and-forget)[2m > [22m[2menforce mode: untrusted sender is DROPPED (listener never runs, no throw)
2026-10-09T14:36:11.9368457Z [22m[39m[2026-10-09T14:36:11.934Z] [WARN] [main] [ipc-sender-guard] BLOCKED channel="evt:x" reason=untrusted-origin url=https://evil.example.com/
2026-10-09T14:36:11.9369415Z 
2026-10-09T14:36:11.9404882Z [90mstdout[2m | src/main/ipc/__tests__/ipc-sender-guard.test.js[2m > [22m[2mipc-sender-guard / installSenderGuard[2m > [22m[2mpatches handle/handleOnce, is idempotent, and wraps registered handlers
2026-10-09T14:36:11.9407373Z [90mstderr[2m | src/main/ipc/__tests__/ipc-sender-guard.test.js[2m > [22m[2mipc-sender-guard / installSenderGuard[2m > [22m[2mpatches handle/handleOnce, is idempotent, and wraps registered handlers
2026-10-09T14:36:11.9409087Z [22m[39m[2026-10-09T14:36:11.938Z] [WARN] [main] [ipc-sender-guard] BLOCKED channel="priv:do" reason=untrusted-origin url=https://evil.example.com/
2026-10-09T14:36:11.9409638Z 
2026-10-09T14:36:11.9410358Z [22m[39m[2026-10-09T14:36:11.937Z] [INFO] [main] [ipc-sender-guard] installed (mode=enforce; set CC_IPC_SENDER_GUARD=report for audit-only, =0 to disable)
2026-10-09T14:36:11.9410910Z 
2026-10-09T14:36:11.9438577Z [90mstdout[2m | src/main/ipc/__tests__/ipc-sender-guard.test.js[2m > [22m[2mipc-sender-guard / installSenderGuard[2m > [22m[2malso wraps on/once: untrusted event dropped, trusted runs (no throw)
2026-10-09T14:36:11.9442102Z [90mstderr[2m | src/main/ipc/__tests__/ipc-sender-guard.test.js[2m > [22m[2mipc-sender-guard / installSenderGuard[2m > [22m[2malso wraps on/once: untrusted event dropped, trusted runs (no throw)
2026-10-09T14:36:11.9444790Z [22m[39m[2026-10-09T14:36:11.941Z] [WARN] [main] [ipc-sender-guard] BLOCKED channel="evt:y" reason=untrusted-origin url=https://evil.example.com/
2026-10-09T14:36:11.9445789Z 
2026-10-09T14:36:11.9447117Z [22m[39m[2026-10-09T14:36:11.940Z] [INFO] [main] [ipc-sender-guard] installed (mode=enforce; set CC_IPC_SENDER_GUARD=report for audit-only, =0 to disable)
2026-10-09T14:36:11.9448616Z 
2026-10-09T14:36:11.9456301Z [90mstdout[2m | src/main/ipc/__tests__/ipc-sender-guard.test.js[2m > [22m[2mipc-sender-guard / installSenderGuard[2m > [22m[2mpasses through a non-function handler unchanged
2026-10-09T14:36:11.9457702Z [22m[39m[2026-10-09T14:36:11.943Z] [INFO] [main] [ipc-sender-guard] installed (mode=enforce; set CC_IPC_SENDER_GUARD=report for audit-only, =0 to disable)
2026-10-09T14:36:11.9458264Z 
2026-10-09T14:36:11.9548592Z  [32m✓[39m src/main/ipc/__tests__/ipc-sender-guard.test.js [2m([22m[2m27 tests[22m[2m)[22m[32m 44[2mms[22m[39m
2026-10-09T14:36:12.4899970Z  [32m✓[39m src/main/task/__tests__/project-goal-memory-ipc.test.js [2m([22m[2m17 tests[22m[2m)[22m[32m 269[2mms[22m[39m
2026-10-09T14:36:13.2227118Z  [32m✓[39m src/main/task/__tests__/project-goal-workflow-ipc.test.js [2m([22m[2m14 tests[22m[2m)[22m[33m 498[2mms[22m[39m
2026-10-09T14:36:13.6164496Z  [32m✓[39m src/main/task/__tests__/project-goal-completion-ipc.test.js [2m([22m[2m14 tests[22m[2m)[22m[32m 166[2mms[22m[39m
2026-10-09T14:36:13.8557230Z  [32m✓[39m src/preload/__tests__/legacy-ipc-policy.test.js [2m([22m[2m6 tests[22m[2m)[22m[32m 25[2mms[22m[39m
2026-10-09T14:36:14.1417477Z  [32m✓[39m src/main/task/__tests__/project-goal-ipc.test.js [2m([22m[2m5 tests[22m[2m)[22m[32m 61[2mms[22m[39m
2026-10-09T14:36:14.1446805Z 
2026-10-09T14:36:14.1447561Z [31m⎯⎯⎯⎯⎯⎯⎯[39m[1m[41m Failed Tests 1 [49m[22m[31m⎯⎯⎯⎯⎯⎯⎯[39m
2026-10-09T14:36:14.1447866Z 
2026-10-09T14:36:14.1453536Z [41m[1m FAIL [22m[49m src/main/task/__tests__/project-goal-monitoring-host.test.js[2m > [22mdesktop goal monitoring native storage and lifecycle owner[2m > [22mrestores only explicitly enabled goals when the desktop controller restarts
2026-10-09T14:36:14.1461684Z [31m[1mError[22m: Test timed out in 5000ms.
2026-10-09T14:36:14.1462478Z If this is a long-running test, pass a timeout value as the last argument or configure it globally with "testTimeout".[39m
2026-10-09T14:36:14.1466120Z [36m [2m❯[22m src/main/task/__tests__/project-goal-monitoring-host.test.js:[2m246:5[22m[39m
2026-10-09T14:36:14.1563071Z     [90m244|[39m     )[33m;[39m
2026-10-09T14:36:14.1563629Z     [90m245|[39m   })[33m;[39m
2026-10-09T14:36:14.1564515Z     [90m246|[39m   it("restores only explicitly enabled goals when the desktop controll…
2026-10-09T14:36:14.1566527Z     [90m   |[39m     [31m^[39m
2026-10-09T14:36:14.1567313Z     [90m247|[39m     [35mconst[39m g [33m=[39m [34mgoal[39m()[33m;[39m
2026-10-09T14:36:14.1568622Z     [90m248|[39m     [35mawait[39m host[33m.[39m[34mstart[39m(event[33m,[39m {
2026-10-09T14:36:14.1569177Z 
2026-10-09T14:36:14.1569609Z [31m[2m⎯⎯⎯⎯⎯⎯⎯⎯⎯⎯⎯⎯⎯⎯⎯⎯⎯⎯⎯⎯⎯⎯⎯⎯[1/1]⎯[22m[39m
2026-10-09T14:36:14.1569957Z 
2026-10-09T14:36:14.1571307Z 
2026-10-09T14:36:14.1578442Z [2m Test Files [22m [1m[31m1 failed[39m[22m[2m | [22m[1m[32m11 passed[39m[22m[90m (12)[39m
2026-10-09T14:36:14.1581447Z [2m      Tests [22m [1m[31m1 failed[39m[22m[2m | [22m[1m[32m230 passed[39m[22m[90m (231)[39m
2026-10-09T14:36:14.1582501Z [2m   Start at [22m 14:35:33
2026-10-09T14:36:14.1585034Z [2m   Duration [22m 40.25s[2m (transform 315ms, setup 0ms, import 774ms, tests 37.04s, environment 2ms)[22m
2026-10-09T14:36:14.1587541Z 
2026-10-09T14:36:14.1606984Z 
2026-10-09T14:36:14.1641024Z ##[error]Error: Test timed out in 5000ms.
If this is a long-running test, pass a timeout value as the last argument or configure it globally with "testTimeout".
 ❯ src/main/task/__tests__/project-goal-monitoring-host.test.js:246:5


2026-10-09T14:36:14.2542322Z ##[error]Process completed with exit code 1.
2026-10-09T14:36:14.2750747Z ##[group]Run node -e "const selector=process.env.SELECTOR_OUTCOME; const mode=process.env.SELECTOR_MODE; const fallback=process.env.FALLBACK_OUTCOME; const passed=selector==='success'||(selector==='failure'&&mode==='fail-closed'&&fallback==='success'); console.log('selector='+selector+', mode='+mode+', fallback='+fallback); if(!passed){console.error('Selected tests failed, or fail-closed fallback did not pass.'); process.exit(1)}"
2026-10-09T14:36:14.2753766Z [36;1mnode -e "const selector=process.env.SELECTOR_OUTCOME; const mode=process.env.SELECTOR_MODE; const fallback=process.env.FALLBACK_OUTCOME; const passed=selector==='success'||(selector==='failure'&&mode==='fail-closed'&&fallback==='success'); console.log('selector='+selector+', mode='+mode+', fallback='+fallback); if(!passed){console.error('Selected tests failed, or fail-closed fallback did not pass.'); process.exit(1)}"[0m
2026-10-09T14:36:14.2836406Z shell: C:\Program Files\PowerShell\7\pwsh.EXE -command ". '{0}'"
2026-10-09T14:36:14.2837185Z env:
2026-10-09T14:36:14.2837473Z   SOURCE_SHA: a3cbe918e4f8fcda77dafa7514401d5f643b36df
2026-10-09T14:36:14.2837789Z   SELECTOR_OUTCOME: skipped
2026-10-09T14:36:14.2838009Z   SELECTOR_MODE: 
2026-10-09T14:36:14.2838209Z   FALLBACK_OUTCOME: skipped
2026-10-09T14:36:14.2838430Z ##[endgroup]
2026-10-09T14:36:14.6056703Z selector=skipped, mode=, fallback=skipped
2026-10-09T14:36:14.6061749Z Selected tests failed, or fail-closed fallback did not pass.
2026-10-09T14:36:14.7248289Z ##[error]Process completed with exit code 1.
2026-10-09T14:36:14.7431187Z ##[group]Run echo "### Unit Tests (windows-latest)" >> $GITHUB_STEP_SUMMARY
2026-10-09T14:36:14.7431777Z [36;1mecho "### Unit Tests (windows-latest)" >> $GITHUB_STEP_SUMMARY[0m
2026-10-09T14:36:14.7432188Z [36;1mif [ "$SELECTOR_OUTCOME" == "success" ]; then[0m
2026-10-09T14:36:14.7432603Z [36;1m  echo "✅ Intelligent test selection passed" >> $GITHUB_STEP_SUMMARY[0m
2026-10-09T14:36:14.7433148Z [36;1melif [ "$SELECTOR_MODE" == "fail-closed" ] && [ "$FALLBACK_OUTCOME" == "success" ]; then[0m
2026-10-09T14:36:14.7433695Z [36;1m  echo "✅ Fail-closed stable fallback passed" >> $GITHUB_STEP_SUMMARY[0m
2026-10-09T14:36:14.7434056Z [36;1melse[0m
2026-10-09T14:36:14.7434313Z [36;1m  echo "❌ Unit-test gate failed" >> $GITHUB_STEP_SUMMARY[0m
2026-10-09T14:36:14.7434841Z [36;1mfi[0m
2026-10-09T14:36:14.7451192Z shell: C:\Program Files\Git\bin\bash.EXE --noprofile --norc -e -o pipefail {0}
2026-10-09T14:36:14.7451583Z env:
2026-10-09T14:36:14.7451865Z   SOURCE_SHA: a3cbe918e4f8fcda77dafa7514401d5f643b36df
2026-10-09T14:36:14.7452176Z   SELECTOR_OUTCOME: skipped
2026-10-09T14:36:14.7452404Z   SELECTOR_MODE: 
2026-10-09T14:36:14.7452603Z   FALLBACK_OUTCOME: skipped
2026-10-09T14:36:14.7452827Z ##[endgroup]
2026-10-09T14:36:14.8118642Z Post job cleanup.
2026-10-09T14:36:15.0445376Z [command]"C:\Program Files\Git\bin\git.exe" version
2026-10-09T14:36:15.0720759Z git version 2.55.0.windows.5
2026-10-09T14:36:15.0784208Z Temporarily overriding HOME='D:\a\_temp\372efd9b-8552-4745-8d2c-98c2c1109912' before making global git config changes
2026-10-09T14:36:15.0785115Z Adding repository directory to the temporary git global config as a safe directory
2026-10-09T14:36:15.0795998Z [command]"C:\Program Files\Git\bin\git.exe" config --global --add safe.directory D:\a\chainlesschain\chainlesschain
2026-10-09T14:36:15.1097796Z [command]"C:\Program Files\Git\bin\git.exe" config --local --name-only --get-regexp core\.sshCommand
2026-10-09T14:36:15.1399320Z [command]"C:\Program Files\Git\bin\git.exe" submodule foreach --recursive "sh -c \"git config --local --name-only --get-regexp 'core\.sshCommand' && git config --local --unset-all 'core.sshCommand' || :\""
2026-10-09T14:36:15.7300959Z [command]"C:\Program Files\Git\bin\git.exe" config --local --name-only --get-regexp http\.https\:\/\/github\.com\/\.extraheader
2026-10-09T14:36:15.7660795Z http.https://github.com/.extraheader
2026-10-09T14:36:15.7718643Z [command]"C:\Program Files\Git\bin\git.exe" config --local --unset-all http.https://github.com/.extraheader
2026-10-09T14:36:15.8070808Z [command]"C:\Program Files\Git\bin\git.exe" submodule foreach --recursive "sh -c \"git config --local --name-only --get-regexp 'http\.https\:\/\/github\.com\/\.extraheader' && git config --local --unset-all 'http.https://github.com/.extraheader' || :\""
2026-10-09T14:36:16.3581776Z [command]"C:\Program Files\Git\bin\git.exe" config --local --name-only --get-regexp ^includeIf\.gitdir:
2026-10-09T14:36:16.3911462Z [command]"C:\Program Files\Git\bin\git.exe" submodule foreach --recursive "git config --local --show-origin --name-only --get-regexp remote.origin.url"
2026-10-09T14:36:16.9536824Z Cleaning up orphan processes
